"../../../Engine/Plugins/2D/Paper2D/Content/PlaceholderTextures/DummySpriteTexture.ubulk" 0
"../../../Engine/Plugins/2D/Paper2D/Content/PlaceholderTextures/DummySpriteTexture.uasset" 1
"../../../Engine/Plugins/2D/Paper2D/Content/PlaceholderTextures/DummySpriteTexture.uexp" 2
"../../../Engine/Plugins/2D/Paper2D/Content/DummySprite.uasset" 3
"../../../Engine/Plugins/2D/Paper2D/Content/DummySprite.uexp" 4
"../../../Engine/Plugins/2D/Paper2D/Content/DefaultPaperTerrainMaterial.uasset" 5
"../../../Engine/Plugins/2D/Paper2D/Content/DefaultPaperTerrainMaterial.uexp" 6
"../../../Engine/Content/Animation/DefaultRecorderBoneCompression.uasset" 7
"../../../Engine/Content/Animation/DefaultRecorderBoneCompression.uexp" 8
"../../../Engine/Content/EngineSounds/Master.uasset" 9
"../../../Engine/Content/EngineSounds/Master.uexp" 10
"../../../Engine/Content/EngineMaterials/DefaultPhysicalMaterial.uasset" 11
"../../../Engine/Content/EngineMaterials/DefaultPhysicalMaterial.uexp" 12
"../../../Engine/Content/EngineMaterials/DefaultDestructiblePhysicalMaterial.uasset" 13
"../../../Engine/Content/EngineMaterials/DefaultDestructiblePhysicalMaterial.uexp" 14
"../../../Engine/Content/EngineFonts/Faces/DroidSansFallback.uexp" 15
"../../../Engine/Content/EngineFonts/Faces/DroidSansFallback.uasset" 16
"../../../Engine/Content/EngineFonts/Faces/DroidSansFallback.ufont" 17
"../../../Engine/Content/EngineFonts/Faces/RobotoRegular.uexp" 18
"../../../Engine/Content/EngineFonts/Faces/RobotoRegular.uasset" 19
"../../../Engine/Content/EngineFonts/Faces/RobotoRegular.ufont" 20
"../../../Engine/Content/EngineFonts/Faces/RobotoLight.uexp" 21
"../../../Engine/Content/EngineFonts/Faces/RobotoLight.uasset" 22
"../../../Engine/Content/EngineFonts/Faces/RobotoLight.ufont" 23
"../../../Engine/Content/EngineFonts/Faces/RobotoItalic.uexp" 24
"../../../Engine/Content/EngineFonts/Faces/RobotoItalic.uasset" 25
"../../../Engine/Content/EngineFonts/Faces/RobotoItalic.ufont" 26
"../../../Engine/Content/EngineFonts/Faces/RobotoBoldItalic.uexp" 27
"../../../Engine/Content/EngineFonts/Faces/RobotoBoldItalic.uasset" 28
"../../../Engine/Content/EngineFonts/Faces/RobotoBoldItalic.ufont" 29
"../../../Engine/Content/EngineFonts/Faces/RobotoBold.uexp" 30
"../../../Engine/Content/EngineFonts/Faces/RobotoBold.uasset" 31
"../../../Engine/Content/EngineFonts/Faces/RobotoBold.ufont" 32
"../../../Engine/Content/EngineFonts/Roboto.uasset" 33
"../../../Engine/Content/EngineFonts/Roboto.uexp" 34
"../../../Engine/Content/EngineFonts/Faces/DroidSansMono.uexp" 35
"../../../Engine/Content/EngineFonts/Faces/DroidSansMono.uasset" 36
"../../../Engine/Content/EngineFonts/Faces/DroidSansMono.ufont" 37
"../../../Engine/Content/EngineFonts/DroidSansMono.uasset" 38
"../../../Engine/Content/EngineFonts/DroidSansMono.uexp" 39
"../../../Engine/Plugins/Interchange/Runtime/Content/Pipelines/DefaultTexturePipeline.uasset" 40
"../../../Engine/Plugins/Interchange/Runtime/Content/Pipelines/DefaultTexturePipeline.uexp" 41
"../../../Engine/Plugins/Interchange/Runtime/Content/Pipelines/DefaultSceneLevelPipeline.uasset" 42
"../../../Engine/Plugins/Interchange/Runtime/Content/Pipelines/DefaultSceneLevelPipeline.uexp" 43
"../../../Engine/Plugins/Interchange/Runtime/Content/Pipelines/DefaultSceneAssetsPipeline.uasset" 44
"../../../Engine/Plugins/Interchange/Runtime/Content/Pipelines/DefaultSceneAssetsPipeline.uexp" 45
"../../../Engine/Plugins/Interchange/Runtime/Content/Pipelines/DefaultMaterialXPipeline.uasset" 46
"../../../Engine/Plugins/Interchange/Runtime/Content/Pipelines/DefaultMaterialXPipeline.uexp" 47
"../../../Engine/Plugins/Interchange/Runtime/Content/Pipelines/DefaultMaterialPipeline.uasset" 48
"../../../Engine/Plugins/Interchange/Runtime/Content/Pipelines/DefaultMaterialPipeline.uexp" 49
"../../../Engine/Plugins/Interchange/Runtime/Content/Pipelines/DefaultGLTFSceneAssetsPipeline.uasset" 50
"../../../Engine/Plugins/Interchange/Runtime/Content/Pipelines/DefaultGLTFSceneAssetsPipeline.uexp" 51
"../../../Engine/Plugins/Interchange/Runtime/Content/Pipelines/DefaultGLTFPipeline.uasset" 52
"../../../Engine/Plugins/Interchange/Runtime/Content/Pipelines/DefaultGLTFPipeline.uexp" 53
"../../../Engine/Plugins/Interchange/Runtime/Content/Pipelines/DefaultGLTFAssetsPipeline.uasset" 54
"../../../Engine/Plugins/Interchange/Runtime/Content/Pipelines/DefaultGLTFAssetsPipeline.uexp" 55
"../../../Engine/Plugins/Interchange/Runtime/Content/Pipelines/DefaultAssetsPipeline.uasset" 56
"../../../Engine/Plugins/Interchange/Runtime/Content/Pipelines/DefaultAssetsPipeline.uexp" 57
"../../../Engine/Content/EngineResources/GradientTexture0.uasset" 58
"../../../Engine/Content/EngineResources/GradientTexture0.uexp" 59
"../../../Engine/Content/EngineResources/Black.uasset" 60
"../../../Engine/Content/EngineResources/Black.uexp" 61
"../../../Engine/Content/EditorResources/S_Actor.ubulk" 62
"../../../Engine/Content/EditorResources/S_Actor.uasset" 63
"../../../Engine/Content/EditorResources/S_Actor.uexp" 64
"../../../Engine/Content/EditorResources/S_Trigger.ubulk" 65
"../../../Engine/Content/EditorResources/S_Trigger.uasset" 66
"../../../Engine/Content/EditorResources/S_Trigger.uexp" 67
"../../../Engine/Content/EditorResources/S_BoxReflectionCapture.uasset" 68
"../../../Engine/Content/EditorResources/S_BoxReflectionCapture.uexp" 69
"../../../Engine/Content/EditorResources/S_TriggerBox.uasset" 70
"../../../Engine/Content/EditorResources/S_TriggerBox.uexp" 71
"../../../Engine/Content/EditorResources/S_TriggerCapsule.uasset" 72
"../../../Engine/Content/EditorResources/S_TriggerCapsule.uexp" 73
"../../../Engine/Content/EditorResources/S_TriggerSphere.uasset" 74
"../../../Engine/Content/EditorResources/S_TriggerSphere.uexp" 75
"../../../Engine/Content/EngineMeshes/Sphere.ubulk" 76
"../../../Engine/Content/EngineMeshes/Sphere.uasset" 77
"../../../Engine/Content/EngineMeshes/Sphere.uexp" 78
"../../../Engine/Content/EngineResources/DefaultTextureCube.uasset" 79
"../../../Engine/Content/EngineResources/DefaultTextureCube.uexp" 80
"../../../Engine/Plugins/NNE/NNEDenoiser/Content/NNEDTOM_Output_Default.uasset" 81
"../../../Engine/Plugins/NNE/NNEDenoiser/Content/NNEDTOM_Output_Default.uexp" 82
"../../../Engine/Plugins/NNE/NNEDenoiser/Content/NNEDTOM_Output_Alpha.uasset" 83
"../../../Engine/Plugins/NNE/NNEDenoiser/Content/NNEDTOM_Output_Alpha.uexp" 84
"../../../Engine/Plugins/NNE/NNEDenoiser/Content/NNEDTIM_ColorAlbedoNormal_Default.uasset" 85
"../../../Engine/Plugins/NNE/NNEDenoiser/Content/NNEDTIM_ColorAlbedoNormal_Default.uexp" 86
"../../../Engine/Plugins/NNE/NNEDenoiser/Content/NNEDTIM_ColorAlbedoNormal_Alpha.uasset" 87
"../../../Engine/Plugins/NNE/NNEDenoiser/Content/NNEDTIM_ColorAlbedoNormal_Alpha.uexp" 88
"../../../Engine/Plugins/NNE/NNEDenoiser/Content/NNEDOM_Output_Default.uasset" 89
"../../../Engine/Plugins/NNE/NNEDenoiser/Content/NNEDOM_Output_Default.uexp" 90
"../../../Engine/Plugins/NNE/NNEDenoiser/Content/NNEDOM_Output_Alpha.uasset" 91
"../../../Engine/Plugins/NNE/NNEDenoiser/Content/NNEDOM_Output_Alpha.uexp" 92
"../../../Engine/Plugins/NNE/NNEDenoiser/Content/NNEDIM_HighQuality_Default.uasset" 93
"../../../Engine/Plugins/NNE/NNEDenoiser/Content/NNEDIM_HighQuality_Default.uexp" 94
"../../../Engine/Plugins/NNE/NNEDenoiser/Content/NNEDIM_HighQuality_Alpha.uasset" 95
"../../../Engine/Plugins/NNE/NNEDenoiser/Content/NNEDIM_HighQuality_Alpha.uexp" 96
"../../../Engine/Plugins/NNE/NNEDenoiser/Content/NNEDIM_ColorAlbedoNormal_Default.uasset" 97
"../../../Engine/Plugins/NNE/NNEDenoiser/Content/NNEDIM_ColorAlbedoNormal_Default.uexp" 98
"../../../Engine/Plugins/NNE/NNEDenoiser/Content/NNEDIM_ColorAlbedoNormal_Alpha.uasset" 99
"../../../Engine/Plugins/NNE/NNEDenoiser/Content/NNEDIM_ColorAlbedoNormal_Alpha.uexp" 100
"../../../Engine/Content/EngineMaterials/T_Default_Material_Grid_M.ubulk" 101
"../../../Engine/Content/EngineMaterials/T_Default_Material_Grid_M.uasset" 102
"../../../Engine/Content/EngineMaterials/T_Default_Material_Grid_M.uexp" 103
"../../../Engine/Content/Functions/Engine_MaterialFunctions01/Opacity/CameraDepthFade.uasset" 104
"../../../Engine/Content/Functions/Engine_MaterialFunctions01/Opacity/CameraDepthFade.uexp" 105
"../../../Engine/Content/EngineMaterials/T_Default_Material_Grid_N.ubulk" 106
"../../../Engine/Content/EngineMaterials/T_Default_Material_Grid_N.uasset" 107
"../../../Engine/Content/EngineMaterials/T_Default_Material_Grid_N.uexp" 108
"../../../Engine/Content/EngineMaterials/WorldGridMaterial.uasset" 109
"../../../Engine/Content/EngineMaterials/WorldGridMaterial.uexp" 110
"../../../Engine/Plugins/Media/MediaPlate/Content/SM_MediaPlateScreen.ubulk" 111
"../../../Engine/Plugins/Media/MediaPlate/Content/SM_MediaPlateScreen.uasset" 112
"../../../Engine/Plugins/Media/MediaPlate/Content/SM_MediaPlateScreen.uexp" 113
"../../../Engine/Content/Functions/Engine_MaterialFunctions02/WorldPositionOffset/CameraOffset.uasset" 114
"../../../Engine/Content/Functions/Engine_MaterialFunctions02/WorldPositionOffset/CameraOffset.uexp" 115
"../../../Engine/Plugins/Animation/ControlRig/Content/M_Manip.uasset" 116
"../../../Engine/Plugins/Animation/ControlRig/Content/M_Manip.uexp" 117
"../../../Engine/Plugins/2D/Paper2D/Content/DefaultSpriteMaterial.uasset" 118
"../../../Engine/Plugins/2D/Paper2D/Content/DefaultSpriteMaterial.uexp" 119
"../../../Engine/Plugins/2D/Paper2D/Content/OpaqueUnlitSpriteMaterial.uasset" 120
"../../../Engine/Plugins/2D/Paper2D/Content/OpaqueUnlitSpriteMaterial.uexp" 121
"../../../Engine/Plugins/2D/Paper2D/Content/MaskedUnlitSpriteMaterial.uasset" 122
"../../../Engine/Plugins/2D/Paper2D/Content/MaskedUnlitSpriteMaterial.uexp" 123
"../../../Engine/Content/EngineMaterials/DefaultMaterial.uasset" 124
"../../../Engine/Content/EngineMaterials/DefaultMaterial.uexp" 125
"../../../Engine/Content/BasicShapes/Cone.ubulk" 126
"../../../Engine/Content/BasicShapes/Cone.uasset" 127
"../../../Engine/Content/BasicShapes/Cone.uexp" 128
"../../../Engine/Content/Functions/Engine_MaterialFunctions02/Utility/CameraDirectionVector.uasset" 129
"../../../Engine/Content/Functions/Engine_MaterialFunctions02/Utility/CameraDirectionVector.uexp" 130
"../../../Engine/Content/EngineDebugMaterials/VolumeToRender.uasset" 131
"../../../Engine/Content/EngineDebugMaterials/VolumeToRender.uexp" 132
"../../../Engine/Content/EngineDebugMaterials/M_VolumeRenderSphereTracePP.uasset" 133
"../../../Engine/Content/EngineDebugMaterials/M_VolumeRenderSphereTracePP.uexp" 134
"../../../Engine/Content/EngineDebugMaterials/M_SimpleUnlitTranslucent.uasset" 135
"../../../Engine/Content/EngineDebugMaterials/M_SimpleUnlitTranslucent.uexp" 136
"../../../Engine/Content/EngineDebugMaterials/DebugMeshMaterial.uasset" 137
"../../../Engine/Content/EngineDebugMaterials/DebugMeshMaterial.uexp" 138
"../../../Engine/Content/EngineDebugMaterials/DebugEditorMaterial.uasset" 139
"../../../Engine/Content/EngineDebugMaterials/DebugEditorMaterial.uexp" 140
"../../../Engine/Content/EngineDamageTypes/DmgTypeBP_Environmental.uasset" 141
"../../../Engine/Content/EngineDamageTypes/DmgTypeBP_Environmental.uexp" 142
"../../../Engine/Content/EditorResources/S_Terrain.ubulk" 143
"../../../Engine/Content/EditorResources/S_Terrain.uasset" 144
"../../../Engine/Content/EditorResources/S_Terrain.uexp" 145
"../../../Engine/Content/EditorResources/S_Solver.ubulk" 146
"../../../Engine/Content/EditorResources/S_Solver.uasset" 147
"../../../Engine/Content/EditorResources/S_Solver.uexp" 148
"../../../Engine/Content/EditorResources/BSPVertex.uasset" 149
"../../../Engine/Content/EditorResources/BSPVertex.uexp" 150
"../../../Engine/Content/EditorMaterials/PreviewShadowIndicator.ubulk" 151
"../../../Engine/Content/EditorMaterials/PreviewShadowIndicator.uasset" 152
"../../../Engine/Content/EditorMaterials/PreviewShadowIndicator.uexp" 153
"../../../Engine/Content/EditorMaterials/PreviewShadowIndicatorMaterial.uasset" 154
"../../../Engine/Content/EditorMaterials/PreviewShadowIndicatorMaterial.uexp" 155
"../../../Engine/Content/EditorMaterials/PhAT_UnselectedMaterial.uasset" 156
"../../../Engine/Content/EditorMaterials/PhAT_UnselectedMaterial.uexp" 157
"../../../Engine/Content/EditorMaterials/PhAT_NoCollisionMaterial.uasset" 158
"../../../Engine/Content/EditorMaterials/PhAT_NoCollisionMaterial.uexp" 159
"../../../Engine/Content/EditorLandscapeResources/SplineEditorMeshMat.uasset" 160
"../../../Engine/Content/EditorLandscapeResources/SplineEditorMeshMat.uexp" 161
"../../../Engine/Content/EditorLandscapeResources/SplineEditorMesh.ubulk" 162
"../../../Engine/Content/EditorLandscapeResources/SplineEditorMesh.uasset" 163
"../../../Engine/Content/EditorLandscapeResources/SplineEditorMesh.uexp" 164
"../../../Engine/Content/EditorLandscapeResources/WhiteSquareTexture.uasset" 165
"../../../Engine/Content/EditorLandscapeResources/WhiteSquareTexture.uexp" 166
"../../../Engine/Content/EditorLandscapeResources/DefaultAlphaTexture.uasset" 167
"../../../Engine/Content/EditorLandscapeResources/DefaultAlphaTexture.uexp" 168
"../../../Engine/Content/Functions/Engine_MaterialFunctions03/Math/WithinRangeFloat2.uasset" 169
"../../../Engine/Content/Functions/Engine_MaterialFunctions03/Math/WithinRangeFloat2.uexp" 170
"../../../Engine/Content/EditorLandscapeResources/SelectBrushMaterial.uasset" 171
"../../../Engine/Content/EditorLandscapeResources/SelectBrushMaterial.uexp" 172
"../../../Engine/Content/EditorLandscapeResources/SelectBrushMaterial_SelectedRegion.uasset" 173
"../../../Engine/Content/EditorLandscapeResources/SelectBrushMaterial_SelectedRegion.uexp" 174
"../../../Engine/Content/EditorLandscapeResources/SelectBrushMaterial_Selected.uasset" 175
"../../../Engine/Content/EditorLandscapeResources/SelectBrushMaterial_Selected.uexp" 176
"../../../Engine/Content/Functions/Engine_MaterialFunctions02/Utility/MakeFloat3.uasset" 177
"../../../Engine/Content/Functions/Engine_MaterialFunctions02/Utility/MakeFloat3.uexp" 178
"../../../Engine/Content/EditorLandscapeResources/MaskBrushMaterial.uasset" 179
"../../../Engine/Content/EditorLandscapeResources/MaskBrushMaterial.uexp" 180
"../../../Engine/Content/EditorLandscapeResources/MaskBrushMaterial_MaskedRegion.uasset" 181
"../../../Engine/Content/EditorLandscapeResources/MaskBrushMaterial_MaskedRegion.uexp" 182
"../../../Engine/Content/EditorLandscapeResources/LayerVisMaterial.uasset" 183
"../../../Engine/Content/EditorLandscapeResources/LayerVisMaterial.uexp" 184
"../../../Engine/Content/Functions/Engine_MaterialFunctions02/WorldPositionOffset/LocalPosition.uasset" 185
"../../../Engine/Content/Functions/Engine_MaterialFunctions02/WorldPositionOffset/LocalPosition.uexp" 186
"../../../Engine/Content/Functions/Engine_MaterialFunctions02/Utility/BreakOutFloat2Components.uasset" 187
"../../../Engine/Content/Functions/Engine_MaterialFunctions02/Utility/BreakOutFloat2Components.uexp" 188
"../../../Engine/Content/Functions/Engine_MaterialFunctions01/Texturing/ScaleUVsByCenter.uasset" 189
"../../../Engine/Content/Functions/Engine_MaterialFunctions01/Texturing/ScaleUVsByCenter.uexp" 190
"../../../Engine/Content/EngineMaterials/DefaultDiffuse.ubulk" 191
"../../../Engine/Content/EngineMaterials/DefaultDiffuse.uasset" 192
"../../../Engine/Content/EngineMaterials/DefaultDiffuse.uexp" 193
"../../../Engine/Content/Functions/Engine_MaterialFunctions01/Texturing/TextureCropping.uasset" 194
"../../../Engine/Content/Functions/Engine_MaterialFunctions01/Texturing/TextureCropping.uexp" 195
"../../../Engine/Content/Functions/Engine_MaterialFunctions02/ExampleContent/DebugNumberStrip.uasset" 196
"../../../Engine/Content/Functions/Engine_MaterialFunctions02/ExampleContent/DebugNumberStrip.uexp" 197
"../../../Engine/Content/Functions/Engine_MaterialFunctions01/Debug/DebugIntValues.uasset" 198
"../../../Engine/Content/Functions/Engine_MaterialFunctions01/Debug/DebugIntValues.uexp" 199
"../../../Engine/Content/EditorLandscapeResources/LandscapeLayerUsageMaterial.uasset" 200
"../../../Engine/Content/EditorLandscapeResources/LandscapeLayerUsageMaterial.uexp" 201
"../../../Engine/Content/EditorLandscapeResources/LandscapeDirtyMaterial.uasset" 202
"../../../Engine/Content/EditorLandscapeResources/LandscapeDirtyMaterial.uexp" 203
"../../../Engine/Content/EditorLandscapeResources/ColorMaskBrushMaterial.uasset" 204
"../../../Engine/Content/EditorLandscapeResources/ColorMaskBrushMaterial.uexp" 205
"../../../Engine/Content/EditorLandscapeResources/ColorMaskBrushMaterial_MaskedRegion.uasset" 206
"../../../Engine/Content/EditorLandscapeResources/ColorMaskBrushMaterial_MaskedRegion.uexp" 207
"../../../Engine/Content/Functions/Engine_MaterialFunctions02/Utility/BreakOutFloat3Components.uasset" 208
"../../../Engine/Content/Functions/Engine_MaterialFunctions02/Utility/BreakOutFloat3Components.uexp" 209
"../../../Engine/Plugins/Editor/SpeedTreeImporter/Content/SpeedTree9/UnpackInteger3.uasset" 210
"../../../Engine/Plugins/Editor/SpeedTreeImporter/Content/SpeedTree9/UnpackInteger3.uexp" 211
"../../../Engine/Plugins/Editor/SpeedTreeImporter/Content/SpeedTree9/UnpackDirection.uasset" 212
"../../../Engine/Plugins/Editor/SpeedTreeImporter/Content/SpeedTree9/UnpackDirection.uexp" 213
"../../../Engine/Content/Functions/Engine_MaterialFunctions02/SafeNormalize.uasset" 214
"../../../Engine/Content/Functions/Engine_MaterialFunctions02/SafeNormalize.uexp" 215
"../../../Engine/Plugins/Editor/SpeedTreeImporter/Content/SpeedTree9/game_wind_noise.ubulk" 216
"../../../Engine/Plugins/Editor/SpeedTreeImporter/Content/SpeedTree9/game_wind_noise.uasset" 217
"../../../Engine/Plugins/Editor/SpeedTreeImporter/Content/SpeedTree9/game_wind_noise.uexp" 218
"../../../Engine/Plugins/Editor/SpeedTreeImporter/Content/SpeedTree9/SpeedTreeWindMotion.uasset" 219
"../../../Engine/Plugins/Editor/SpeedTreeImporter/Content/SpeedTree9/SpeedTreeWindMotion.uexp" 220
"../../../Engine/Content/Functions/Engine_MaterialFunctions02/Utility/VectorLength.uasset" 221
"../../../Engine/Content/Functions/Engine_MaterialFunctions02/Utility/VectorLength.uexp" 222
"../../../Engine/Content/Functions/Engine_MaterialFunctions02/WorldPositionOffset/ObjectScale.uasset" 223
"../../../Engine/Content/Functions/Engine_MaterialFunctions02/WorldPositionOffset/ObjectScale.uexp" 224
"../../../Engine/Plugins/Editor/SpeedTreeImporter/Content/SpeedTree9/SpeedTreeBranchMotion.uasset" 225
"../../../Engine/Plugins/Editor/SpeedTreeImporter/Content/SpeedTree9/SpeedTreeBranchMotion.uexp" 226
"../../../Engine/Content/Functions/Engine_MaterialFunctions02/ObjectLocalBounds.uasset" 227
"../../../Engine/Content/Functions/Engine_MaterialFunctions02/ObjectLocalBounds.uexp" 228
"../../../Engine/Content/Functions/Engine_MaterialFunctions02/UVs/BoundingBoxBased_0-1_UVW.uasset" 229
"../../../Engine/Content/Functions/Engine_MaterialFunctions02/UVs/BoundingBoxBased_0-1_UVW.uexp" 230
"../../../Engine/Plugins/Editor/SpeedTreeImporter/Content/SpeedTree9/SpeedTreeWind.uasset" 231
"../../../Engine/Plugins/Editor/SpeedTreeImporter/Content/SpeedTree9/SpeedTreeWind.uexp" 232
"../../../Engine/Plugins/Editor/SpeedTreeImporter/Content/SpeedTree9/SpeedTreeCameraFacing.uasset" 233
"../../../Engine/Plugins/Editor/SpeedTreeImporter/Content/SpeedTree9/SpeedTreeCameraFacing.uexp" 234
"../../../Engine/Plugins/Editor/SpeedTreeImporter/Content/SpeedTree9/EmptyNormal.uasset" 235
"../../../Engine/Plugins/Editor/SpeedTreeImporter/Content/SpeedTree9/EmptyNormal.uexp" 236
"../../../Engine/Plugins/Editor/SpeedTreeImporter/Content/SpeedTree9/Empty.uasset" 237
"../../../Engine/Plugins/Editor/SpeedTreeImporter/Content/SpeedTree9/Empty.uexp" 238
"../../../Engine/Plugins/Editor/SpeedTreeImporter/Content/SpeedTree9/SpeedTreeMaster.uasset" 239
"../../../Engine/Plugins/Editor/SpeedTreeImporter/Content/SpeedTree9/SpeedTreeMaster.uexp" 240
"../../../Engine/Plugins/Editor/SpeedTreeImporter/Content/SpeedTree9/SpeedTreeBillboard.uasset" 241
"../../../Engine/Plugins/Editor/SpeedTreeImporter/Content/SpeedTree9/SpeedTreeBillboard.uexp" 242
"../../../Engine/Plugins/Editor/SpeedTreeImporter/Content/SpeedTree9/SpeedTreeBillboardMaster.uasset" 243
"../../../Engine/Plugins/Editor/SpeedTreeImporter/Content/SpeedTree9/SpeedTreeBillboardMaster.uexp" 244
"../../../Engine/Plugins/Animation/ControlRig/Content/Controls/ControlRig_Wedge_solid.ubulk" 245
"../../../Engine/Plugins/Animation/ControlRig/Content/Controls/ControlRig_Wedge_solid.uasset" 246
"../../../Engine/Plugins/Animation/ControlRig/Content/Controls/ControlRig_Wedge_solid.uexp" 247
"../../../Engine/Plugins/Animation/ControlRig/Content/Controls/ControlRig_Wedge_3mm.ubulk" 248
"../../../Engine/Plugins/Animation/ControlRig/Content/Controls/ControlRig_Wedge_3mm.uasset" 249
"../../../Engine/Plugins/Animation/ControlRig/Content/Controls/ControlRig_Wedge_3mm.uexp" 250
"../../../Engine/Plugins/Animation/ControlRig/Content/Controls/ControlRig_Wedge_1mm.ubulk" 251
"../../../Engine/Plugins/Animation/ControlRig/Content/Controls/ControlRig_Wedge_1mm.uasset" 252
"../../../Engine/Plugins/Animation/ControlRig/Content/Controls/ControlRig_Wedge_1mm.uexp" 253
"../../../Engine/Plugins/Animation/ControlRig/Content/Controls/ControlRig_Triangle_solid.ubulk" 254
"../../../Engine/Plugins/Animation/ControlRig/Content/Controls/ControlRig_Triangle_solid.uasset" 255
"../../../Engine/Plugins/Animation/ControlRig/Content/Controls/ControlRig_Triangle_solid.uexp" 256
"../../../Engine/Plugins/Animation/ControlRig/Content/Controls/ControlRig_Triangle_3mm.ubulk" 257
"../../../Engine/Plugins/Animation/ControlRig/Content/Controls/ControlRig_Triangle_3mm.uasset" 258
"../../../Engine/Plugins/Animation/ControlRig/Content/Controls/ControlRig_Triangle_3mm.uexp" 259
"../../../Engine/Plugins/Animation/ControlRig/Content/Controls/ControlRig_Triangle_1mm.ubulk" 260
"../../../Engine/Plugins/Animation/ControlRig/Content/Controls/ControlRig_Triangle_1mm.uasset" 261
"../../../Engine/Plugins/Animation/ControlRig/Content/Controls/ControlRig_Triangle_1mm.uexp" 262
"../../../Engine/Plugins/Animation/ControlRig/Content/Controls/ControlRig_Star4_solid.ubulk" 263
"../../../Engine/Plugins/Animation/ControlRig/Content/Controls/ControlRig_Star4_solid.uasset" 264
"../../../Engine/Plugins/Animation/ControlRig/Content/Controls/ControlRig_Star4_solid.uexp" 265
"../../../Engine/Plugins/Animation/ControlRig/Content/Controls/ControlRig_Star4_3mm.ubulk" 266
"../../../Engine/Plugins/Animation/ControlRig/Content/Controls/ControlRig_Star4_3mm.uasset" 267
"../../../Engine/Plugins/Animation/ControlRig/Content/Controls/ControlRig_Star4_3mm.uexp" 268
"../../../Engine/Plugins/Animation/ControlRig/Content/Controls/ControlRig_Star4_1mm.ubulk" 269
"../../../Engine/Plugins/Animation/ControlRig/Content/Controls/ControlRig_Star4_1mm.uasset" 270
"../../../Engine/Plugins/Animation/ControlRig/Content/Controls/ControlRig_Star4_1mm.uexp" 271
"../../../Engine/Plugins/Animation/ControlRig/Content/Controls/ControlRig_Square_solid.ubulk" 272
"../../../Engine/Plugins/Animation/ControlRig/Content/Controls/ControlRig_Square_solid.uasset" 273
"../../../Engine/Plugins/Animation/ControlRig/Content/Controls/ControlRig_Square_solid.uexp" 274
"../../../Engine/Plugins/Animation/ControlRig/Content/Controls/ControlRig_Square_3mm.ubulk" 275
"../../../Engine/Plugins/Animation/ControlRig/Content/Controls/ControlRig_Square_3mm.uasset" 276
"../../../Engine/Plugins/Animation/ControlRig/Content/Controls/ControlRig_Square_3mm.uexp" 277
"../../../Engine/Plugins/Animation/ControlRig/Content/Controls/ControlRig_Square_1mm.ubulk" 278
"../../../Engine/Plugins/Animation/ControlRig/Content/Controls/ControlRig_Square_1mm.uasset" 279
"../../../Engine/Plugins/Animation/ControlRig/Content/Controls/ControlRig_Square_1mm.uexp" 280
"../../../Engine/Plugins/Animation/ControlRig/Content/Controls/ControlRig_Sphere_solid.ubulk" 281
"../../../Engine/Plugins/Animation/ControlRig/Content/Controls/ControlRig_Sphere_solid.uasset" 282
"../../../Engine/Plugins/Animation/ControlRig/Content/Controls/ControlRig_Sphere_solid.uexp" 283
"../../../Engine/Plugins/Animation/ControlRig/Content/Controls/ControlRig_Sphere_3mm.ubulk" 284
"../../../Engine/Plugins/Animation/ControlRig/Content/Controls/ControlRig_Sphere_3mm.uasset" 285
"../../../Engine/Plugins/Animation/ControlRig/Content/Controls/ControlRig_Sphere_3mm.uexp" 286
"../../../Engine/Plugins/Animation/ControlRig/Content/Controls/ControlRig_Sphere_1mm.ubulk" 287
"../../../Engine/Plugins/Animation/ControlRig/Content/Controls/ControlRig_Sphere_1mm.uasset" 288
"../../../Engine/Plugins/Animation/ControlRig/Content/Controls/ControlRig_Sphere_1mm.uexp" 289
"../../../Engine/Plugins/Animation/ControlRig/Content/Controls/ControlRig_RoundedTriangle_solid.ubulk" 290
"../../../Engine/Plugins/Animation/ControlRig/Content/Controls/ControlRig_RoundedTriangle_solid.uasset" 291
"../../../Engine/Plugins/Animation/ControlRig/Content/Controls/ControlRig_RoundedTriangle_solid.uexp" 292
"../../../Engine/Plugins/Animation/ControlRig/Content/Controls/ControlRig_RoundedTriangle_3mm.ubulk" 293
"../../../Engine/Plugins/Animation/ControlRig/Content/Controls/ControlRig_RoundedTriangle_3mm.uasset" 294
"../../../Engine/Plugins/Animation/ControlRig/Content/Controls/ControlRig_RoundedTriangle_3mm.uexp" 295
"../../../Engine/Plugins/Animation/ControlRig/Content/Controls/ControlRig_RoundedTriangle_1mm.ubulk" 296
"../../../Engine/Plugins/Animation/ControlRig/Content/Controls/ControlRig_RoundedTriangle_1mm.uasset" 297
"../../../Engine/Plugins/Animation/ControlRig/Content/Controls/ControlRig_RoundedTriangle_1mm.uexp" 298
"../../../Engine/Plugins/Animation/ControlRig/Content/Controls/ControlRig_RoundedSquare_solid.ubulk" 299
"../../../Engine/Plugins/Animation/ControlRig/Content/Controls/ControlRig_RoundedSquare_solid.uasset" 300
"../../../Engine/Plugins/Animation/ControlRig/Content/Controls/ControlRig_RoundedSquare_solid.uexp" 301
"../../../Engine/Plugins/Animation/ControlRig/Content/Controls/ControlRig_RoundedSquare_3mm.ubulk" 302
"../../../Engine/Plugins/Animation/ControlRig/Content/Controls/ControlRig_RoundedSquare_3mm.uasset" 303
"../../../Engine/Plugins/Animation/ControlRig/Content/Controls/ControlRig_RoundedSquare_3mm.uexp" 304
"../../../Engine/Plugins/Animation/ControlRig/Content/Controls/ControlRig_RoundedSquare_1mm.ubulk" 305
"../../../Engine/Plugins/Animation/ControlRig/Content/Controls/ControlRig_RoundedSquare_1mm.uasset" 306
"../../../Engine/Plugins/Animation/ControlRig/Content/Controls/ControlRig_RoundedSquare_1mm.uexp" 307
"../../../Engine/Plugins/Animation/ControlRig/Content/Controls/ControlRig_QuarterCircle_solid.ubulk" 308
"../../../Engine/Plugins/Animation/ControlRig/Content/Controls/ControlRig_QuarterCircle_solid.uasset" 309
"../../../Engine/Plugins/Animation/ControlRig/Content/Controls/ControlRig_QuarterCircle_solid.uexp" 310
"../../../Engine/Plugins/Animation/ControlRig/Content/Controls/ControlRig_QuarterCircle_3mm.ubulk" 311
"../../../Engine/Plugins/Animation/ControlRig/Content/Controls/ControlRig_QuarterCircle_3mm.uasset" 312
"../../../Engine/Plugins/Animation/ControlRig/Content/Controls/ControlRig_QuarterCircle_3mm.uexp" 313
"../../../Engine/Plugins/Animation/ControlRig/Content/Controls/ControlRig_QuarterCircle_1mm.ubulk" 314
"../../../Engine/Plugins/Animation/ControlRig/Content/Controls/ControlRig_QuarterCircle_1mm.uasset" 315
"../../../Engine/Plugins/Animation/ControlRig/Content/Controls/ControlRig_QuarterCircle_1mm.uexp" 316
"../../../Engine/Plugins/Animation/ControlRig/Content/Controls/ControlRig_Pyramid_solid.ubulk" 317
"../../../Engine/Plugins/Animation/ControlRig/Content/Controls/ControlRig_Pyramid_solid.uasset" 318
"../../../Engine/Plugins/Animation/ControlRig/Content/Controls/ControlRig_Pyramid_solid.uexp" 319
"../../../Engine/Plugins/Animation/ControlRig/Content/Controls/ControlRig_Pyramid_3mm.ubulk" 320
"../../../Engine/Plugins/Animation/ControlRig/Content/Controls/ControlRig_Pyramid_3mm.uasset" 321
"../../../Engine/Plugins/Animation/ControlRig/Content/Controls/ControlRig_Pyramid_3mm.uexp" 322
"../../../Engine/Plugins/Animation/ControlRig/Content/Controls/ControlRig_Pyramid_1mm.ubulk" 323
"../../../Engine/Plugins/Animation/ControlRig/Content/Controls/ControlRig_Pyramid_1mm.uasset" 324
"../../../Engine/Plugins/Animation/ControlRig/Content/Controls/ControlRig_Pyramid_1mm.uexp" 325
"../../../Engine/Plugins/Animation/ControlRig/Content/Controls/ControlRig_Octagon_solid.ubulk" 326
"../../../Engine/Plugins/Animation/ControlRig/Content/Controls/ControlRig_Octagon_solid.uasset" 327
"../../../Engine/Plugins/Animation/ControlRig/Content/Controls/ControlRig_Octagon_solid.uexp" 328
"../../../Engine/Plugins/Animation/ControlRig/Content/Controls/ControlRig_Octagon_3mm.ubulk" 329
"../../../Engine/Plugins/Animation/ControlRig/Content/Controls/ControlRig_Octagon_3mm.uasset" 330
"../../../Engine/Plugins/Animation/ControlRig/Content/Controls/ControlRig_Octagon_3mm.uexp" 331
"../../../Engine/Plugins/Animation/ControlRig/Content/Controls/ControlRig_Octagon_1mm.ubulk" 332
"../../../Engine/Plugins/Animation/ControlRig/Content/Controls/ControlRig_Octagon_1mm.uasset" 333
"../../../Engine/Plugins/Animation/ControlRig/Content/Controls/ControlRig_Octagon_1mm.uexp" 334
"../../../Engine/Plugins/Animation/ControlRig/Content/Controls/ControlRig_Hexagon_solid.ubulk" 335
"../../../Engine/Plugins/Animation/ControlRig/Content/Controls/ControlRig_Hexagon_solid.uasset" 336
"../../../Engine/Plugins/Animation/ControlRig/Content/Controls/ControlRig_Hexagon_solid.uexp" 337
"../../../Engine/Plugins/Animation/ControlRig/Content/Controls/ControlRig_Hexagon_3mm.ubulk" 338
"../../../Engine/Plugins/Animation/ControlRig/Content/Controls/ControlRig_Hexagon_3mm.uasset" 339
"../../../Engine/Plugins/Animation/ControlRig/Content/Controls/ControlRig_Hexagon_3mm.uexp" 340
"../../../Engine/Plugins/Animation/ControlRig/Content/Controls/ControlRig_Hexagon_1mm.ubulk" 341
"../../../Engine/Plugins/Animation/ControlRig/Content/Controls/ControlRig_Hexagon_1mm.uasset" 342
"../../../Engine/Plugins/Animation/ControlRig/Content/Controls/ControlRig_Hexagon_1mm.uexp" 343
"../../../Engine/Plugins/Animation/ControlRig/Content/Controls/ControlRig_HalfCircle_solid.ubulk" 344
"../../../Engine/Plugins/Animation/ControlRig/Content/Controls/ControlRig_HalfCircle_solid.uasset" 345
"../../../Engine/Plugins/Animation/ControlRig/Content/Controls/ControlRig_HalfCircle_solid.uexp" 346
"../../../Engine/Plugins/Animation/ControlRig/Content/Controls/ControlRig_HalfCircle_3mm.ubulk" 347
"../../../Engine/Plugins/Animation/ControlRig/Content/Controls/ControlRig_HalfCircle_3mm.uasset" 348
"../../../Engine/Plugins/Animation/ControlRig/Content/Controls/ControlRig_HalfCircle_3mm.uexp" 349
"../../../Engine/Plugins/Animation/ControlRig/Content/Controls/ControlRig_HalfCircle_1mm.ubulk" 350
"../../../Engine/Plugins/Animation/ControlRig/Content/Controls/ControlRig_HalfCircle_1mm.uasset" 351
"../../../Engine/Plugins/Animation/ControlRig/Content/Controls/ControlRig_HalfCircle_1mm.uexp" 352
"../../../Engine/Plugins/Animation/ControlRig/Content/Controls/ControlRig_Diamond_solid.ubulk" 353
"../../../Engine/Plugins/Animation/ControlRig/Content/Controls/ControlRig_Diamond_solid.uasset" 354
"../../../Engine/Plugins/Animation/ControlRig/Content/Controls/ControlRig_Diamond_solid.uexp" 355
"../../../Engine/Plugins/Animation/ControlRig/Content/Controls/ControlRig_Diamond_3mm.ubulk" 356
"../../../Engine/Plugins/Animation/ControlRig/Content/Controls/ControlRig_Diamond_3mm.uasset" 357
"../../../Engine/Plugins/Animation/ControlRig/Content/Controls/ControlRig_Diamond_3mm.uexp" 358
"../../../Engine/Plugins/Animation/ControlRig/Content/Controls/ControlRig_Diamond_1mm.ubulk" 359
"../../../Engine/Plugins/Animation/ControlRig/Content/Controls/ControlRig_Diamond_1mm.uasset" 360
"../../../Engine/Plugins/Animation/ControlRig/Content/Controls/ControlRig_Diamond_1mm.uexp" 361
"../../../Engine/Plugins/Animation/ControlRig/Content/Controls/ControlRig_Circle_solid.ubulk" 362
"../../../Engine/Plugins/Animation/ControlRig/Content/Controls/ControlRig_Circle_solid.uasset" 363
"../../../Engine/Plugins/Animation/ControlRig/Content/Controls/ControlRig_Circle_solid.uexp" 364
"../../../Engine/Plugins/Animation/ControlRig/Content/Controls/ControlRig_Circle_3mm.ubulk" 365
"../../../Engine/Plugins/Animation/ControlRig/Content/Controls/ControlRig_Circle_3mm.uasset" 366
"../../../Engine/Plugins/Animation/ControlRig/Content/Controls/ControlRig_Circle_3mm.uexp" 367
"../../../Engine/Plugins/Animation/ControlRig/Content/Controls/ControlRig_Circle_1mm.ubulk" 368
"../../../Engine/Plugins/Animation/ControlRig/Content/Controls/ControlRig_Circle_1mm.uasset" 369
"../../../Engine/Plugins/Animation/ControlRig/Content/Controls/ControlRig_Circle_1mm.uexp" 370
"../../../Engine/Plugins/Animation/ControlRig/Content/Controls/ControlRig_Box_solid.ubulk" 371
"../../../Engine/Plugins/Animation/ControlRig/Content/Controls/ControlRig_Box_solid.uasset" 372
"../../../Engine/Plugins/Animation/ControlRig/Content/Controls/ControlRig_Box_solid.uexp" 373
"../../../Engine/Plugins/Animation/ControlRig/Content/Controls/ControlRig_Box_3mm.ubulk" 374
"../../../Engine/Plugins/Animation/ControlRig/Content/Controls/ControlRig_Box_3mm.uasset" 375
"../../../Engine/Plugins/Animation/ControlRig/Content/Controls/ControlRig_Box_3mm.uexp" 376
"../../../Engine/Plugins/Animation/ControlRig/Content/Controls/ControlRig_Box_1mm.ubulk" 377
"../../../Engine/Plugins/Animation/ControlRig/Content/Controls/ControlRig_Box_1mm.uasset" 378
"../../../Engine/Plugins/Animation/ControlRig/Content/Controls/ControlRig_Box_1mm.uexp" 379
"../../../Engine/Plugins/Animation/ControlRig/Content/Controls/ControlRig_Arrow_solid.ubulk" 380
"../../../Engine/Plugins/Animation/ControlRig/Content/Controls/ControlRig_Arrow_solid.uasset" 381
"../../../Engine/Plugins/Animation/ControlRig/Content/Controls/ControlRig_Arrow_solid.uexp" 382
"../../../Engine/Plugins/Animation/ControlRig/Content/Controls/ControlRig_Arrow_3mm.ubulk" 383
"../../../Engine/Plugins/Animation/ControlRig/Content/Controls/ControlRig_Arrow_3mm.uasset" 384
"../../../Engine/Plugins/Animation/ControlRig/Content/Controls/ControlRig_Arrow_3mm.uexp" 385
"../../../Engine/Plugins/Animation/ControlRig/Content/Controls/ControlRig_Arrow_1mm.ubulk" 386
"../../../Engine/Plugins/Animation/ControlRig/Content/Controls/ControlRig_Arrow_1mm.uasset" 387
"../../../Engine/Plugins/Animation/ControlRig/Content/Controls/ControlRig_Arrow_1mm.uexp" 388
"../../../Engine/Plugins/Animation/ControlRig/Content/Controls/ControlRig_Arrow4_solid.ubulk" 389
"../../../Engine/Plugins/Animation/ControlRig/Content/Controls/ControlRig_Arrow4_solid.uasset" 390
"../../../Engine/Plugins/Animation/ControlRig/Content/Controls/ControlRig_Arrow4_solid.uexp" 391
"../../../Engine/Plugins/Animation/ControlRig/Content/Controls/ControlRig_Arrow4_3mm.ubulk" 392
"../../../Engine/Plugins/Animation/ControlRig/Content/Controls/ControlRig_Arrow4_3mm.uasset" 393
"../../../Engine/Plugins/Animation/ControlRig/Content/Controls/ControlRig_Arrow4_3mm.uexp" 394
"../../../Engine/Plugins/Animation/ControlRig/Content/Controls/ControlRig_Arrow4_1mm.ubulk" 395
"../../../Engine/Plugins/Animation/ControlRig/Content/Controls/ControlRig_Arrow4_1mm.uasset" 396
"../../../Engine/Plugins/Animation/ControlRig/Content/Controls/ControlRig_Arrow4_1mm.uexp" 397
"../../../Engine/Plugins/Animation/ControlRig/Content/Controls/ControlRig_Arrow2_solid.ubulk" 398
"../../../Engine/Plugins/Animation/ControlRig/Content/Controls/ControlRig_Arrow2_solid.uasset" 399
"../../../Engine/Plugins/Animation/ControlRig/Content/Controls/ControlRig_Arrow2_solid.uexp" 400
"../../../Engine/Plugins/Animation/ControlRig/Content/Controls/ControlRig_Arrow2_3mm.ubulk" 401
"../../../Engine/Plugins/Animation/ControlRig/Content/Controls/ControlRig_Arrow2_3mm.uasset" 402
"../../../Engine/Plugins/Animation/ControlRig/Content/Controls/ControlRig_Arrow2_3mm.uexp" 403
"../../../Engine/Plugins/Animation/ControlRig/Content/Controls/ControlRig_Arrow2_1mm.ubulk" 404
"../../../Engine/Plugins/Animation/ControlRig/Content/Controls/ControlRig_Arrow2_1mm.uasset" 405
"../../../Engine/Plugins/Animation/ControlRig/Content/Controls/ControlRig_Arrow2_1mm.uexp" 406
"../../../Engine/Plugins/Animation/ControlRig/Content/Controls/ControlRigXRayMaterial.uasset" 407
"../../../Engine/Plugins/Animation/ControlRig/Content/Controls/ControlRigXRayMaterial.uexp" 408
"../../../Engine/Plugins/Animation/ControlRig/Content/Controls/ControlRigGizmoMaterial.uasset" 409
"../../../Engine/Plugins/Animation/ControlRig/Content/Controls/ControlRigGizmoMaterial.uexp" 410
"../../../Engine/Content/EngineResources/WhiteSquareTexture.uasset" 411
"../../../Engine/Content/EngineResources/WhiteSquareTexture.uexp" 412
"../../../Engine/Content/EngineMaterials/Widget3DPassThrough.uasset" 413
"../../../Engine/Content/EngineMaterials/Widget3DPassThrough.uexp" 414
"../../../Engine/Content/EngineMaterials/Widget3DPassThrough_Translucent.uasset" 415
"../../../Engine/Content/EngineMaterials/Widget3DPassThrough_Translucent.uexp" 416
"../../../Engine/Content/EngineMaterials/Widget3DPassThrough_Translucent_OneSided.uasset" 417
"../../../Engine/Content/EngineMaterials/Widget3DPassThrough_Translucent_OneSided.uexp" 418
"../../../Engine/Content/EngineMaterials/Widget3DPassThrough_Opaque.uasset" 419
"../../../Engine/Content/EngineMaterials/Widget3DPassThrough_Opaque.uexp" 420
"../../../Engine/Content/EngineMaterials/Widget3DPassThrough_Opaque_OneSided.uasset" 421
"../../../Engine/Content/EngineMaterials/Widget3DPassThrough_Opaque_OneSided.uexp" 422
"../../../Engine/Content/EngineMaterials/Widget3DPassThrough_Masked_OneSided.uasset" 423
"../../../Engine/Content/EngineMaterials/Widget3DPassThrough_Masked_OneSided.uexp" 424
"../../../Engine/Content/EngineMaterials/Widget3DPassThrough_Masked.uasset" 425
"../../../Engine/Content/EngineMaterials/Widget3DPassThrough_Masked.uexp" 426
"../../../Engine/Content/EngineMaterials/WeightMapPlaceholderTexture.uasset" 427
"../../../Engine/Content/EngineMaterials/WeightMapPlaceholderTexture.uexp" 428
"../../../Engine/Content/EngineMaterials/WeightMapArrayPlaceholderTexture.uasset" 429
"../../../Engine/Content/EngineMaterials/WeightMapArrayPlaceholderTexture.uexp" 430
"../../../Engine/Content/EngineMaterials/RemoveSurfaceMaterial.uasset" 431
"../../../Engine/Content/EngineMaterials/RemoveSurfaceMaterial.uexp" 432
"../../../Engine/Content/EngineMaterials/PreintegratedSkinBRDF.uasset" 433
"../../../Engine/Content/EngineMaterials/PreintegratedSkinBRDF.uexp" 434
"../../../Engine/Content/EngineMaterials/DefaultCalibrationGrayscale.uasset" 435
"../../../Engine/Content/EngineMaterials/DefaultCalibrationGrayscale.uexp" 436
"../../../Engine/Content/EngineMaterials/PPM_DefaultCalibrationGrayscale.uasset" 437
"../../../Engine/Content/EngineMaterials/PPM_DefaultCalibrationGrayscale.uexp" 438
"../../../Engine/Content/EngineMaterials/DefaultCalibrationColor.uasset" 439
"../../../Engine/Content/EngineMaterials/DefaultCalibrationColor.uexp" 440
"../../../Engine/Content/EngineMaterials/PPM_DefaultCalibrationColor.uasset" 441
"../../../Engine/Content/EngineMaterials/PPM_DefaultCalibrationColor.uexp" 442
"../../../Engine/Content/EngineMaterials/PhAT_JointLimitMaterial.uasset" 443
"../../../Engine/Content/EngineMaterials/PhAT_JointLimitMaterial.uexp" 444
"../../../Engine/Content/EngineMaterials/NaniteHiddenSectionMaterial.uasset" 445
"../../../Engine/Content/EngineMaterials/NaniteHiddenSectionMaterial.uexp" 446
"../../../Engine/Content/EngineMaterials/InvalidLightmapSettings.ubulk" 447
"../../../Engine/Content/EngineMaterials/InvalidLightmapSettings.uasset" 448
"../../../Engine/Content/EngineMaterials/InvalidLightmapSettings.uexp" 449
"../../../Engine/Content/EngineMaterials/M_InvalidLightmapSettings.uasset" 450
"../../../Engine/Content/EngineMaterials/M_InvalidLightmapSettings.uexp" 451
"../../../Engine/Content/EngineMaterials/MiniFont.uasset" 452
"../../../Engine/Content/EngineMaterials/MiniFont.uexp" 453
"../../../Engine/Content/EngineMaterials/GizmoMaterial.uasset" 454
"../../../Engine/Content/EngineMaterials/GizmoMaterial.uexp" 455
"../../../Engine/Content/EngineMaterials/BaseFlattenDiffuseMap_VT.ubulk" 456
"../../../Engine/Content/EngineMaterials/BaseFlattenDiffuseMap_VT.uasset" 457
"../../../Engine/Content/EngineMaterials/BaseFlattenDiffuseMap_VT.uexp" 458
"../../../Engine/Content/EngineMaterials/BaseFlattenEmissiveMap_VT.ubulk" 459
"../../../Engine/Content/EngineMaterials/BaseFlattenEmissiveMap_VT.uasset" 460
"../../../Engine/Content/EngineMaterials/BaseFlattenEmissiveMap_VT.uexp" 461
"../../../Engine/Content/EngineMaterials/BaseFlattenGrayscaleMap_VT.ubulk" 462
"../../../Engine/Content/EngineMaterials/BaseFlattenGrayscaleMap_VT.uasset" 463
"../../../Engine/Content/EngineMaterials/BaseFlattenGrayscaleMap_VT.uexp" 464
"../../../Engine/Content/EngineMaterials/BaseFlattenLinearColor_VT.ubulk" 465
"../../../Engine/Content/EngineMaterials/BaseFlattenLinearColor_VT.uasset" 466
"../../../Engine/Content/EngineMaterials/BaseFlattenLinearColor_VT.uexp" 467
"../../../Engine/Content/EngineMaterials/BaseFlattenNormalMap_VT.ubulk" 468
"../../../Engine/Content/EngineMaterials/BaseFlattenNormalMap_VT.uasset" 469
"../../../Engine/Content/EngineMaterials/BaseFlattenNormalMap_VT.uexp" 470
"../../../Engine/Content/EngineMaterials/Black_1x1_EXR_Texture_VT.ubulk" 471
"../../../Engine/Content/EngineMaterials/Black_1x1_EXR_Texture_VT.uasset" 472
"../../../Engine/Content/EngineMaterials/Black_1x1_EXR_Texture_VT.uexp" 473
"../../../Engine/Content/EngineMaterials/FlattenMaterial_WS_Normal_VT.uasset" 474
"../../../Engine/Content/EngineMaterials/FlattenMaterial_WS_Normal_VT.uexp" 475
"../../../Engine/Content/EngineMaterials/FlattenMaterial_VT.uasset" 476
"../../../Engine/Content/EngineMaterials/FlattenMaterial_VT.uexp" 477
"../../../Engine/Content/EngineMaterials/BaseFlattenLinearColor.uasset" 478
"../../../Engine/Content/EngineMaterials/BaseFlattenLinearColor.uexp" 479
"../../../Engine/Content/EngineMaterials/BaseFlattenNormalMap.uasset" 480
"../../../Engine/Content/EngineMaterials/BaseFlattenNormalMap.uexp" 481
"../../../Engine/Content/EngineMaterials/BaseFlattenDiffuseMap.uasset" 482
"../../../Engine/Content/EngineMaterials/BaseFlattenDiffuseMap.uexp" 483
"../../../Engine/Content/EngineMaterials/BaseFlattenEmissiveMap.uasset" 484
"../../../Engine/Content/EngineMaterials/BaseFlattenEmissiveMap.uexp" 485
"../../../Engine/Content/EngineMaterials/BaseFlattenGrayscaleMap.uasset" 486
"../../../Engine/Content/EngineMaterials/BaseFlattenGrayscaleMap.uexp" 487
"../../../Engine/Content/Functions/Engine_MaterialFunctions02/PivotPainter2/Black_1x1_EXR_Texture.uasset" 488
"../../../Engine/Content/Functions/Engine_MaterialFunctions02/PivotPainter2/Black_1x1_EXR_Texture.uexp" 489
"../../../Engine/Content/EngineMaterials/FlattenMaterial.uasset" 490
"../../../Engine/Content/EngineMaterials/FlattenMaterial.uexp" 491
"../../../Engine/Content/EngineMaterials/FastBlueNoise_vec2_128x128x64.uasset" 492
"../../../Engine/Content/EngineMaterials/FastBlueNoise_vec2_128x128x64.uexp" 493
"../../../Engine/Content/EngineMaterials/FastBlueNoise_scalar_128x128x8.uasset" 494
"../../../Engine/Content/EngineMaterials/FastBlueNoise_scalar_128x128x8.uexp" 495
"../../../Engine/Content/EngineMaterials/FastBlueNoise_scalar_128x128x64.uasset" 496
"../../../Engine/Content/EngineMaterials/FastBlueNoise_scalar_128x128x64.uexp" 497
"../../../Engine/Content/EngineMaterials/DefaultWhiteGrid_Low.uasset" 498
"../../../Engine/Content/EngineMaterials/DefaultWhiteGrid_Low.uexp" 499
"../../../Engine/Content/EngineMaterials/EmissiveMeshMaterial.uasset" 500
"../../../Engine/Content/EngineMaterials/EmissiveMeshMaterial.uexp" 501
"../../../Engine/Content/EngineMaterials/DefaultWhiteGrid.ubulk" 502
"../../../Engine/Content/EngineMaterials/DefaultWhiteGrid.uasset" 503
"../../../Engine/Content/EngineMaterials/DefaultWhiteGrid.uexp" 504
"../../../Engine/Content/EngineFonts/RobotoDistanceField.uasset" 505
"../../../Engine/Content/EngineFonts/RobotoDistanceField.uexp" 506
"../../../Engine/Content/EngineMaterials/DefaultTextMaterialOpaque.uasset" 507
"../../../Engine/Content/EngineMaterials/DefaultTextMaterialOpaque.uexp" 508
"../../../Engine/Content/EngineMaterials/DefaultPostProcessMaterial.uasset" 509
"../../../Engine/Content/EngineMaterials/DefaultPostProcessMaterial.uexp" 510
"../../../Engine/Content/EngineMaterials/DefaultLightFunctionMaterial.uasset" 511
"../../../Engine/Content/EngineMaterials/DefaultLightFunctionMaterial.uexp" 512
"../../../Engine/Content/EngineMaterials/DefaultDeferredDecalMaterial.uasset" 513
"../../../Engine/Content/EngineMaterials/DefaultDeferredDecalMaterial.uexp" 514
"../../../Engine/Content/EngineMaterials/DefaultBokeh.uasset" 515
"../../../Engine/Content/EngineMaterials/DefaultBokeh.uexp" 516
"../../../Engine/Content/EngineMaterials/DefaultBloomKernel.uasset" 517
"../../../Engine/Content/EngineMaterials/DefaultBloomKernel.uexp" 518
"../../../Engine/Plugins/VirtualProduction/CameraCalibrationCore/Content/Materials/M_DefaultOddSquare.uasset" 519
"../../../Engine/Plugins/VirtualProduction/CameraCalibrationCore/Content/Materials/M_DefaultOddSquare.uexp" 520
"../../../Engine/Plugins/VirtualProduction/CameraCalibrationCore/Content/Materials/M_DefaultEvenSquare.uasset" 521
"../../../Engine/Plugins/VirtualProduction/CameraCalibrationCore/Content/Materials/M_DefaultEvenSquare.uexp" 522
"../../../Engine/Plugins/Runtime/HairStrands/Content/Materials/HairMeshesDefaultMaterial.uasset" 523
"../../../Engine/Plugins/Runtime/HairStrands/Content/Materials/HairMeshesDefaultMaterial.uexp" 524
"../../../Engine/Plugins/Runtime/HairStrands/Content/Materials/HairDefaultMaterial.uasset" 525
"../../../Engine/Plugins/Runtime/HairStrands/Content/Materials/HairDefaultMaterial.uexp" 526
"../../../Engine/Content/Functions/Engine_MaterialFunctions02/Utility/MakeFloat2.uasset" 527
"../../../Engine/Content/Functions/Engine_MaterialFunctions02/Utility/MakeFloat2.uexp" 528
"../../../Engine/Content/EngineMaterials/HairDebugColor.uasset" 529
"../../../Engine/Content/EngineMaterials/HairDebugColor.uexp" 530
"../../../Engine/Content/EngineMaterials/HairColorMap.uasset" 531
"../../../Engine/Content/EngineMaterials/HairColorMap.uexp" 532
"../../../Engine/Plugins/Runtime/HairStrands/Content/Materials/HairGroupColors.uasset" 533
"../../../Engine/Plugins/Runtime/HairStrands/Content/Materials/HairGroupColors.uexp" 534
"../../../Engine/Plugins/Runtime/HairStrands/Content/Materials/HairDebugMaterial.uasset" 535
"../../../Engine/Plugins/Runtime/HairStrands/Content/Materials/HairDebugMaterial.uexp" 536
"../../../Engine/Plugins/Runtime/HairStrands/Content/Materials/HairCardsDefaultMaterial.uasset" 537
"../../../Engine/Plugins/Runtime/HairStrands/Content/Materials/HairCardsDefaultMaterial.uexp" 538
"../../../Engine/Plugins/Runtime/AudioWidgets/Content/Resources/ScrubHandleDown_Clamped.uasset" 539
"../../../Engine/Plugins/Runtime/AudioWidgets/Content/Resources/ScrubHandleDown_Clamped.uexp" 540
"../../../Engine/Plugins/Interchange/Assets/Content/Functions/MX_UsdPreviewSurface.uasset" 541
"../../../Engine/Plugins/Interchange/Assets/Content/Functions/MX_UsdPreviewSurface.uexp" 542
"../../../Engine/Plugins/Interchange/Assets/Content/Functions/MX_UniformEDF.uasset" 543
"../../../Engine/Plugins/Interchange/Assets/Content/Functions/MX_UniformEDF.uexp" 544
"../../../Engine/Plugins/Interchange/Assets/Content/Functions/MX_TranslucentBSDF.uasset" 545
"../../../Engine/Plugins/Interchange/Assets/Content/Functions/MX_TranslucentBSDF.uexp" 546
"../../../Engine/Plugins/Interchange/Assets/Content/Functions/MX_ThinFilmBSDF.uasset" 547
"../../../Engine/Plugins/Interchange/Assets/Content/Functions/MX_ThinFilmBSDF.uexp" 548
"../../../Engine/Plugins/Interchange/Assets/Content/Functions/MX_SurfaceUnlit.uasset" 549
"../../../Engine/Plugins/Interchange/Assets/Content/Functions/MX_SurfaceUnlit.uexp" 550
"../../../Engine/Plugins/Interchange/Assets/Content/Functions/MX_Surface.uasset" 551
"../../../Engine/Plugins/Interchange/Assets/Content/Functions/MX_Surface.uexp" 552
"../../../Engine/Plugins/Interchange/Assets/Content/Functions/MX_SubsurfaceBSDF.uasset" 553
"../../../Engine/Plugins/Interchange/Assets/Content/Functions/MX_SubsurfaceBSDF.uexp" 554
"../../../Engine/Plugins/Interchange/Assets/Content/Functions/MX_SheenBSDF.uasset" 555
"../../../Engine/Plugins/Interchange/Assets/Content/Functions/MX_SheenBSDF.uexp" 556
"../../../Engine/Plugins/Interchange/Assets/Content/Functions/MX_OrenNayarBSDF.uasset" 557
"../../../Engine/Plugins/Interchange/Assets/Content/Functions/MX_OrenNayarBSDF.uexp" 558
"../../../Engine/Plugins/Interchange/Assets/Content/Functions/MF_IridescenceNoLUT.uasset" 559
"../../../Engine/Plugins/Interchange/Assets/Content/Functions/MF_IridescenceNoLUT.uexp" 560
"../../../Engine/Plugins/Interchange/Assets/Content/Functions/MX_StandardSurface.uasset" 561
"../../../Engine/Plugins/Interchange/Assets/Content/Functions/MX_StandardSurface.uexp" 562
"../../../Engine/Plugins/Interchange/Assets/Content/Functions/MX_TransmissionSurface.uasset" 563
"../../../Engine/Plugins/Interchange/Assets/Content/Functions/MX_TransmissionSurface.uexp" 564
"../../../Engine/Plugins/Interchange/Assets/Content/Functions/MX_OpenPBR_Translucent.uasset" 565
"../../../Engine/Plugins/Interchange/Assets/Content/Functions/MX_OpenPBR_Translucent.uexp" 566
"../../../Engine/Plugins/Interchange/Assets/Content/Functions/MX_OpenPBR_Opaque.uasset" 567
"../../../Engine/Plugins/Interchange/Assets/Content/Functions/MX_OpenPBR_Opaque.uexp" 568
"../../../Engine/Plugins/Interchange/Assets/Content/Functions/MX_MeasuredEDF.uasset" 569
"../../../Engine/Plugins/Interchange/Assets/Content/Functions/MX_MeasuredEDF.uexp" 570
"../../../Engine/Plugins/Interchange/Assets/Content/Functions/MX_GeneralizedSchlickBSDF.uasset" 571
"../../../Engine/Plugins/Interchange/Assets/Content/Functions/MX_GeneralizedSchlickBSDF.uexp" 572
"../../../Engine/Plugins/Interchange/Assets/Content/Functions/MX_Displacement.uasset" 573
"../../../Engine/Plugins/Interchange/Assets/Content/Functions/MX_Displacement.uexp" 574
"../../../Engine/Plugins/Interchange/Assets/Content/Functions/MX_DielectricBSDF.uasset" 575
"../../../Engine/Plugins/Interchange/Assets/Content/Functions/MX_DielectricBSDF.uexp" 576
"../../../Engine/Plugins/Interchange/Assets/Content/Functions/MX_ConicalEDF.uasset" 577
"../../../Engine/Plugins/Interchange/Assets/Content/Functions/MX_ConicalEDF.uexp" 578
"../../../Engine/Plugins/Interchange/Assets/Content/Functions/MX_ConductorBSDF.uasset" 579
"../../../Engine/Plugins/Interchange/Assets/Content/Functions/MX_ConductorBSDF.uexp" 580
"../../../Engine/Plugins/Interchange/Assets/Content/Functions/MX_BurleyDiffuseBSDF.uasset" 581
"../../../Engine/Plugins/Interchange/Assets/Content/Functions/MX_BurleyDiffuseBSDF.uexp" 582
"../../../Engine/Plugins/Interchange/Assets/Content/Functions/MX_AnisotropicVDF.uasset" 583
"../../../Engine/Plugins/Interchange/Assets/Content/Functions/MX_AnisotropicVDF.uexp" 584
"../../../Engine/Plugins/Interchange/Assets/Content/Functions/MX_AbsorptionVDF.uasset" 585
"../../../Engine/Plugins/Interchange/Assets/Content/Functions/MX_AbsorptionVDF.uexp" 586
"C:/Users/andre/OneDrive/Documents/Unreal Projects/Artkana_Project/Content/Audio/Music/MasterMusicClass.uasset" 587
"C:/Users/andre/OneDrive/Documents/Unreal Projects/Artkana_Project/Content/Audio/Music/MasterMusicClass.uexp" 588
"C:/Users/andre/OneDrive/Documents/Unreal Projects/Artkana_Project/Content/Audio/Music/Stage_2_Music__4_.ubulk" 589
"C:/Users/andre/OneDrive/Documents/Unreal Projects/Artkana_Project/Content/Audio/Music/Stage_2_Music__4_.uasset" 590
"C:/Users/andre/OneDrive/Documents/Unreal Projects/Artkana_Project/Content/Audio/Music/Stage_2_Music__4_.uexp" 591
"C:/Users/andre/OneDrive/Documents/Unreal Projects/Artkana_Project/Content/LevelPrototyping/Platform_Assets/dx11Shader1.uasset" 592
"C:/Users/andre/OneDrive/Documents/Unreal Projects/Artkana_Project/Content/LevelPrototyping/Platform_Assets/dx11Shader1.uexp" 593
"C:/Users/andre/OneDrive/Documents/Unreal Projects/Artkana_Project/Content/LevelPrototyping/Platform_Assets/Ramp.ubulk" 594
"C:/Users/andre/OneDrive/Documents/Unreal Projects/Artkana_Project/Content/LevelPrototyping/Platform_Assets/Ramp.uasset" 595
"C:/Users/andre/OneDrive/Documents/Unreal Projects/Artkana_Project/Content/LevelPrototyping/Platform_Assets/Ramp.uexp" 596
"C:/Users/andre/OneDrive/Documents/Unreal Projects/Artkana_Project/Content/LevelPrototyping/Platform_Assets/standardSurface1.uasset" 597
"C:/Users/andre/OneDrive/Documents/Unreal Projects/Artkana_Project/Content/LevelPrototyping/Platform_Assets/standardSurface1.uexp" 598
"C:/Users/andre/OneDrive/Documents/Unreal Projects/Artkana_Project/Content/LevelPrototyping/Platform_Assets/polySurface5.ubulk" 599
"C:/Users/andre/OneDrive/Documents/Unreal Projects/Artkana_Project/Content/LevelPrototyping/Platform_Assets/polySurface5.uasset" 600
"C:/Users/andre/OneDrive/Documents/Unreal Projects/Artkana_Project/Content/LevelPrototyping/Platform_Assets/polySurface5.uexp" 601
"C:/Users/andre/OneDrive/Documents/Unreal Projects/Artkana_Project/Content/LevelPrototyping/Platform_Assets/polySurface4.ubulk" 602
"C:/Users/andre/OneDrive/Documents/Unreal Projects/Artkana_Project/Content/LevelPrototyping/Platform_Assets/polySurface4.uasset" 603
"C:/Users/andre/OneDrive/Documents/Unreal Projects/Artkana_Project/Content/LevelPrototyping/Platform_Assets/polySurface4.uexp" 604
"../../../Engine/Content/Functions/Engine_MaterialFunctions01/Gradient/LinearGradient.uasset" 605
"../../../Engine/Content/Functions/Engine_MaterialFunctions01/Gradient/LinearGradient.uexp" 606
"../../../Engine/Content/Functions/Engine_MaterialFunctions01/ImageAdjustment/CheapContrast.uasset" 607
"../../../Engine/Content/Functions/Engine_MaterialFunctions01/ImageAdjustment/CheapContrast.uexp" 608
"C:/Users/andre/OneDrive/Documents/Unreal Projects/Artkana_Project/Content/LevelPrototyping/Textures/T_GridChecker_A.ubulk" 609
"C:/Users/andre/OneDrive/Documents/Unreal Projects/Artkana_Project/Content/LevelPrototyping/Textures/T_GridChecker_A.uasset" 610
"C:/Users/andre/OneDrive/Documents/Unreal Projects/Artkana_Project/Content/LevelPrototyping/Textures/T_GridChecker_A.uexp" 611
"C:/Users/andre/OneDrive/Documents/Unreal Projects/Artkana_Project/Content/LevelPrototyping/Materials/MF_ProcGrid.uasset" 612
"C:/Users/andre/OneDrive/Documents/Unreal Projects/Artkana_Project/Content/LevelPrototyping/Materials/MF_ProcGrid.uexp" 613
"C:/Users/andre/OneDrive/Documents/Unreal Projects/Artkana_Project/Content/LevelPrototyping/Materials/M_PrototypeGrid.uasset" 614
"C:/Users/andre/OneDrive/Documents/Unreal Projects/Artkana_Project/Content/LevelPrototyping/Materials/M_PrototypeGrid.uexp" 615
"C:/Users/andre/OneDrive/Documents/Unreal Projects/Artkana_Project/Content/LevelPrototyping/Materials/MI_PrototypeGrid_Gray.uasset" 616
"C:/Users/andre/OneDrive/Documents/Unreal Projects/Artkana_Project/Content/LevelPrototyping/Materials/MI_PrototypeGrid_Gray.uexp" 617
"C:/Users/andre/OneDrive/Documents/Unreal Projects/Artkana_Project/Content/LevelPrototyping/Meshes/SM_Cylinder.ubulk" 618
"C:/Users/andre/OneDrive/Documents/Unreal Projects/Artkana_Project/Content/LevelPrototyping/Meshes/SM_Cylinder.uasset" 619
"C:/Users/andre/OneDrive/Documents/Unreal Projects/Artkana_Project/Content/LevelPrototyping/Meshes/SM_Cylinder.uexp" 620
"C:/Users/andre/OneDrive/Documents/Unreal Projects/Artkana_Project/Content/LevelPrototyping/Textures/FloatPlatform_Textures/floating_platform_dx11Shader1_OcclusionRoughnessMetallic_Raw.ubulk" 621
"C:/Users/andre/OneDrive/Documents/Unreal Projects/Artkana_Project/Content/LevelPrototyping/Textures/FloatPlatform_Textures/floating_platform_dx11Shader1_OcclusionRoughnessMetallic_Raw.uasset" 622
"C:/Users/andre/OneDrive/Documents/Unreal Projects/Artkana_Project/Content/LevelPrototyping/Textures/FloatPlatform_Textures/floating_platform_dx11Shader1_OcclusionRoughnessMetallic_Raw.uexp" 623
"C:/Users/andre/OneDrive/Documents/Unreal Projects/Artkana_Project/Content/LevelPrototyping/Textures/FloatPlatform_Textures/floating_platform_dx11Shader1_Normal_Raw.ubulk" 624
"C:/Users/andre/OneDrive/Documents/Unreal Projects/Artkana_Project/Content/LevelPrototyping/Textures/FloatPlatform_Textures/floating_platform_dx11Shader1_Normal_Raw.uasset" 625
"C:/Users/andre/OneDrive/Documents/Unreal Projects/Artkana_Project/Content/LevelPrototyping/Textures/FloatPlatform_Textures/floating_platform_dx11Shader1_Normal_Raw.uexp" 626
"C:/Users/andre/OneDrive/Documents/Unreal Projects/Artkana_Project/Content/LevelPrototyping/Textures/FloatPlatform_Textures/floating_platform_dx11Shader1_Emissive_sRGB.ubulk" 627
"C:/Users/andre/OneDrive/Documents/Unreal Projects/Artkana_Project/Content/LevelPrototyping/Textures/FloatPlatform_Textures/floating_platform_dx11Shader1_Emissive_sRGB.uasset" 628
"C:/Users/andre/OneDrive/Documents/Unreal Projects/Artkana_Project/Content/LevelPrototyping/Textures/FloatPlatform_Textures/floating_platform_dx11Shader1_Emissive_sRGB.uexp" 629
"C:/Users/andre/OneDrive/Documents/Unreal Projects/Artkana_Project/Content/LevelPrototyping/Textures/FloatPlatform_Textures/floating_platform_dx11Shader1_BaseColor_sRGB.ubulk" 630
"C:/Users/andre/OneDrive/Documents/Unreal Projects/Artkana_Project/Content/LevelPrototyping/Textures/FloatPlatform_Textures/floating_platform_dx11Shader1_BaseColor_sRGB.uasset" 631
"C:/Users/andre/OneDrive/Documents/Unreal Projects/Artkana_Project/Content/LevelPrototyping/Textures/FloatPlatform_Textures/floating_platform_dx11Shader1_BaseColor_sRGB.uexp" 632
"C:/Users/andre/OneDrive/Documents/Unreal Projects/Artkana_Project/Content/LevelPrototyping/Materials/M_FloatPlatform.uasset" 633
"C:/Users/andre/OneDrive/Documents/Unreal Projects/Artkana_Project/Content/LevelPrototyping/Materials/M_FloatPlatform.uexp" 634
"C:/Users/andre/OneDrive/Documents/Unreal Projects/Artkana_Project/Content/LevelPrototyping/Materials/Instances/MI_FloatPlatform.uasset" 635
"C:/Users/andre/OneDrive/Documents/Unreal Projects/Artkana_Project/Content/LevelPrototyping/Materials/Instances/MI_FloatPlatform.uexp" 636
"C:/Users/andre/OneDrive/Documents/Unreal Projects/Artkana_Project/Content/LevelPrototyping/Meshes/floating_platform.ubulk" 637
"C:/Users/andre/OneDrive/Documents/Unreal Projects/Artkana_Project/Content/LevelPrototyping/Meshes/floating_platform.uasset" 638
"C:/Users/andre/OneDrive/Documents/Unreal Projects/Artkana_Project/Content/LevelPrototyping/Meshes/floating_platform.uexp" 639
"../../../Engine/Content/EngineResources/FilmGrains/Marcie_Grain_v3_128_M2_000.uasset" 640
"../../../Engine/Content/EngineResources/FilmGrains/Marcie_Grain_v3_128_M2_000.uexp" 641
"../../../Engine/Content/EngineResources/Development/ZenLogo_64.uasset" 642
"../../../Engine/Content/EngineResources/Development/ZenLogo_64.uexp" 643
"../../../Engine/Content/EngineMaterials/LTC/Sheen_LTC.uasset" 644
"../../../Engine/Content/EngineMaterials/LTC/Sheen_LTC.uexp" 645
"../../../Engine/Content/EngineMaterials/LTC/GGX_LTCMat.uasset" 646
"../../../Engine/Content/EngineMaterials/LTC/GGX_LTCMat.uexp" 647
"../../../Engine/Content/EngineMaterials/LTC/GGX_LTCAmp.uasset" 648
"../../../Engine/Content/EngineMaterials/LTC/GGX_LTCAmp.uexp" 649
"../../../Engine/Content/EngineMaterials/EnergyConservation/Sheen_Energy.uasset" 650
"../../../Engine/Content/EngineMaterials/EnergyConservation/Sheen_Energy.uexp" 651
"../../../Engine/Content/EngineMaterials/EnergyConservation/SheenLegacy_Energy.uasset" 652
"../../../Engine/Content/EngineMaterials/EnergyConservation/SheenLegacy_Energy.uexp" 653
"../../../Engine/Content/EngineMaterials/EnergyConservation/GGX_TransmissionEnergyArray.uasset" 654
"../../../Engine/Content/EngineMaterials/EnergyConservation/GGX_TransmissionEnergyArray.uexp" 655
"../../../Engine/Content/EngineMaterials/EnergyConservation/GGX_ReflectionEnergy.uasset" 656
"../../../Engine/Content/EngineMaterials/EnergyConservation/GGX_ReflectionEnergy.uexp" 657
"../../../Engine/Content/EngineMaterials/EnergyConservation/Diffuse_Energy.uasset" 658
"../../../Engine/Content/EngineMaterials/EnergyConservation/Diffuse_Energy.uexp" 659
"../../../Engine/Content/EditorResources/SequenceRecorder/RecordingIndicator.uasset" 660
"../../../Engine/Content/EditorResources/SequenceRecorder/RecordingIndicator.uexp" 661
"../../../Engine/Content/EditorResources/SequenceRecorder/Countdown.uasset" 662
"../../../Engine/Content/EditorResources/SequenceRecorder/Countdown.uexp" 663
"../../../Engine/Content/EditorMaterials/Camera/CineMat.uasset" 664
"../../../Engine/Content/EditorMaterials/Camera/CineMat.uexp" 665
"../../../Engine/Content/EditorMaterials/Camera/MI_CineMat_Rig.uasset" 666
"../../../Engine/Content/EditorMaterials/Camera/MI_CineMat_Rig.uexp" 667
"../../../Engine/Content/EditorMeshes/Camera/SM_RailRig_Track.ubulk" 668
"../../../Engine/Content/EditorMeshes/Camera/SM_RailRig_Track.uasset" 669
"../../../Engine/Content/EditorMeshes/Camera/SM_RailRig_Track.uexp" 670
"../../../Engine/Content/EditorMeshes/Camera/SM_RailRig_Mount.ubulk" 671
"../../../Engine/Content/EditorMeshes/Camera/SM_RailRig_Mount.uasset" 672
"../../../Engine/Content/EditorMeshes/Camera/SM_RailRig_Mount.uexp" 673
"../../../Engine/Content/EditorMeshes/Camera/SM_CraneRig_Mount.ubulk" 674
"../../../Engine/Content/EditorMeshes/Camera/SM_CraneRig_Mount.uasset" 675
"../../../Engine/Content/EditorMeshes/Camera/SM_CraneRig_Mount.uexp" 676
"../../../Engine/Content/EditorMeshes/Camera/SM_CraneRig_Body.ubulk" 677
"../../../Engine/Content/EditorMeshes/Camera/SM_CraneRig_Body.uasset" 678
"../../../Engine/Content/EditorMeshes/Camera/SM_CraneRig_Body.uexp" 679
"../../../Engine/Content/EditorMeshes/Camera/SM_CraneRig_Base.ubulk" 680
"../../../Engine/Content/EditorMeshes/Camera/SM_CraneRig_Base.uasset" 681
"../../../Engine/Content/EditorMeshes/Camera/SM_CraneRig_Base.uexp" 682
"../../../Engine/Content/EditorMeshes/Camera/SM_CraneRig_Arm.ubulk" 683
"../../../Engine/Content/EditorMeshes/Camera/SM_CraneRig_Arm.uasset" 684
"../../../Engine/Content/EditorMeshes/Camera/SM_CraneRig_Arm.uexp" 685
"../../../Engine/Content/EditorMaterials/ParticleSystems/PSysThumbnail_OOD.ubulk" 686
"../../../Engine/Content/EditorMaterials/ParticleSystems/PSysThumbnail_OOD.uasset" 687
"../../../Engine/Content/EditorMaterials/ParticleSystems/PSysThumbnail_OOD.uexp" 688
"../../../Engine/Content/EditorMaterials/ParticleSystems/PSysThumbnail_NoImage.ubulk" 689
"../../../Engine/Content/EditorMaterials/ParticleSystems/PSysThumbnail_NoImage.uasset" 690
"../../../Engine/Content/EditorMaterials/ParticleSystems/PSysThumbnail_NoImage.uexp" 691
"../../../Engine/Content/EditorMaterials/Dataflow/DataflowVertexMaterial.uasset" 692
"../../../Engine/Content/EditorMaterials/Dataflow/DataflowVertexMaterial.uexp" 693
"../../../Engine/Content/EditorMaterials/Dataflow/DataflowTwoSidedVertexMaterial.uasset" 694
"../../../Engine/Content/EditorMaterials/Dataflow/DataflowTwoSidedVertexMaterial.uexp" 695
"C:/Users/andre/OneDrive/Documents/Unreal Projects/Artkana_Project/Content/Variant_SideScroller/Blueprints/Level_Objects/floatingText.uasset" 696
"C:/Users/andre/OneDrive/Documents/Unreal Projects/Artkana_Project/Content/Variant_SideScroller/Blueprints/Level_Objects/floatingText.uexp" 697
"../../../Engine/Content/BasicShapes/Plane.ubulk" 698
"../../../Engine/Content/BasicShapes/Plane.uasset" 699
"../../../Engine/Content/BasicShapes/Plane.uexp" 700
"../../../Engine/Content/BasicShapes/BasicShapeMaterial.uasset" 701
"../../../Engine/Content/BasicShapes/BasicShapeMaterial.uexp" 702
"../../../Engine/Plugins/FX/Niagara/Content/DefaultAssets/DefaultSpriteMaterial.uasset" 703
"../../../Engine/Plugins/FX/Niagara/Content/DefaultAssets/DefaultSpriteMaterial.uexp" 704
"C:/Users/andre/OneDrive/Documents/Unreal Projects/Artkana_Project/Content/VFX_Artkana/Vortex2/ring1.ubulk" 705
"C:/Users/andre/OneDrive/Documents/Unreal Projects/Artkana_Project/Content/VFX_Artkana/Vortex2/ring1.uasset" 706
"C:/Users/andre/OneDrive/Documents/Unreal Projects/Artkana_Project/Content/VFX_Artkana/Vortex2/ring1.uexp" 707
"C:/Users/andre/OneDrive/Documents/Unreal Projects/Artkana_Project/Content/VFX_Artkana/Vortex2/T_Vortex2.ubulk" 708
"C:/Users/andre/OneDrive/Documents/Unreal Projects/Artkana_Project/Content/VFX_Artkana/Vortex2/T_Vortex2.uasset" 709
"C:/Users/andre/OneDrive/Documents/Unreal Projects/Artkana_Project/Content/VFX_Artkana/Vortex2/T_Vortex2.uexp" 710
"C:/Users/andre/OneDrive/Documents/Unreal Projects/Artkana_Project/Content/VFX_Artkana/Vortex2/M_ring.uasset" 711
"C:/Users/andre/OneDrive/Documents/Unreal Projects/Artkana_Project/Content/VFX_Artkana/Vortex2/M_ring.uexp" 712
"C:/Users/andre/OneDrive/Documents/Unreal Projects/Artkana_Project/Content/VFX_Artkana/Vortex2/NS_Vortex.uasset" 713
"C:/Users/andre/OneDrive/Documents/Unreal Projects/Artkana_Project/Content/VFX_Artkana/Vortex2/NS_Vortex.uexp" 714
"C:/Users/andre/OneDrive/Documents/Unreal Projects/Artkana_Project/Content/Variant_SideScroller/Blueprints/GameData.uasset" 715
"C:/Users/andre/OneDrive/Documents/Unreal Projects/Artkana_Project/Content/Variant_SideScroller/Blueprints/GameData.uexp" 716
"C:/Users/andre/OneDrive/Documents/Unreal Projects/Artkana_Project/Content/UI/SecondarySelect.uasset" 717
"C:/Users/andre/OneDrive/Documents/Unreal Projects/Artkana_Project/Content/UI/SecondarySelect.uexp" 718
"C:/Users/andre/OneDrive/Documents/Unreal Projects/Artkana_Project/Content/UI/mana/ui_rose_can.uasset" 719
"C:/Users/andre/OneDrive/Documents/Unreal Projects/Artkana_Project/Content/UI/mana/ui_rose_can.uexp" 720
"C:/Users/andre/OneDrive/Documents/Unreal Projects/Artkana_Project/Content/UI/mana/ui_load_out_backdrop.uasset" 721
"C:/Users/andre/OneDrive/Documents/Unreal Projects/Artkana_Project/Content/UI/mana/ui_load_out_backdrop.uexp" 722
"C:/Users/andre/OneDrive/Documents/Unreal Projects/Artkana_Project/Content/UI/mana/ui_loadout.uasset" 723
"C:/Users/andre/OneDrive/Documents/Unreal Projects/Artkana_Project/Content/UI/mana/ui_loadout.uexp" 724
"C:/Users/andre/OneDrive/Documents/Unreal Projects/Artkana_Project/Content/UI/mana/ui_bar_frame.uasset" 725
"C:/Users/andre/OneDrive/Documents/Unreal Projects/Artkana_Project/Content/UI/mana/ui_bar_frame.uexp" 726
"C:/Users/andre/OneDrive/Documents/Unreal Projects/Artkana_Project/Content/UI/mana/ui_bar_fill_region.uasset" 727
"C:/Users/andre/OneDrive/Documents/Unreal Projects/Artkana_Project/Content/UI/mana/ui_bar_fill_region.uexp" 728
"C:/Users/andre/OneDrive/Documents/Unreal Projects/Artkana_Project/Content/UI/mana/ui_bar_base.uasset" 729
"C:/Users/andre/OneDrive/Documents/Unreal Projects/Artkana_Project/Content/UI/mana/ui_bar_base.uexp" 730
"C:/Users/andre/OneDrive/Documents/Unreal Projects/Artkana_Project/Content/UI/mana/12_SET_OUTLINE.uasset" 731
"C:/Users/andre/OneDrive/Documents/Unreal Projects/Artkana_Project/Content/UI/mana/12_SET_OUTLINE.uexp" 732
"C:/Users/andre/OneDrive/Documents/Unreal Projects/Artkana_Project/Content/UI/mana/12_SET_FILLCOLOR.uasset" 733
"C:/Users/andre/OneDrive/Documents/Unreal Projects/Artkana_Project/Content/UI/mana/12_SET_FILLCOLOR.uexp" 734
"C:/Users/andre/OneDrive/Documents/Unreal Projects/Artkana_Project/Content/UI/mana/12_SET_BACK.uasset" 735
"C:/Users/andre/OneDrive/Documents/Unreal Projects/Artkana_Project/Content/UI/mana/12_SET_BACK.uexp" 736
"C:/Users/andre/OneDrive/Documents/Unreal Projects/Artkana_Project/Content/UI/mana/INGAME_UI.uasset" 737
"C:/Users/andre/OneDrive/Documents/Unreal Projects/Artkana_Project/Content/UI/mana/INGAME_UI.uexp" 738
"C:/Users/andre/OneDrive/Documents/Unreal Projects/Artkana_Project/Content/UI/InGameMenus/PauseScreen.uasset" 739
"C:/Users/andre/OneDrive/Documents/Unreal Projects/Artkana_Project/Content/UI/InGameMenus/PauseScreen.uexp" 740
"C:/Users/andre/OneDrive/Documents/Unreal Projects/Artkana_Project/Content/UI/Fonts/MyFont-Regular.uexp" 741
"C:/Users/andre/OneDrive/Documents/Unreal Projects/Artkana_Project/Content/UI/Fonts/MyFont-Regular.uasset" 742
"C:/Users/andre/OneDrive/Documents/Unreal Projects/Artkana_Project/Content/UI/Fonts/MyFont-Regular.ufont" 743
"C:/Users/andre/OneDrive/Documents/Unreal Projects/Artkana_Project/Content/UI/Fonts/MyFont-Regular_Font.uasset" 744
"C:/Users/andre/OneDrive/Documents/Unreal Projects/Artkana_Project/Content/UI/Fonts/MyFont-Regular_Font.uexp" 745
"C:/Users/andre/OneDrive/Documents/Unreal Projects/Artkana_Project/Content/UI/Buttons/Font/MyFont-Regular.uexp" 746
"C:/Users/andre/OneDrive/Documents/Unreal Projects/Artkana_Project/Content/UI/Buttons/Font/MyFont-Regular.uasset" 747
"C:/Users/andre/OneDrive/Documents/Unreal Projects/Artkana_Project/Content/UI/Buttons/Font/MyFont-Regular.ufont" 748
"C:/Users/andre/OneDrive/Documents/Unreal Projects/Artkana_Project/Content/UI/Buttons/Font/MyFont-Regular_Font.uasset" 749
"C:/Users/andre/OneDrive/Documents/Unreal Projects/Artkana_Project/Content/UI/Buttons/Font/MyFont-Regular_Font.uexp" 750
"C:/Users/andre/OneDrive/Documents/Unreal Projects/Artkana_Project/Content/UI/InGameMenus/EndScreen.uasset" 751
"C:/Users/andre/OneDrive/Documents/Unreal Projects/Artkana_Project/Content/UI/InGameMenus/EndScreen.uexp" 752
"../../../Engine/Plugins/2D/Paper2D/Content/TranslucentUnlitSpriteMaterial.uasset" 753
"../../../Engine/Plugins/2D/Paper2D/Content/TranslucentUnlitSpriteMaterial.uexp" 754
"C:/Users/andre/OneDrive/Documents/Unreal Projects/Artkana_Project/Content/LevelPrototyping/Background_Asset/sky.uasset" 755
"C:/Users/andre/OneDrive/Documents/Unreal Projects/Artkana_Project/Content/LevelPrototyping/Background_Asset/sky.uexp" 756
"C:/Users/andre/OneDrive/Documents/Unreal Projects/Artkana_Project/Content/LevelPrototyping/Background_Asset/sky_Sprite.uasset" 757
"C:/Users/andre/OneDrive/Documents/Unreal Projects/Artkana_Project/Content/LevelPrototyping/Background_Asset/sky_Sprite.uexp" 758
"C:/Users/andre/OneDrive/Documents/Unreal Projects/Artkana_Project/Content/LevelPrototyping/Background_Asset/midnoG.uasset" 759
"C:/Users/andre/OneDrive/Documents/Unreal Projects/Artkana_Project/Content/LevelPrototyping/Background_Asset/midnoG.uexp" 760
"C:/Users/andre/OneDrive/Documents/Unreal Projects/Artkana_Project/Content/LevelPrototyping/Background_Asset/midnoG_Sprite.uasset" 761
"C:/Users/andre/OneDrive/Documents/Unreal Projects/Artkana_Project/Content/LevelPrototyping/Background_Asset/midnoG_Sprite.uexp" 762
"C:/Users/andre/OneDrive/Documents/Unreal Projects/Artkana_Project/Content/LevelPrototyping/Background_Asset/foreG.uasset" 763
"C:/Users/andre/OneDrive/Documents/Unreal Projects/Artkana_Project/Content/LevelPrototyping/Background_Asset/foreG.uexp" 764
"C:/Users/andre/OneDrive/Documents/Unreal Projects/Artkana_Project/Content/LevelPrototyping/Background_Asset/foreG_Sprite.uasset" 765
"C:/Users/andre/OneDrive/Documents/Unreal Projects/Artkana_Project/Content/LevelPrototyping/Background_Asset/foreG_Sprite.uexp" 766
"C:/Users/andre/OneDrive/Documents/Unreal Projects/Artkana_Project/Content/LevelPrototyping/Background_Asset/backG.uasset" 767
"C:/Users/andre/OneDrive/Documents/Unreal Projects/Artkana_Project/Content/LevelPrototyping/Background_Asset/backG.uexp" 768
"C:/Users/andre/OneDrive/Documents/Unreal Projects/Artkana_Project/Content/LevelPrototyping/Background_Asset/backG_Sprite.uasset" 769
"C:/Users/andre/OneDrive/Documents/Unreal Projects/Artkana_Project/Content/LevelPrototyping/Background_Asset/backG_Sprite.uexp" 770
"C:/Users/andre/OneDrive/Documents/Unreal Projects/Artkana_Project/Content/Input/Actions/IA_Jump.uasset" 771
"C:/Users/andre/OneDrive/Documents/Unreal Projects/Artkana_Project/Content/Input/Actions/IA_Jump.uexp" 772
"C:/Users/andre/OneDrive/Documents/Unreal Projects/Artkana_Project/Content/Input/Actions/IA_Move.uasset" 773
"C:/Users/andre/OneDrive/Documents/Unreal Projects/Artkana_Project/Content/Input/Actions/IA_Move.uexp" 774
"C:/Users/andre/OneDrive/Documents/Unreal Projects/Artkana_Project/Content/Characters/Mannequins/standardSurface2.uasset" 775
"C:/Users/andre/OneDrive/Documents/Unreal Projects/Artkana_Project/Content/Characters/Mannequins/standardSurface2.uexp" 776
"C:/Users/andre/OneDrive/Documents/Unreal Projects/Artkana_Project/Content/Characters/Mannequins/standardSurface1.uasset" 777
"C:/Users/andre/OneDrive/Documents/Unreal Projects/Artkana_Project/Content/Characters/Mannequins/standardSurface1.uexp" 778
"C:/Users/andre/OneDrive/Documents/Unreal Projects/Artkana_Project/Content/Characters/Mannequins/lambert6.uasset" 779
"C:/Users/andre/OneDrive/Documents/Unreal Projects/Artkana_Project/Content/Characters/Mannequins/lambert6.uexp" 780
"C:/Users/andre/OneDrive/Documents/Unreal Projects/Artkana_Project/Content/Characters/Mannequins/lambert5.uasset" 781
"C:/Users/andre/OneDrive/Documents/Unreal Projects/Artkana_Project/Content/Characters/Mannequins/lambert5.uexp" 782
"C:/Users/andre/OneDrive/Documents/Unreal Projects/Artkana_Project/Content/Characters/Mannequins/lambert4.uasset" 783
"C:/Users/andre/OneDrive/Documents/Unreal Projects/Artkana_Project/Content/Characters/Mannequins/lambert4.uexp" 784
"C:/Users/andre/OneDrive/Documents/Unreal Projects/Artkana_Project/Content/Characters/Mannequins/lambert1.uasset" 785
"C:/Users/andre/OneDrive/Documents/Unreal Projects/Artkana_Project/Content/Characters/Mannequins/lambert1.uexp" 786
"C:/Users/andre/OneDrive/Documents/Unreal Projects/Artkana_Project/Content/Characters/Mannequins/kanaRigged_Skeleton.uasset" 787
"C:/Users/andre/OneDrive/Documents/Unreal Projects/Artkana_Project/Content/Characters/Mannequins/kanaRigged_Skeleton.uexp" 788
"C:/Users/andre/OneDrive/Documents/Unreal Projects/Artkana_Project/Content/Characters/Mannequins/kanaRigged_PhysicsAsset.uasset" 789
"C:/Users/andre/OneDrive/Documents/Unreal Projects/Artkana_Project/Content/Characters/Mannequins/kanaRigged_PhysicsAsset.uexp" 790
"C:/Users/andre/OneDrive/Documents/Unreal Projects/Artkana_Project/Content/Characters/Mannequins/kanaRigged.uasset" 791
"C:/Users/andre/OneDrive/Documents/Unreal Projects/Artkana_Project/Content/Characters/Mannequins/kanaRigged.uexp" 792
"C:/Users/andre/OneDrive/Documents/Unreal Projects/Artkana_Project/Content/GeneralAssets/SpellVFX-Dylan/VerdantVortex/vortex-9.uasset" 793
"C:/Users/andre/OneDrive/Documents/Unreal Projects/Artkana_Project/Content/GeneralAssets/SpellVFX-Dylan/VerdantVortex/vortex-9.uexp" 794
"C:/Users/andre/OneDrive/Documents/Unreal Projects/Artkana_Project/Content/GeneralAssets/SpellVFX-Dylan/VerdantVortex/vortex-9_Sprite.uasset" 795
"C:/Users/andre/OneDrive/Documents/Unreal Projects/Artkana_Project/Content/GeneralAssets/SpellVFX-Dylan/VerdantVortex/vortex-9_Sprite.uexp" 796
"C:/Users/andre/OneDrive/Documents/Unreal Projects/Artkana_Project/Content/GeneralAssets/SpellVFX-Dylan/VerdantVortex/vortex-96.uasset" 797
"C:/Users/andre/OneDrive/Documents/Unreal Projects/Artkana_Project/Content/GeneralAssets/SpellVFX-Dylan/VerdantVortex/vortex-96.uexp" 798
"C:/Users/andre/OneDrive/Documents/Unreal Projects/Artkana_Project/Content/GeneralAssets/SpellVFX-Dylan/VerdantVortex/vortex-96_Sprite.uasset" 799
"C:/Users/andre/OneDrive/Documents/Unreal Projects/Artkana_Project/Content/GeneralAssets/SpellVFX-Dylan/VerdantVortex/vortex-96_Sprite.uexp" 800
"C:/Users/andre/OneDrive/Documents/Unreal Projects/Artkana_Project/Content/GeneralAssets/SpellVFX-Dylan/VerdantVortex/vortex-95.uasset" 801
"C:/Users/andre/OneDrive/Documents/Unreal Projects/Artkana_Project/Content/GeneralAssets/SpellVFX-Dylan/VerdantVortex/vortex-95.uexp" 802
"C:/Users/andre/OneDrive/Documents/Unreal Projects/Artkana_Project/Content/GeneralAssets/SpellVFX-Dylan/VerdantVortex/vortex-95_Sprite.uasset" 803
"C:/Users/andre/OneDrive/Documents/Unreal Projects/Artkana_Project/Content/GeneralAssets/SpellVFX-Dylan/VerdantVortex/vortex-95_Sprite.uexp" 804
"C:/Users/andre/OneDrive/Documents/Unreal Projects/Artkana_Project/Content/GeneralAssets/SpellVFX-Dylan/VerdantVortex/vortex-94.uasset" 805
"C:/Users/andre/OneDrive/Documents/Unreal Projects/Artkana_Project/Content/GeneralAssets/SpellVFX-Dylan/VerdantVortex/vortex-94.uexp" 806
"C:/Users/andre/OneDrive/Documents/Unreal Projects/Artkana_Project/Content/GeneralAssets/SpellVFX-Dylan/VerdantVortex/vortex-94_Sprite.uasset" 807
"C:/Users/andre/OneDrive/Documents/Unreal Projects/Artkana_Project/Content/GeneralAssets/SpellVFX-Dylan/VerdantVortex/vortex-94_Sprite.uexp" 808
"C:/Users/andre/OneDrive/Documents/Unreal Projects/Artkana_Project/Content/GeneralAssets/SpellVFX-Dylan/VerdantVortex/vortex-93.uasset" 809
"C:/Users/andre/OneDrive/Documents/Unreal Projects/Artkana_Project/Content/GeneralAssets/SpellVFX-Dylan/VerdantVortex/vortex-93.uexp" 810
"C:/Users/andre/OneDrive/Documents/Unreal Projects/Artkana_Project/Content/GeneralAssets/SpellVFX-Dylan/VerdantVortex/vortex-93_Sprite.uasset" 811
"C:/Users/andre/OneDrive/Documents/Unreal Projects/Artkana_Project/Content/GeneralAssets/SpellVFX-Dylan/VerdantVortex/vortex-93_Sprite.uexp" 812
"C:/Users/andre/OneDrive/Documents/Unreal Projects/Artkana_Project/Content/GeneralAssets/SpellVFX-Dylan/VerdantVortex/vortex-92.uasset" 813
"C:/Users/andre/OneDrive/Documents/Unreal Projects/Artkana_Project/Content/GeneralAssets/SpellVFX-Dylan/VerdantVortex/vortex-92.uexp" 814
"C:/Users/andre/OneDrive/Documents/Unreal Projects/Artkana_Project/Content/GeneralAssets/SpellVFX-Dylan/VerdantVortex/vortex-92_Sprite.uasset" 815
"C:/Users/andre/OneDrive/Documents/Unreal Projects/Artkana_Project/Content/GeneralAssets/SpellVFX-Dylan/VerdantVortex/vortex-92_Sprite.uexp" 816
"C:/Users/andre/OneDrive/Documents/Unreal Projects/Artkana_Project/Content/GeneralAssets/SpellVFX-Dylan/VerdantVortex/vortex-91.uasset" 817
"C:/Users/andre/OneDrive/Documents/Unreal Projects/Artkana_Project/Content/GeneralAssets/SpellVFX-Dylan/VerdantVortex/vortex-91.uexp" 818
"C:/Users/andre/OneDrive/Documents/Unreal Projects/Artkana_Project/Content/GeneralAssets/SpellVFX-Dylan/VerdantVortex/vortex-91_Sprite.uasset" 819
"C:/Users/andre/OneDrive/Documents/Unreal Projects/Artkana_Project/Content/GeneralAssets/SpellVFX-Dylan/VerdantVortex/vortex-91_Sprite.uexp" 820
"C:/Users/andre/OneDrive/Documents/Unreal Projects/Artkana_Project/Content/GeneralAssets/SpellVFX-Dylan/VerdantVortex/vortex-90.uasset" 821
"C:/Users/andre/OneDrive/Documents/Unreal Projects/Artkana_Project/Content/GeneralAssets/SpellVFX-Dylan/VerdantVortex/vortex-90.uexp" 822
"C:/Users/andre/OneDrive/Documents/Unreal Projects/Artkana_Project/Content/GeneralAssets/SpellVFX-Dylan/VerdantVortex/vortex-90_Sprite.uasset" 823
"C:/Users/andre/OneDrive/Documents/Unreal Projects/Artkana_Project/Content/GeneralAssets/SpellVFX-Dylan/VerdantVortex/vortex-90_Sprite.uexp" 824
"C:/Users/andre/OneDrive/Documents/Unreal Projects/Artkana_Project/Content/GeneralAssets/SpellVFX-Dylan/VerdantVortex/vortex-8.uasset" 825
"C:/Users/andre/OneDrive/Documents/Unreal Projects/Artkana_Project/Content/GeneralAssets/SpellVFX-Dylan/VerdantVortex/vortex-8.uexp" 826
"C:/Users/andre/OneDrive/Documents/Unreal Projects/Artkana_Project/Content/GeneralAssets/SpellVFX-Dylan/VerdantVortex/vortex-8_Sprite.uasset" 827
"C:/Users/andre/OneDrive/Documents/Unreal Projects/Artkana_Project/Content/GeneralAssets/SpellVFX-Dylan/VerdantVortex/vortex-8_Sprite.uexp" 828
"C:/Users/andre/OneDrive/Documents/Unreal Projects/Artkana_Project/Content/GeneralAssets/SpellVFX-Dylan/VerdantVortex/vortex-89.uasset" 829
"C:/Users/andre/OneDrive/Documents/Unreal Projects/Artkana_Project/Content/GeneralAssets/SpellVFX-Dylan/VerdantVortex/vortex-89.uexp" 830
"C:/Users/andre/OneDrive/Documents/Unreal Projects/Artkana_Project/Content/GeneralAssets/SpellVFX-Dylan/VerdantVortex/vortex-89_Sprite.uasset" 831
"C:/Users/andre/OneDrive/Documents/Unreal Projects/Artkana_Project/Content/GeneralAssets/SpellVFX-Dylan/VerdantVortex/vortex-89_Sprite.uexp" 832
"C:/Users/andre/OneDrive/Documents/Unreal Projects/Artkana_Project/Content/GeneralAssets/SpellVFX-Dylan/VerdantVortex/vortex-88.uasset" 833
"C:/Users/andre/OneDrive/Documents/Unreal Projects/Artkana_Project/Content/GeneralAssets/SpellVFX-Dylan/VerdantVortex/vortex-88.uexp" 834
"C:/Users/andre/OneDrive/Documents/Unreal Projects/Artkana_Project/Content/GeneralAssets/SpellVFX-Dylan/VerdantVortex/vortex-88_Sprite.uasset" 835
"C:/Users/andre/OneDrive/Documents/Unreal Projects/Artkana_Project/Content/GeneralAssets/SpellVFX-Dylan/VerdantVortex/vortex-88_Sprite.uexp" 836
"C:/Users/andre/OneDrive/Documents/Unreal Projects/Artkana_Project/Content/GeneralAssets/SpellVFX-Dylan/VerdantVortex/vortex-87.uasset" 837
"C:/Users/andre/OneDrive/Documents/Unreal Projects/Artkana_Project/Content/GeneralAssets/SpellVFX-Dylan/VerdantVortex/vortex-87.uexp" 838
"C:/Users/andre/OneDrive/Documents/Unreal Projects/Artkana_Project/Content/GeneralAssets/SpellVFX-Dylan/VerdantVortex/vortex-87_Sprite.uasset" 839
"C:/Users/andre/OneDrive/Documents/Unreal Projects/Artkana_Project/Content/GeneralAssets/SpellVFX-Dylan/VerdantVortex/vortex-87_Sprite.uexp" 840
"C:/Users/andre/OneDrive/Documents/Unreal Projects/Artkana_Project/Content/GeneralAssets/SpellVFX-Dylan/VerdantVortex/vortex-86.uasset" 841
"C:/Users/andre/OneDrive/Documents/Unreal Projects/Artkana_Project/Content/GeneralAssets/SpellVFX-Dylan/VerdantVortex/vortex-86.uexp" 842
"C:/Users/andre/OneDrive/Documents/Unreal Projects/Artkana_Project/Content/GeneralAssets/SpellVFX-Dylan/VerdantVortex/vortex-86_Sprite.uasset" 843
"C:/Users/andre/OneDrive/Documents/Unreal Projects/Artkana_Project/Content/GeneralAssets/SpellVFX-Dylan/VerdantVortex/vortex-86_Sprite.uexp" 844
"C:/Users/andre/OneDrive/Documents/Unreal Projects/Artkana_Project/Content/GeneralAssets/SpellVFX-Dylan/VerdantVortex/vortex-85.uasset" 845
"C:/Users/andre/OneDrive/Documents/Unreal Projects/Artkana_Project/Content/GeneralAssets/SpellVFX-Dylan/VerdantVortex/vortex-85.uexp" 846
"C:/Users/andre/OneDrive/Documents/Unreal Projects/Artkana_Project/Content/GeneralAssets/SpellVFX-Dylan/VerdantVortex/vortex-85_Sprite.uasset" 847
"C:/Users/andre/OneDrive/Documents/Unreal Projects/Artkana_Project/Content/GeneralAssets/SpellVFX-Dylan/VerdantVortex/vortex-85_Sprite.uexp" 848
"C:/Users/andre/OneDrive/Documents/Unreal Projects/Artkana_Project/Content/GeneralAssets/SpellVFX-Dylan/VerdantVortex/vortex-84.uasset" 849
"C:/Users/andre/OneDrive/Documents/Unreal Projects/Artkana_Project/Content/GeneralAssets/SpellVFX-Dylan/VerdantVortex/vortex-84.uexp" 850
"C:/Users/andre/OneDrive/Documents/Unreal Projects/Artkana_Project/Content/GeneralAssets/SpellVFX-Dylan/VerdantVortex/vortex-84_Sprite.uasset" 851
"C:/Users/andre/OneDrive/Documents/Unreal Projects/Artkana_Project/Content/GeneralAssets/SpellVFX-Dylan/VerdantVortex/vortex-84_Sprite.uexp" 852
"C:/Users/andre/OneDrive/Documents/Unreal Projects/Artkana_Project/Content/GeneralAssets/SpellVFX-Dylan/VerdantVortex/vortex-83.uasset" 853
"C:/Users/andre/OneDrive/Documents/Unreal Projects/Artkana_Project/Content/GeneralAssets/SpellVFX-Dylan/VerdantVortex/vortex-83.uexp" 854
"C:/Users/andre/OneDrive/Documents/Unreal Projects/Artkana_Project/Content/GeneralAssets/SpellVFX-Dylan/VerdantVortex/vortex-83_Sprite.uasset" 855
"C:/Users/andre/OneDrive/Documents/Unreal Projects/Artkana_Project/Content/GeneralAssets/SpellVFX-Dylan/VerdantVortex/vortex-83_Sprite.uexp" 856
"C:/Users/andre/OneDrive/Documents/Unreal Projects/Artkana_Project/Content/GeneralAssets/SpellVFX-Dylan/VerdantVortex/vortex-82.uasset" 857
"C:/Users/andre/OneDrive/Documents/Unreal Projects/Artkana_Project/Content/GeneralAssets/SpellVFX-Dylan/VerdantVortex/vortex-82.uexp" 858
"C:/Users/andre/OneDrive/Documents/Unreal Projects/Artkana_Project/Content/GeneralAssets/SpellVFX-Dylan/VerdantVortex/vortex-82_Sprite.uasset" 859
"C:/Users/andre/OneDrive/Documents/Unreal Projects/Artkana_Project/Content/GeneralAssets/SpellVFX-Dylan/VerdantVortex/vortex-82_Sprite.uexp" 860
"C:/Users/andre/OneDrive/Documents/Unreal Projects/Artkana_Project/Content/GeneralAssets/SpellVFX-Dylan/VerdantVortex/vortex-81.uasset" 861
"C:/Users/andre/OneDrive/Documents/Unreal Projects/Artkana_Project/Content/GeneralAssets/SpellVFX-Dylan/VerdantVortex/vortex-81.uexp" 862
"C:/Users/andre/OneDrive/Documents/Unreal Projects/Artkana_Project/Content/GeneralAssets/SpellVFX-Dylan/VerdantVortex/vortex-81_Sprite.uasset" 863
"C:/Users/andre/OneDrive/Documents/Unreal Projects/Artkana_Project/Content/GeneralAssets/SpellVFX-Dylan/VerdantVortex/vortex-81_Sprite.uexp" 864
"C:/Users/andre/OneDrive/Documents/Unreal Projects/Artkana_Project/Content/GeneralAssets/SpellVFX-Dylan/VerdantVortex/vortex-80.uasset" 865
"C:/Users/andre/OneDrive/Documents/Unreal Projects/Artkana_Project/Content/GeneralAssets/SpellVFX-Dylan/VerdantVortex/vortex-80.uexp" 866
"C:/Users/andre/OneDrive/Documents/Unreal Projects/Artkana_Project/Content/GeneralAssets/SpellVFX-Dylan/VerdantVortex/vortex-80_Sprite.uasset" 867
"C:/Users/andre/OneDrive/Documents/Unreal Projects/Artkana_Project/Content/GeneralAssets/SpellVFX-Dylan/VerdantVortex/vortex-80_Sprite.uexp" 868
"C:/Users/andre/OneDrive/Documents/Unreal Projects/Artkana_Project/Content/GeneralAssets/SpellVFX-Dylan/VerdantVortex/vortex-7.uasset" 869
"C:/Users/andre/OneDrive/Documents/Unreal Projects/Artkana_Project/Content/GeneralAssets/SpellVFX-Dylan/VerdantVortex/vortex-7.uexp" 870
"C:/Users/andre/OneDrive/Documents/Unreal Projects/Artkana_Project/Content/GeneralAssets/SpellVFX-Dylan/VerdantVortex/vortex-7_Sprite.uasset" 871
"C:/Users/andre/OneDrive/Documents/Unreal Projects/Artkana_Project/Content/GeneralAssets/SpellVFX-Dylan/VerdantVortex/vortex-7_Sprite.uexp" 872
"C:/Users/andre/OneDrive/Documents/Unreal Projects/Artkana_Project/Content/GeneralAssets/SpellVFX-Dylan/VerdantVortex/vortex-79.uasset" 873
"C:/Users/andre/OneDrive/Documents/Unreal Projects/Artkana_Project/Content/GeneralAssets/SpellVFX-Dylan/VerdantVortex/vortex-79.uexp" 874
"C:/Users/andre/OneDrive/Documents/Unreal Projects/Artkana_Project/Content/GeneralAssets/SpellVFX-Dylan/VerdantVortex/vortex-79_Sprite.uasset" 875
"C:/Users/andre/OneDrive/Documents/Unreal Projects/Artkana_Project/Content/GeneralAssets/SpellVFX-Dylan/VerdantVortex/vortex-79_Sprite.uexp" 876
"C:/Users/andre/OneDrive/Documents/Unreal Projects/Artkana_Project/Content/GeneralAssets/SpellVFX-Dylan/VerdantVortex/vortex-78.uasset" 877
"C:/Users/andre/OneDrive/Documents/Unreal Projects/Artkana_Project/Content/GeneralAssets/SpellVFX-Dylan/VerdantVortex/vortex-78.uexp" 878
"C:/Users/andre/OneDrive/Documents/Unreal Projects/Artkana_Project/Content/GeneralAssets/SpellVFX-Dylan/VerdantVortex/vortex-78_Sprite.uasset" 879
"C:/Users/andre/OneDrive/Documents/Unreal Projects/Artkana_Project/Content/GeneralAssets/SpellVFX-Dylan/VerdantVortex/vortex-78_Sprite.uexp" 880
"C:/Users/andre/OneDrive/Documents/Unreal Projects/Artkana_Project/Content/GeneralAssets/SpellVFX-Dylan/VerdantVortex/vortex-77.uasset" 881
"C:/Users/andre/OneDrive/Documents/Unreal Projects/Artkana_Project/Content/GeneralAssets/SpellVFX-Dylan/VerdantVortex/vortex-77.uexp" 882
"C:/Users/andre/OneDrive/Documents/Unreal Projects/Artkana_Project/Content/GeneralAssets/SpellVFX-Dylan/VerdantVortex/vortex-77_Sprite.uasset" 883
"C:/Users/andre/OneDrive/Documents/Unreal Projects/Artkana_Project/Content/GeneralAssets/SpellVFX-Dylan/VerdantVortex/vortex-77_Sprite.uexp" 884
"C:/Users/andre/OneDrive/Documents/Unreal Projects/Artkana_Project/Content/GeneralAssets/SpellVFX-Dylan/VerdantVortex/vortex-76.uasset" 885
"C:/Users/andre/OneDrive/Documents/Unreal Projects/Artkana_Project/Content/GeneralAssets/SpellVFX-Dylan/VerdantVortex/vortex-76.uexp" 886
"C:/Users/andre/OneDrive/Documents/Unreal Projects/Artkana_Project/Content/GeneralAssets/SpellVFX-Dylan/VerdantVortex/vortex-76_Sprite.uasset" 887
"C:/Users/andre/OneDrive/Documents/Unreal Projects/Artkana_Project/Content/GeneralAssets/SpellVFX-Dylan/VerdantVortex/vortex-76_Sprite.uexp" 888
"C:/Users/andre/OneDrive/Documents/Unreal Projects/Artkana_Project/Content/GeneralAssets/SpellVFX-Dylan/VerdantVortex/vortex-75.uasset" 889
"C:/Users/andre/OneDrive/Documents/Unreal Projects/Artkana_Project/Content/GeneralAssets/SpellVFX-Dylan/VerdantVortex/vortex-75.uexp" 890
"C:/Users/andre/OneDrive/Documents/Unreal Projects/Artkana_Project/Content/GeneralAssets/SpellVFX-Dylan/VerdantVortex/vortex-75_Sprite.uasset" 891
"C:/Users/andre/OneDrive/Documents/Unreal Projects/Artkana_Project/Content/GeneralAssets/SpellVFX-Dylan/VerdantVortex/vortex-75_Sprite.uexp" 892
"C:/Users/andre/OneDrive/Documents/Unreal Projects/Artkana_Project/Content/GeneralAssets/SpellVFX-Dylan/VerdantVortex/vortex-74.uasset" 893
"C:/Users/andre/OneDrive/Documents/Unreal Projects/Artkana_Project/Content/GeneralAssets/SpellVFX-Dylan/VerdantVortex/vortex-74.uexp" 894
"C:/Users/andre/OneDrive/Documents/Unreal Projects/Artkana_Project/Content/GeneralAssets/SpellVFX-Dylan/VerdantVortex/vortex-74_Sprite.uasset" 895
"C:/Users/andre/OneDrive/Documents/Unreal Projects/Artkana_Project/Content/GeneralAssets/SpellVFX-Dylan/VerdantVortex/vortex-74_Sprite.uexp" 896
"C:/Users/andre/OneDrive/Documents/Unreal Projects/Artkana_Project/Content/GeneralAssets/SpellVFX-Dylan/VerdantVortex/vortex-73.uasset" 897
"C:/Users/andre/OneDrive/Documents/Unreal Projects/Artkana_Project/Content/GeneralAssets/SpellVFX-Dylan/VerdantVortex/vortex-73.uexp" 898
"C:/Users/andre/OneDrive/Documents/Unreal Projects/Artkana_Project/Content/GeneralAssets/SpellVFX-Dylan/VerdantVortex/vortex-73_Sprite.uasset" 899
"C:/Users/andre/OneDrive/Documents/Unreal Projects/Artkana_Project/Content/GeneralAssets/SpellVFX-Dylan/VerdantVortex/vortex-73_Sprite.uexp" 900
"C:/Users/andre/OneDrive/Documents/Unreal Projects/Artkana_Project/Content/GeneralAssets/SpellVFX-Dylan/VerdantVortex/vortex-72.uasset" 901
"C:/Users/andre/OneDrive/Documents/Unreal Projects/Artkana_Project/Content/GeneralAssets/SpellVFX-Dylan/VerdantVortex/vortex-72.uexp" 902
"C:/Users/andre/OneDrive/Documents/Unreal Projects/Artkana_Project/Content/GeneralAssets/SpellVFX-Dylan/VerdantVortex/vortex-72_Sprite.uasset" 903
"C:/Users/andre/OneDrive/Documents/Unreal Projects/Artkana_Project/Content/GeneralAssets/SpellVFX-Dylan/VerdantVortex/vortex-72_Sprite.uexp" 904
"C:/Users/andre/OneDrive/Documents/Unreal Projects/Artkana_Project/Content/GeneralAssets/SpellVFX-Dylan/VerdantVortex/vortex-71.uasset" 905
"C:/Users/andre/OneDrive/Documents/Unreal Projects/Artkana_Project/Content/GeneralAssets/SpellVFX-Dylan/VerdantVortex/vortex-71.uexp" 906
"C:/Users/andre/OneDrive/Documents/Unreal Projects/Artkana_Project/Content/GeneralAssets/SpellVFX-Dylan/VerdantVortex/vortex-71_Sprite.uasset" 907
"C:/Users/andre/OneDrive/Documents/Unreal Projects/Artkana_Project/Content/GeneralAssets/SpellVFX-Dylan/VerdantVortex/vortex-71_Sprite.uexp" 908
"C:/Users/andre/OneDrive/Documents/Unreal Projects/Artkana_Project/Content/GeneralAssets/SpellVFX-Dylan/VerdantVortex/vortex-70.uasset" 909
"C:/Users/andre/OneDrive/Documents/Unreal Projects/Artkana_Project/Content/GeneralAssets/SpellVFX-Dylan/VerdantVortex/vortex-70.uexp" 910
"C:/Users/andre/OneDrive/Documents/Unreal Projects/Artkana_Project/Content/GeneralAssets/SpellVFX-Dylan/VerdantVortex/vortex-70_Sprite.uasset" 911
"C:/Users/andre/OneDrive/Documents/Unreal Projects/Artkana_Project/Content/GeneralAssets/SpellVFX-Dylan/VerdantVortex/vortex-70_Sprite.uexp" 912
"C:/Users/andre/OneDrive/Documents/Unreal Projects/Artkana_Project/Content/GeneralAssets/SpellVFX-Dylan/VerdantVortex/vortex-6.uasset" 913
"C:/Users/andre/OneDrive/Documents/Unreal Projects/Artkana_Project/Content/GeneralAssets/SpellVFX-Dylan/VerdantVortex/vortex-6.uexp" 914
"C:/Users/andre/OneDrive/Documents/Unreal Projects/Artkana_Project/Content/GeneralAssets/SpellVFX-Dylan/VerdantVortex/vortex-6_Sprite.uasset" 915
"C:/Users/andre/OneDrive/Documents/Unreal Projects/Artkana_Project/Content/GeneralAssets/SpellVFX-Dylan/VerdantVortex/vortex-6_Sprite.uexp" 916
"C:/Users/andre/OneDrive/Documents/Unreal Projects/Artkana_Project/Content/GeneralAssets/SpellVFX-Dylan/VerdantVortex/vortex-69.uasset" 917
"C:/Users/andre/OneDrive/Documents/Unreal Projects/Artkana_Project/Content/GeneralAssets/SpellVFX-Dylan/VerdantVortex/vortex-69.uexp" 918
"C:/Users/andre/OneDrive/Documents/Unreal Projects/Artkana_Project/Content/GeneralAssets/SpellVFX-Dylan/VerdantVortex/vortex-69_Sprite.uasset" 919
"C:/Users/andre/OneDrive/Documents/Unreal Projects/Artkana_Project/Content/GeneralAssets/SpellVFX-Dylan/VerdantVortex/vortex-69_Sprite.uexp" 920
"C:/Users/andre/OneDrive/Documents/Unreal Projects/Artkana_Project/Content/GeneralAssets/SpellVFX-Dylan/VerdantVortex/vortex-68.uasset" 921
"C:/Users/andre/OneDrive/Documents/Unreal Projects/Artkana_Project/Content/GeneralAssets/SpellVFX-Dylan/VerdantVortex/vortex-68.uexp" 922
"C:/Users/andre/OneDrive/Documents/Unreal Projects/Artkana_Project/Content/GeneralAssets/SpellVFX-Dylan/VerdantVortex/vortex-68_Sprite.uasset" 923
"C:/Users/andre/OneDrive/Documents/Unreal Projects/Artkana_Project/Content/GeneralAssets/SpellVFX-Dylan/VerdantVortex/vortex-68_Sprite.uexp" 924
"C:/Users/andre/OneDrive/Documents/Unreal Projects/Artkana_Project/Content/GeneralAssets/SpellVFX-Dylan/VerdantVortex/vortex-67.uasset" 925
"C:/Users/andre/OneDrive/Documents/Unreal Projects/Artkana_Project/Content/GeneralAssets/SpellVFX-Dylan/VerdantVortex/vortex-67.uexp" 926
"C:/Users/andre/OneDrive/Documents/Unreal Projects/Artkana_Project/Content/GeneralAssets/SpellVFX-Dylan/VerdantVortex/vortex-67_Sprite.uasset" 927
"C:/Users/andre/OneDrive/Documents/Unreal Projects/Artkana_Project/Content/GeneralAssets/SpellVFX-Dylan/VerdantVortex/vortex-67_Sprite.uexp" 928
"C:/Users/andre/OneDrive/Documents/Unreal Projects/Artkana_Project/Content/GeneralAssets/SpellVFX-Dylan/VerdantVortex/vortex-66.uasset" 929
"C:/Users/andre/OneDrive/Documents/Unreal Projects/Artkana_Project/Content/GeneralAssets/SpellVFX-Dylan/VerdantVortex/vortex-66.uexp" 930
"C:/Users/andre/OneDrive/Documents/Unreal Projects/Artkana_Project/Content/GeneralAssets/SpellVFX-Dylan/VerdantVortex/vortex-66_Sprite.uasset" 931
"C:/Users/andre/OneDrive/Documents/Unreal Projects/Artkana_Project/Content/GeneralAssets/SpellVFX-Dylan/VerdantVortex/vortex-66_Sprite.uexp" 932
"C:/Users/andre/OneDrive/Documents/Unreal Projects/Artkana_Project/Content/GeneralAssets/SpellVFX-Dylan/VerdantVortex/vortex-65.uasset" 933
"C:/Users/andre/OneDrive/Documents/Unreal Projects/Artkana_Project/Content/GeneralAssets/SpellVFX-Dylan/VerdantVortex/vortex-65.uexp" 934
"C:/Users/andre/OneDrive/Documents/Unreal Projects/Artkana_Project/Content/GeneralAssets/SpellVFX-Dylan/VerdantVortex/vortex-65_Sprite.uasset" 935
"C:/Users/andre/OneDrive/Documents/Unreal Projects/Artkana_Project/Content/GeneralAssets/SpellVFX-Dylan/VerdantVortex/vortex-65_Sprite.uexp" 936
"C:/Users/andre/OneDrive/Documents/Unreal Projects/Artkana_Project/Content/GeneralAssets/SpellVFX-Dylan/VerdantVortex/vortex-64.uasset" 937
"C:/Users/andre/OneDrive/Documents/Unreal Projects/Artkana_Project/Content/GeneralAssets/SpellVFX-Dylan/VerdantVortex/vortex-64.uexp" 938
"C:/Users/andre/OneDrive/Documents/Unreal Projects/Artkana_Project/Content/GeneralAssets/SpellVFX-Dylan/VerdantVortex/vortex-64_Sprite.uasset" 939
"C:/Users/andre/OneDrive/Documents/Unreal Projects/Artkana_Project/Content/GeneralAssets/SpellVFX-Dylan/VerdantVortex/vortex-64_Sprite.uexp" 940
"C:/Users/andre/OneDrive/Documents/Unreal Projects/Artkana_Project/Content/GeneralAssets/SpellVFX-Dylan/VerdantVortex/vortex-63.uasset" 941
"C:/Users/andre/OneDrive/Documents/Unreal Projects/Artkana_Project/Content/GeneralAssets/SpellVFX-Dylan/VerdantVortex/vortex-63.uexp" 942
"C:/Users/andre/OneDrive/Documents/Unreal Projects/Artkana_Project/Content/GeneralAssets/SpellVFX-Dylan/VerdantVortex/vortex-63_Sprite.uasset" 943
"C:/Users/andre/OneDrive/Documents/Unreal Projects/Artkana_Project/Content/GeneralAssets/SpellVFX-Dylan/VerdantVortex/vortex-63_Sprite.uexp" 944
"C:/Users/andre/OneDrive/Documents/Unreal Projects/Artkana_Project/Content/GeneralAssets/SpellVFX-Dylan/VerdantVortex/vortex-62.uasset" 945
"C:/Users/andre/OneDrive/Documents/Unreal Projects/Artkana_Project/Content/GeneralAssets/SpellVFX-Dylan/VerdantVortex/vortex-62.uexp" 946
"C:/Users/andre/OneDrive/Documents/Unreal Projects/Artkana_Project/Content/GeneralAssets/SpellVFX-Dylan/VerdantVortex/vortex-62_Sprite.uasset" 947
"C:/Users/andre/OneDrive/Documents/Unreal Projects/Artkana_Project/Content/GeneralAssets/SpellVFX-Dylan/VerdantVortex/vortex-62_Sprite.uexp" 948
"C:/Users/andre/OneDrive/Documents/Unreal Projects/Artkana_Project/Content/GeneralAssets/SpellVFX-Dylan/VerdantVortex/vortex-61.uasset" 949
"C:/Users/andre/OneDrive/Documents/Unreal Projects/Artkana_Project/Content/GeneralAssets/SpellVFX-Dylan/VerdantVortex/vortex-61.uexp" 950
"C:/Users/andre/OneDrive/Documents/Unreal Projects/Artkana_Project/Content/GeneralAssets/SpellVFX-Dylan/VerdantVortex/vortex-61_Sprite.uasset" 951
"C:/Users/andre/OneDrive/Documents/Unreal Projects/Artkana_Project/Content/GeneralAssets/SpellVFX-Dylan/VerdantVortex/vortex-61_Sprite.uexp" 952
"C:/Users/andre/OneDrive/Documents/Unreal Projects/Artkana_Project/Content/GeneralAssets/SpellVFX-Dylan/VerdantVortex/vortex-60.uasset" 953
"C:/Users/andre/OneDrive/Documents/Unreal Projects/Artkana_Project/Content/GeneralAssets/SpellVFX-Dylan/VerdantVortex/vortex-60.uexp" 954
"C:/Users/andre/OneDrive/Documents/Unreal Projects/Artkana_Project/Content/GeneralAssets/SpellVFX-Dylan/VerdantVortex/vortex-60_Sprite.uasset" 955
"C:/Users/andre/OneDrive/Documents/Unreal Projects/Artkana_Project/Content/GeneralAssets/SpellVFX-Dylan/VerdantVortex/vortex-60_Sprite.uexp" 956
"C:/Users/andre/OneDrive/Documents/Unreal Projects/Artkana_Project/Content/GeneralAssets/SpellVFX-Dylan/VerdantVortex/vortex-5.uasset" 957
"C:/Users/andre/OneDrive/Documents/Unreal Projects/Artkana_Project/Content/GeneralAssets/SpellVFX-Dylan/VerdantVortex/vortex-5.uexp" 958
"C:/Users/andre/OneDrive/Documents/Unreal Projects/Artkana_Project/Content/GeneralAssets/SpellVFX-Dylan/VerdantVortex/vortex-5_Sprite.uasset" 959
"C:/Users/andre/OneDrive/Documents/Unreal Projects/Artkana_Project/Content/GeneralAssets/SpellVFX-Dylan/VerdantVortex/vortex-5_Sprite.uexp" 960
"C:/Users/andre/OneDrive/Documents/Unreal Projects/Artkana_Project/Content/GeneralAssets/SpellVFX-Dylan/VerdantVortex/vortex-59.uasset" 961
"C:/Users/andre/OneDrive/Documents/Unreal Projects/Artkana_Project/Content/GeneralAssets/SpellVFX-Dylan/VerdantVortex/vortex-59.uexp" 962
"C:/Users/andre/OneDrive/Documents/Unreal Projects/Artkana_Project/Content/GeneralAssets/SpellVFX-Dylan/VerdantVortex/vortex-59_Sprite.uasset" 963
"C:/Users/andre/OneDrive/Documents/Unreal Projects/Artkana_Project/Content/GeneralAssets/SpellVFX-Dylan/VerdantVortex/vortex-59_Sprite.uexp" 964
"C:/Users/andre/OneDrive/Documents/Unreal Projects/Artkana_Project/Content/GeneralAssets/SpellVFX-Dylan/VerdantVortex/vortex-58.uasset" 965
"C:/Users/andre/OneDrive/Documents/Unreal Projects/Artkana_Project/Content/GeneralAssets/SpellVFX-Dylan/VerdantVortex/vortex-58.uexp" 966
"C:/Users/andre/OneDrive/Documents/Unreal Projects/Artkana_Project/Content/GeneralAssets/SpellVFX-Dylan/VerdantVortex/vortex-58_Sprite.uasset" 967
"C:/Users/andre/OneDrive/Documents/Unreal Projects/Artkana_Project/Content/GeneralAssets/SpellVFX-Dylan/VerdantVortex/vortex-58_Sprite.uexp" 968
"C:/Users/andre/OneDrive/Documents/Unreal Projects/Artkana_Project/Content/GeneralAssets/SpellVFX-Dylan/VerdantVortex/vortex-57.uasset" 969
"C:/Users/andre/OneDrive/Documents/Unreal Projects/Artkana_Project/Content/GeneralAssets/SpellVFX-Dylan/VerdantVortex/vortex-57.uexp" 970
"C:/Users/andre/OneDrive/Documents/Unreal Projects/Artkana_Project/Content/GeneralAssets/SpellVFX-Dylan/VerdantVortex/vortex-57_Sprite.uasset" 971
"C:/Users/andre/OneDrive/Documents/Unreal Projects/Artkana_Project/Content/GeneralAssets/SpellVFX-Dylan/VerdantVortex/vortex-57_Sprite.uexp" 972
"C:/Users/andre/OneDrive/Documents/Unreal Projects/Artkana_Project/Content/GeneralAssets/SpellVFX-Dylan/VerdantVortex/vortex-56.uasset" 973
"C:/Users/andre/OneDrive/Documents/Unreal Projects/Artkana_Project/Content/GeneralAssets/SpellVFX-Dylan/VerdantVortex/vortex-56.uexp" 974
"C:/Users/andre/OneDrive/Documents/Unreal Projects/Artkana_Project/Content/GeneralAssets/SpellVFX-Dylan/VerdantVortex/vortex-56_Sprite.uasset" 975
"C:/Users/andre/OneDrive/Documents/Unreal Projects/Artkana_Project/Content/GeneralAssets/SpellVFX-Dylan/VerdantVortex/vortex-56_Sprite.uexp" 976
"C:/Users/andre/OneDrive/Documents/Unreal Projects/Artkana_Project/Content/GeneralAssets/SpellVFX-Dylan/VerdantVortex/vortex-55.uasset" 977
"C:/Users/andre/OneDrive/Documents/Unreal Projects/Artkana_Project/Content/GeneralAssets/SpellVFX-Dylan/VerdantVortex/vortex-55.uexp" 978
"C:/Users/andre/OneDrive/Documents/Unreal Projects/Artkana_Project/Content/GeneralAssets/SpellVFX-Dylan/VerdantVortex/vortex-55_Sprite.uasset" 979
"C:/Users/andre/OneDrive/Documents/Unreal Projects/Artkana_Project/Content/GeneralAssets/SpellVFX-Dylan/VerdantVortex/vortex-55_Sprite.uexp" 980
"C:/Users/andre/OneDrive/Documents/Unreal Projects/Artkana_Project/Content/GeneralAssets/SpellVFX-Dylan/VerdantVortex/vortex-54.uasset" 981
"C:/Users/andre/OneDrive/Documents/Unreal Projects/Artkana_Project/Content/GeneralAssets/SpellVFX-Dylan/VerdantVortex/vortex-54.uexp" 982
"C:/Users/andre/OneDrive/Documents/Unreal Projects/Artkana_Project/Content/GeneralAssets/SpellVFX-Dylan/VerdantVortex/vortex-54_Sprite.uasset" 983
"C:/Users/andre/OneDrive/Documents/Unreal Projects/Artkana_Project/Content/GeneralAssets/SpellVFX-Dylan/VerdantVortex/vortex-54_Sprite.uexp" 984
"C:/Users/andre/OneDrive/Documents/Unreal Projects/Artkana_Project/Content/GeneralAssets/SpellVFX-Dylan/VerdantVortex/vortex-53.uasset" 985
"C:/Users/andre/OneDrive/Documents/Unreal Projects/Artkana_Project/Content/GeneralAssets/SpellVFX-Dylan/VerdantVortex/vortex-53.uexp" 986
"C:/Users/andre/OneDrive/Documents/Unreal Projects/Artkana_Project/Content/GeneralAssets/SpellVFX-Dylan/VerdantVortex/vortex-53_Sprite.uasset" 987
"C:/Users/andre/OneDrive/Documents/Unreal Projects/Artkana_Project/Content/GeneralAssets/SpellVFX-Dylan/VerdantVortex/vortex-53_Sprite.uexp" 988
"C:/Users/andre/OneDrive/Documents/Unreal Projects/Artkana_Project/Content/GeneralAssets/SpellVFX-Dylan/VerdantVortex/vortex-52.uasset" 989
"C:/Users/andre/OneDrive/Documents/Unreal Projects/Artkana_Project/Content/GeneralAssets/SpellVFX-Dylan/VerdantVortex/vortex-52.uexp" 990
"C:/Users/andre/OneDrive/Documents/Unreal Projects/Artkana_Project/Content/GeneralAssets/SpellVFX-Dylan/VerdantVortex/vortex-52_Sprite.uasset" 991
"C:/Users/andre/OneDrive/Documents/Unreal Projects/Artkana_Project/Content/GeneralAssets/SpellVFX-Dylan/VerdantVortex/vortex-52_Sprite.uexp" 992
"C:/Users/andre/OneDrive/Documents/Unreal Projects/Artkana_Project/Content/GeneralAssets/SpellVFX-Dylan/VerdantVortex/vortex-51.uasset" 993
"C:/Users/andre/OneDrive/Documents/Unreal Projects/Artkana_Project/Content/GeneralAssets/SpellVFX-Dylan/VerdantVortex/vortex-51.uexp" 994
"C:/Users/andre/OneDrive/Documents/Unreal Projects/Artkana_Project/Content/GeneralAssets/SpellVFX-Dylan/VerdantVortex/vortex-51_Sprite.uasset" 995
"C:/Users/andre/OneDrive/Documents/Unreal Projects/Artkana_Project/Content/GeneralAssets/SpellVFX-Dylan/VerdantVortex/vortex-51_Sprite.uexp" 996
"C:/Users/andre/OneDrive/Documents/Unreal Projects/Artkana_Project/Content/GeneralAssets/SpellVFX-Dylan/VerdantVortex/vortex-50.uasset" 997
"C:/Users/andre/OneDrive/Documents/Unreal Projects/Artkana_Project/Content/GeneralAssets/SpellVFX-Dylan/VerdantVortex/vortex-50.uexp" 998
"C:/Users/andre/OneDrive/Documents/Unreal Projects/Artkana_Project/Content/GeneralAssets/SpellVFX-Dylan/VerdantVortex/vortex-50_Sprite.uasset" 999
"C:/Users/andre/OneDrive/Documents/Unreal Projects/Artkana_Project/Content/GeneralAssets/SpellVFX-Dylan/VerdantVortex/vortex-50_Sprite.uexp" 1000
"C:/Users/andre/OneDrive/Documents/Unreal Projects/Artkana_Project/Content/GeneralAssets/SpellVFX-Dylan/VerdantVortex/vortex-4.uasset" 1001
"C:/Users/andre/OneDrive/Documents/Unreal Projects/Artkana_Project/Content/GeneralAssets/SpellVFX-Dylan/VerdantVortex/vortex-4.uexp" 1002
"C:/Users/andre/OneDrive/Documents/Unreal Projects/Artkana_Project/Content/GeneralAssets/SpellVFX-Dylan/VerdantVortex/vortex-4_Sprite.uasset" 1003
"C:/Users/andre/OneDrive/Documents/Unreal Projects/Artkana_Project/Content/GeneralAssets/SpellVFX-Dylan/VerdantVortex/vortex-4_Sprite.uexp" 1004
"C:/Users/andre/OneDrive/Documents/Unreal Projects/Artkana_Project/Content/GeneralAssets/SpellVFX-Dylan/VerdantVortex/vortex-49.uasset" 1005
"C:/Users/andre/OneDrive/Documents/Unreal Projects/Artkana_Project/Content/GeneralAssets/SpellVFX-Dylan/VerdantVortex/vortex-49.uexp" 1006
"C:/Users/andre/OneDrive/Documents/Unreal Projects/Artkana_Project/Content/GeneralAssets/SpellVFX-Dylan/VerdantVortex/vortex-49_Sprite.uasset" 1007
"C:/Users/andre/OneDrive/Documents/Unreal Projects/Artkana_Project/Content/GeneralAssets/SpellVFX-Dylan/VerdantVortex/vortex-49_Sprite.uexp" 1008
"C:/Users/andre/OneDrive/Documents/Unreal Projects/Artkana_Project/Content/GeneralAssets/SpellVFX-Dylan/VerdantVortex/vortex-48.uasset" 1009
"C:/Users/andre/OneDrive/Documents/Unreal Projects/Artkana_Project/Content/GeneralAssets/SpellVFX-Dylan/VerdantVortex/vortex-48.uexp" 1010
"C:/Users/andre/OneDrive/Documents/Unreal Projects/Artkana_Project/Content/GeneralAssets/SpellVFX-Dylan/VerdantVortex/vortex-48_Sprite.uasset" 1011
"C:/Users/andre/OneDrive/Documents/Unreal Projects/Artkana_Project/Content/GeneralAssets/SpellVFX-Dylan/VerdantVortex/vortex-48_Sprite.uexp" 1012
"C:/Users/andre/OneDrive/Documents/Unreal Projects/Artkana_Project/Content/GeneralAssets/SpellVFX-Dylan/VerdantVortex/vortex-47.uasset" 1013
"C:/Users/andre/OneDrive/Documents/Unreal Projects/Artkana_Project/Content/GeneralAssets/SpellVFX-Dylan/VerdantVortex/vortex-47.uexp" 1014
"C:/Users/andre/OneDrive/Documents/Unreal Projects/Artkana_Project/Content/GeneralAssets/SpellVFX-Dylan/VerdantVortex/vortex-47_Sprite.uasset" 1015
"C:/Users/andre/OneDrive/Documents/Unreal Projects/Artkana_Project/Content/GeneralAssets/SpellVFX-Dylan/VerdantVortex/vortex-47_Sprite.uexp" 1016
"C:/Users/andre/OneDrive/Documents/Unreal Projects/Artkana_Project/Content/GeneralAssets/SpellVFX-Dylan/VerdantVortex/vortex-46.uasset" 1017
"C:/Users/andre/OneDrive/Documents/Unreal Projects/Artkana_Project/Content/GeneralAssets/SpellVFX-Dylan/VerdantVortex/vortex-46.uexp" 1018
"C:/Users/andre/OneDrive/Documents/Unreal Projects/Artkana_Project/Content/GeneralAssets/SpellVFX-Dylan/VerdantVortex/vortex-46_Sprite.uasset" 1019
"C:/Users/andre/OneDrive/Documents/Unreal Projects/Artkana_Project/Content/GeneralAssets/SpellVFX-Dylan/VerdantVortex/vortex-46_Sprite.uexp" 1020
"C:/Users/andre/OneDrive/Documents/Unreal Projects/Artkana_Project/Content/GeneralAssets/SpellVFX-Dylan/VerdantVortex/vortex-45.uasset" 1021
"C:/Users/andre/OneDrive/Documents/Unreal Projects/Artkana_Project/Content/GeneralAssets/SpellVFX-Dylan/VerdantVortex/vortex-45.uexp" 1022
"C:/Users/andre/OneDrive/Documents/Unreal Projects/Artkana_Project/Content/GeneralAssets/SpellVFX-Dylan/VerdantVortex/vortex-45_Sprite.uasset" 1023
"C:/Users/andre/OneDrive/Documents/Unreal Projects/Artkana_Project/Content/GeneralAssets/SpellVFX-Dylan/VerdantVortex/vortex-45_Sprite.uexp" 1024
"C:/Users/andre/OneDrive/Documents/Unreal Projects/Artkana_Project/Content/GeneralAssets/SpellVFX-Dylan/VerdantVortex/vortex-44.uasset" 1025
"C:/Users/andre/OneDrive/Documents/Unreal Projects/Artkana_Project/Content/GeneralAssets/SpellVFX-Dylan/VerdantVortex/vortex-44.uexp" 1026
"C:/Users/andre/OneDrive/Documents/Unreal Projects/Artkana_Project/Content/GeneralAssets/SpellVFX-Dylan/VerdantVortex/vortex-44_Sprite.uasset" 1027
"C:/Users/andre/OneDrive/Documents/Unreal Projects/Artkana_Project/Content/GeneralAssets/SpellVFX-Dylan/VerdantVortex/vortex-44_Sprite.uexp" 1028
"C:/Users/andre/OneDrive/Documents/Unreal Projects/Artkana_Project/Content/GeneralAssets/SpellVFX-Dylan/VerdantVortex/vortex-43.uasset" 1029
"C:/Users/andre/OneDrive/Documents/Unreal Projects/Artkana_Project/Content/GeneralAssets/SpellVFX-Dylan/VerdantVortex/vortex-43.uexp" 1030
"C:/Users/andre/OneDrive/Documents/Unreal Projects/Artkana_Project/Content/GeneralAssets/SpellVFX-Dylan/VerdantVortex/vortex-43_Sprite.uasset" 1031
"C:/Users/andre/OneDrive/Documents/Unreal Projects/Artkana_Project/Content/GeneralAssets/SpellVFX-Dylan/VerdantVortex/vortex-43_Sprite.uexp" 1032
"C:/Users/andre/OneDrive/Documents/Unreal Projects/Artkana_Project/Content/GeneralAssets/SpellVFX-Dylan/VerdantVortex/vortex-42.uasset" 1033
"C:/Users/andre/OneDrive/Documents/Unreal Projects/Artkana_Project/Content/GeneralAssets/SpellVFX-Dylan/VerdantVortex/vortex-42.uexp" 1034
"C:/Users/andre/OneDrive/Documents/Unreal Projects/Artkana_Project/Content/GeneralAssets/SpellVFX-Dylan/VerdantVortex/vortex-42_Sprite.uasset" 1035
"C:/Users/andre/OneDrive/Documents/Unreal Projects/Artkana_Project/Content/GeneralAssets/SpellVFX-Dylan/VerdantVortex/vortex-42_Sprite.uexp" 1036
"C:/Users/andre/OneDrive/Documents/Unreal Projects/Artkana_Project/Content/GeneralAssets/SpellVFX-Dylan/VerdantVortex/vortex-41.uasset" 1037
"C:/Users/andre/OneDrive/Documents/Unreal Projects/Artkana_Project/Content/GeneralAssets/SpellVFX-Dylan/VerdantVortex/vortex-41.uexp" 1038
"C:/Users/andre/OneDrive/Documents/Unreal Projects/Artkana_Project/Content/GeneralAssets/SpellVFX-Dylan/VerdantVortex/vortex-41_Sprite.uasset" 1039
"C:/Users/andre/OneDrive/Documents/Unreal Projects/Artkana_Project/Content/GeneralAssets/SpellVFX-Dylan/VerdantVortex/vortex-41_Sprite.uexp" 1040
"C:/Users/andre/OneDrive/Documents/Unreal Projects/Artkana_Project/Content/GeneralAssets/SpellVFX-Dylan/VerdantVortex/vortex-40.uasset" 1041
"C:/Users/andre/OneDrive/Documents/Unreal Projects/Artkana_Project/Content/GeneralAssets/SpellVFX-Dylan/VerdantVortex/vortex-40.uexp" 1042
"C:/Users/andre/OneDrive/Documents/Unreal Projects/Artkana_Project/Content/GeneralAssets/SpellVFX-Dylan/VerdantVortex/vortex-40_Sprite.uasset" 1043
"C:/Users/andre/OneDrive/Documents/Unreal Projects/Artkana_Project/Content/GeneralAssets/SpellVFX-Dylan/VerdantVortex/vortex-40_Sprite.uexp" 1044
"C:/Users/andre/OneDrive/Documents/Unreal Projects/Artkana_Project/Content/GeneralAssets/SpellVFX-Dylan/VerdantVortex/vortex-3.uasset" 1045
"C:/Users/andre/OneDrive/Documents/Unreal Projects/Artkana_Project/Content/GeneralAssets/SpellVFX-Dylan/VerdantVortex/vortex-3.uexp" 1046
"C:/Users/andre/OneDrive/Documents/Unreal Projects/Artkana_Project/Content/GeneralAssets/SpellVFX-Dylan/VerdantVortex/vortex-3_Sprite.uasset" 1047
"C:/Users/andre/OneDrive/Documents/Unreal Projects/Artkana_Project/Content/GeneralAssets/SpellVFX-Dylan/VerdantVortex/vortex-3_Sprite.uexp" 1048
"C:/Users/andre/OneDrive/Documents/Unreal Projects/Artkana_Project/Content/GeneralAssets/SpellVFX-Dylan/VerdantVortex/vortex-39.uasset" 1049
"C:/Users/andre/OneDrive/Documents/Unreal Projects/Artkana_Project/Content/GeneralAssets/SpellVFX-Dylan/VerdantVortex/vortex-39.uexp" 1050
"C:/Users/andre/OneDrive/Documents/Unreal Projects/Artkana_Project/Content/GeneralAssets/SpellVFX-Dylan/VerdantVortex/vortex-39_Sprite.uasset" 1051
"C:/Users/andre/OneDrive/Documents/Unreal Projects/Artkana_Project/Content/GeneralAssets/SpellVFX-Dylan/VerdantVortex/vortex-39_Sprite.uexp" 1052
"C:/Users/andre/OneDrive/Documents/Unreal Projects/Artkana_Project/Content/GeneralAssets/SpellVFX-Dylan/VerdantVortex/vortex-38.uasset" 1053
"C:/Users/andre/OneDrive/Documents/Unreal Projects/Artkana_Project/Content/GeneralAssets/SpellVFX-Dylan/VerdantVortex/vortex-38.uexp" 1054
"C:/Users/andre/OneDrive/Documents/Unreal Projects/Artkana_Project/Content/GeneralAssets/SpellVFX-Dylan/VerdantVortex/vortex-38_Sprite.uasset" 1055
"C:/Users/andre/OneDrive/Documents/Unreal Projects/Artkana_Project/Content/GeneralAssets/SpellVFX-Dylan/VerdantVortex/vortex-38_Sprite.uexp" 1056
"C:/Users/andre/OneDrive/Documents/Unreal Projects/Artkana_Project/Content/GeneralAssets/SpellVFX-Dylan/VerdantVortex/vortex-37.uasset" 1057
"C:/Users/andre/OneDrive/Documents/Unreal Projects/Artkana_Project/Content/GeneralAssets/SpellVFX-Dylan/VerdantVortex/vortex-37.uexp" 1058
"C:/Users/andre/OneDrive/Documents/Unreal Projects/Artkana_Project/Content/GeneralAssets/SpellVFX-Dylan/VerdantVortex/vortex-37_Sprite.uasset" 1059
"C:/Users/andre/OneDrive/Documents/Unreal Projects/Artkana_Project/Content/GeneralAssets/SpellVFX-Dylan/VerdantVortex/vortex-37_Sprite.uexp" 1060
"C:/Users/andre/OneDrive/Documents/Unreal Projects/Artkana_Project/Content/GeneralAssets/SpellVFX-Dylan/VerdantVortex/vortex-36.uasset" 1061
"C:/Users/andre/OneDrive/Documents/Unreal Projects/Artkana_Project/Content/GeneralAssets/SpellVFX-Dylan/VerdantVortex/vortex-36.uexp" 1062
"C:/Users/andre/OneDrive/Documents/Unreal Projects/Artkana_Project/Content/GeneralAssets/SpellVFX-Dylan/VerdantVortex/vortex-36_Sprite.uasset" 1063
"C:/Users/andre/OneDrive/Documents/Unreal Projects/Artkana_Project/Content/GeneralAssets/SpellVFX-Dylan/VerdantVortex/vortex-36_Sprite.uexp" 1064
"C:/Users/andre/OneDrive/Documents/Unreal Projects/Artkana_Project/Content/GeneralAssets/SpellVFX-Dylan/VerdantVortex/vortex-35.uasset" 1065
"C:/Users/andre/OneDrive/Documents/Unreal Projects/Artkana_Project/Content/GeneralAssets/SpellVFX-Dylan/VerdantVortex/vortex-35.uexp" 1066
"C:/Users/andre/OneDrive/Documents/Unreal Projects/Artkana_Project/Content/GeneralAssets/SpellVFX-Dylan/VerdantVortex/vortex-35_Sprite.uasset" 1067
"C:/Users/andre/OneDrive/Documents/Unreal Projects/Artkana_Project/Content/GeneralAssets/SpellVFX-Dylan/VerdantVortex/vortex-35_Sprite.uexp" 1068
"C:/Users/andre/OneDrive/Documents/Unreal Projects/Artkana_Project/Content/GeneralAssets/SpellVFX-Dylan/VerdantVortex/vortex-34.uasset" 1069
"C:/Users/andre/OneDrive/Documents/Unreal Projects/Artkana_Project/Content/GeneralAssets/SpellVFX-Dylan/VerdantVortex/vortex-34.uexp" 1070
"C:/Users/andre/OneDrive/Documents/Unreal Projects/Artkana_Project/Content/GeneralAssets/SpellVFX-Dylan/VerdantVortex/vortex-34_Sprite.uasset" 1071
"C:/Users/andre/OneDrive/Documents/Unreal Projects/Artkana_Project/Content/GeneralAssets/SpellVFX-Dylan/VerdantVortex/vortex-34_Sprite.uexp" 1072
"C:/Users/andre/OneDrive/Documents/Unreal Projects/Artkana_Project/Content/GeneralAssets/SpellVFX-Dylan/VerdantVortex/vortex-33.uasset" 1073
"C:/Users/andre/OneDrive/Documents/Unreal Projects/Artkana_Project/Content/GeneralAssets/SpellVFX-Dylan/VerdantVortex/vortex-33.uexp" 1074
"C:/Users/andre/OneDrive/Documents/Unreal Projects/Artkana_Project/Content/GeneralAssets/SpellVFX-Dylan/VerdantVortex/vortex-33_Sprite.uasset" 1075
"C:/Users/andre/OneDrive/Documents/Unreal Projects/Artkana_Project/Content/GeneralAssets/SpellVFX-Dylan/VerdantVortex/vortex-33_Sprite.uexp" 1076
"C:/Users/andre/OneDrive/Documents/Unreal Projects/Artkana_Project/Content/GeneralAssets/SpellVFX-Dylan/VerdantVortex/vortex-32.uasset" 1077
"C:/Users/andre/OneDrive/Documents/Unreal Projects/Artkana_Project/Content/GeneralAssets/SpellVFX-Dylan/VerdantVortex/vortex-32.uexp" 1078
"C:/Users/andre/OneDrive/Documents/Unreal Projects/Artkana_Project/Content/GeneralAssets/SpellVFX-Dylan/VerdantVortex/vortex-32_Sprite.uasset" 1079
"C:/Users/andre/OneDrive/Documents/Unreal Projects/Artkana_Project/Content/GeneralAssets/SpellVFX-Dylan/VerdantVortex/vortex-32_Sprite.uexp" 1080
"C:/Users/andre/OneDrive/Documents/Unreal Projects/Artkana_Project/Content/GeneralAssets/SpellVFX-Dylan/VerdantVortex/vortex-31.uasset" 1081
"C:/Users/andre/OneDrive/Documents/Unreal Projects/Artkana_Project/Content/GeneralAssets/SpellVFX-Dylan/VerdantVortex/vortex-31.uexp" 1082
"C:/Users/andre/OneDrive/Documents/Unreal Projects/Artkana_Project/Content/GeneralAssets/SpellVFX-Dylan/VerdantVortex/vortex-31_Sprite.uasset" 1083
"C:/Users/andre/OneDrive/Documents/Unreal Projects/Artkana_Project/Content/GeneralAssets/SpellVFX-Dylan/VerdantVortex/vortex-31_Sprite.uexp" 1084
"C:/Users/andre/OneDrive/Documents/Unreal Projects/Artkana_Project/Content/GeneralAssets/SpellVFX-Dylan/VerdantVortex/vortex-30.uasset" 1085
"C:/Users/andre/OneDrive/Documents/Unreal Projects/Artkana_Project/Content/GeneralAssets/SpellVFX-Dylan/VerdantVortex/vortex-30.uexp" 1086
"C:/Users/andre/OneDrive/Documents/Unreal Projects/Artkana_Project/Content/GeneralAssets/SpellVFX-Dylan/VerdantVortex/vortex-30_Sprite.uasset" 1087
"C:/Users/andre/OneDrive/Documents/Unreal Projects/Artkana_Project/Content/GeneralAssets/SpellVFX-Dylan/VerdantVortex/vortex-30_Sprite.uexp" 1088
"C:/Users/andre/OneDrive/Documents/Unreal Projects/Artkana_Project/Content/GeneralAssets/SpellVFX-Dylan/VerdantVortex/vortex-2.uasset" 1089
"C:/Users/andre/OneDrive/Documents/Unreal Projects/Artkana_Project/Content/GeneralAssets/SpellVFX-Dylan/VerdantVortex/vortex-2.uexp" 1090
"C:/Users/andre/OneDrive/Documents/Unreal Projects/Artkana_Project/Content/GeneralAssets/SpellVFX-Dylan/VerdantVortex/vortex-2_Sprite.uasset" 1091
"C:/Users/andre/OneDrive/Documents/Unreal Projects/Artkana_Project/Content/GeneralAssets/SpellVFX-Dylan/VerdantVortex/vortex-2_Sprite.uexp" 1092
"C:/Users/andre/OneDrive/Documents/Unreal Projects/Artkana_Project/Content/GeneralAssets/SpellVFX-Dylan/VerdantVortex/vortex-29.uasset" 1093
"C:/Users/andre/OneDrive/Documents/Unreal Projects/Artkana_Project/Content/GeneralAssets/SpellVFX-Dylan/VerdantVortex/vortex-29.uexp" 1094
"C:/Users/andre/OneDrive/Documents/Unreal Projects/Artkana_Project/Content/GeneralAssets/SpellVFX-Dylan/VerdantVortex/vortex-29_Sprite.uasset" 1095
"C:/Users/andre/OneDrive/Documents/Unreal Projects/Artkana_Project/Content/GeneralAssets/SpellVFX-Dylan/VerdantVortex/vortex-29_Sprite.uexp" 1096
"C:/Users/andre/OneDrive/Documents/Unreal Projects/Artkana_Project/Content/GeneralAssets/SpellVFX-Dylan/VerdantVortex/vortex-28.uasset" 1097
"C:/Users/andre/OneDrive/Documents/Unreal Projects/Artkana_Project/Content/GeneralAssets/SpellVFX-Dylan/VerdantVortex/vortex-28.uexp" 1098
"C:/Users/andre/OneDrive/Documents/Unreal Projects/Artkana_Project/Content/GeneralAssets/SpellVFX-Dylan/VerdantVortex/vortex-28_Sprite.uasset" 1099
"C:/Users/andre/OneDrive/Documents/Unreal Projects/Artkana_Project/Content/GeneralAssets/SpellVFX-Dylan/VerdantVortex/vortex-28_Sprite.uexp" 1100
"C:/Users/andre/OneDrive/Documents/Unreal Projects/Artkana_Project/Content/GeneralAssets/SpellVFX-Dylan/VerdantVortex/vortex-27.uasset" 1101
"C:/Users/andre/OneDrive/Documents/Unreal Projects/Artkana_Project/Content/GeneralAssets/SpellVFX-Dylan/VerdantVortex/vortex-27.uexp" 1102
"C:/Users/andre/OneDrive/Documents/Unreal Projects/Artkana_Project/Content/GeneralAssets/SpellVFX-Dylan/VerdantVortex/vortex-27_Sprite.uasset" 1103
"C:/Users/andre/OneDrive/Documents/Unreal Projects/Artkana_Project/Content/GeneralAssets/SpellVFX-Dylan/VerdantVortex/vortex-27_Sprite.uexp" 1104
"C:/Users/andre/OneDrive/Documents/Unreal Projects/Artkana_Project/Content/GeneralAssets/SpellVFX-Dylan/VerdantVortex/vortex-26.uasset" 1105
"C:/Users/andre/OneDrive/Documents/Unreal Projects/Artkana_Project/Content/GeneralAssets/SpellVFX-Dylan/VerdantVortex/vortex-26.uexp" 1106
"C:/Users/andre/OneDrive/Documents/Unreal Projects/Artkana_Project/Content/GeneralAssets/SpellVFX-Dylan/VerdantVortex/vortex-26_Sprite.uasset" 1107
"C:/Users/andre/OneDrive/Documents/Unreal Projects/Artkana_Project/Content/GeneralAssets/SpellVFX-Dylan/VerdantVortex/vortex-26_Sprite.uexp" 1108
"C:/Users/andre/OneDrive/Documents/Unreal Projects/Artkana_Project/Content/GeneralAssets/SpellVFX-Dylan/VerdantVortex/vortex-25.uasset" 1109
"C:/Users/andre/OneDrive/Documents/Unreal Projects/Artkana_Project/Content/GeneralAssets/SpellVFX-Dylan/VerdantVortex/vortex-25.uexp" 1110
"C:/Users/andre/OneDrive/Documents/Unreal Projects/Artkana_Project/Content/GeneralAssets/SpellVFX-Dylan/VerdantVortex/vortex-25_Sprite.uasset" 1111
"C:/Users/andre/OneDrive/Documents/Unreal Projects/Artkana_Project/Content/GeneralAssets/SpellVFX-Dylan/VerdantVortex/vortex-25_Sprite.uexp" 1112
"C:/Users/andre/OneDrive/Documents/Unreal Projects/Artkana_Project/Content/GeneralAssets/SpellVFX-Dylan/VerdantVortex/vortex-24.uasset" 1113
"C:/Users/andre/OneDrive/Documents/Unreal Projects/Artkana_Project/Content/GeneralAssets/SpellVFX-Dylan/VerdantVortex/vortex-24.uexp" 1114
"C:/Users/andre/OneDrive/Documents/Unreal Projects/Artkana_Project/Content/GeneralAssets/SpellVFX-Dylan/VerdantVortex/vortex-24_Sprite.uasset" 1115
"C:/Users/andre/OneDrive/Documents/Unreal Projects/Artkana_Project/Content/GeneralAssets/SpellVFX-Dylan/VerdantVortex/vortex-24_Sprite.uexp" 1116
"C:/Users/andre/OneDrive/Documents/Unreal Projects/Artkana_Project/Content/GeneralAssets/SpellVFX-Dylan/VerdantVortex/vortex-23.uasset" 1117
"C:/Users/andre/OneDrive/Documents/Unreal Projects/Artkana_Project/Content/GeneralAssets/SpellVFX-Dylan/VerdantVortex/vortex-23.uexp" 1118
"C:/Users/andre/OneDrive/Documents/Unreal Projects/Artkana_Project/Content/GeneralAssets/SpellVFX-Dylan/VerdantVortex/vortex-23_Sprite.uasset" 1119
"C:/Users/andre/OneDrive/Documents/Unreal Projects/Artkana_Project/Content/GeneralAssets/SpellVFX-Dylan/VerdantVortex/vortex-23_Sprite.uexp" 1120
"C:/Users/andre/OneDrive/Documents/Unreal Projects/Artkana_Project/Content/GeneralAssets/SpellVFX-Dylan/VerdantVortex/vortex-22.uasset" 1121
"C:/Users/andre/OneDrive/Documents/Unreal Projects/Artkana_Project/Content/GeneralAssets/SpellVFX-Dylan/VerdantVortex/vortex-22.uexp" 1122
"C:/Users/andre/OneDrive/Documents/Unreal Projects/Artkana_Project/Content/GeneralAssets/SpellVFX-Dylan/VerdantVortex/vortex-22_Sprite.uasset" 1123
"C:/Users/andre/OneDrive/Documents/Unreal Projects/Artkana_Project/Content/GeneralAssets/SpellVFX-Dylan/VerdantVortex/vortex-22_Sprite.uexp" 1124
"C:/Users/andre/OneDrive/Documents/Unreal Projects/Artkana_Project/Content/GeneralAssets/SpellVFX-Dylan/VerdantVortex/vortex-21.uasset" 1125
"C:/Users/andre/OneDrive/Documents/Unreal Projects/Artkana_Project/Content/GeneralAssets/SpellVFX-Dylan/VerdantVortex/vortex-21.uexp" 1126
"C:/Users/andre/OneDrive/Documents/Unreal Projects/Artkana_Project/Content/GeneralAssets/SpellVFX-Dylan/VerdantVortex/vortex-21_Sprite.uasset" 1127
"C:/Users/andre/OneDrive/Documents/Unreal Projects/Artkana_Project/Content/GeneralAssets/SpellVFX-Dylan/VerdantVortex/vortex-21_Sprite.uexp" 1128
"C:/Users/andre/OneDrive/Documents/Unreal Projects/Artkana_Project/Content/GeneralAssets/SpellVFX-Dylan/VerdantVortex/vortex-20.uasset" 1129
"C:/Users/andre/OneDrive/Documents/Unreal Projects/Artkana_Project/Content/GeneralAssets/SpellVFX-Dylan/VerdantVortex/vortex-20.uexp" 1130
"C:/Users/andre/OneDrive/Documents/Unreal Projects/Artkana_Project/Content/GeneralAssets/SpellVFX-Dylan/VerdantVortex/vortex-20_Sprite.uasset" 1131
"C:/Users/andre/OneDrive/Documents/Unreal Projects/Artkana_Project/Content/GeneralAssets/SpellVFX-Dylan/VerdantVortex/vortex-20_Sprite.uexp" 1132
"C:/Users/andre/OneDrive/Documents/Unreal Projects/Artkana_Project/Content/GeneralAssets/SpellVFX-Dylan/VerdantVortex/vortex-1.uasset" 1133
"C:/Users/andre/OneDrive/Documents/Unreal Projects/Artkana_Project/Content/GeneralAssets/SpellVFX-Dylan/VerdantVortex/vortex-1.uexp" 1134
"C:/Users/andre/OneDrive/Documents/Unreal Projects/Artkana_Project/Content/GeneralAssets/SpellVFX-Dylan/VerdantVortex/vortex-1_Sprite.uasset" 1135
"C:/Users/andre/OneDrive/Documents/Unreal Projects/Artkana_Project/Content/GeneralAssets/SpellVFX-Dylan/VerdantVortex/vortex-1_Sprite.uexp" 1136
"C:/Users/andre/OneDrive/Documents/Unreal Projects/Artkana_Project/Content/GeneralAssets/SpellVFX-Dylan/VerdantVortex/vortex-19.uasset" 1137
"C:/Users/andre/OneDrive/Documents/Unreal Projects/Artkana_Project/Content/GeneralAssets/SpellVFX-Dylan/VerdantVortex/vortex-19.uexp" 1138
"C:/Users/andre/OneDrive/Documents/Unreal Projects/Artkana_Project/Content/GeneralAssets/SpellVFX-Dylan/VerdantVortex/vortex-19_Sprite.uasset" 1139
"C:/Users/andre/OneDrive/Documents/Unreal Projects/Artkana_Project/Content/GeneralAssets/SpellVFX-Dylan/VerdantVortex/vortex-19_Sprite.uexp" 1140
"C:/Users/andre/OneDrive/Documents/Unreal Projects/Artkana_Project/Content/GeneralAssets/SpellVFX-Dylan/VerdantVortex/vortex-18.uasset" 1141
"C:/Users/andre/OneDrive/Documents/Unreal Projects/Artkana_Project/Content/GeneralAssets/SpellVFX-Dylan/VerdantVortex/vortex-18.uexp" 1142
"C:/Users/andre/OneDrive/Documents/Unreal Projects/Artkana_Project/Content/GeneralAssets/SpellVFX-Dylan/VerdantVortex/vortex-18_Sprite.uasset" 1143
"C:/Users/andre/OneDrive/Documents/Unreal Projects/Artkana_Project/Content/GeneralAssets/SpellVFX-Dylan/VerdantVortex/vortex-18_Sprite.uexp" 1144
"C:/Users/andre/OneDrive/Documents/Unreal Projects/Artkana_Project/Content/GeneralAssets/SpellVFX-Dylan/VerdantVortex/vortex-17.uasset" 1145
"C:/Users/andre/OneDrive/Documents/Unreal Projects/Artkana_Project/Content/GeneralAssets/SpellVFX-Dylan/VerdantVortex/vortex-17.uexp" 1146
"C:/Users/andre/OneDrive/Documents/Unreal Projects/Artkana_Project/Content/GeneralAssets/SpellVFX-Dylan/VerdantVortex/vortex-17_Sprite.uasset" 1147
"C:/Users/andre/OneDrive/Documents/Unreal Projects/Artkana_Project/Content/GeneralAssets/SpellVFX-Dylan/VerdantVortex/vortex-17_Sprite.uexp" 1148
"C:/Users/andre/OneDrive/Documents/Unreal Projects/Artkana_Project/Content/GeneralAssets/SpellVFX-Dylan/VerdantVortex/vortex-16.uasset" 1149
"C:/Users/andre/OneDrive/Documents/Unreal Projects/Artkana_Project/Content/GeneralAssets/SpellVFX-Dylan/VerdantVortex/vortex-16.uexp" 1150
"C:/Users/andre/OneDrive/Documents/Unreal Projects/Artkana_Project/Content/GeneralAssets/SpellVFX-Dylan/VerdantVortex/vortex-16_Sprite.uasset" 1151
"C:/Users/andre/OneDrive/Documents/Unreal Projects/Artkana_Project/Content/GeneralAssets/SpellVFX-Dylan/VerdantVortex/vortex-16_Sprite.uexp" 1152
"C:/Users/andre/OneDrive/Documents/Unreal Projects/Artkana_Project/Content/GeneralAssets/SpellVFX-Dylan/VerdantVortex/vortex-15.uasset" 1153
"C:/Users/andre/OneDrive/Documents/Unreal Projects/Artkana_Project/Content/GeneralAssets/SpellVFX-Dylan/VerdantVortex/vortex-15.uexp" 1154
"C:/Users/andre/OneDrive/Documents/Unreal Projects/Artkana_Project/Content/GeneralAssets/SpellVFX-Dylan/VerdantVortex/vortex-15_Sprite.uasset" 1155
"C:/Users/andre/OneDrive/Documents/Unreal Projects/Artkana_Project/Content/GeneralAssets/SpellVFX-Dylan/VerdantVortex/vortex-15_Sprite.uexp" 1156
"C:/Users/andre/OneDrive/Documents/Unreal Projects/Artkana_Project/Content/GeneralAssets/SpellVFX-Dylan/VerdantVortex/vortex-14.uasset" 1157
"C:/Users/andre/OneDrive/Documents/Unreal Projects/Artkana_Project/Content/GeneralAssets/SpellVFX-Dylan/VerdantVortex/vortex-14.uexp" 1158
"C:/Users/andre/OneDrive/Documents/Unreal Projects/Artkana_Project/Content/GeneralAssets/SpellVFX-Dylan/VerdantVortex/vortex-14_Sprite.uasset" 1159
"C:/Users/andre/OneDrive/Documents/Unreal Projects/Artkana_Project/Content/GeneralAssets/SpellVFX-Dylan/VerdantVortex/vortex-14_Sprite.uexp" 1160
"C:/Users/andre/OneDrive/Documents/Unreal Projects/Artkana_Project/Content/GeneralAssets/SpellVFX-Dylan/VerdantVortex/vortex-13.uasset" 1161
"C:/Users/andre/OneDrive/Documents/Unreal Projects/Artkana_Project/Content/GeneralAssets/SpellVFX-Dylan/VerdantVortex/vortex-13.uexp" 1162
"C:/Users/andre/OneDrive/Documents/Unreal Projects/Artkana_Project/Content/GeneralAssets/SpellVFX-Dylan/VerdantVortex/vortex-13_Sprite.uasset" 1163
"C:/Users/andre/OneDrive/Documents/Unreal Projects/Artkana_Project/Content/GeneralAssets/SpellVFX-Dylan/VerdantVortex/vortex-13_Sprite.uexp" 1164
"C:/Users/andre/OneDrive/Documents/Unreal Projects/Artkana_Project/Content/GeneralAssets/SpellVFX-Dylan/VerdantVortex/vortex-12.uasset" 1165
"C:/Users/andre/OneDrive/Documents/Unreal Projects/Artkana_Project/Content/GeneralAssets/SpellVFX-Dylan/VerdantVortex/vortex-12.uexp" 1166
"C:/Users/andre/OneDrive/Documents/Unreal Projects/Artkana_Project/Content/GeneralAssets/SpellVFX-Dylan/VerdantVortex/vortex-12_Sprite.uasset" 1167
"C:/Users/andre/OneDrive/Documents/Unreal Projects/Artkana_Project/Content/GeneralAssets/SpellVFX-Dylan/VerdantVortex/vortex-12_Sprite.uexp" 1168
"C:/Users/andre/OneDrive/Documents/Unreal Projects/Artkana_Project/Content/GeneralAssets/SpellVFX-Dylan/VerdantVortex/vortex-11.uasset" 1169
"C:/Users/andre/OneDrive/Documents/Unreal Projects/Artkana_Project/Content/GeneralAssets/SpellVFX-Dylan/VerdantVortex/vortex-11.uexp" 1170
"C:/Users/andre/OneDrive/Documents/Unreal Projects/Artkana_Project/Content/GeneralAssets/SpellVFX-Dylan/VerdantVortex/vortex-11_Sprite.uasset" 1171
"C:/Users/andre/OneDrive/Documents/Unreal Projects/Artkana_Project/Content/GeneralAssets/SpellVFX-Dylan/VerdantVortex/vortex-11_Sprite.uexp" 1172
"C:/Users/andre/OneDrive/Documents/Unreal Projects/Artkana_Project/Content/GeneralAssets/SpellVFX-Dylan/VerdantVortex/vortex-10.uasset" 1173
"C:/Users/andre/OneDrive/Documents/Unreal Projects/Artkana_Project/Content/GeneralAssets/SpellVFX-Dylan/VerdantVortex/vortex-10.uexp" 1174
"C:/Users/andre/OneDrive/Documents/Unreal Projects/Artkana_Project/Content/GeneralAssets/SpellVFX-Dylan/VerdantVortex/vortex-10_Sprite.uasset" 1175
"C:/Users/andre/OneDrive/Documents/Unreal Projects/Artkana_Project/Content/GeneralAssets/SpellVFX-Dylan/VerdantVortex/vortex-10_Sprite.uexp" 1176
"C:/Users/andre/OneDrive/Documents/Unreal Projects/Artkana_Project/Content/GeneralAssets/SpellVFX-Dylan/VerdantVortex/vortex-0.uasset" 1177
"C:/Users/andre/OneDrive/Documents/Unreal Projects/Artkana_Project/Content/GeneralAssets/SpellVFX-Dylan/VerdantVortex/vortex-0.uexp" 1178
"C:/Users/andre/OneDrive/Documents/Unreal Projects/Artkana_Project/Content/GeneralAssets/SpellVFX-Dylan/VerdantVortex/vortex-0_Sprite.uasset" 1179
"C:/Users/andre/OneDrive/Documents/Unreal Projects/Artkana_Project/Content/GeneralAssets/SpellVFX-Dylan/VerdantVortex/vortex-0_Sprite.uexp" 1180
"C:/Users/andre/OneDrive/Documents/Unreal Projects/Artkana_Project/Content/GeneralAssets/SpellVFX-Dylan/VerdantVortex/VerdantVortexAnim.uasset" 1181
"C:/Users/andre/OneDrive/Documents/Unreal Projects/Artkana_Project/Content/GeneralAssets/SpellVFX-Dylan/VerdantVortex/VerdantVortexAnim.uexp" 1182
"C:/Users/andre/OneDrive/Documents/Unreal Projects/Artkana_Project/Content/GeneralAssets/SpellVFX-Dylan/PiercingRose/Piercing_rose-3.uasset" 1183
"C:/Users/andre/OneDrive/Documents/Unreal Projects/Artkana_Project/Content/GeneralAssets/SpellVFX-Dylan/PiercingRose/Piercing_rose-3.uexp" 1184
"C:/Users/andre/OneDrive/Documents/Unreal Projects/Artkana_Project/Content/GeneralAssets/SpellVFX-Dylan/PiercingRose/Piercing_rose-3_Sprite.uasset" 1185
"C:/Users/andre/OneDrive/Documents/Unreal Projects/Artkana_Project/Content/GeneralAssets/SpellVFX-Dylan/PiercingRose/Piercing_rose-3_Sprite.uexp" 1186
"C:/Users/andre/OneDrive/Documents/Unreal Projects/Artkana_Project/Content/GeneralAssets/SpellVFX-Dylan/PiercingRose/Piercing_rose-2.uasset" 1187
"C:/Users/andre/OneDrive/Documents/Unreal Projects/Artkana_Project/Content/GeneralAssets/SpellVFX-Dylan/PiercingRose/Piercing_rose-2.uexp" 1188
"C:/Users/andre/OneDrive/Documents/Unreal Projects/Artkana_Project/Content/GeneralAssets/SpellVFX-Dylan/PiercingRose/Piercing_rose-2_Sprite.uasset" 1189
"C:/Users/andre/OneDrive/Documents/Unreal Projects/Artkana_Project/Content/GeneralAssets/SpellVFX-Dylan/PiercingRose/Piercing_rose-2_Sprite.uexp" 1190
"C:/Users/andre/OneDrive/Documents/Unreal Projects/Artkana_Project/Content/GeneralAssets/SpellVFX-Dylan/PiercingRose/Piercing_rose-1.uasset" 1191
"C:/Users/andre/OneDrive/Documents/Unreal Projects/Artkana_Project/Content/GeneralAssets/SpellVFX-Dylan/PiercingRose/Piercing_rose-1.uexp" 1192
"C:/Users/andre/OneDrive/Documents/Unreal Projects/Artkana_Project/Content/GeneralAssets/SpellVFX-Dylan/PiercingRose/Piercing_rose-1_Sprite.uasset" 1193
"C:/Users/andre/OneDrive/Documents/Unreal Projects/Artkana_Project/Content/GeneralAssets/SpellVFX-Dylan/PiercingRose/Piercing_rose-1_Sprite.uexp" 1194
"C:/Users/andre/OneDrive/Documents/Unreal Projects/Artkana_Project/Content/GeneralAssets/SpellVFX-Dylan/PiercingRose/Piercing_rose-0.uasset" 1195
"C:/Users/andre/OneDrive/Documents/Unreal Projects/Artkana_Project/Content/GeneralAssets/SpellVFX-Dylan/PiercingRose/Piercing_rose-0.uexp" 1196
"C:/Users/andre/OneDrive/Documents/Unreal Projects/Artkana_Project/Content/GeneralAssets/SpellVFX-Dylan/PiercingRose/Piercing_rose-0_Sprite.uasset" 1197
"C:/Users/andre/OneDrive/Documents/Unreal Projects/Artkana_Project/Content/GeneralAssets/SpellVFX-Dylan/PiercingRose/Piercing_rose-0_Sprite.uexp" 1198
"C:/Users/andre/OneDrive/Documents/Unreal Projects/Artkana_Project/Content/GeneralAssets/SpellVFX-Dylan/PiercingRose/PiercingRoseAnim.uasset" 1199
"C:/Users/andre/OneDrive/Documents/Unreal Projects/Artkana_Project/Content/GeneralAssets/SpellVFX-Dylan/PiercingRose/PiercingRoseAnim.uexp" 1200
"C:/Users/andre/OneDrive/Documents/Unreal Projects/Artkana_Project/Content/GeneralAssets/SpellVFX-Dylan/CyanSlash/slash-9.uasset" 1201
"C:/Users/andre/OneDrive/Documents/Unreal Projects/Artkana_Project/Content/GeneralAssets/SpellVFX-Dylan/CyanSlash/slash-9.uexp" 1202
"C:/Users/andre/OneDrive/Documents/Unreal Projects/Artkana_Project/Content/GeneralAssets/SpellVFX-Dylan/CyanSlash/slash-9_Sprite.uasset" 1203
"C:/Users/andre/OneDrive/Documents/Unreal Projects/Artkana_Project/Content/GeneralAssets/SpellVFX-Dylan/CyanSlash/slash-9_Sprite.uexp" 1204
"C:/Users/andre/OneDrive/Documents/Unreal Projects/Artkana_Project/Content/GeneralAssets/SpellVFX-Dylan/CyanSlash/slash-8.uasset" 1205
"C:/Users/andre/OneDrive/Documents/Unreal Projects/Artkana_Project/Content/GeneralAssets/SpellVFX-Dylan/CyanSlash/slash-8.uexp" 1206
"C:/Users/andre/OneDrive/Documents/Unreal Projects/Artkana_Project/Content/GeneralAssets/SpellVFX-Dylan/CyanSlash/slash-8_Sprite.uasset" 1207
"C:/Users/andre/OneDrive/Documents/Unreal Projects/Artkana_Project/Content/GeneralAssets/SpellVFX-Dylan/CyanSlash/slash-8_Sprite.uexp" 1208
"C:/Users/andre/OneDrive/Documents/Unreal Projects/Artkana_Project/Content/GeneralAssets/SpellVFX-Dylan/CyanSlash/slash-7.uasset" 1209
"C:/Users/andre/OneDrive/Documents/Unreal Projects/Artkana_Project/Content/GeneralAssets/SpellVFX-Dylan/CyanSlash/slash-7.uexp" 1210
"C:/Users/andre/OneDrive/Documents/Unreal Projects/Artkana_Project/Content/GeneralAssets/SpellVFX-Dylan/CyanSlash/slash-7_Sprite.uasset" 1211
"C:/Users/andre/OneDrive/Documents/Unreal Projects/Artkana_Project/Content/GeneralAssets/SpellVFX-Dylan/CyanSlash/slash-7_Sprite.uexp" 1212
"C:/Users/andre/OneDrive/Documents/Unreal Projects/Artkana_Project/Content/GeneralAssets/SpellVFX-Dylan/CyanSlash/slash-6.uasset" 1213
"C:/Users/andre/OneDrive/Documents/Unreal Projects/Artkana_Project/Content/GeneralAssets/SpellVFX-Dylan/CyanSlash/slash-6.uexp" 1214
"C:/Users/andre/OneDrive/Documents/Unreal Projects/Artkana_Project/Content/GeneralAssets/SpellVFX-Dylan/CyanSlash/slash-6_Sprite.uasset" 1215
"C:/Users/andre/OneDrive/Documents/Unreal Projects/Artkana_Project/Content/GeneralAssets/SpellVFX-Dylan/CyanSlash/slash-6_Sprite.uexp" 1216
"C:/Users/andre/OneDrive/Documents/Unreal Projects/Artkana_Project/Content/GeneralAssets/SpellVFX-Dylan/CyanSlash/slash-5.uasset" 1217
"C:/Users/andre/OneDrive/Documents/Unreal Projects/Artkana_Project/Content/GeneralAssets/SpellVFX-Dylan/CyanSlash/slash-5.uexp" 1218
"C:/Users/andre/OneDrive/Documents/Unreal Projects/Artkana_Project/Content/GeneralAssets/SpellVFX-Dylan/CyanSlash/slash-5_Sprite.uasset" 1219
"C:/Users/andre/OneDrive/Documents/Unreal Projects/Artkana_Project/Content/GeneralAssets/SpellVFX-Dylan/CyanSlash/slash-5_Sprite.uexp" 1220
"C:/Users/andre/OneDrive/Documents/Unreal Projects/Artkana_Project/Content/GeneralAssets/SpellVFX-Dylan/CyanSlash/slash-4.uasset" 1221
"C:/Users/andre/OneDrive/Documents/Unreal Projects/Artkana_Project/Content/GeneralAssets/SpellVFX-Dylan/CyanSlash/slash-4.uexp" 1222
"C:/Users/andre/OneDrive/Documents/Unreal Projects/Artkana_Project/Content/GeneralAssets/SpellVFX-Dylan/CyanSlash/slash-4_Sprite.uasset" 1223
"C:/Users/andre/OneDrive/Documents/Unreal Projects/Artkana_Project/Content/GeneralAssets/SpellVFX-Dylan/CyanSlash/slash-4_Sprite.uexp" 1224
"C:/Users/andre/OneDrive/Documents/Unreal Projects/Artkana_Project/Content/GeneralAssets/SpellVFX-Dylan/CyanSlash/slash-3.uasset" 1225
"C:/Users/andre/OneDrive/Documents/Unreal Projects/Artkana_Project/Content/GeneralAssets/SpellVFX-Dylan/CyanSlash/slash-3.uexp" 1226
"C:/Users/andre/OneDrive/Documents/Unreal Projects/Artkana_Project/Content/GeneralAssets/SpellVFX-Dylan/CyanSlash/slash-3_Sprite.uasset" 1227
"C:/Users/andre/OneDrive/Documents/Unreal Projects/Artkana_Project/Content/GeneralAssets/SpellVFX-Dylan/CyanSlash/slash-3_Sprite.uexp" 1228
"C:/Users/andre/OneDrive/Documents/Unreal Projects/Artkana_Project/Content/GeneralAssets/SpellVFX-Dylan/CyanSlash/slash-2.uasset" 1229
"C:/Users/andre/OneDrive/Documents/Unreal Projects/Artkana_Project/Content/GeneralAssets/SpellVFX-Dylan/CyanSlash/slash-2.uexp" 1230
"C:/Users/andre/OneDrive/Documents/Unreal Projects/Artkana_Project/Content/GeneralAssets/SpellVFX-Dylan/CyanSlash/slash-2_Sprite.uasset" 1231
"C:/Users/andre/OneDrive/Documents/Unreal Projects/Artkana_Project/Content/GeneralAssets/SpellVFX-Dylan/CyanSlash/slash-2_Sprite.uexp" 1232
"C:/Users/andre/OneDrive/Documents/Unreal Projects/Artkana_Project/Content/GeneralAssets/SpellVFX-Dylan/CyanSlash/slash-1.uasset" 1233
"C:/Users/andre/OneDrive/Documents/Unreal Projects/Artkana_Project/Content/GeneralAssets/SpellVFX-Dylan/CyanSlash/slash-1.uexp" 1234
"C:/Users/andre/OneDrive/Documents/Unreal Projects/Artkana_Project/Content/GeneralAssets/SpellVFX-Dylan/CyanSlash/slash-1_Sprite.uasset" 1235
"C:/Users/andre/OneDrive/Documents/Unreal Projects/Artkana_Project/Content/GeneralAssets/SpellVFX-Dylan/CyanSlash/slash-1_Sprite.uexp" 1236
"C:/Users/andre/OneDrive/Documents/Unreal Projects/Artkana_Project/Content/GeneralAssets/SpellVFX-Dylan/CyanSlash/slash-11.uasset" 1237
"C:/Users/andre/OneDrive/Documents/Unreal Projects/Artkana_Project/Content/GeneralAssets/SpellVFX-Dylan/CyanSlash/slash-11.uexp" 1238
"C:/Users/andre/OneDrive/Documents/Unreal Projects/Artkana_Project/Content/GeneralAssets/SpellVFX-Dylan/CyanSlash/slash-11_Sprite.uasset" 1239
"C:/Users/andre/OneDrive/Documents/Unreal Projects/Artkana_Project/Content/GeneralAssets/SpellVFX-Dylan/CyanSlash/slash-11_Sprite.uexp" 1240
"C:/Users/andre/OneDrive/Documents/Unreal Projects/Artkana_Project/Content/GeneralAssets/SpellVFX-Dylan/CyanSlash/slash-10.uasset" 1241
"C:/Users/andre/OneDrive/Documents/Unreal Projects/Artkana_Project/Content/GeneralAssets/SpellVFX-Dylan/CyanSlash/slash-10.uexp" 1242
"C:/Users/andre/OneDrive/Documents/Unreal Projects/Artkana_Project/Content/GeneralAssets/SpellVFX-Dylan/CyanSlash/slash-10_Sprite.uasset" 1243
"C:/Users/andre/OneDrive/Documents/Unreal Projects/Artkana_Project/Content/GeneralAssets/SpellVFX-Dylan/CyanSlash/slash-10_Sprite.uexp" 1244
"C:/Users/andre/OneDrive/Documents/Unreal Projects/Artkana_Project/Content/GeneralAssets/SpellVFX-Dylan/CyanSlash/slash-0.uasset" 1245
"C:/Users/andre/OneDrive/Documents/Unreal Projects/Artkana_Project/Content/GeneralAssets/SpellVFX-Dylan/CyanSlash/slash-0.uexp" 1246
"C:/Users/andre/OneDrive/Documents/Unreal Projects/Artkana_Project/Content/GeneralAssets/SpellVFX-Dylan/CyanSlash/slash-0_Sprite.uasset" 1247
"C:/Users/andre/OneDrive/Documents/Unreal Projects/Artkana_Project/Content/GeneralAssets/SpellVFX-Dylan/CyanSlash/slash-0_Sprite.uexp" 1248
"C:/Users/andre/OneDrive/Documents/Unreal Projects/Artkana_Project/Content/GeneralAssets/SpellVFX-Dylan/CyanSlash/CyanSlashAnim.uasset" 1249
"C:/Users/andre/OneDrive/Documents/Unreal Projects/Artkana_Project/Content/GeneralAssets/SpellVFX-Dylan/CyanSlash/CyanSlashAnim.uexp" 1250
"../../../Engine/Content/BasicShapes/Cube.ubulk" 1251
"../../../Engine/Content/BasicShapes/Cube.uasset" 1252
"../../../Engine/Content/BasicShapes/Cube.uexp" 1253
"C:/Users/andre/OneDrive/Documents/Unreal Projects/Artkana_Project/Content/Variant_SideScroller/Blueprints/Level_Objects/LevelClear.uasset" 1254
"C:/Users/andre/OneDrive/Documents/Unreal Projects/Artkana_Project/Content/Variant_SideScroller/Blueprints/Level_Objects/LevelClear.uexp" 1255
"C:/Users/andre/OneDrive/Documents/Unreal Projects/Artkana_Project/Content/Variant_SideScroller/Blueprints/Level_Objects/ClingWall.uasset" 1256
"C:/Users/andre/OneDrive/Documents/Unreal Projects/Artkana_Project/Content/Variant_SideScroller/Blueprints/Level_Objects/ClingWall.uexp" 1257
"C:/Users/andre/OneDrive/Documents/Unreal Projects/Artkana_Project/Content/Variant_SideScroller/Blueprints/BPI_SideScrolling.uasset" 1258
"C:/Users/andre/OneDrive/Documents/Unreal Projects/Artkana_Project/Content/Variant_SideScroller/Blueprints/BPI_SideScrolling.uexp" 1259
"C:/Users/andre/OneDrive/Documents/Unreal Projects/Artkana_Project/Content/Variant_SideScroller/Input/BPI_TouchInterface_SideScrolling.uasset" 1260
"C:/Users/andre/OneDrive/Documents/Unreal Projects/Artkana_Project/Content/Variant_SideScroller/Input/BPI_TouchInterface_SideScrolling.uexp" 1261
"C:/Users/andre/OneDrive/Documents/Unreal Projects/Artkana_Project/Content/Variant_SideScroller/Input/Actions/IA_Drop.uasset" 1262
"C:/Users/andre/OneDrive/Documents/Unreal Projects/Artkana_Project/Content/Variant_SideScroller/Input/Actions/IA_Drop.uexp" 1263
"C:/Users/andre/OneDrive/Documents/Unreal Projects/Artkana_Project/Content/Variant_SideScroller/Input/Actions/IA_Crouch.uasset" 1264
"C:/Users/andre/OneDrive/Documents/Unreal Projects/Artkana_Project/Content/Variant_SideScroller/Input/Actions/IA_Crouch.uexp" 1265
"C:/Users/andre/OneDrive/Documents/Unreal Projects/Artkana_Project/Content/Variant_SideScroller/Input/Actions/IA_Interact.uasset" 1266
"C:/Users/andre/OneDrive/Documents/Unreal Projects/Artkana_Project/Content/Variant_SideScroller/Input/Actions/IA_Interact.uexp" 1267
"C:/Users/andre/OneDrive/Documents/Unreal Projects/Artkana_Project/Content/Variant_SideScroller/Blueprints/Enemies/DroneEnemyBase.uasset" 1268
"C:/Users/andre/OneDrive/Documents/Unreal Projects/Artkana_Project/Content/Variant_SideScroller/Blueprints/Enemies/DroneEnemyBase.uexp" 1269
"C:/Users/andre/OneDrive/Documents/Unreal Projects/Artkana_Project/Content/Characters/Mannequins/Meshes/SK_Mannequin.uasset" 1270
"C:/Users/andre/OneDrive/Documents/Unreal Projects/Artkana_Project/Content/Characters/Mannequins/Meshes/SK_Mannequin.uexp" 1271
"C:/Users/andre/OneDrive/Documents/Unreal Projects/Artkana_Project/Content/Characters/Mannequins/Rigs/PA_Mannequin.uasset" 1272
"C:/Users/andre/OneDrive/Documents/Unreal Projects/Artkana_Project/Content/Characters/Mannequins/Rigs/PA_Mannequin.uexp" 1273
"C:/Users/andre/OneDrive/Documents/Unreal Projects/Artkana_Project/Content/Characters/Mannequins/Textures/Manny/T_Manny_02_MRA.ubulk" 1274
"C:/Users/andre/OneDrive/Documents/Unreal Projects/Artkana_Project/Content/Characters/Mannequins/Textures/Manny/T_Manny_02_MRA.uasset" 1275
"C:/Users/andre/OneDrive/Documents/Unreal Projects/Artkana_Project/Content/Characters/Mannequins/Textures/Manny/T_Manny_02_MRA.uexp" 1276
"C:/Users/andre/OneDrive/Documents/Unreal Projects/Artkana_Project/Content/Characters/Mannequins/Textures/Manny/T_Manny_02_D.ubulk" 1277
"C:/Users/andre/OneDrive/Documents/Unreal Projects/Artkana_Project/Content/Characters/Mannequins/Textures/Manny/T_Manny_02_D.uasset" 1278
"C:/Users/andre/OneDrive/Documents/Unreal Projects/Artkana_Project/Content/Characters/Mannequins/Textures/Manny/T_Manny_02_D.uexp" 1279
"C:/Users/andre/OneDrive/Documents/Unreal Projects/Artkana_Project/Content/Characters/Mannequins/Textures/Manny/T_Manny_02_BN.ubulk" 1280
"C:/Users/andre/OneDrive/Documents/Unreal Projects/Artkana_Project/Content/Characters/Mannequins/Textures/Manny/T_Manny_02_BN.uasset" 1281
"C:/Users/andre/OneDrive/Documents/Unreal Projects/Artkana_Project/Content/Characters/Mannequins/Textures/Manny/T_Manny_02_BN.uexp" 1282
"C:/Users/andre/OneDrive/Documents/Unreal Projects/Artkana_Project/Content/Characters/Mannequins/Textures/Manny/T_Manny_01_MRA.ubulk" 1283
"C:/Users/andre/OneDrive/Documents/Unreal Projects/Artkana_Project/Content/Characters/Mannequins/Textures/Manny/T_Manny_01_MRA.uasset" 1284
"C:/Users/andre/OneDrive/Documents/Unreal Projects/Artkana_Project/Content/Characters/Mannequins/Textures/Manny/T_Manny_01_MRA.uexp" 1285
"C:/Users/andre/OneDrive/Documents/Unreal Projects/Artkana_Project/Content/Characters/Mannequins/Textures/Manny/T_Manny_01_D.ubulk" 1286
"C:/Users/andre/OneDrive/Documents/Unreal Projects/Artkana_Project/Content/Characters/Mannequins/Textures/Manny/T_Manny_01_D.uasset" 1287
"C:/Users/andre/OneDrive/Documents/Unreal Projects/Artkana_Project/Content/Characters/Mannequins/Textures/Manny/T_Manny_01_D.uexp" 1288
"C:/Users/andre/OneDrive/Documents/Unreal Projects/Artkana_Project/Content/Characters/Mannequins/Textures/Manny/T_Manny_01_BN.ubulk" 1289
"C:/Users/andre/OneDrive/Documents/Unreal Projects/Artkana_Project/Content/Characters/Mannequins/Textures/Manny/T_Manny_01_BN.uasset" 1290
"C:/Users/andre/OneDrive/Documents/Unreal Projects/Artkana_Project/Content/Characters/Mannequins/Textures/Manny/T_Manny_01_BN.uexp" 1291
"C:/Users/andre/OneDrive/Documents/Unreal Projects/Artkana_Project/Content/Characters/Mannequins/Textures/Shared/T_UE_Logo_M.uasset" 1292
"C:/Users/andre/OneDrive/Documents/Unreal Projects/Artkana_Project/Content/Characters/Mannequins/Textures/Shared/T_UE_Logo_M.uexp" 1293
"C:/Users/andre/OneDrive/Documents/Unreal Projects/Artkana_Project/Content/Characters/Mannequins/Materials/M_Mannequin.uasset" 1294
"C:/Users/andre/OneDrive/Documents/Unreal Projects/Artkana_Project/Content/Characters/Mannequins/Materials/M_Mannequin.uexp" 1295
"C:/Users/andre/OneDrive/Documents/Unreal Projects/Artkana_Project/Content/Characters/Mannequins/Materials/Manny/MI_Manny_01_New.uasset" 1296
"C:/Users/andre/OneDrive/Documents/Unreal Projects/Artkana_Project/Content/Characters/Mannequins/Materials/Manny/MI_Manny_01_New.uexp" 1297
"C:/Users/andre/OneDrive/Documents/Unreal Projects/Artkana_Project/Content/Characters/Mannequins/Materials/Manny/MI_Manny_02_New.uasset" 1298
"C:/Users/andre/OneDrive/Documents/Unreal Projects/Artkana_Project/Content/Characters/Mannequins/Materials/Manny/MI_Manny_02_New.uexp" 1299
"C:/Users/andre/OneDrive/Documents/Unreal Projects/Artkana_Project/Content/Characters/Mannequins/Meshes/SKM_Manny_Simple.uasset" 1300
"C:/Users/andre/OneDrive/Documents/Unreal Projects/Artkana_Project/Content/Characters/Mannequins/Meshes/SKM_Manny_Simple.uexp" 1301
"C:/Users/andre/OneDrive/Documents/Unreal Projects/Artkana_Project/Content/Variant_SideScroller/Blueprints/Enemies/NewEnemies/Behavior/PatrolRoute.uasset" 1302
"C:/Users/andre/OneDrive/Documents/Unreal Projects/Artkana_Project/Content/Variant_SideScroller/Blueprints/Enemies/NewEnemies/Behavior/PatrolRoute.uexp" 1303
"C:/Users/andre/OneDrive/Documents/Unreal Projects/Artkana_Project/Content/Variant_SideScroller/Blueprints/Enemies/NewEnemies/Behavior/Enums/E_MovementSpeed.uasset" 1304
"C:/Users/andre/OneDrive/Documents/Unreal Projects/Artkana_Project/Content/Variant_SideScroller/Blueprints/Enemies/NewEnemies/Behavior/Enums/E_MovementSpeed.uexp" 1305
"C:/Users/andre/OneDrive/Documents/Unreal Projects/Artkana_Project/Content/Variant_SideScroller/Blueprints/Enemies/NewEnemies/Behavior/BPI_EnemyAI.uasset" 1306
"C:/Users/andre/OneDrive/Documents/Unreal Projects/Artkana_Project/Content/Variant_SideScroller/Blueprints/Enemies/NewEnemies/Behavior/BPI_EnemyAI.uexp" 1307
"C:/Users/andre/OneDrive/Documents/Unreal Projects/Artkana_Project/Content/Variant_SideScroller/Blueprints/Enemies/NewEnemies/Behavior/Enums/E_AIState.uasset" 1308
"C:/Users/andre/OneDrive/Documents/Unreal Projects/Artkana_Project/Content/Variant_SideScroller/Blueprints/Enemies/NewEnemies/Behavior/Enums/E_AIState.uexp" 1309
"C:/Users/andre/OneDrive/Documents/Unreal Projects/Artkana_Project/Content/Variant_SideScroller/Blueprints/Enemies/NewEnemies/Behavior/BB_EnemyBase.uasset" 1310
"C:/Users/andre/OneDrive/Documents/Unreal Projects/Artkana_Project/Content/Variant_SideScroller/Blueprints/Enemies/NewEnemies/Behavior/BB_EnemyBase.uexp" 1311
"C:/Users/andre/OneDrive/Documents/Unreal Projects/Artkana_Project/Content/Variant_SideScroller/Blueprints/Enemies/NewEnemies/Behavior/Decorators/BTD_HasPatrolRoute.uasset" 1312
"C:/Users/andre/OneDrive/Documents/Unreal Projects/Artkana_Project/Content/Variant_SideScroller/Blueprints/Enemies/NewEnemies/Behavior/Decorators/BTD_HasPatrolRoute.uexp" 1313
"C:/Users/andre/OneDrive/Documents/Unreal Projects/Artkana_Project/Content/Variant_SideScroller/Blueprints/Enemies/NewEnemies/Behavior/Tasks/BTT_ClearFocus.uasset" 1314
"C:/Users/andre/OneDrive/Documents/Unreal Projects/Artkana_Project/Content/Variant_SideScroller/Blueprints/Enemies/NewEnemies/Behavior/Tasks/BTT_ClearFocus.uexp" 1315
"C:/Users/andre/OneDrive/Documents/Unreal Projects/Artkana_Project/Content/Variant_SideScroller/Blueprints/Enemies/NewEnemies/Behavior/Tasks/BTT_DefaultAttack.uasset" 1316
"C:/Users/andre/OneDrive/Documents/Unreal Projects/Artkana_Project/Content/Variant_SideScroller/Blueprints/Enemies/NewEnemies/Behavior/Tasks/BTT_DefaultAttack.uexp" 1317
"C:/Users/andre/OneDrive/Documents/Unreal Projects/Artkana_Project/Content/Variant_SideScroller/Blueprints/Enemies/NewEnemies/Behavior/Tasks/BTT_Focus.uasset" 1318
"C:/Users/andre/OneDrive/Documents/Unreal Projects/Artkana_Project/Content/Variant_SideScroller/Blueprints/Enemies/NewEnemies/Behavior/Tasks/BTT_Focus.uexp" 1319
"C:/Users/andre/OneDrive/Documents/Unreal Projects/Artkana_Project/Content/Variant_SideScroller/Blueprints/Enemies/NewEnemies/Behavior/Tasks/BTT_MoveAlongPatrolRoute.uasset" 1320
"C:/Users/andre/OneDrive/Documents/Unreal Projects/Artkana_Project/Content/Variant_SideScroller/Blueprints/Enemies/NewEnemies/Behavior/Tasks/BTT_MoveAlongPatrolRoute.uexp" 1321
"C:/Users/andre/OneDrive/Documents/Unreal Projects/Artkana_Project/Content/Variant_SideScroller/Blueprints/Enemies/NewEnemies/Behavior/Tasks/BTT_MoveToIdealRange.uasset" 1322
"C:/Users/andre/OneDrive/Documents/Unreal Projects/Artkana_Project/Content/Variant_SideScroller/Blueprints/Enemies/NewEnemies/Behavior/Tasks/BTT_MoveToIdealRange.uexp" 1323
"C:/Users/andre/OneDrive/Documents/Unreal Projects/Artkana_Project/Content/Variant_SideScroller/Blueprints/Enemies/NewEnemies/Behavior/Tasks/BTT_SetMovementSpeed.uasset" 1324
"C:/Users/andre/OneDrive/Documents/Unreal Projects/Artkana_Project/Content/Variant_SideScroller/Blueprints/Enemies/NewEnemies/Behavior/Tasks/BTT_SetMovementSpeed.uexp" 1325
"C:/Users/andre/OneDrive/Documents/Unreal Projects/Artkana_Project/Content/Variant_SideScroller/Blueprints/Enemies/NewEnemies/Behavior/BT_EnemyBase.uasset" 1326
"C:/Users/andre/OneDrive/Documents/Unreal Projects/Artkana_Project/Content/Variant_SideScroller/Blueprints/Enemies/NewEnemies/Behavior/BT_EnemyBase.uexp" 1327
"C:/Users/andre/OneDrive/Documents/Unreal Projects/Artkana_Project/Content/Variant_SideScroller/Blueprints/Enemies/NewEnemies/Behavior/Enums/E_AISenses.uasset" 1328
"C:/Users/andre/OneDrive/Documents/Unreal Projects/Artkana_Project/Content/Variant_SideScroller/Blueprints/Enemies/NewEnemies/Behavior/Enums/E_AISenses.uexp" 1329
"C:/Users/andre/OneDrive/Documents/Unreal Projects/Artkana_Project/Content/Variant_SideScroller/Blueprints/Enemies/NewEnemies/Behavior/AIC_EnemyBase.uasset" 1330
"C:/Users/andre/OneDrive/Documents/Unreal Projects/Artkana_Project/Content/Variant_SideScroller/Blueprints/Enemies/NewEnemies/Behavior/AIC_EnemyBase.uexp" 1331
"C:/Users/andre/OneDrive/Documents/Unreal Projects/Artkana_Project/Content/Variant_SideScroller/Blueprints/Enemies/NewEnemies/Enemies/BP_EnemyBase.uasset" 1332
"C:/Users/andre/OneDrive/Documents/Unreal Projects/Artkana_Project/Content/Variant_SideScroller/Blueprints/Enemies/NewEnemies/Enemies/BP_EnemyBase.uexp" 1333
"../../../Engine/Plugins/Animation/ControlRig/Content/Controls/DefaultGizmoLibraryNormalized.uasset" 1334
"../../../Engine/Plugins/Animation/ControlRig/Content/Controls/DefaultGizmoLibraryNormalized.uexp" 1335
"C:/Users/andre/OneDrive/Documents/Unreal Projects/Artkana_Project/Content/Characters/Mannequins/Rigs/CR_Mannequin_FootIK.uasset" 1336
"C:/Users/andre/OneDrive/Documents/Unreal Projects/Artkana_Project/Content/Characters/Mannequins/Rigs/CR_Mannequin_FootIK.uexp" 1337
"../../../Engine/Plugins/Animation/ACLPlugin/Content/ACLAnimCurveCompressionSettings.uasset" 1338
"../../../Engine/Plugins/Animation/ACLPlugin/Content/ACLAnimCurveCompressionSettings.uexp" 1339
"../../../Engine/Plugins/Animation/ACLPlugin/Content/ACLAnimBoneCompressionSettings.uasset" 1340
"../../../Engine/Plugins/Animation/ACLPlugin/Content/ACLAnimBoneCompressionSettings.uexp" 1341
"../../../Engine/Content/Animation/DefaultVariableFrameStrippingSettings.uasset" 1342
"../../../Engine/Content/Animation/DefaultVariableFrameStrippingSettings.uexp" 1343
"C:/Users/andre/OneDrive/Documents/Unreal Projects/Artkana_Project/Content/Characters/Mannequins/Anims/Kana/KanaWallJump_Anim.uasset" 1344
"C:/Users/andre/OneDrive/Documents/Unreal Projects/Artkana_Project/Content/Characters/Mannequins/Anims/Kana/KanaWallJump_Anim.uexp" 1345
"C:/Users/andre/OneDrive/Documents/Unreal Projects/Artkana_Project/Content/Characters/Mannequins/Anims/Kana/KanaWalk_Anim.uasset" 1346
"C:/Users/andre/OneDrive/Documents/Unreal Projects/Artkana_Project/Content/Characters/Mannequins/Anims/Kana/KanaWalk_Anim.uexp" 1347
"C:/Users/andre/OneDrive/Documents/Unreal Projects/Artkana_Project/Content/Characters/Mannequins/Anims/Kana/KanaWalkScratch_Anim.uasset" 1348
"C:/Users/andre/OneDrive/Documents/Unreal Projects/Artkana_Project/Content/Characters/Mannequins/Anims/Kana/KanaWalkScratch_Anim.uexp" 1349
"C:/Users/andre/OneDrive/Documents/Unreal Projects/Artkana_Project/Content/Characters/Mannequins/Anims/Kana/KanaStompStart_Anim.uasset" 1350
"C:/Users/andre/OneDrive/Documents/Unreal Projects/Artkana_Project/Content/Characters/Mannequins/Anims/Kana/KanaStompStart_Anim.uexp" 1351
"C:/Users/andre/OneDrive/Documents/Unreal Projects/Artkana_Project/Content/Characters/Mannequins/Anims/Kana/KanaStompLoop_Anim.uasset" 1352
"C:/Users/andre/OneDrive/Documents/Unreal Projects/Artkana_Project/Content/Characters/Mannequins/Anims/Kana/KanaStompLoop_Anim.uexp" 1353
"C:/Users/andre/OneDrive/Documents/Unreal Projects/Artkana_Project/Content/Characters/Mannequins/Anims/Kana/KanaRun_Anim.uasset" 1354
"C:/Users/andre/OneDrive/Documents/Unreal Projects/Artkana_Project/Content/Characters/Mannequins/Anims/Kana/KanaRun_Anim.uexp" 1355
"C:/Users/andre/OneDrive/Documents/Unreal Projects/Artkana_Project/Content/Characters/Mannequins/Anims/Kana/KanaRunScratch_Anim.uasset" 1356
"C:/Users/andre/OneDrive/Documents/Unreal Projects/Artkana_Project/Content/Characters/Mannequins/Anims/Kana/KanaRunScratch_Anim.uexp" 1357
"C:/Users/andre/OneDrive/Documents/Unreal Projects/Artkana_Project/Content/Characters/Mannequins/Anims/Kana/KanaJump_Anim.uasset" 1358
"C:/Users/andre/OneDrive/Documents/Unreal Projects/Artkana_Project/Content/Characters/Mannequins/Anims/Kana/KanaJump_Anim.uexp" 1359
"C:/Users/andre/OneDrive/Documents/Unreal Projects/Artkana_Project/Content/Characters/Mannequins/Anims/Kana/KanaJumpV2_Anim.uasset" 1360
"C:/Users/andre/OneDrive/Documents/Unreal Projects/Artkana_Project/Content/Characters/Mannequins/Anims/Kana/KanaJumpV2_Anim.uexp" 1361
"C:/Users/andre/OneDrive/Documents/Unreal Projects/Artkana_Project/Content/Characters/Mannequins/Anims/Kana/KanaIdle_Anim.uasset" 1362
"C:/Users/andre/OneDrive/Documents/Unreal Projects/Artkana_Project/Content/Characters/Mannequins/Anims/Kana/KanaIdle_Anim.uexp" 1363
"C:/Users/andre/OneDrive/Documents/Unreal Projects/Artkana_Project/Content/Characters/Mannequins/Anims/Kana/KanaIdleScratchKanaIdle_Anim.uasset" 1364
"C:/Users/andre/OneDrive/Documents/Unreal Projects/Artkana_Project/Content/Characters/Mannequins/Anims/Kana/KanaIdleScratchKanaIdle_Anim.uexp" 1365
"C:/Users/andre/OneDrive/Documents/Unreal Projects/Artkana_Project/Content/Characters/Mannequins/Anims/Kana/KanaGrindV2_Anim.uasset" 1366
"C:/Users/andre/OneDrive/Documents/Unreal Projects/Artkana_Project/Content/Characters/Mannequins/Anims/Kana/KanaGrindV2_Anim.uexp" 1367
"C:/Users/andre/OneDrive/Documents/Unreal Projects/Artkana_Project/Content/Characters/Mannequins/Anims/Kana/KanaFullSprint_Anim.uasset" 1368
"C:/Users/andre/OneDrive/Documents/Unreal Projects/Artkana_Project/Content/Characters/Mannequins/Anims/Kana/KanaFullSprint_Anim.uexp" 1369
"C:/Users/andre/OneDrive/Documents/Unreal Projects/Artkana_Project/Content/Characters/Mannequins/Anims/Kana/KanaFullSprintScratch_Anim.uasset" 1370
"C:/Users/andre/OneDrive/Documents/Unreal Projects/Artkana_Project/Content/Characters/Mannequins/Anims/Kana/KanaFullSprintScratch_Anim.uexp" 1371
"C:/Users/andre/OneDrive/Documents/Unreal Projects/Artkana_Project/Content/Characters/Mannequins/Anims/Kana/KanaFallLoop_Anim.uasset" 1372
"C:/Users/andre/OneDrive/Documents/Unreal Projects/Artkana_Project/Content/Characters/Mannequins/Anims/Kana/KanaFallLoop_Anim.uexp" 1373
"C:/Users/andre/OneDrive/Documents/Unreal Projects/Artkana_Project/Content/Characters/Mannequins/Anims/Kana/KanaFallingV2_Anim.uasset" 1374
"C:/Users/andre/OneDrive/Documents/Unreal Projects/Artkana_Project/Content/Characters/Mannequins/Anims/Kana/KanaFallingV2_Anim.uexp" 1375
"C:/Users/andre/OneDrive/Documents/Unreal Projects/Artkana_Project/Content/Characters/Mannequins/Anims/Kana/KanaFallingV2Scratch_Anim.uasset" 1376
"C:/Users/andre/OneDrive/Documents/Unreal Projects/Artkana_Project/Content/Characters/Mannequins/Anims/Kana/KanaFallingV2Scratch_Anim.uexp" 1377
"C:/Users/andre/OneDrive/Documents/Unreal Projects/Artkana_Project/Content/Characters/Mannequins/Anims/Kana/KanaCrouch_Anim.uasset" 1378
"C:/Users/andre/OneDrive/Documents/Unreal Projects/Artkana_Project/Content/Characters/Mannequins/Anims/Kana/KanaCrouch_Anim.uexp" 1379
"C:/Users/andre/OneDrive/Documents/Unreal Projects/Artkana_Project/Content/Characters/Mannequins/Anims/Kana/KanaCrouchUp_Anim.uasset" 1380
"C:/Users/andre/OneDrive/Documents/Unreal Projects/Artkana_Project/Content/Characters/Mannequins/Anims/Kana/KanaCrouchUp_Anim.uexp" 1381
"C:/Users/andre/OneDrive/Documents/Unreal Projects/Artkana_Project/Content/Characters/Mannequins/Anims/Kana/KanaCrouchIdle_Anim.uasset" 1382
"C:/Users/andre/OneDrive/Documents/Unreal Projects/Artkana_Project/Content/Characters/Mannequins/Anims/Kana/KanaCrouchIdle_Anim.uexp" 1383
"C:/Users/andre/OneDrive/Documents/Unreal Projects/Artkana_Project/Content/Characters/Mannequins/Anims/Kana/KanaCling_Anim.uasset" 1384
"C:/Users/andre/OneDrive/Documents/Unreal Projects/Artkana_Project/Content/Characters/Mannequins/Anims/Kana/KanaCling_Anim.uexp" 1385
"C:/Users/andre/OneDrive/Documents/Unreal Projects/Artkana_Project/Content/LevelPrototyping/Platform_Assets/Collision_mat.uasset" 1386
"C:/Users/andre/OneDrive/Documents/Unreal Projects/Artkana_Project/Content/LevelPrototyping/Platform_Assets/Collision_mat.uexp" 1387
"C:/Users/andre/OneDrive/Documents/Unreal Projects/Artkana_Project/Content/Variant_SideScroller/Blueprints/Level_Objects/Rails/BP_GrindRailSpline.uasset" 1388
"C:/Users/andre/OneDrive/Documents/Unreal Projects/Artkana_Project/Content/Variant_SideScroller/Blueprints/Level_Objects/Rails/BP_GrindRailSpline.uexp" 1389
"C:/Users/andre/OneDrive/Documents/Unreal Projects/Artkana_Project/Content/Variant_SideScroller/Blueprints/Level_Objects/Rails/BPC_RailGrind.uasset" 1390
"C:/Users/andre/OneDrive/Documents/Unreal Projects/Artkana_Project/Content/Variant_SideScroller/Blueprints/Level_Objects/Rails/BPC_RailGrind.uexp" 1391
"C:/Users/andre/OneDrive/Documents/Unreal Projects/Artkana_Project/Content/Characters/Mannequins/Anims/Kana/KanaSlide_Anim.uasset" 1392
"C:/Users/andre/OneDrive/Documents/Unreal Projects/Artkana_Project/Content/Characters/Mannequins/Anims/Kana/KanaSlide_Anim.uexp" 1393
"C:/Users/andre/OneDrive/Documents/Unreal Projects/Artkana_Project/Content/Variant_SideScroller/Anims/ABP_Sliding.uasset" 1394
"C:/Users/andre/OneDrive/Documents/Unreal Projects/Artkana_Project/Content/Variant_SideScroller/Anims/ABP_Sliding.uexp" 1395
"C:/Users/andre/OneDrive/Documents/Unreal Projects/Artkana_Project/Content/Variant_SideScroller/Anims/ABP_Manny_SideScroller.uasset" 1396
"C:/Users/andre/OneDrive/Documents/Unreal Projects/Artkana_Project/Content/Variant_SideScroller/Anims/ABP_Manny_SideScroller.uexp" 1397
"C:/Users/andre/OneDrive/Documents/Unreal Projects/Artkana_Project/Content/Variant_SideScroller/Blueprints/Enemies/NewEnemies/Enemies/BP_Sniper_Variant.uasset" 1398
"C:/Users/andre/OneDrive/Documents/Unreal Projects/Artkana_Project/Content/Variant_SideScroller/Blueprints/Enemies/NewEnemies/Enemies/BP_Sniper_Variant.uexp" 1399
"C:/Users/andre/OneDrive/Documents/Unreal Projects/Artkana_Project/Content/Variant_SideScroller/Blueprints/Enemies/NewEnemies/Enemies/BP_SniperBase.uasset" 1400
"C:/Users/andre/OneDrive/Documents/Unreal Projects/Artkana_Project/Content/Variant_SideScroller/Blueprints/Enemies/NewEnemies/Enemies/BP_SniperBase.uexp" 1401
"C:/Users/andre/OneDrive/Documents/Unreal Projects/Artkana_Project/Content/Variant_SideScroller/Blueprints/SlashHitbox.uasset" 1402
"C:/Users/andre/OneDrive/Documents/Unreal Projects/Artkana_Project/Content/Variant_SideScroller/Blueprints/SlashHitbox.uexp" 1403
"C:/Users/andre/OneDrive/Documents/Unreal Projects/Artkana_Project/Content/Variant_SideScroller/Blueprints/BP_SideScrollingCameraManager.uasset" 1404
"C:/Users/andre/OneDrive/Documents/Unreal Projects/Artkana_Project/Content/Variant_SideScroller/Blueprints/BP_SideScrollingCameraManager.uexp" 1405
"C:/Users/andre/OneDrive/Documents/Unreal Projects/Artkana_Project/Content/Variant_SideScroller/Input/Actions/IA_Ability2.uasset" 1406
"C:/Users/andre/OneDrive/Documents/Unreal Projects/Artkana_Project/Content/Variant_SideScroller/Input/Actions/IA_Ability2.uexp" 1407
"C:/Users/andre/OneDrive/Documents/Unreal Projects/Artkana_Project/Content/Variant_SideScroller/Input/Actions/IA_Ability1.uasset" 1408
"C:/Users/andre/OneDrive/Documents/Unreal Projects/Artkana_Project/Content/Variant_SideScroller/Input/Actions/IA_Ability1.uexp" 1409
"C:/Users/andre/OneDrive/Documents/Unreal Projects/Artkana_Project/Content/Variant_SideScroller/Blueprints/BP_TimeManager.uasset" 1410
"C:/Users/andre/OneDrive/Documents/Unreal Projects/Artkana_Project/Content/Variant_SideScroller/Blueprints/BP_TimeManager.uexp" 1411
"C:/Users/andre/OneDrive/Documents/Unreal Projects/Artkana_Project/Content/Variant_SideScroller/Blueprints/Abilities/BP_AbilityBase.uasset" 1412
"C:/Users/andre/OneDrive/Documents/Unreal Projects/Artkana_Project/Content/Variant_SideScroller/Blueprints/Abilities/BP_AbilityBase.uexp" 1413
"C:/Users/andre/OneDrive/Documents/Unreal Projects/Artkana_Project/Content/Sword_And_Shield_Slash_Anim.uasset" 1414
"C:/Users/andre/OneDrive/Documents/Unreal Projects/Artkana_Project/Content/Sword_And_Shield_Slash_Anim.uexp" 1415
"C:/Users/andre/OneDrive/Documents/Unreal Projects/Artkana_Project/Content/Slash.uasset" 1416
"C:/Users/andre/OneDrive/Documents/Unreal Projects/Artkana_Project/Content/Slash.uexp" 1417
"C:/Users/andre/OneDrive/Documents/Unreal Projects/Artkana_Project/Content/Variant_SideScroller/Blueprints/Abilities/BP_SlashAbility.uasset" 1418
"C:/Users/andre/OneDrive/Documents/Unreal Projects/Artkana_Project/Content/Variant_SideScroller/Blueprints/Abilities/BP_SlashAbility.uexp" 1419
"C:/Users/andre/OneDrive/Documents/Unreal Projects/Artkana_Project/Content/Variant_SideScroller/Blueprints/Abilities/BP_SakuraShiftAbility.uasset" 1420
"C:/Users/andre/OneDrive/Documents/Unreal Projects/Artkana_Project/Content/Variant_SideScroller/Blueprints/Abilities/BP_SakuraShiftAbility.uexp" 1421
"C:/Users/andre/OneDrive/Documents/Unreal Projects/Artkana_Project/Content/Variant_SideScroller/Blueprints/Abilities/BP_PiercingRose.uasset" 1422
"C:/Users/andre/OneDrive/Documents/Unreal Projects/Artkana_Project/Content/Variant_SideScroller/Blueprints/Abilities/BP_PiercingRose.uexp" 1423
"C:/Users/andre/OneDrive/Documents/Unreal Projects/Artkana_Project/Content/Variant_SideScroller/Blueprints/Abilities/RT_VignetteGradient.uasset" 1424
"C:/Users/andre/OneDrive/Documents/Unreal Projects/Artkana_Project/Content/Variant_SideScroller/Blueprints/Abilities/RT_VignetteGradient.uexp" 1425
"C:/Users/andre/OneDrive/Documents/Unreal Projects/Artkana_Project/Content/Variant_SideScroller/Blueprints/Abilities/WBP_Vignette.uasset" 1426
"C:/Users/andre/OneDrive/Documents/Unreal Projects/Artkana_Project/Content/Variant_SideScroller/Blueprints/Abilities/WBP_Vignette.uexp" 1427
"../../../Engine/Content/Functions/Engine_MaterialFunctions01/Density/ExponentialDensity.uasset" 1428
"../../../Engine/Content/Functions/Engine_MaterialFunctions01/Density/ExponentialDensity.uexp" 1429
"../../../Engine/Content/Functions/Engine_MaterialFunctions01/Gradient/RadialGradientExponential.uasset" 1430
"../../../Engine/Content/Functions/Engine_MaterialFunctions01/Gradient/RadialGradientExponential.uexp" 1431
"C:/Users/andre/OneDrive/Documents/Unreal Projects/Artkana_Project/Content/Variant_SideScroller/Blueprints/Abilities/M_VignetteGradient.uasset" 1432
"C:/Users/andre/OneDrive/Documents/Unreal Projects/Artkana_Project/Content/Variant_SideScroller/Blueprints/Abilities/M_VignetteGradient.uexp" 1433
"../../../Engine/Content/BasicShapes/Cylinder.ubulk" 1434
"../../../Engine/Content/BasicShapes/Cylinder.uasset" 1435
"../../../Engine/Content/BasicShapes/Cylinder.uexp" 1436
"C:/Users/andre/OneDrive/Documents/Unreal Projects/Artkana_Project/Content/GeneralAssets/Kana/Mesh/lambert8.uasset" 1437
"C:/Users/andre/OneDrive/Documents/Unreal Projects/Artkana_Project/Content/GeneralAssets/Kana/Mesh/lambert8.uexp" 1438
"C:/Users/andre/OneDrive/Documents/Unreal Projects/Artkana_Project/Content/Variant_SideScroller/Blueprints/Abilities/BP_LilacLashProjectile.uasset" 1439
"C:/Users/andre/OneDrive/Documents/Unreal Projects/Artkana_Project/Content/Variant_SideScroller/Blueprints/Abilities/BP_LilacLashProjectile.uexp" 1440
"C:/Users/andre/OneDrive/Documents/Unreal Projects/Artkana_Project/Content/Variant_SideScroller/Blueprints/Abilities/BP_LilacLash.uasset" 1441
"C:/Users/andre/OneDrive/Documents/Unreal Projects/Artkana_Project/Content/Variant_SideScroller/Blueprints/Abilities/BP_LilacLash.uexp" 1442
"C:/Users/andre/OneDrive/Documents/Unreal Projects/Artkana_Project/Content/Variant_SideScroller/Blueprints/Abilities/BP_DoubleJumpAbility.uasset" 1443
"C:/Users/andre/OneDrive/Documents/Unreal Projects/Artkana_Project/Content/Variant_SideScroller/Blueprints/Abilities/BP_DoubleJumpAbility.uexp" 1444
"C:/Users/andre/OneDrive/Documents/Unreal Projects/Artkana_Project/Content/Variant_SideScroller/Blueprints/Abilities/BP_DashAbility.uasset" 1445
"C:/Users/andre/OneDrive/Documents/Unreal Projects/Artkana_Project/Content/Variant_SideScroller/Blueprints/Abilities/BP_DashAbility.uexp" 1446
"../../../Engine/Content/BasicShapes/Sphere.ubulk" 1447
"../../../Engine/Content/BasicShapes/Sphere.uasset" 1448
"../../../Engine/Content/BasicShapes/Sphere.uexp" 1449
"C:/Users/andre/OneDrive/Documents/Unreal Projects/Artkana_Project/Content/Variant_SideScroller/Blueprints/Fireball.uasset" 1450
"C:/Users/andre/OneDrive/Documents/Unreal Projects/Artkana_Project/Content/Variant_SideScroller/Blueprints/Fireball.uexp" 1451
"C:/Users/andre/OneDrive/Documents/Unreal Projects/Artkana_Project/Content/Variant_SideScroller/Blueprints/Abilities/BP_BronzeBulletAbility.uasset" 1452
"C:/Users/andre/OneDrive/Documents/Unreal Projects/Artkana_Project/Content/Variant_SideScroller/Blueprints/Abilities/BP_BronzeBulletAbility.uexp" 1453
"C:/Users/andre/OneDrive/Documents/Unreal Projects/Artkana_Project/Content/Variant_SideScroller/Blueprints/BP_SideScrollingCharacter.uasset" 1454
"C:/Users/andre/OneDrive/Documents/Unreal Projects/Artkana_Project/Content/Variant_SideScroller/Blueprints/BP_SideScrollingCharacter.uexp" 1455
"C:/Users/andre/OneDrive/Documents/Unreal Projects/Artkana_Project/Content/Variant_SideScroller/Blueprints/Level_Objects/DeathBarrier.uasset" 1456
"C:/Users/andre/OneDrive/Documents/Unreal Projects/Artkana_Project/Content/Variant_SideScroller/Blueprints/Level_Objects/DeathBarrier.uexp" 1457
"C:/Users/andre/OneDrive/Documents/Unreal Projects/Artkana_Project/Content/Variant_SideScroller/Blueprints/Level_Objects/Checkpoint.uasset" 1458
"C:/Users/andre/OneDrive/Documents/Unreal Projects/Artkana_Project/Content/Variant_SideScroller/Blueprints/Level_Objects/Checkpoint.uexp" 1459
"../../../Engine/Plugins/Interchange/Assets/Content/gltf/Textures/T_White_srgb.uasset" 1460
"../../../Engine/Plugins/Interchange/Assets/Content/gltf/Textures/T_White_srgb.uexp" 1461
"../../../Engine/Plugins/Interchange/Assets/Content/gltf/MaterialFunctions/MF_BaseColor.uasset" 1462
"../../../Engine/Plugins/Interchange/Assets/Content/gltf/MaterialFunctions/MF_BaseColor.uexp" 1463
"../../../Engine/Plugins/Interchange/Assets/Content/gltf/MaterialFunctions/MF_RotateV2.uasset" 1464
"../../../Engine/Plugins/Interchange/Assets/Content/gltf/MaterialFunctions/MF_RotateV2.uexp" 1465
"../../../Engine/Plugins/Interchange/Assets/Content/gltf/MaterialFunctions/MF_TransformUVs.uasset" 1466
"../../../Engine/Plugins/Interchange/Assets/Content/gltf/MaterialFunctions/MF_TransformUVs.uexp" 1467
"../../../Engine/Plugins/Interchange/Assets/Content/gltf/MaterialBodies/MF_Unlit_Body.uasset" 1468
"../../../Engine/Plugins/Interchange/Assets/Content/gltf/MaterialBodies/MF_Unlit_Body.uexp" 1469
"../../../Engine/Plugins/Interchange/Assets/Content/gltf/M_Unlit.uasset" 1470
"../../../Engine/Plugins/Interchange/Assets/Content/gltf/M_Unlit.uexp" 1471
"../../../Engine/Plugins/Interchange/Assets/Content/gltf/MaterialInstances/MI_Unlit_Opaque_DS.uasset" 1472
"../../../Engine/Plugins/Interchange/Assets/Content/gltf/MaterialInstances/MI_Unlit_Opaque_DS.uexp" 1473
"../../../Engine/Plugins/Interchange/Assets/Content/gltf/MaterialInstances/MI_Unlit_Opaque.uasset" 1474
"../../../Engine/Plugins/Interchange/Assets/Content/gltf/MaterialInstances/MI_Unlit_Opaque.uexp" 1475
"../../../Engine/Plugins/Interchange/Assets/Content/gltf/MaterialInstances/MI_Unlit_Mask_DS.uasset" 1476
"../../../Engine/Plugins/Interchange/Assets/Content/gltf/MaterialInstances/MI_Unlit_Mask_DS.uexp" 1477
"../../../Engine/Plugins/Interchange/Assets/Content/gltf/MaterialInstances/MI_Unlit_Mask.uasset" 1478
"../../../Engine/Plugins/Interchange/Assets/Content/gltf/MaterialInstances/MI_Unlit_Mask.uexp" 1479
"../../../Engine/Plugins/Interchange/Assets/Content/gltf/MaterialInstances/MI_Unlit_Blend_DS.uasset" 1480
"../../../Engine/Plugins/Interchange/Assets/Content/gltf/MaterialInstances/MI_Unlit_Blend_DS.uexp" 1481
"../../../Engine/Plugins/Interchange/Assets/Content/gltf/MaterialInstances/MI_Unlit_Blend.uasset" 1482
"../../../Engine/Plugins/Interchange/Assets/Content/gltf/MaterialInstances/MI_Unlit_Blend.uexp" 1483
"../../../Engine/Content/EngineMaterials/Good64x64TilingNoiseHighFreq.uasset" 1484
"../../../Engine/Content/EngineMaterials/Good64x64TilingNoiseHighFreq.uexp" 1485
"../../../Engine/Content/Functions/Engine_MaterialFunctions02/Texturing/ScreenAlignedPixelToPixelUVs.uasset" 1486
"../../../Engine/Content/Functions/Engine_MaterialFunctions02/Texturing/ScreenAlignedPixelToPixelUVs.uexp" 1487
"../../../Engine/Plugins/Interchange/Assets/Content/Utilities/New_LUT.uasset" 1488
"../../../Engine/Plugins/Interchange/Assets/Content/Utilities/New_LUT.uexp" 1489
"../../../Engine/Content/Functions/Engine_MaterialFunctions03/Math/RemapValueRange.uasset" 1490
"../../../Engine/Content/Functions/Engine_MaterialFunctions03/Math/RemapValueRange.uexp" 1491
"../../../Engine/Plugins/Interchange/Assets/Content/Functions/MF_Iridescence.uasset" 1492
"../../../Engine/Plugins/Interchange/Assets/Content/Functions/MF_Iridescence.uexp" 1493
"../../../Engine/Plugins/Interchange/Assets/Content/gltf/MaterialFunctions/MF_Fresnel_DS.uasset" 1494
"../../../Engine/Plugins/Interchange/Assets/Content/gltf/MaterialFunctions/MF_Fresnel_DS.uexp" 1495
"../../../Engine/Plugins/Interchange/Assets/Content/gltf/MaterialFunctions/MF_IOR.uasset" 1496
"../../../Engine/Plugins/Interchange/Assets/Content/gltf/MaterialFunctions/MF_IOR.uexp" 1497
"../../../Engine/Plugins/Interchange/Assets/Content/gltf/MaterialFunctions/MF_Iridescence.uasset" 1498
"../../../Engine/Plugins/Interchange/Assets/Content/gltf/MaterialFunctions/MF_Iridescence.uexp" 1499
"../../../Engine/Plugins/Interchange/Assets/Content/gltf/Textures/T_White_Linear.uasset" 1500
"../../../Engine/Plugins/Interchange/Assets/Content/gltf/Textures/T_White_Linear.uexp" 1501
"../../../Engine/Plugins/Interchange/Assets/Content/gltf/MaterialFunctions/MF_MetallicRoughness.uasset" 1502
"../../../Engine/Plugins/Interchange/Assets/Content/gltf/MaterialFunctions/MF_MetallicRoughness.uexp" 1503
"../../../Engine/Content/Functions/Engine_MaterialFunctions02/Math/Transform3x3Matrix.uasset" 1504
"../../../Engine/Content/Functions/Engine_MaterialFunctions02/Math/Transform3x3Matrix.uexp" 1505
"../../../Engine/Plugins/Interchange/Assets/Content/gltf/MaterialFunctions/MF_RotateNormals_TS.uasset" 1506
"../../../Engine/Plugins/Interchange/Assets/Content/gltf/MaterialFunctions/MF_RotateNormals_TS.uexp" 1507
"../../../Engine/Plugins/Interchange/Assets/Content/gltf/MaterialFunctions/MF_ScaleNormal.uasset" 1508
"../../../Engine/Plugins/Interchange/Assets/Content/gltf/MaterialFunctions/MF_ScaleNormal.uexp" 1509
"../../../Engine/Plugins/Interchange/Assets/Content/gltf/Textures/T_Generic_N.uasset" 1510
"../../../Engine/Plugins/Interchange/Assets/Content/gltf/Textures/T_Generic_N.uexp" 1511
"../../../Engine/Plugins/Interchange/Assets/Content/gltf/MaterialFunctions/MF_Normals.uasset" 1512
"../../../Engine/Plugins/Interchange/Assets/Content/gltf/MaterialFunctions/MF_Normals.uexp" 1513
"../../../Engine/Plugins/Interchange/Assets/Content/gltf/MaterialFunctions/MF_Occlusion.uasset" 1514
"../../../Engine/Plugins/Interchange/Assets/Content/gltf/MaterialFunctions/MF_Occlusion.uexp" 1515
"../../../Engine/Plugins/Interchange/Assets/Content/gltf/MaterialFunctions/MF_Specular.uasset" 1516
"../../../Engine/Plugins/Interchange/Assets/Content/gltf/MaterialFunctions/MF_Specular.uexp" 1517
"../../../Engine/Plugins/Interchange/Assets/Content/gltf/Textures/T_Anisotropy_Direction_Linear.uasset" 1518
"../../../Engine/Plugins/Interchange/Assets/Content/gltf/Textures/T_Anisotropy_Direction_Linear.uexp" 1519
"../../../Engine/Plugins/Interchange/Assets/Content/gltf/MaterialFunctions/MF_SpecularAnisotropy.uasset" 1520
"../../../Engine/Plugins/Interchange/Assets/Content/gltf/MaterialFunctions/MF_SpecularAnisotropy.uexp" 1521
"../../../Engine/Plugins/Interchange/Assets/Content/gltf/MaterialFunctions/MF_Temporal_Blur.uasset" 1522
"../../../Engine/Plugins/Interchange/Assets/Content/gltf/MaterialFunctions/MF_Temporal_Blur.uexp" 1523
"../../../Engine/Plugins/Interchange/Assets/Content/gltf/MaterialFunctions/MF_Transmission.uasset" 1524
"../../../Engine/Plugins/Interchange/Assets/Content/gltf/MaterialFunctions/MF_Transmission.uexp" 1525
"../../../Engine/Plugins/Interchange/Assets/Content/gltf/MaterialBodies/MF_Transmission_Body.uasset" 1526
"../../../Engine/Plugins/Interchange/Assets/Content/gltf/MaterialBodies/MF_Transmission_Body.uexp" 1527
"../../../Engine/Plugins/Interchange/Assets/Content/gltf/M_Transmission.uasset" 1528
"../../../Engine/Plugins/Interchange/Assets/Content/gltf/M_Transmission.uexp" 1529
"../../../Engine/Plugins/Interchange/Assets/Content/gltf/MaterialInstances/MI_Transmission_DS.uasset" 1530
"../../../Engine/Plugins/Interchange/Assets/Content/gltf/MaterialInstances/MI_Transmission_DS.uexp" 1531
"../../../Engine/Plugins/Interchange/Assets/Content/gltf/MaterialInstances/MI_Transmission.uasset" 1532
"../../../Engine/Plugins/Interchange/Assets/Content/gltf/MaterialInstances/MI_Transmission.uexp" 1533
"../../../Engine/Content/Functions/Engine_MaterialFunctions02/Math/AddComponents.uasset" 1534
"../../../Engine/Content/Functions/Engine_MaterialFunctions02/Math/AddComponents.uexp" 1535
"../../../Engine/Plugins/Interchange/Assets/Content/gltf/MaterialFunctions/MF_DiffuseSpecGloss.uasset" 1536
"../../../Engine/Plugins/Interchange/Assets/Content/gltf/MaterialFunctions/MF_DiffuseSpecGloss.uexp" 1537
"../../../Engine/Plugins/Interchange/Assets/Content/gltf/MaterialFunctions/MF_Emissive.uasset" 1538
"../../../Engine/Plugins/Interchange/Assets/Content/gltf/MaterialFunctions/MF_Emissive.uexp" 1539
"../../../Engine/Plugins/Interchange/Assets/Content/gltf/MaterialFunctions/MF_MaxComponentValue.uasset" 1540
"../../../Engine/Plugins/Interchange/Assets/Content/gltf/MaterialFunctions/MF_MaxComponentValue.uexp" 1541
"../../../Engine/Plugins/Interchange/Assets/Content/gltf/MaterialFunctions/MF_PerceivedBrightness.uasset" 1542
"../../../Engine/Plugins/Interchange/Assets/Content/gltf/MaterialFunctions/MF_PerceivedBrightness.uexp" 1543
"../../../Engine/Plugins/Interchange/Assets/Content/gltf/MaterialFunctions/MF_SpecGlossToMetalRoughness.uasset" 1544
"../../../Engine/Plugins/Interchange/Assets/Content/gltf/MaterialFunctions/MF_SpecGlossToMetalRoughness.uexp" 1545
"../../../Engine/Plugins/Interchange/Assets/Content/gltf/MaterialBodies/MF_SpecularGlossiness_Body.uasset" 1546
"../../../Engine/Plugins/Interchange/Assets/Content/gltf/MaterialBodies/MF_SpecularGlossiness_Body.uexp" 1547
"../../../Engine/Plugins/Interchange/Assets/Content/gltf/M_SpecularGlossiness.uasset" 1548
"../../../Engine/Plugins/Interchange/Assets/Content/gltf/M_SpecularGlossiness.uexp" 1549
"../../../Engine/Plugins/Interchange/Assets/Content/gltf/MaterialInstances/MI_SpecularGlossiness_Opaque_DS.uasset" 1550
"../../../Engine/Plugins/Interchange/Assets/Content/gltf/MaterialInstances/MI_SpecularGlossiness_Opaque_DS.uexp" 1551
"../../../Engine/Plugins/Interchange/Assets/Content/gltf/MaterialInstances/MI_SpecularGlossiness_Opaque.uasset" 1552
"../../../Engine/Plugins/Interchange/Assets/Content/gltf/MaterialInstances/MI_SpecularGlossiness_Opaque.uexp" 1553
"../../../Engine/Plugins/Interchange/Assets/Content/gltf/MaterialInstances/MI_SpecularGlossiness_Mask_DS.uasset" 1554
"../../../Engine/Plugins/Interchange/Assets/Content/gltf/MaterialInstances/MI_SpecularGlossiness_Mask_DS.uexp" 1555
"../../../Engine/Plugins/Interchange/Assets/Content/gltf/MaterialInstances/MI_SpecularGlossiness_Mask.uasset" 1556
"../../../Engine/Plugins/Interchange/Assets/Content/gltf/MaterialInstances/MI_SpecularGlossiness_Mask.uexp" 1557
"../../../Engine/Plugins/Interchange/Assets/Content/gltf/MaterialInstances/MI_SpecularGlossiness_Blend_DS.uasset" 1558
"../../../Engine/Plugins/Interchange/Assets/Content/gltf/MaterialInstances/MI_SpecularGlossiness_Blend_DS.uexp" 1559
"../../../Engine/Plugins/Interchange/Assets/Content/gltf/MaterialInstances/MI_SpecularGlossiness_Blend.uasset" 1560
"../../../Engine/Plugins/Interchange/Assets/Content/gltf/MaterialInstances/MI_SpecularGlossiness_Blend.uexp" 1561
"../../../Engine/Plugins/Interchange/Assets/Content/gltf/MaterialFunctions/MF_Sheen.uasset" 1562
"../../../Engine/Plugins/Interchange/Assets/Content/gltf/MaterialFunctions/MF_Sheen.uexp" 1563
"../../../Engine/Plugins/Interchange/Assets/Content/gltf/MaterialBodies/MF_Sheen_Body.uasset" 1564
"../../../Engine/Plugins/Interchange/Assets/Content/gltf/MaterialBodies/MF_Sheen_Body.uexp" 1565
"../../../Engine/Plugins/Interchange/Assets/Content/gltf/M_Sheen.uasset" 1566
"../../../Engine/Plugins/Interchange/Assets/Content/gltf/M_Sheen.uexp" 1567
"../../../Engine/Plugins/Interchange/Assets/Content/gltf/MaterialInstances/MI_Sheen_Opaque_DS.uasset" 1568
"../../../Engine/Plugins/Interchange/Assets/Content/gltf/MaterialInstances/MI_Sheen_Opaque_DS.uexp" 1569
"../../../Engine/Plugins/Interchange/Assets/Content/gltf/MaterialInstances/MI_Sheen_Opaque.uasset" 1570
"../../../Engine/Plugins/Interchange/Assets/Content/gltf/MaterialInstances/MI_Sheen_Opaque.uexp" 1571
"../../../Engine/Plugins/Interchange/Assets/Content/gltf/MaterialInstances/MI_Sheen_Mask_DS.uasset" 1572
"../../../Engine/Plugins/Interchange/Assets/Content/gltf/MaterialInstances/MI_Sheen_Mask_DS.uexp" 1573
"../../../Engine/Plugins/Interchange/Assets/Content/gltf/MaterialInstances/MI_Sheen_Mask.uasset" 1574
"../../../Engine/Plugins/Interchange/Assets/Content/gltf/MaterialInstances/MI_Sheen_Mask.uexp" 1575
"../../../Engine/Plugins/Interchange/Assets/Content/gltf/MaterialInstances/MI_Sheen_Blend_DS.uasset" 1576
"../../../Engine/Plugins/Interchange/Assets/Content/gltf/MaterialInstances/MI_Sheen_Blend_DS.uexp" 1577
"../../../Engine/Plugins/Interchange/Assets/Content/gltf/MaterialInstances/MI_Sheen_Blend.uasset" 1578
"../../../Engine/Plugins/Interchange/Assets/Content/gltf/MaterialInstances/MI_Sheen_Blend.uexp" 1579
"../../../Engine/Plugins/Interchange/Assets/Content/gltf/MaterialBodies/MF_Default_Body.uasset" 1580
"../../../Engine/Plugins/Interchange/Assets/Content/gltf/MaterialBodies/MF_Default_Body.uexp" 1581
"../../../Engine/Plugins/Interchange/Assets/Content/gltf/M_Default.uasset" 1582
"../../../Engine/Plugins/Interchange/Assets/Content/gltf/M_Default.uexp" 1583
"../../../Engine/Plugins/Interchange/Assets/Content/gltf/MaterialInstances/MI_Default_Opaque_DS.uasset" 1584
"../../../Engine/Plugins/Interchange/Assets/Content/gltf/MaterialInstances/MI_Default_Opaque_DS.uexp" 1585
"../../../Engine/Plugins/Interchange/Assets/Content/gltf/MaterialInstances/MI_Default_Opaque.uasset" 1586
"../../../Engine/Plugins/Interchange/Assets/Content/gltf/MaterialInstances/MI_Default_Opaque.uexp" 1587
"../../../Engine/Plugins/Interchange/Assets/Content/gltf/MaterialInstances/MI_Default_Mask_DS.uasset" 1588
"../../../Engine/Plugins/Interchange/Assets/Content/gltf/MaterialInstances/MI_Default_Mask_DS.uexp" 1589
"../../../Engine/Plugins/Interchange/Assets/Content/gltf/MaterialInstances/MI_Default_Mask.uasset" 1590
"../../../Engine/Plugins/Interchange/Assets/Content/gltf/MaterialInstances/MI_Default_Mask.uexp" 1591
"../../../Engine/Plugins/Interchange/Assets/Content/gltf/MaterialInstances/MI_Default_Blend_DS.uasset" 1592
"../../../Engine/Plugins/Interchange/Assets/Content/gltf/MaterialInstances/MI_Default_Blend_DS.uexp" 1593
"../../../Engine/Plugins/Interchange/Assets/Content/gltf/MaterialInstances/MI_Default_Blend.uasset" 1594
"../../../Engine/Plugins/Interchange/Assets/Content/gltf/MaterialInstances/MI_Default_Blend.uexp" 1595
"../../../Engine/Content/Functions/Engine_MaterialFunctions01/Texturing/FlattenNormal.uasset" 1596
"../../../Engine/Content/Functions/Engine_MaterialFunctions01/Texturing/FlattenNormal.uexp" 1597
"../../../Engine/Plugins/Interchange/Assets/Content/gltf/MaterialFunctions/MF_Clearcoat.uasset" 1598
"../../../Engine/Plugins/Interchange/Assets/Content/gltf/MaterialFunctions/MF_Clearcoat.uexp" 1599
"../../../Engine/Plugins/Interchange/Assets/Content/gltf/MaterialBodies/MF_ClearCoat_Body.uasset" 1600
"../../../Engine/Plugins/Interchange/Assets/Content/gltf/MaterialBodies/MF_ClearCoat_Body.uexp" 1601
"../../../Engine/Plugins/Interchange/Assets/Content/gltf/M_ClearCoat.uasset" 1602
"../../../Engine/Plugins/Interchange/Assets/Content/gltf/M_ClearCoat.uexp" 1603
"../../../Engine/Plugins/Interchange/Assets/Content/gltf/MaterialInstances/MI_ClearCoat_Opaque_DS.uasset" 1604
"../../../Engine/Plugins/Interchange/Assets/Content/gltf/MaterialInstances/MI_ClearCoat_Opaque_DS.uexp" 1605
"../../../Engine/Plugins/Interchange/Assets/Content/gltf/MaterialInstances/MI_ClearCoat_Opaque.uasset" 1606
"../../../Engine/Plugins/Interchange/Assets/Content/gltf/MaterialInstances/MI_ClearCoat_Opaque.uexp" 1607
"../../../Engine/Plugins/Interchange/Assets/Content/gltf/MaterialInstances/MI_ClearCoat_Mask_DS.uasset" 1608
"../../../Engine/Plugins/Interchange/Assets/Content/gltf/MaterialInstances/MI_ClearCoat_Mask_DS.uexp" 1609
"../../../Engine/Plugins/Interchange/Assets/Content/gltf/MaterialInstances/MI_ClearCoat_Mask.uasset" 1610
"../../../Engine/Plugins/Interchange/Assets/Content/gltf/MaterialInstances/MI_ClearCoat_Mask.uexp" 1611
"../../../Engine/Plugins/Interchange/Assets/Content/gltf/MaterialInstances/MI_ClearCoat_Blend_DS.uasset" 1612
"../../../Engine/Plugins/Interchange/Assets/Content/gltf/MaterialInstances/MI_ClearCoat_Blend_DS.uexp" 1613
"../../../Engine/Plugins/Interchange/Assets/Content/gltf/MaterialInstances/MI_ClearCoat_Blend.uasset" 1614
"../../../Engine/Plugins/Interchange/Assets/Content/gltf/MaterialInstances/MI_ClearCoat_Blend.uexp" 1615
"../../../Engine/Content/VREditor/TransformGizmo/Xray.uasset" 1616
"../../../Engine/Content/VREditor/TransformGizmo/Xray.uexp" 1617
"../../../Engine/Content/VREditor/TransformGizmo/Main.uasset" 1618
"../../../Engine/Content/VREditor/TransformGizmo/Main.uexp" 1619
"../../../Engine/Content/VREditor/TransformGizmo/SM_Sequencer_Node.ubulk" 1620
"../../../Engine/Content/VREditor/TransformGizmo/SM_Sequencer_Node.uasset" 1621
"../../../Engine/Content/VREditor/TransformGizmo/SM_Sequencer_Node.uexp" 1622
"../../../Engine/Content/VREditor/TransformGizmo/TranslucentTransformGizmoMaterial.uasset" 1623
"../../../Engine/Content/VREditor/TransformGizmo/TranslucentTransformGizmoMaterial.uexp" 1624
"../../../Engine/Content/VREditor/LaserPointer/VR_LaserPower_01.ubulk" 1625
"../../../Engine/Content/VREditor/LaserPointer/VR_LaserPower_01.uasset" 1626
"../../../Engine/Content/VREditor/LaserPointer/VR_LaserPower_01.uexp" 1627
"../../../Engine/Content/VREditor/TransformGizmo/TransformGizmoMaterial.uasset" 1628
"../../../Engine/Content/VREditor/TransformGizmo/TransformGizmoMaterial.uexp" 1629
"../../../Engine/Content/VREditor/TransformGizmo/BoundingBoxEdge.ubulk" 1630
"../../../Engine/Content/VREditor/TransformGizmo/BoundingBoxEdge.uasset" 1631
"../../../Engine/Content/VREditor/TransformGizmo/BoundingBoxEdge.uexp" 1632
"../../../Engine/Content/VREditor/TransformGizmo/BoundingBoxCorner.ubulk" 1633
"../../../Engine/Content/VREditor/TransformGizmo/BoundingBoxCorner.uasset" 1634
"../../../Engine/Content/VREditor/TransformGizmo/BoundingBoxCorner.uexp" 1635
"C:/Users/andre/OneDrive/Documents/Unreal Projects/Artkana_Project/Content/Characters/Enemies/stray/stray_standardSurface1_OcclusionRoughnessMetallic.ubulk" 1636
"C:/Users/andre/OneDrive/Documents/Unreal Projects/Artkana_Project/Content/Characters/Enemies/stray/stray_standardSurface1_OcclusionRoughnessMetallic.uasset" 1637
"C:/Users/andre/OneDrive/Documents/Unreal Projects/Artkana_Project/Content/Characters/Enemies/stray/stray_standardSurface1_OcclusionRoughnessMetallic.uexp" 1638
"C:/Users/andre/OneDrive/Documents/Unreal Projects/Artkana_Project/Content/Characters/Enemies/stray/stray_standardSurface1_Normal.ubulk" 1639
"C:/Users/andre/OneDrive/Documents/Unreal Projects/Artkana_Project/Content/Characters/Enemies/stray/stray_standardSurface1_Normal.uasset" 1640
"C:/Users/andre/OneDrive/Documents/Unreal Projects/Artkana_Project/Content/Characters/Enemies/stray/stray_standardSurface1_Normal.uexp" 1641
"C:/Users/andre/OneDrive/Documents/Unreal Projects/Artkana_Project/Content/Characters/Enemies/stray/stray_standardSurface1_Emissive.ubulk" 1642
"C:/Users/andre/OneDrive/Documents/Unreal Projects/Artkana_Project/Content/Characters/Enemies/stray/stray_standardSurface1_Emissive.uasset" 1643
"C:/Users/andre/OneDrive/Documents/Unreal Projects/Artkana_Project/Content/Characters/Enemies/stray/stray_standardSurface1_Emissive.uexp" 1644
"C:/Users/andre/OneDrive/Documents/Unreal Projects/Artkana_Project/Content/Characters/Enemies/stray/stray_standardSurface1_BaseColor.ubulk" 1645
"C:/Users/andre/OneDrive/Documents/Unreal Projects/Artkana_Project/Content/Characters/Enemies/stray/stray_standardSurface1_BaseColor.uasset" 1646
"C:/Users/andre/OneDrive/Documents/Unreal Projects/Artkana_Project/Content/Characters/Enemies/stray/stray_standardSurface1_BaseColor.uexp" 1647
"C:/Users/andre/OneDrive/Documents/Unreal Projects/Artkana_Project/Content/Characters/Enemies/stray/stray_texture.uasset" 1648
"C:/Users/andre/OneDrive/Documents/Unreal Projects/Artkana_Project/Content/Characters/Enemies/stray/stray_texture.uexp" 1649
"C:/Users/andre/OneDrive/Documents/Unreal Projects/Artkana_Project/Content/Characters/Enemies/stray/stray.ubulk" 1650
"C:/Users/andre/OneDrive/Documents/Unreal Projects/Artkana_Project/Content/Characters/Enemies/stray/stray.uasset" 1651
"C:/Users/andre/OneDrive/Documents/Unreal Projects/Artkana_Project/Content/Characters/Enemies/stray/stray.uexp" 1652
"C:/Users/andre/OneDrive/Documents/Unreal Projects/Artkana_Project/Content/Characters/Enemies/sniper/sniper_standardSurface2_OcclusionRoughnessMetallic.ubulk" 1653
"C:/Users/andre/OneDrive/Documents/Unreal Projects/Artkana_Project/Content/Characters/Enemies/sniper/sniper_standardSurface2_OcclusionRoughnessMetallic.uasset" 1654
"C:/Users/andre/OneDrive/Documents/Unreal Projects/Artkana_Project/Content/Characters/Enemies/sniper/sniper_standardSurface2_OcclusionRoughnessMetallic.uexp" 1655
"C:/Users/andre/OneDrive/Documents/Unreal Projects/Artkana_Project/Content/Characters/Enemies/sniper/sniper_standardSurface2_Normal.ubulk" 1656
"C:/Users/andre/OneDrive/Documents/Unreal Projects/Artkana_Project/Content/Characters/Enemies/sniper/sniper_standardSurface2_Normal.uasset" 1657
"C:/Users/andre/OneDrive/Documents/Unreal Projects/Artkana_Project/Content/Characters/Enemies/sniper/sniper_standardSurface2_Normal.uexp" 1658
"C:/Users/andre/OneDrive/Documents/Unreal Projects/Artkana_Project/Content/Characters/Enemies/sniper/sniper_standardSurface2_BaseColor.ubulk" 1659
"C:/Users/andre/OneDrive/Documents/Unreal Projects/Artkana_Project/Content/Characters/Enemies/sniper/sniper_standardSurface2_BaseColor.uasset" 1660
"C:/Users/andre/OneDrive/Documents/Unreal Projects/Artkana_Project/Content/Characters/Enemies/sniper/sniper_standardSurface2_BaseColor.uexp" 1661
"C:/Users/andre/OneDrive/Documents/Unreal Projects/Artkana_Project/Content/Characters/Enemies/sniper/sniper_texture.uasset" 1662
"C:/Users/andre/OneDrive/Documents/Unreal Projects/Artkana_Project/Content/Characters/Enemies/sniper/sniper_texture.uexp" 1663
"C:/Users/andre/OneDrive/Documents/Unreal Projects/Artkana_Project/Content/Characters/Enemies/sniper/sniper.ubulk" 1664
"C:/Users/andre/OneDrive/Documents/Unreal Projects/Artkana_Project/Content/Characters/Enemies/sniper/sniper.uasset" 1665
"C:/Users/andre/OneDrive/Documents/Unreal Projects/Artkana_Project/Content/Characters/Enemies/sniper/sniper.uexp" 1666
"C:/Users/andre/OneDrive/Documents/Unreal Projects/Artkana_Project/Content/LevelPrototyping/Platform_Assets/Buildings_Line_Midground_Textures/buildings_line_standardSurface1_OcclusionRoughnessMetallic_Raw_1001.ubulk" 1667
"C:/Users/andre/OneDrive/Documents/Unreal Projects/Artkana_Project/Content/LevelPrototyping/Platform_Assets/Buildings_Line_Midground_Textures/buildings_line_standardSurface1_OcclusionRoughnessMetallic_Raw_1001.uasset" 1668
"C:/Users/andre/OneDrive/Documents/Unreal Projects/Artkana_Project/Content/LevelPrototyping/Platform_Assets/Buildings_Line_Midground_Textures/buildings_line_standardSurface1_OcclusionRoughnessMetallic_Raw_1001.uexp" 1669
"C:/Users/andre/OneDrive/Documents/Unreal Projects/Artkana_Project/Content/LevelPrototyping/Platform_Assets/Buildings_Line_Midground_Textures/buildings_line_standardSurface1_Normal_Raw_1001.ubulk" 1670
"C:/Users/andre/OneDrive/Documents/Unreal Projects/Artkana_Project/Content/LevelPrototyping/Platform_Assets/Buildings_Line_Midground_Textures/buildings_line_standardSurface1_Normal_Raw_1001.uasset" 1671
"C:/Users/andre/OneDrive/Documents/Unreal Projects/Artkana_Project/Content/LevelPrototyping/Platform_Assets/Buildings_Line_Midground_Textures/buildings_line_standardSurface1_Normal_Raw_1001.uexp" 1672
"C:/Users/andre/OneDrive/Documents/Unreal Projects/Artkana_Project/Content/LevelPrototyping/Platform_Assets/Buildings_Line_Midground_Textures/buildings_line_standardSurface1_Emissive_sRGB_1001.ubulk" 1673
"C:/Users/andre/OneDrive/Documents/Unreal Projects/Artkana_Project/Content/LevelPrototyping/Platform_Assets/Buildings_Line_Midground_Textures/buildings_line_standardSurface1_Emissive_sRGB_1001.uasset" 1674
"C:/Users/andre/OneDrive/Documents/Unreal Projects/Artkana_Project/Content/LevelPrototyping/Platform_Assets/Buildings_Line_Midground_Textures/buildings_line_standardSurface1_Emissive_sRGB_1001.uexp" 1675
"C:/Users/andre/OneDrive/Documents/Unreal Projects/Artkana_Project/Content/LevelPrototyping/Platform_Assets/Buildings_Line_Midground_Textures/buildings_line_standardSurface1_BaseColor_sRGB_1001.ubulk" 1676
"C:/Users/andre/OneDrive/Documents/Unreal Projects/Artkana_Project/Content/LevelPrototyping/Platform_Assets/Buildings_Line_Midground_Textures/buildings_line_standardSurface1_BaseColor_sRGB_1001.uasset" 1677
"C:/Users/andre/OneDrive/Documents/Unreal Projects/Artkana_Project/Content/LevelPrototyping/Platform_Assets/Buildings_Line_Midground_Textures/buildings_line_standardSurface1_BaseColor_sRGB_1001.uexp" 1678
"C:/Users/andre/OneDrive/Documents/Unreal Projects/Artkana_Project/Content/LevelPrototyping/Platform_Assets/Buildings_Line_Midground_Textures/building_line.uasset" 1679
"C:/Users/andre/OneDrive/Documents/Unreal Projects/Artkana_Project/Content/LevelPrototyping/Platform_Assets/Buildings_Line_Midground_Textures/building_line.uexp" 1680
"C:/Users/andre/OneDrive/Documents/Unreal Projects/Artkana_Project/Content/LevelPrototyping/Materials/Stage2/M_FloatPlatform.uasset" 1681
"C:/Users/andre/OneDrive/Documents/Unreal Projects/Artkana_Project/Content/LevelPrototyping/Materials/Stage2/M_FloatPlatform.uexp" 1682
"C:/Users/andre/OneDrive/Documents/Unreal Projects/Artkana_Project/Content/LevelPrototyping/Materials/Instances/Stage2/MI_FloatPlatform.uasset" 1683
"C:/Users/andre/OneDrive/Documents/Unreal Projects/Artkana_Project/Content/LevelPrototyping/Materials/Instances/Stage2/MI_FloatPlatform.uexp" 1684
"C:/Users/andre/OneDrive/Documents/Unreal Projects/Artkana_Project/Content/LevelPrototyping/Meshes/Stage2/floating_platform.ubulk" 1685
"C:/Users/andre/OneDrive/Documents/Unreal Projects/Artkana_Project/Content/LevelPrototyping/Meshes/Stage2/floating_platform.uasset" 1686
"C:/Users/andre/OneDrive/Documents/Unreal Projects/Artkana_Project/Content/LevelPrototyping/Meshes/Stage2/floating_platform.uexp" 1687
"C:/Users/andre/OneDrive/Documents/Unreal Projects/Artkana_Project/Content/LevelPrototyping/Platform_Assets/Road_No_Lines_Textures/road_dx11Shader1_OcclusionRoughnessMetallic_Raw_1001.ubulk" 1688
"C:/Users/andre/OneDrive/Documents/Unreal Projects/Artkana_Project/Content/LevelPrototyping/Platform_Assets/Road_No_Lines_Textures/road_dx11Shader1_OcclusionRoughnessMetallic_Raw_1001.uasset" 1689
"C:/Users/andre/OneDrive/Documents/Unreal Projects/Artkana_Project/Content/LevelPrototyping/Platform_Assets/Road_No_Lines_Textures/road_dx11Shader1_OcclusionRoughnessMetallic_Raw_1001.uexp" 1690
"C:/Users/andre/OneDrive/Documents/Unreal Projects/Artkana_Project/Content/LevelPrototyping/Platform_Assets/Road_No_Lines_Textures/road_dx11Shader1_Normal_Raw_1001.ubulk" 1691
"C:/Users/andre/OneDrive/Documents/Unreal Projects/Artkana_Project/Content/LevelPrototyping/Platform_Assets/Road_No_Lines_Textures/road_dx11Shader1_Normal_Raw_1001.uasset" 1692
"C:/Users/andre/OneDrive/Documents/Unreal Projects/Artkana_Project/Content/LevelPrototyping/Platform_Assets/Road_No_Lines_Textures/road_dx11Shader1_Normal_Raw_1001.uexp" 1693
"C:/Users/andre/OneDrive/Documents/Unreal Projects/Artkana_Project/Content/LevelPrototyping/Platform_Assets/Road_No_Lines_Textures/road_dx11Shader1_Emissive_sRGB_1001.ubulk" 1694
"C:/Users/andre/OneDrive/Documents/Unreal Projects/Artkana_Project/Content/LevelPrototyping/Platform_Assets/Road_No_Lines_Textures/road_dx11Shader1_Emissive_sRGB_1001.uasset" 1695
"C:/Users/andre/OneDrive/Documents/Unreal Projects/Artkana_Project/Content/LevelPrototyping/Platform_Assets/Road_No_Lines_Textures/road_dx11Shader1_Emissive_sRGB_1001.uexp" 1696
"C:/Users/andre/OneDrive/Documents/Unreal Projects/Artkana_Project/Content/LevelPrototyping/Platform_Assets/Road_No_Lines_Textures/road_dx11Shader1_BaseColor_sRGB_1001.ubulk" 1697
"C:/Users/andre/OneDrive/Documents/Unreal Projects/Artkana_Project/Content/LevelPrototyping/Platform_Assets/Road_No_Lines_Textures/road_dx11Shader1_BaseColor_sRGB_1001.uasset" 1698
"C:/Users/andre/OneDrive/Documents/Unreal Projects/Artkana_Project/Content/LevelPrototyping/Platform_Assets/Road_No_Lines_Textures/road_dx11Shader1_BaseColor_sRGB_1001.uexp" 1699
"C:/Users/andre/OneDrive/Documents/Unreal Projects/Artkana_Project/Content/LevelPrototyping/Materials/Stage2/M_NoLineRoad.uasset" 1700
"C:/Users/andre/OneDrive/Documents/Unreal Projects/Artkana_Project/Content/LevelPrototyping/Materials/Stage2/M_NoLineRoad.uexp" 1701
"C:/Users/andre/OneDrive/Documents/Unreal Projects/Artkana_Project/Content/GeneralAssets/Kana/Mesh/standardSurface1.uasset" 1702
"C:/Users/andre/OneDrive/Documents/Unreal Projects/Artkana_Project/Content/GeneralAssets/Kana/Mesh/standardSurface1.uexp" 1703
"C:/Users/andre/OneDrive/Documents/Unreal Projects/Artkana_Project/Content/GeneralAssets/Kana/Mesh/lambert9.uasset" 1704
"C:/Users/andre/OneDrive/Documents/Unreal Projects/Artkana_Project/Content/GeneralAssets/Kana/Mesh/lambert9.uexp" 1705
"C:/Users/andre/OneDrive/Documents/Unreal Projects/Artkana_Project/Content/GeneralAssets/Kana/Mesh/lambert7.uasset" 1706
"C:/Users/andre/OneDrive/Documents/Unreal Projects/Artkana_Project/Content/GeneralAssets/Kana/Mesh/lambert7.uexp" 1707
"C:/Users/andre/OneDrive/Documents/Unreal Projects/Artkana_Project/Content/GeneralAssets/Kana/Mesh/lambert6.uasset" 1708
"C:/Users/andre/OneDrive/Documents/Unreal Projects/Artkana_Project/Content/GeneralAssets/Kana/Mesh/lambert6.uexp" 1709
"C:/Users/andre/OneDrive/Documents/Unreal Projects/Artkana_Project/Content/GeneralAssets/Kana/Mesh/lambert5.uasset" 1710
"C:/Users/andre/OneDrive/Documents/Unreal Projects/Artkana_Project/Content/GeneralAssets/Kana/Mesh/lambert5.uexp" 1711
"C:/Users/andre/OneDrive/Documents/Unreal Projects/Artkana_Project/Content/GeneralAssets/Kana/Mesh/lambert4.uasset" 1712
"C:/Users/andre/OneDrive/Documents/Unreal Projects/Artkana_Project/Content/GeneralAssets/Kana/Mesh/lambert4.uexp" 1713
"C:/Users/andre/OneDrive/Documents/Unreal Projects/Artkana_Project/Content/GeneralAssets/Kana/Mesh/lambert3.uasset" 1714
"C:/Users/andre/OneDrive/Documents/Unreal Projects/Artkana_Project/Content/GeneralAssets/Kana/Mesh/lambert3.uexp" 1715
"C:/Users/andre/OneDrive/Documents/Unreal Projects/Artkana_Project/Content/GeneralAssets/Kana/Mesh/lambert11.uasset" 1716
"C:/Users/andre/OneDrive/Documents/Unreal Projects/Artkana_Project/Content/GeneralAssets/Kana/Mesh/lambert11.uexp" 1717
"C:/Users/andre/OneDrive/Documents/Unreal Projects/Artkana_Project/Content/GeneralAssets/Kana/Mesh/lambert10.uasset" 1718
"C:/Users/andre/OneDrive/Documents/Unreal Projects/Artkana_Project/Content/GeneralAssets/Kana/Mesh/lambert10.uexp" 1719
"C:/Users/andre/OneDrive/Documents/Unreal Projects/Artkana_Project/Content/GeneralAssets/Kana/Mesh/lambert1.uasset" 1720
"C:/Users/andre/OneDrive/Documents/Unreal Projects/Artkana_Project/Content/GeneralAssets/Kana/Mesh/lambert1.uexp" 1721
"C:/Users/andre/OneDrive/Documents/Unreal Projects/Artkana_Project/Content/GeneralAssets/Kana/Mesh/KanaMesh_Skeleton.uasset" 1722
"C:/Users/andre/OneDrive/Documents/Unreal Projects/Artkana_Project/Content/GeneralAssets/Kana/Mesh/KanaMesh_Skeleton.uexp" 1723
"C:/Users/andre/OneDrive/Documents/Unreal Projects/Artkana_Project/Content/GeneralAssets/Kana/Mesh/KanaMesh.uasset" 1724
"C:/Users/andre/OneDrive/Documents/Unreal Projects/Artkana_Project/Content/GeneralAssets/Kana/Mesh/KanaMesh.uexp" 1725
"../../../Engine/Content/Functions/Engine_MaterialFunctions01/Shading/PowerToRoughness.uasset" 1726
"../../../Engine/Content/Functions/Engine_MaterialFunctions01/Shading/PowerToRoughness.uexp" 1727
"../../../Engine/Content/Functions/Engine_MaterialFunctions01/Shading/ConvertFromDiffSpec.uasset" 1728
"../../../Engine/Content/Functions/Engine_MaterialFunctions01/Shading/ConvertFromDiffSpec.uexp" 1729
"../../../Engine/Content/EngineMaterials/Substrate/Volume/SubstrateSimpleVolumeLUT3D.uasset" 1730
"../../../Engine/Content/EngineMaterials/Substrate/Volume/SubstrateSimpleVolumeLUT3D.uexp" 1731
"../../../Engine/Content/EngineMaterials/Substrate/Volume/SubstrateSimpleVolumeEnvLUT3D.uasset" 1732
"../../../Engine/Content/EngineMaterials/Substrate/Volume/SubstrateSimpleVolumeEnvLUT3D.uexp" 1733
"../../../Engine/Content/EngineMaterials/Substrate/Glints2/AGlintTex2dArray2.uasset" 1734
"../../../Engine/Content/EngineMaterials/Substrate/Glints2/AGlintTex2dArray2.uexp" 1735
"../../../Engine/Content/EngineMaterials/Substrate/GLints/AGlintTex2dArray.uasset" 1736
"../../../Engine/Content/EngineMaterials/Substrate/GLints/AGlintTex2dArray.uexp" 1737
"../../../Engine/Content/ArtTools/RenderToTexture/Meshes/S_1_Unit_Plane.ubulk" 1738
"../../../Engine/Content/ArtTools/RenderToTexture/Meshes/S_1_Unit_Plane.uasset" 1739
"../../../Engine/Content/ArtTools/RenderToTexture/Meshes/S_1_Unit_Plane.uexp" 1740
"C:/Users/andre/OneDrive/Documents/Unreal Projects/Artkana_Project/Content/Characters/Enemies/Drone/standardSurface1.uasset" 1741
"C:/Users/andre/OneDrive/Documents/Unreal Projects/Artkana_Project/Content/Characters/Enemies/Drone/standardSurface1.uexp" 1742
"C:/Users/andre/OneDrive/Documents/Unreal Projects/Artkana_Project/Content/Characters/Enemies/Drone/drone.ubulk" 1743
"C:/Users/andre/OneDrive/Documents/Unreal Projects/Artkana_Project/Content/Characters/Enemies/Drone/drone.uasset" 1744
"C:/Users/andre/OneDrive/Documents/Unreal Projects/Artkana_Project/Content/Characters/Enemies/Drone/drone.uexp" 1745
"C:/Users/andre/OneDrive/Documents/Unreal Projects/Artkana_Project/Content/Variant_SideScroller/Blueprints/Enemies/BP_DroneEnemy_Homing.uasset" 1746
"C:/Users/andre/OneDrive/Documents/Unreal Projects/Artkana_Project/Content/Variant_SideScroller/Blueprints/Enemies/BP_DroneEnemy_Homing.uexp" 1747
"C:/Users/andre/OneDrive/Documents/Unreal Projects/Artkana_Project/Content/LevelPrototyping/Textures/Concrete_Textures/concrete1_Base_Color.ubulk" 1748
"C:/Users/andre/OneDrive/Documents/Unreal Projects/Artkana_Project/Content/LevelPrototyping/Textures/Concrete_Textures/concrete1_Base_Color.uasset" 1749
"C:/Users/andre/OneDrive/Documents/Unreal Projects/Artkana_Project/Content/LevelPrototyping/Textures/Concrete_Textures/concrete1_Base_Color.uexp" 1750
"C:/Users/andre/OneDrive/Documents/Unreal Projects/Artkana_Project/Content/LevelPrototyping/Textures/Concrete_Textures/concrete1_Base_Color_Mat.uasset" 1751
"C:/Users/andre/OneDrive/Documents/Unreal Projects/Artkana_Project/Content/LevelPrototyping/Textures/Concrete_Textures/concrete1_Base_Color_Mat.uexp" 1752
"C:/Users/andre/OneDrive/Documents/Unreal Projects/Artkana_Project/Content/LevelPrototyping/2D_Art/Background/Level2/citay.uasset" 1753
"C:/Users/andre/OneDrive/Documents/Unreal Projects/Artkana_Project/Content/LevelPrototyping/2D_Art/Background/Level2/citay.uexp" 1754
"C:/Users/andre/OneDrive/Documents/Unreal Projects/Artkana_Project/Content/LevelPrototyping/2D_Art/Background/Level2/citay_Mat.uasset" 1755
"C:/Users/andre/OneDrive/Documents/Unreal Projects/Artkana_Project/Content/LevelPrototyping/2D_Art/Background/Level2/citay_Mat.uexp" 1756
"C:/Users/andre/OneDrive/Documents/Unreal Projects/Artkana_Project/Content/Characters/Mannequins/Anims/Kana/KanaWallClingJump_Anim.uasset" 1757
"C:/Users/andre/OneDrive/Documents/Unreal Projects/Artkana_Project/Content/Characters/Mannequins/Anims/Kana/KanaWallClingJump_Anim.uexp" 1758
"C:/Users/andre/OneDrive/Documents/Unreal Projects/Artkana_Project/Content/LevelPrototyping/Platform_Assets/NewTextures/bralt2/Building_Rounded_Alternate_2_Textures/dx11_ormal.ubulk" 1759
"C:/Users/andre/OneDrive/Documents/Unreal Projects/Artkana_Project/Content/LevelPrototyping/Platform_Assets/NewTextures/bralt2/Building_Rounded_Alternate_2_Textures/dx11_ormal.uasset" 1760
"C:/Users/andre/OneDrive/Documents/Unreal Projects/Artkana_Project/Content/LevelPrototyping/Platform_Assets/NewTextures/bralt2/Building_Rounded_Alternate_2_Textures/dx11_ormal.uexp" 1761
"C:/Users/andre/OneDrive/Documents/Unreal Projects/Artkana_Project/Content/LevelPrototyping/Platform_Assets/NewTextures/bralt2/Building_Rounded_Alternate_2_Textures/dx11_hness.ubulk" 1762
"C:/Users/andre/OneDrive/Documents/Unreal Projects/Artkana_Project/Content/LevelPrototyping/Platform_Assets/NewTextures/bralt2/Building_Rounded_Alternate_2_Textures/dx11_hness.uasset" 1763
"C:/Users/andre/OneDrive/Documents/Unreal Projects/Artkana_Project/Content/LevelPrototyping/Platform_Assets/NewTextures/bralt2/Building_Rounded_Alternate_2_Textures/dx11_hness.uexp" 1764
"C:/Users/andre/OneDrive/Documents/Unreal Projects/Artkana_Project/Content/LevelPrototyping/Platform_Assets/NewTextures/bralt2/Building_Rounded_Alternate_2_Textures/dx11_color.ubulk" 1765
"C:/Users/andre/OneDrive/Documents/Unreal Projects/Artkana_Project/Content/LevelPrototyping/Platform_Assets/NewTextures/bralt2/Building_Rounded_Alternate_2_Textures/dx11_color.uasset" 1766
"C:/Users/andre/OneDrive/Documents/Unreal Projects/Artkana_Project/Content/LevelPrototyping/Platform_Assets/NewTextures/bralt2/Building_Rounded_Alternate_2_Textures/dx11_color.uexp" 1767
"C:/Users/andre/OneDrive/Documents/Unreal Projects/Artkana_Project/Content/LevelPrototyping/Platform_Assets/NewTextures/bralt2/Building_Rounded_Alternate_2_Textures/dx11_allic.ubulk" 1768
"C:/Users/andre/OneDrive/Documents/Unreal Projects/Artkana_Project/Content/LevelPrototyping/Platform_Assets/NewTextures/bralt2/Building_Rounded_Alternate_2_Textures/dx11_allic.uasset" 1769
"C:/Users/andre/OneDrive/Documents/Unreal Projects/Artkana_Project/Content/LevelPrototyping/Platform_Assets/NewTextures/bralt2/Building_Rounded_Alternate_2_Textures/dx11_allic.uexp" 1770
"C:/Users/andre/OneDrive/Documents/Unreal Projects/Artkana_Project/Content/LevelPrototyping/Platform_Assets/NewTextures/bralt2/Building_Rounded_Alternate_2_Textures/m_bralt2.uasset" 1771
"C:/Users/andre/OneDrive/Documents/Unreal Projects/Artkana_Project/Content/LevelPrototyping/Platform_Assets/NewTextures/bralt2/Building_Rounded_Alternate_2_Textures/m_bralt2.uexp" 1772
"C:/Users/andre/OneDrive/Documents/Unreal Projects/Artkana_Project/Content/LevelPrototyping/Platform_Assets/NewTextures/br/Building_Rounded_Textures/building_rounded_r4_BaseColor_sRGB.ubulk" 1773
"C:/Users/andre/OneDrive/Documents/Unreal Projects/Artkana_Project/Content/LevelPrototyping/Platform_Assets/NewTextures/br/Building_Rounded_Textures/building_rounded_r4_BaseColor_sRGB.uasset" 1774
"C:/Users/andre/OneDrive/Documents/Unreal Projects/Artkana_Project/Content/LevelPrototyping/Platform_Assets/NewTextures/br/Building_Rounded_Textures/building_rounded_r4_BaseColor_sRGB.uexp" 1775
"C:/Users/andre/OneDrive/Documents/Unreal Projects/Artkana_Project/Content/LevelPrototyping/Platform_Assets/NewTextures/br/Building_Rounded_Textures/building_rounded_hnessMetallic_Raw.ubulk" 1776
"C:/Users/andre/OneDrive/Documents/Unreal Projects/Artkana_Project/Content/LevelPrototyping/Platform_Assets/NewTextures/br/Building_Rounded_Textures/building_rounded_hnessMetallic_Raw.uasset" 1777
"C:/Users/andre/OneDrive/Documents/Unreal Projects/Artkana_Project/Content/LevelPrototyping/Platform_Assets/NewTextures/br/Building_Rounded_Textures/building_rounded_hnessMetallic_Raw.uexp" 1778
"C:/Users/andre/OneDrive/Documents/Unreal Projects/Artkana_Project/Content/LevelPrototyping/Platform_Assets/NewTextures/br/Building_Rounded_Textures/building_rounded_hader4_Normal_Raw.ubulk" 1779
"C:/Users/andre/OneDrive/Documents/Unreal Projects/Artkana_Project/Content/LevelPrototyping/Platform_Assets/NewTextures/br/Building_Rounded_Textures/building_rounded_hader4_Normal_Raw.uasset" 1780
"C:/Users/andre/OneDrive/Documents/Unreal Projects/Artkana_Project/Content/LevelPrototyping/Platform_Assets/NewTextures/br/Building_Rounded_Textures/building_rounded_hader4_Normal_Raw.uexp" 1781
"C:/Users/andre/OneDrive/Documents/Unreal Projects/Artkana_Project/Content/LevelPrototyping/Platform_Assets/NewTextures/br/Building_Rounded_Textures/building_rounded_er4_Emissive_sRGB.ubulk" 1782
"C:/Users/andre/OneDrive/Documents/Unreal Projects/Artkana_Project/Content/LevelPrototyping/Platform_Assets/NewTextures/br/Building_Rounded_Textures/building_rounded_er4_Emissive_sRGB.uasset" 1783
"C:/Users/andre/OneDrive/Documents/Unreal Projects/Artkana_Project/Content/LevelPrototyping/Platform_Assets/NewTextures/br/Building_Rounded_Textures/building_rounded_er4_Emissive_sRGB.uexp" 1784
"C:/Users/andre/OneDrive/Documents/Unreal Projects/Artkana_Project/Content/LevelPrototyping/Platform_Assets/NewTextures/br/Building_Rounded_Textures/br.uasset" 1785
"C:/Users/andre/OneDrive/Documents/Unreal Projects/Artkana_Project/Content/LevelPrototyping/Platform_Assets/NewTextures/br/Building_Rounded_Textures/br.uexp" 1786
"C:/Users/andre/OneDrive/Documents/Unreal Projects/Artkana_Project/Content/LevelPrototyping/Platform_Assets/NewTextures/bnralt2/Building_Not_Rounded_Alternate_2_Textures/dx11Shader2_Roughness.ubulk" 1787
"C:/Users/andre/OneDrive/Documents/Unreal Projects/Artkana_Project/Content/LevelPrototyping/Platform_Assets/NewTextures/bnralt2/Building_Not_Rounded_Alternate_2_Textures/dx11Shader2_Roughness.uasset" 1788
"C:/Users/andre/OneDrive/Documents/Unreal Projects/Artkana_Project/Content/LevelPrototyping/Platform_Assets/NewTextures/bnralt2/Building_Not_Rounded_Alternate_2_Textures/dx11Shader2_Roughness.uexp" 1789
"C:/Users/andre/OneDrive/Documents/Unreal Projects/Artkana_Project/Content/LevelPrototyping/Platform_Assets/NewTextures/bnralt2/Building_Not_Rounded_Alternate_2_Textures/dx11Shader2_Normal.ubulk" 1790
"C:/Users/andre/OneDrive/Documents/Unreal Projects/Artkana_Project/Content/LevelPrototyping/Platform_Assets/NewTextures/bnralt2/Building_Not_Rounded_Alternate_2_Textures/dx11Shader2_Normal.uasset" 1791
"C:/Users/andre/OneDrive/Documents/Unreal Projects/Artkana_Project/Content/LevelPrototyping/Platform_Assets/NewTextures/bnralt2/Building_Not_Rounded_Alternate_2_Textures/dx11Shader2_Normal.uexp" 1792
"C:/Users/andre/OneDrive/Documents/Unreal Projects/Artkana_Project/Content/LevelPrototyping/Platform_Assets/NewTextures/bnralt2/Building_Not_Rounded_Alternate_2_Textures/dx11Shader2_Metallic.ubulk" 1793
"C:/Users/andre/OneDrive/Documents/Unreal Projects/Artkana_Project/Content/LevelPrototyping/Platform_Assets/NewTextures/bnralt2/Building_Not_Rounded_Alternate_2_Textures/dx11Shader2_Metallic.uasset" 1794
"C:/Users/andre/OneDrive/Documents/Unreal Projects/Artkana_Project/Content/LevelPrototyping/Platform_Assets/NewTextures/bnralt2/Building_Not_Rounded_Alternate_2_Textures/dx11Shader2_Metallic.uexp" 1795
"C:/Users/andre/OneDrive/Documents/Unreal Projects/Artkana_Project/Content/LevelPrototyping/Platform_Assets/NewTextures/bnralt2/Building_Not_Rounded_Alternate_2_Textures/dx11Shader2_Base_color.ubulk" 1796
"C:/Users/andre/OneDrive/Documents/Unreal Projects/Artkana_Project/Content/LevelPrototyping/Platform_Assets/NewTextures/bnralt2/Building_Not_Rounded_Alternate_2_Textures/dx11Shader2_Base_color.uasset" 1797
"C:/Users/andre/OneDrive/Documents/Unreal Projects/Artkana_Project/Content/LevelPrototyping/Platform_Assets/NewTextures/bnralt2/Building_Not_Rounded_Alternate_2_Textures/dx11Shader2_Base_color.uexp" 1798
"C:/Users/andre/OneDrive/Documents/Unreal Projects/Artkana_Project/Content/LevelPrototyping/Platform_Assets/NewTextures/bnralt2/Building_Not_Rounded_Alternate_2_Textures/m_bnralt2.uasset" 1799
"C:/Users/andre/OneDrive/Documents/Unreal Projects/Artkana_Project/Content/LevelPrototyping/Platform_Assets/NewTextures/bnralt2/Building_Not_Rounded_Alternate_2_Textures/m_bnralt2.uexp" 1800
"C:/Users/andre/OneDrive/Documents/Unreal Projects/Artkana_Project/Content/LevelPrototyping/Platform_Assets/NewTextures/bnralt1/Building_Not_Rounded_Alternate_1_Textures/dx11Shader2_Roughness.ubulk" 1801
"C:/Users/andre/OneDrive/Documents/Unreal Projects/Artkana_Project/Content/LevelPrototyping/Platform_Assets/NewTextures/bnralt1/Building_Not_Rounded_Alternate_1_Textures/dx11Shader2_Roughness.uasset" 1802
"C:/Users/andre/OneDrive/Documents/Unreal Projects/Artkana_Project/Content/LevelPrototyping/Platform_Assets/NewTextures/bnralt1/Building_Not_Rounded_Alternate_1_Textures/dx11Shader2_Roughness.uexp" 1803
"C:/Users/andre/OneDrive/Documents/Unreal Projects/Artkana_Project/Content/LevelPrototyping/Platform_Assets/NewTextures/bnralt1/Building_Not_Rounded_Alternate_1_Textures/dx11Shader2_Normal.ubulk" 1804
"C:/Users/andre/OneDrive/Documents/Unreal Projects/Artkana_Project/Content/LevelPrototyping/Platform_Assets/NewTextures/bnralt1/Building_Not_Rounded_Alternate_1_Textures/dx11Shader2_Normal.uasset" 1805
"C:/Users/andre/OneDrive/Documents/Unreal Projects/Artkana_Project/Content/LevelPrototyping/Platform_Assets/NewTextures/bnralt1/Building_Not_Rounded_Alternate_1_Textures/dx11Shader2_Normal.uexp" 1806
"C:/Users/andre/OneDrive/Documents/Unreal Projects/Artkana_Project/Content/LevelPrototyping/Platform_Assets/NewTextures/bnralt1/Building_Not_Rounded_Alternate_1_Textures/dx11Shader2_Metallic.ubulk" 1807
"C:/Users/andre/OneDrive/Documents/Unreal Projects/Artkana_Project/Content/LevelPrototyping/Platform_Assets/NewTextures/bnralt1/Building_Not_Rounded_Alternate_1_Textures/dx11Shader2_Metallic.uasset" 1808
"C:/Users/andre/OneDrive/Documents/Unreal Projects/Artkana_Project/Content/LevelPrototyping/Platform_Assets/NewTextures/bnralt1/Building_Not_Rounded_Alternate_1_Textures/dx11Shader2_Metallic.uexp" 1809
"C:/Users/andre/OneDrive/Documents/Unreal Projects/Artkana_Project/Content/LevelPrototyping/Platform_Assets/NewTextures/bnralt1/Building_Not_Rounded_Alternate_1_Textures/dx11Shader2_Base_color.ubulk" 1810
"C:/Users/andre/OneDrive/Documents/Unreal Projects/Artkana_Project/Content/LevelPrototyping/Platform_Assets/NewTextures/bnralt1/Building_Not_Rounded_Alternate_1_Textures/dx11Shader2_Base_color.uasset" 1811
"C:/Users/andre/OneDrive/Documents/Unreal Projects/Artkana_Project/Content/LevelPrototyping/Platform_Assets/NewTextures/bnralt1/Building_Not_Rounded_Alternate_1_Textures/dx11Shader2_Base_color.uexp" 1812
"C:/Users/andre/OneDrive/Documents/Unreal Projects/Artkana_Project/Content/LevelPrototyping/Platform_Assets/NewTextures/bnralt1/Building_Not_Rounded_Alternate_1_Textures/m_bnralt1.uasset" 1813
"C:/Users/andre/OneDrive/Documents/Unreal Projects/Artkana_Project/Content/LevelPrototyping/Platform_Assets/NewTextures/bnralt1/Building_Not_Rounded_Alternate_1_Textures/m_bnralt1.uexp" 1814
"C:/Users/andre/OneDrive/Documents/Unreal Projects/Artkana_Project/Content/LevelPrototyping/Platform_Assets/NewTextures/bnr/Building_Not_Rounded_Textures/building_not_sMetallic_Raw.ubulk" 1815
"C:/Users/andre/OneDrive/Documents/Unreal Projects/Artkana_Project/Content/LevelPrototyping/Platform_Assets/NewTextures/bnr/Building_Not_Rounded_Textures/building_not_sMetallic_Raw.uasset" 1816
"C:/Users/andre/OneDrive/Documents/Unreal Projects/Artkana_Project/Content/LevelPrototyping/Platform_Assets/NewTextures/bnr/Building_Not_Rounded_Textures/building_not_sMetallic_Raw.uexp" 1817
"C:/Users/andre/OneDrive/Documents/Unreal Projects/Artkana_Project/Content/LevelPrototyping/Platform_Assets/NewTextures/bnr/Building_Not_Rounded_Textures/building_not_r2_Normal_Raw.ubulk" 1818
"C:/Users/andre/OneDrive/Documents/Unreal Projects/Artkana_Project/Content/LevelPrototyping/Platform_Assets/NewTextures/bnr/Building_Not_Rounded_Textures/building_not_r2_Normal_Raw.uasset" 1819
"C:/Users/andre/OneDrive/Documents/Unreal Projects/Artkana_Project/Content/LevelPrototyping/Platform_Assets/NewTextures/bnr/Building_Not_Rounded_Textures/building_not_r2_Normal_Raw.uexp" 1820
"C:/Users/andre/OneDrive/Documents/Unreal Projects/Artkana_Project/Content/LevelPrototyping/Platform_Assets/NewTextures/bnr/Building_Not_Rounded_Textures/building_not_Emissive_sRGB.ubulk" 1821
"C:/Users/andre/OneDrive/Documents/Unreal Projects/Artkana_Project/Content/LevelPrototyping/Platform_Assets/NewTextures/bnr/Building_Not_Rounded_Textures/building_not_Emissive_sRGB.uasset" 1822
"C:/Users/andre/OneDrive/Documents/Unreal Projects/Artkana_Project/Content/LevelPrototyping/Platform_Assets/NewTextures/bnr/Building_Not_Rounded_Textures/building_not_Emissive_sRGB.uexp" 1823
"C:/Users/andre/OneDrive/Documents/Unreal Projects/Artkana_Project/Content/LevelPrototyping/Platform_Assets/NewTextures/bnr/Building_Not_Rounded_Textures/building_not_aseColor_sRGB.ubulk" 1824
"C:/Users/andre/OneDrive/Documents/Unreal Projects/Artkana_Project/Content/LevelPrototyping/Platform_Assets/NewTextures/bnr/Building_Not_Rounded_Textures/building_not_aseColor_sRGB.uasset" 1825
"C:/Users/andre/OneDrive/Documents/Unreal Projects/Artkana_Project/Content/LevelPrototyping/Platform_Assets/NewTextures/bnr/Building_Not_Rounded_Textures/building_not_aseColor_sRGB.uexp" 1826
"C:/Users/andre/OneDrive/Documents/Unreal Projects/Artkana_Project/Content/LevelPrototyping/Platform_Assets/NewTextures/bnr/Building_Not_Rounded_Textures/m_bnr.uasset" 1827
"C:/Users/andre/OneDrive/Documents/Unreal Projects/Artkana_Project/Content/LevelPrototyping/Platform_Assets/NewTextures/bnr/Building_Not_Rounded_Textures/m_bnr.uexp" 1828
"C:/Users/andre/OneDrive/Documents/Unreal Projects/Artkana_Project/Content/LevelPrototyping/Platform_Assets/NewTextures/bmg/Buildings_Line_Midground_Textures/buildings_line_standardSurface1_OcclusionRoughnessMetallic_Raw.ubulk" 1829
"C:/Users/andre/OneDrive/Documents/Unreal Projects/Artkana_Project/Content/LevelPrototyping/Platform_Assets/NewTextures/bmg/Buildings_Line_Midground_Textures/buildings_line_standardSurface1_OcclusionRoughnessMetallic_Raw.uasset" 1830
"C:/Users/andre/OneDrive/Documents/Unreal Projects/Artkana_Project/Content/LevelPrototyping/Platform_Assets/NewTextures/bmg/Buildings_Line_Midground_Textures/buildings_line_standardSurface1_OcclusionRoughnessMetallic_Raw.uexp" 1831
"C:/Users/andre/OneDrive/Documents/Unreal Projects/Artkana_Project/Content/LevelPrototyping/Platform_Assets/NewTextures/bmg/Buildings_Line_Midground_Textures/buildings_line_standardSurface1_Normal_Raw.ubulk" 1832
"C:/Users/andre/OneDrive/Documents/Unreal Projects/Artkana_Project/Content/LevelPrototyping/Platform_Assets/NewTextures/bmg/Buildings_Line_Midground_Textures/buildings_line_standardSurface1_Normal_Raw.uasset" 1833
"C:/Users/andre/OneDrive/Documents/Unreal Projects/Artkana_Project/Content/LevelPrototyping/Platform_Assets/NewTextures/bmg/Buildings_Line_Midground_Textures/buildings_line_standardSurface1_Normal_Raw.uexp" 1834
"C:/Users/andre/OneDrive/Documents/Unreal Projects/Artkana_Project/Content/LevelPrototyping/Platform_Assets/NewTextures/bmg/Buildings_Line_Midground_Textures/buildings_line_standardSurface1_Emissive_sRGB.ubulk" 1835
"C:/Users/andre/OneDrive/Documents/Unreal Projects/Artkana_Project/Content/LevelPrototyping/Platform_Assets/NewTextures/bmg/Buildings_Line_Midground_Textures/buildings_line_standardSurface1_Emissive_sRGB.uasset" 1836
"C:/Users/andre/OneDrive/Documents/Unreal Projects/Artkana_Project/Content/LevelPrototyping/Platform_Assets/NewTextures/bmg/Buildings_Line_Midground_Textures/buildings_line_standardSurface1_Emissive_sRGB.uexp" 1837
"C:/Users/andre/OneDrive/Documents/Unreal Projects/Artkana_Project/Content/LevelPrototyping/Platform_Assets/NewTextures/bmg/Buildings_Line_Midground_Textures/buildings_line_standardSurface1_BaseColor_sRGB.ubulk" 1838
"C:/Users/andre/OneDrive/Documents/Unreal Projects/Artkana_Project/Content/LevelPrototyping/Platform_Assets/NewTextures/bmg/Buildings_Line_Midground_Textures/buildings_line_standardSurface1_BaseColor_sRGB.uasset" 1839
"C:/Users/andre/OneDrive/Documents/Unreal Projects/Artkana_Project/Content/LevelPrototyping/Platform_Assets/NewTextures/bmg/Buildings_Line_Midground_Textures/buildings_line_standardSurface1_BaseColor_sRGB.uexp" 1840
"C:/Users/andre/OneDrive/Documents/Unreal Projects/Artkana_Project/Content/LevelPrototyping/Platform_Assets/NewTextures/bmg/Buildings_Line_Midground_Textures/m_bmg.uasset" 1841
"C:/Users/andre/OneDrive/Documents/Unreal Projects/Artkana_Project/Content/LevelPrototyping/Platform_Assets/NewTextures/bmg/Buildings_Line_Midground_Textures/m_bmg.uexp" 1842
"C:/Users/andre/OneDrive/Documents/Unreal Projects/Artkana_Project/Content/Variant_SideScroller/Blueprints/Enemies/NewEnemies/Enemies/BP_LightGroundEnemy.uasset" 1843
"C:/Users/andre/OneDrive/Documents/Unreal Projects/Artkana_Project/Content/Variant_SideScroller/Blueprints/Enemies/NewEnemies/Enemies/BP_LightGroundEnemy.uexp" 1844
"C:/Users/andre/OneDrive/Documents/Unreal Projects/Artkana_Project/Content/Variant_SideScroller/Blueprints/Enemies/NewEnemies/Enemies/HeavyEnemyBeam.uasset" 1845
"C:/Users/andre/OneDrive/Documents/Unreal Projects/Artkana_Project/Content/Variant_SideScroller/Blueprints/Enemies/NewEnemies/Enemies/HeavyEnemyBeam.uexp" 1846
"C:/Users/andre/OneDrive/Documents/Unreal Projects/Artkana_Project/Content/Variant_SideScroller/Blueprints/Enemies/NewEnemies/Enemies/BP_HeavyGroundEnemy_Variant.uasset" 1847
"C:/Users/andre/OneDrive/Documents/Unreal Projects/Artkana_Project/Content/Variant_SideScroller/Blueprints/Enemies/NewEnemies/Enemies/BP_HeavyGroundEnemy_Variant.uexp" 1848
"../../../Engine/Content/EngineResources/LandscapeVisibilityLayerInfo.uasset" 1849
"../../../Engine/Content/EngineResources/LandscapeVisibilityLayerInfo.uexp" 1850
"../../../Engine/Content/VREditor/TransformGizmo/TranslucentTransformGizmoMaterial_Inst.uasset" 1851
"../../../Engine/Content/VREditor/TransformGizmo/TranslucentTransformGizmoMaterial_Inst.uexp" 1852
"../../../Engine/Content/VREditor/Sounds/UI/Drop_Item_From_ContentBrowser.ubulk" 1853
"../../../Engine/Content/VREditor/Sounds/UI/Drop_Item_From_ContentBrowser.uasset" 1854
"../../../Engine/Content/VREditor/Sounds/UI/Drop_Item_From_ContentBrowser.uexp" 1855
"../../../Engine/Content/VREditor/TransformGizmo/TransformGizmoMaterial_Inst.uasset" 1856
"../../../Engine/Content/VREditor/TransformGizmo/TransformGizmoMaterial_Inst.uexp" 1857
"../../../Engine/Content/VREditor/TransformGizmo/UniformScaleHandle.ubulk" 1858
"../../../Engine/Content/VREditor/TransformGizmo/UniformScaleHandle.uasset" 1859
"../../../Engine/Content/VREditor/TransformGizmo/UniformScaleHandle.uexp" 1860
"../../../Engine/Content/VREditor/TransformGizmo/TranslateArrowHandle.ubulk" 1861
"../../../Engine/Content/VREditor/TransformGizmo/TranslateArrowHandle.uasset" 1862
"../../../Engine/Content/VREditor/TransformGizmo/TranslateArrowHandle.uexp" 1863
"../../../Engine/Content/Functions/Engine_MaterialFunctions02/SplitComponents.uasset" 1864
"../../../Engine/Content/Functions/Engine_MaterialFunctions02/SplitComponents.uexp" 1865
"../../../Engine/Content/VREditor/SnapGrid/SnapGridMaterial.uasset" 1866
"../../../Engine/Content/VREditor/SnapGrid/SnapGridMaterial.uexp" 1867
"../../../Engine/Content/VREditor/SnapGrid/SnapGridPlaneMesh.ubulk" 1868
"../../../Engine/Content/VREditor/SnapGrid/SnapGridPlaneMesh.uasset" 1869
"../../../Engine/Content/VREditor/SnapGrid/SnapGridPlaneMesh.uexp" 1870
"../../../Engine/Content/VREditor/Sounds/UI/Gizmo_Handle_Clicked.ubulk" 1871
"../../../Engine/Content/VREditor/Sounds/UI/Gizmo_Handle_Clicked.uasset" 1872
"../../../Engine/Content/VREditor/Sounds/UI/Gizmo_Handle_Clicked.uexp" 1873
"../../../Engine/Content/VREditor/Sounds/UI/Object_PickUp.ubulk" 1874
"../../../Engine/Content/VREditor/Sounds/UI/Object_PickUp.uasset" 1875
"../../../Engine/Content/VREditor/Sounds/UI/Object_PickUp.uexp" 1876
"../../../Engine/Content/VREditor/Sounds/UI/Object_Snaps_To_Another_Actor.ubulk" 1877
"../../../Engine/Content/VREditor/Sounds/UI/Object_Snaps_To_Another_Actor.uasset" 1878
"../../../Engine/Content/VREditor/Sounds/UI/Object_Snaps_To_Another_Actor.uexp" 1879
"../../../Engine/Content/VREditor/Sounds/UI/Object_Snaps_To_Grid.ubulk" 1880
"../../../Engine/Content/VREditor/Sounds/UI/Object_Snaps_To_Grid.uasset" 1881
"../../../Engine/Content/VREditor/Sounds/UI/Object_Snaps_To_Grid.uexp" 1882
"../../../Engine/Content/VREditor/Sounds/UI/Scaling_Down.ubulk" 1883
"../../../Engine/Content/VREditor/Sounds/UI/Scaling_Down.uasset" 1884
"../../../Engine/Content/VREditor/Sounds/UI/Scaling_Down.uexp" 1885
"../../../Engine/Content/VREditor/Sounds/UI/Scaling_Up.ubulk" 1886
"../../../Engine/Content/VREditor/Sounds/UI/Scaling_Up.uasset" 1887
"../../../Engine/Content/VREditor/Sounds/UI/Scaling_Up.uexp" 1888
"../../../Engine/Content/VREditor/Sounds/UI/Selection_Changes.ubulk" 1889
"../../../Engine/Content/VREditor/Sounds/UI/Selection_Changes.uasset" 1890
"../../../Engine/Content/VREditor/Sounds/UI/Selection_Changes.uexp" 1891
"../../../Engine/Content/VREditor/TransformGizmo/PlaneTranslationHandle.ubulk" 1892
"../../../Engine/Content/VREditor/TransformGizmo/PlaneTranslationHandle.uasset" 1893
"../../../Engine/Content/VREditor/TransformGizmo/PlaneTranslationHandle.uexp" 1894
"../../../Engine/Content/VREditor/TransformGizmo/RotationHandleFull.ubulk" 1895
"../../../Engine/Content/VREditor/TransformGizmo/RotationHandleFull.uasset" 1896
"../../../Engine/Content/VREditor/TransformGizmo/RotationHandleFull.uexp" 1897
"../../../Engine/Content/VREditor/TransformGizmo/RotationHandleIndicator.ubulk" 1898
"../../../Engine/Content/VREditor/TransformGizmo/RotationHandleIndicator.uasset" 1899
"../../../Engine/Content/VREditor/TransformGizmo/RotationHandleIndicator.uexp" 1900
"../../../Engine/Content/VREditor/TransformGizmo/RotationHandleQuarter.ubulk" 1901
"../../../Engine/Content/VREditor/TransformGizmo/RotationHandleQuarter.uasset" 1902
"../../../Engine/Content/VREditor/TransformGizmo/RotationHandleQuarter.uexp" 1903
"../../../Engine/Content/VREditor/TransformGizmo/StartRotationHandleIndicator.ubulk" 1904
"../../../Engine/Content/VREditor/TransformGizmo/StartRotationHandleIndicator.uasset" 1905
"../../../Engine/Content/VREditor/TransformGizmo/StartRotationHandleIndicator.uexp" 1906
"../../../Engine/Content/VREditor/TransformGizmo/TransformGizmoFreeRotation.ubulk" 1907
"../../../Engine/Content/VREditor/TransformGizmo/TransformGizmoFreeRotation.uasset" 1908
"../../../Engine/Content/VREditor/TransformGizmo/TransformGizmoFreeRotation.uexp" 1909
"../../../Engine/Plugins/NNE/NNEDenoiser/Content/NNE_oidn2-3-0_rt_hdr_alb_nrm_small__dyn__fp16_opset11_DenoiseAlpha.uasset" 1910
"../../../Engine/Plugins/NNE/NNEDenoiser/Content/NNE_oidn2-3-0_rt_hdr_alb_nrm_small__dyn__fp16_opset11_DenoiseAlpha.uexp" 1911
"../../../Engine/Plugins/NNE/NNEDenoiser/Content/NNE_oidn2-3-0_rt_hdr_alb_nrm_small__dyn__fp16_opset11_ForwardAlpha.uasset" 1912
"../../../Engine/Plugins/NNE/NNEDenoiser/Content/NNE_oidn2-3-0_rt_hdr_alb_nrm_small__dyn__fp16_opset11_ForwardAlpha.uexp" 1913
"../../../Engine/Plugins/NNE/NNEDenoiser/Content/NNE_oidn2-3-0_rt_hdr_alb_nrm__dyn__fp16_opset11_DenoiseAlpha.uasset" 1914
"../../../Engine/Plugins/NNE/NNEDenoiser/Content/NNE_oidn2-3-0_rt_hdr_alb_nrm__dyn__fp16_opset11_DenoiseAlpha.uexp" 1915
"../../../Engine/Plugins/NNE/NNEDenoiser/Content/NNE_oidn2-3-0_rt_hdr_alb_nrm__dyn__fp16_opset11_ForwardAlpha.uasset" 1916
"../../../Engine/Plugins/NNE/NNEDenoiser/Content/NNE_oidn2-3-0_rt_hdr_alb_nrm__dyn__fp16_opset11_ForwardAlpha.uexp" 1917
"../../../Engine/Plugins/NNE/NNEDenoiser/Content/NNE_oidn2-3-0_rt_hdr_calb_cnrm_large__dyn__fp16_opset11_DenoiseAlpha.uasset" 1918
"../../../Engine/Plugins/NNE/NNEDenoiser/Content/NNE_oidn2-3-0_rt_hdr_calb_cnrm_large__dyn__fp16_opset11_DenoiseAlpha.uexp" 1919
"../../../Engine/Plugins/NNE/NNEDenoiser/Content/NNE_oidn2-3-0_rt_hdr_calb_cnrm_large__dyn__fp16_opset11_ForwardAlpha.uasset" 1920
"../../../Engine/Plugins/NNE/NNEDenoiser/Content/NNE_oidn2-3-0_rt_hdr_calb_cnrm_large__dyn__fp16_opset11_ForwardAlpha.uexp" 1921
"../../../Engine/Plugins/Animation/DeformerGraph/Content/DeformerFunctions/DG_Function_LinearBlendSkin_Morph_Cloth.uasset" 1922
"../../../Engine/Plugins/Animation/DeformerGraph/Content/DeformerFunctions/DG_Function_LinearBlendSkin_Morph_Cloth.uexp" 1923
"../../../Engine/Plugins/Animation/DeformerGraph/Content/Deformers/DG_LinearBlendSkin_Morph_Cloth.uasset" 1924
"../../../Engine/Plugins/Animation/DeformerGraph/Content/Deformers/DG_LinearBlendSkin_Morph_Cloth.uexp" 1925
"../../../Engine/Plugins/Animation/DeformerGraph/Content/DeformerFunctions/DG_Function_LinearBlendSkin_Morph_Cloth_PositionOnly.uasset" 1926
"../../../Engine/Plugins/Animation/DeformerGraph/Content/DeformerFunctions/DG_Function_LinearBlendSkin_Morph_Cloth_PositionOnly.uexp" 1927
"../../../Engine/Plugins/Animation/DeformerGraph/Content/DeformerFunctions/DG_Function_ComputeNormalsTangents.uasset" 1928
"../../../Engine/Plugins/Animation/DeformerGraph/Content/DeformerFunctions/DG_Function_ComputeNormalsTangents.uexp" 1929
"../../../Engine/Plugins/Animation/DeformerGraph/Content/Deformers/DG_LinearBlendSkin_Morph_Cloth_RecomputeNormals.uasset" 1930
"../../../Engine/Plugins/Animation/DeformerGraph/Content/Deformers/DG_LinearBlendSkin_Morph_Cloth_RecomputeNormals.uexp" 1931
"../../../Engine/Plugins/NNE/NNEDenoiser/Content/NNEDT_Oidn2-3_Balanced.uasset" 1932
"../../../Engine/Plugins/NNE/NNEDenoiser/Content/NNEDT_Oidn2-3_Balanced.uexp" 1933
"../../../Engine/Plugins/NNE/NNEDenoiser/Content/NNEDT_Oidn2-3_Balanced_Alpha.uasset" 1934
"../../../Engine/Plugins/NNE/NNEDenoiser/Content/NNEDT_Oidn2-3_Balanced_Alpha.uexp" 1935
"../../../Engine/Plugins/NNE/NNEDenoiser/Content/NNED_Oidn2-3_Balanced.uasset" 1936
"../../../Engine/Plugins/NNE/NNEDenoiser/Content/NNED_Oidn2-3_Balanced.uexp" 1937
"../../../Engine/Plugins/NNE/NNEDenoiser/Content/NNED_Oidn2-3_Balanced_Alpha.uasset" 1938
"../../../Engine/Plugins/NNE/NNEDenoiser/Content/NNED_Oidn2-3_Balanced_Alpha.uexp" 1939
"../../../Engine/Plugins/NNE/NNEDenoiser/Content/NNED_Oidn2-3_Fast.uasset" 1940
"../../../Engine/Plugins/NNE/NNEDenoiser/Content/NNED_Oidn2-3_Fast.uexp" 1941
"../../../Engine/Plugins/NNE/NNEDenoiser/Content/NNED_Oidn2-3_Fast_Alpha.uasset" 1942
"../../../Engine/Plugins/NNE/NNEDenoiser/Content/NNED_Oidn2-3_Fast_Alpha.uexp" 1943
"../../../Engine/Plugins/NNE/NNEDenoiser/Content/NNED_Oidn2-3_HighQuality.uasset" 1944
"../../../Engine/Plugins/NNE/NNEDenoiser/Content/NNED_Oidn2-3_HighQuality.uexp" 1945
"../../../Engine/Plugins/NNE/NNEDenoiser/Content/NNED_Oidn2-3_HighQuality_Alpha.uasset" 1946
"../../../Engine/Plugins/NNE/NNEDenoiser/Content/NNED_Oidn2-3_HighQuality_Alpha.uexp" 1947
"../../../Engine/Content/EngineSky/T_Sky_Stars.ubulk" 1948
"../../../Engine/Content/EngineSky/T_Sky_Stars.uasset" 1949
"../../../Engine/Content/EngineSky/T_Sky_Stars.uexp" 1950
"../../../Engine/Content/EngineSky/T_Sky_Clouds_M.ubulk" 1951
"../../../Engine/Content/EngineSky/T_Sky_Clouds_M.uasset" 1952
"../../../Engine/Content/EngineSky/T_Sky_Clouds_M.uexp" 1953
"../../../Engine/Content/EngineSky/T_Sky_Blue.ubulk" 1954
"../../../Engine/Content/EngineSky/T_Sky_Blue.uasset" 1955
"../../../Engine/Content/EngineSky/T_Sky_Blue.uexp" 1956
"../../../Engine/Content/EngineSky/M_Sky_Panning_Clouds2.uasset" 1957
"../../../Engine/Content/EngineSky/M_Sky_Panning_Clouds2.uexp" 1958
"../../../Engine/Content/EngineSky/SM_SkySphere.ubulk" 1959
"../../../Engine/Content/EngineSky/SM_SkySphere.uasset" 1960
"../../../Engine/Content/EngineSky/SM_SkySphere.uexp" 1961
"../../../Engine/Content/EngineSky/VolumetricClouds/VT_PerlinWorley_Balanced.uasset" 1962
"../../../Engine/Content/EngineSky/VolumetricClouds/VT_PerlinWorley_Balanced.uexp" 1963
"../../../Engine/Content/EngineSky/VolumetricClouds/T_Profile_08.ubulk" 1964
"../../../Engine/Content/EngineSky/VolumetricClouds/T_Profile_08.uasset" 1965
"../../../Engine/Content/EngineSky/VolumetricClouds/T_Profile_08.uexp" 1966
"../../../Engine/Content/EngineSky/VolumetricClouds/T_CloudPattern.ubulk" 1967
"../../../Engine/Content/EngineSky/VolumetricClouds/T_CloudPattern.uasset" 1968
"../../../Engine/Content/EngineSky/VolumetricClouds/T_CloudPattern.uexp" 1969
"../../../Engine/Content/EngineSky/VolumetricClouds/T_CloudMask.ubulk" 1970
"../../../Engine/Content/EngineSky/VolumetricClouds/T_CloudMask.uasset" 1971
"../../../Engine/Content/EngineSky/VolumetricClouds/T_CloudMask.uexp" 1972
"../../../Engine/Content/Functions/Engine_MaterialFunctions02/Utility/BreakOutFloat4Components.uasset" 1973
"../../../Engine/Content/Functions/Engine_MaterialFunctions02/Utility/BreakOutFloat4Components.uexp" 1974
"../../../Engine/Content/EngineResources/DefaultVolumeTexture2D.uasset" 1975
"../../../Engine/Content/EngineResources/DefaultVolumeTexture2D.uexp" 1976
"../../../Engine/Content/EngineResources/DefaultVolumeTexture.uasset" 1977
"../../../Engine/Content/EngineResources/DefaultVolumeTexture.uexp" 1978
"../../../Engine/Content/Functions/Engine_MaterialFunctions02/Utility/MakeFloat4.uasset" 1979
"../../../Engine/Content/Functions/Engine_MaterialFunctions02/Utility/MakeFloat4.uexp" 1980
"../../../Engine/Content/EngineSky/VolumetricClouds/VT_Lightning.uasset" 1981
"../../../Engine/Content/EngineSky/VolumetricClouds/VT_Lightning.uexp" 1982
"../../../Engine/Content/Functions/Engine_MaterialFunctions01/Units/Km-to-Cm.uasset" 1983
"../../../Engine/Content/Functions/Engine_MaterialFunctions01/Units/Km-to-Cm.uexp" 1984
"../../../Engine/Content/EngineSky/VolumetricClouds/m_SimpleVolumetricCloud.uasset" 1985
"../../../Engine/Content/EngineSky/VolumetricClouds/m_SimpleVolumetricCloud.uexp" 1986
"../../../Engine/Content/EngineSky/VolumetricClouds/m_SimpleVolumetricCloud_Inst.uasset" 1987
"../../../Engine/Content/EngineSky/VolumetricClouds/m_SimpleVolumetricCloud_Inst.uexp" 1988
"C:/Users/andre/OneDrive/Documents/Unreal Projects/Artkana_Project/Content/UI/MainMenu/StartMenuCam.uasset" 1989
"C:/Users/andre/OneDrive/Documents/Unreal Projects/Artkana_Project/Content/UI/MainMenu/StartMenuCam.uexp" 1990
"C:/Users/andre/OneDrive/Documents/Unreal Projects/Artkana_Project/Content/UI/MainMenu/OptionsMenuCamera.uasset" 1991
"C:/Users/andre/OneDrive/Documents/Unreal Projects/Artkana_Project/Content/UI/MainMenu/OptionsMenuCamera.uexp" 1992
"C:/Users/andre/OneDrive/Documents/Unreal Projects/Artkana_Project/Content/UI/MainMenu/MainMenuCamera.uasset" 1993
"C:/Users/andre/OneDrive/Documents/Unreal Projects/Artkana_Project/Content/UI/MainMenu/MainMenuCamera.uexp" 1994
"C:/Users/andre/OneDrive/Documents/Unreal Projects/Artkana_Project/Content/UI/MainMenu/MenuPlayerController.uasset" 1995
"C:/Users/andre/OneDrive/Documents/Unreal Projects/Artkana_Project/Content/UI/MainMenu/MenuPlayerController.uexp" 1996
"C:/Users/andre/OneDrive/Documents/Unreal Projects/Artkana_Project/Content/UI/MainMenu/menugamemode.uasset" 1997
"C:/Users/andre/OneDrive/Documents/Unreal Projects/Artkana_Project/Content/UI/MainMenu/menugamemode.uexp" 1998
"C:/Users/andre/OneDrive/Documents/Unreal Projects/Artkana_Project/Content/SaveGame/SettingsSave.uasset" 1999
"C:/Users/andre/OneDrive/Documents/Unreal Projects/Artkana_Project/Content/SaveGame/SettingsSave.uexp" 2000
"C:/Users/andre/OneDrive/Documents/Unreal Projects/Artkana_Project/Content/LevelPrototyping/PostProcessMATs/CelShading_MAT.uasset" 2001
"C:/Users/andre/OneDrive/Documents/Unreal Projects/Artkana_Project/Content/LevelPrototyping/PostProcessMATs/CelShading_MAT.uexp" 2002
"C:/Users/andre/OneDrive/Documents/Unreal Projects/Artkana_Project/Content/LevelPrototyping/PostProcessMATs/CelShading_MAT_Inst.uasset" 2003
"C:/Users/andre/OneDrive/Documents/Unreal Projects/Artkana_Project/Content/LevelPrototyping/PostProcessMATs/CelShading_MAT_Inst.uexp" 2004
"C:/Users/andre/OneDrive/Documents/Unreal Projects/Artkana_Project/Content/LevelPrototyping/Textures/Wall_Texture/openPBR_shader1_Roughness.ubulk" 2005
"C:/Users/andre/OneDrive/Documents/Unreal Projects/Artkana_Project/Content/LevelPrototyping/Textures/Wall_Texture/openPBR_shader1_Roughness.uasset" 2006
"C:/Users/andre/OneDrive/Documents/Unreal Projects/Artkana_Project/Content/LevelPrototyping/Textures/Wall_Texture/openPBR_shader1_Roughness.uexp" 2007
"C:/Users/andre/OneDrive/Documents/Unreal Projects/Artkana_Project/Content/LevelPrototyping/Textures/Wall_Texture/openPBR_shader1_Normal.ubulk" 2008
"C:/Users/andre/OneDrive/Documents/Unreal Projects/Artkana_Project/Content/LevelPrototyping/Textures/Wall_Texture/openPBR_shader1_Normal.uasset" 2009
"C:/Users/andre/OneDrive/Documents/Unreal Projects/Artkana_Project/Content/LevelPrototyping/Textures/Wall_Texture/openPBR_shader1_Normal.uexp" 2010
"C:/Users/andre/OneDrive/Documents/Unreal Projects/Artkana_Project/Content/LevelPrototyping/Textures/Wall_Texture/openPBR_shader1_Metallic.ubulk" 2011
"C:/Users/andre/OneDrive/Documents/Unreal Projects/Artkana_Project/Content/LevelPrototyping/Textures/Wall_Texture/openPBR_shader1_Metallic.uasset" 2012
"C:/Users/andre/OneDrive/Documents/Unreal Projects/Artkana_Project/Content/LevelPrototyping/Textures/Wall_Texture/openPBR_shader1_Metallic.uexp" 2013
"C:/Users/andre/OneDrive/Documents/Unreal Projects/Artkana_Project/Content/LevelPrototyping/Textures/Wall_Texture/openPBR_shader1_Base_color.ubulk" 2014
"C:/Users/andre/OneDrive/Documents/Unreal Projects/Artkana_Project/Content/LevelPrototyping/Textures/Wall_Texture/openPBR_shader1_Base_color.uasset" 2015
"C:/Users/andre/OneDrive/Documents/Unreal Projects/Artkana_Project/Content/LevelPrototyping/Textures/Wall_Texture/openPBR_shader1_Base_color.uexp" 2016
"C:/Users/andre/OneDrive/Documents/Unreal Projects/Artkana_Project/Content/LevelPrototyping/Materials/Menu/M_Wall.uasset" 2017
"C:/Users/andre/OneDrive/Documents/Unreal Projects/Artkana_Project/Content/LevelPrototyping/Materials/Menu/M_Wall.uexp" 2018
"C:/Users/andre/OneDrive/Documents/Unreal Projects/Artkana_Project/Content/LevelPrototyping/Materials/Instances/MI_Wall.uasset" 2019
"C:/Users/andre/OneDrive/Documents/Unreal Projects/Artkana_Project/Content/LevelPrototyping/Materials/Instances/MI_Wall.uexp" 2020
"C:/Users/andre/OneDrive/Documents/Unreal Projects/Artkana_Project/Content/LevelPrototyping/Meshes/Menu/wall.ubulk" 2021
"C:/Users/andre/OneDrive/Documents/Unreal Projects/Artkana_Project/Content/LevelPrototyping/Meshes/Menu/wall.uasset" 2022
"C:/Users/andre/OneDrive/Documents/Unreal Projects/Artkana_Project/Content/LevelPrototyping/Meshes/Menu/wall.uexp" 2023
"C:/Users/andre/OneDrive/Documents/Unreal Projects/Artkana_Project/Content/Audio/SFX/MasterSFXSoundclass.uasset" 2024
"C:/Users/andre/OneDrive/Documents/Unreal Projects/Artkana_Project/Content/Audio/SFX/MasterSFXSoundclass.uexp" 2025
"C:/Users/andre/OneDrive/Documents/Unreal Projects/Artkana_Project/Content/Audio/MasterSoundClassMix.uasset" 2026
"C:/Users/andre/OneDrive/Documents/Unreal Projects/Artkana_Project/Content/Audio/MasterSoundClassMix.uexp" 2027
"C:/Users/andre/OneDrive/Documents/Unreal Projects/Artkana_Project/Content/Audio/Music/Blown_Away.ubulk" 2028
"C:/Users/andre/OneDrive/Documents/Unreal Projects/Artkana_Project/Content/Audio/Music/Blown_Away.uasset" 2029
"C:/Users/andre/OneDrive/Documents/Unreal Projects/Artkana_Project/Content/Audio/Music/Blown_Away.uexp" 2030
"C:/Users/andre/OneDrive/Documents/Unreal Projects/Artkana_Project/Content/UI/Buttons/PaintOnly/playSection/new_game_paint__1_.uasset" 2031
"C:/Users/andre/OneDrive/Documents/Unreal Projects/Artkana_Project/Content/UI/Buttons/PaintOnly/playSection/new_game_paint__1_.uexp" 2032
"C:/Users/andre/OneDrive/Documents/Unreal Projects/Artkana_Project/Content/UI/Buttons/PaintOnly/playSection/continue_paint.uasset" 2033
"C:/Users/andre/OneDrive/Documents/Unreal Projects/Artkana_Project/Content/UI/Buttons/PaintOnly/playSection/continue_paint.uexp" 2034
"C:/Users/andre/OneDrive/Documents/Unreal Projects/Artkana_Project/Content/UI/Buttons/PaintOnly/playSection/back_paint.uasset" 2035
"C:/Users/andre/OneDrive/Documents/Unreal Projects/Artkana_Project/Content/UI/Buttons/PaintOnly/playSection/back_paint.uexp" 2036
"C:/Users/andre/OneDrive/Documents/Unreal Projects/Artkana_Project/Content/UI/MainMenu/PlaySection.uasset" 2037
"C:/Users/andre/OneDrive/Documents/Unreal Projects/Artkana_Project/Content/UI/MainMenu/PlaySection.uexp" 2038
"C:/Users/andre/OneDrive/Documents/Unreal Projects/Artkana_Project/Content/UI/MainMenu/optionsmenu.uasset" 2039
"C:/Users/andre/OneDrive/Documents/Unreal Projects/Artkana_Project/Content/UI/MainMenu/optionsmenu.uexp" 2040
"C:/Users/andre/OneDrive/Documents/Unreal Projects/Artkana_Project/Content/UI/Buttons/PaintOnly/main_screen/start_paint.uasset" 2041
"C:/Users/andre/OneDrive/Documents/Unreal Projects/Artkana_Project/Content/UI/Buttons/PaintOnly/main_screen/start_paint.uexp" 2042
"C:/Users/andre/OneDrive/Documents/Unreal Projects/Artkana_Project/Content/UI/Buttons/PaintOnly/main_screen/quit_paint.uasset" 2043
"C:/Users/andre/OneDrive/Documents/Unreal Projects/Artkana_Project/Content/UI/Buttons/PaintOnly/main_screen/quit_paint.uexp" 2044
"C:/Users/andre/OneDrive/Documents/Unreal Projects/Artkana_Project/Content/UI/Buttons/PaintOnly/main_screen/options_paint.uasset" 2045
"C:/Users/andre/OneDrive/Documents/Unreal Projects/Artkana_Project/Content/UI/Buttons/PaintOnly/main_screen/options_paint.uexp" 2046
"C:/Users/andre/OneDrive/Documents/Unreal Projects/Artkana_Project/Content/UI/Buttons/PaintOnly/main_screen/credits_paint.uasset" 2047
"C:/Users/andre/OneDrive/Documents/Unreal Projects/Artkana_Project/Content/UI/Buttons/PaintOnly/main_screen/credits_paint.uexp" 2048
"C:/Users/andre/OneDrive/Documents/Unreal Projects/Artkana_Project/Content/UI/MainMenu/MainMenu.uasset" 2049
"C:/Users/andre/OneDrive/Documents/Unreal Projects/Artkana_Project/Content/UI/MainMenu/MainMenu.uexp" 2050
"C:/Users/andre/OneDrive/Documents/Unreal Projects/Artkana_Project/Content/UI/Mainmenulevel.uexp" 2051
"C:/Users/andre/OneDrive/Documents/Unreal Projects/Artkana_Project/Content/UI/Mainmenulevel.umap" 2052
"../../../Engine/Content/Functions/Engine_MaterialFunctions02/SampleSceneDepth.uasset" 2053
"../../../Engine/Content/Functions/Engine_MaterialFunctions02/SampleSceneDepth.uexp" 2054
"../../../Engine/Content/Functions/Engine_MaterialFunctions01/ImageAdjustment/BlurSampleOffsets.uasset" 2055
"../../../Engine/Content/Functions/Engine_MaterialFunctions01/ImageAdjustment/BlurSampleOffsets.uexp" 2056
"C:/Users/andre/OneDrive/Documents/Unreal Projects/Artkana_Project/Content/LevelPrototyping/PostProcessMATs/Outline_MAT.uasset" 2057
"C:/Users/andre/OneDrive/Documents/Unreal Projects/Artkana_Project/Content/LevelPrototyping/PostProcessMATs/Outline_MAT.uexp" 2058
"C:/Users/andre/OneDrive/Documents/Unreal Projects/Artkana_Project/Content/LevelPrototyping/PostProcessMATs/Outline_MAT_Inst.uasset" 2059
"C:/Users/andre/OneDrive/Documents/Unreal Projects/Artkana_Project/Content/LevelPrototyping/PostProcessMATs/Outline_MAT_Inst.uexp" 2060
"C:/Users/andre/OneDrive/Documents/Unreal Projects/Artkana_Project/Content/LevelPrototyping/Platform_Assets/lambert10.uasset" 2061
"C:/Users/andre/OneDrive/Documents/Unreal Projects/Artkana_Project/Content/LevelPrototyping/Platform_Assets/lambert10.uexp" 2062
"C:/Users/andre/OneDrive/Documents/Unreal Projects/Artkana_Project/Content/LevelPrototyping/Platform_Assets/lambert11.uasset" 2063
"C:/Users/andre/OneDrive/Documents/Unreal Projects/Artkana_Project/Content/LevelPrototyping/Platform_Assets/lambert11.uexp" 2064
"C:/Users/andre/OneDrive/Documents/Unreal Projects/Artkana_Project/Content/LevelPrototyping/Platform_Assets/sm_grindrail_straightshort.ubulk" 2065
"C:/Users/andre/OneDrive/Documents/Unreal Projects/Artkana_Project/Content/LevelPrototyping/Platform_Assets/sm_grindrail_straightshort.uasset" 2066
"C:/Users/andre/OneDrive/Documents/Unreal Projects/Artkana_Project/Content/LevelPrototyping/Platform_Assets/sm_grindrail_straightshort.uexp" 2067
"C:/Users/andre/OneDrive/Documents/Unreal Projects/Artkana_Project/Content/LevelPrototyping/Platform_Assets/road.ubulk" 2068
"C:/Users/andre/OneDrive/Documents/Unreal Projects/Artkana_Project/Content/LevelPrototyping/Platform_Assets/road.uasset" 2069
"C:/Users/andre/OneDrive/Documents/Unreal Projects/Artkana_Project/Content/LevelPrototyping/Platform_Assets/road.uexp" 2070
"C:/Users/andre/OneDrive/Documents/Unreal Projects/Artkana_Project/Content/LevelPrototyping/Platform_Assets/pCube4.ubulk" 2071
"C:/Users/andre/OneDrive/Documents/Unreal Projects/Artkana_Project/Content/LevelPrototyping/Platform_Assets/pCube4.uasset" 2072
"C:/Users/andre/OneDrive/Documents/Unreal Projects/Artkana_Project/Content/LevelPrototyping/Platform_Assets/pCube4.uexp" 2073
"C:/Users/andre/OneDrive/Documents/Unreal Projects/Artkana_Project/Content/LevelPrototyping/Meshes/Stage1/standardSurface1.uasset" 2074
"C:/Users/andre/OneDrive/Documents/Unreal Projects/Artkana_Project/Content/LevelPrototyping/Meshes/Stage1/standardSurface1.uexp" 2075
"C:/Users/andre/OneDrive/Documents/Unreal Projects/Artkana_Project/Content/LevelPrototyping/Platform_Assets/pCube1.ubulk" 2076
"C:/Users/andre/OneDrive/Documents/Unreal Projects/Artkana_Project/Content/LevelPrototyping/Platform_Assets/pCube1.uasset" 2077
"C:/Users/andre/OneDrive/Documents/Unreal Projects/Artkana_Project/Content/LevelPrototyping/Platform_Assets/pCube1.uexp" 2078
"C:/Users/andre/OneDrive/Documents/Unreal Projects/Artkana_Project/Content/LevelPrototyping/Platform_Assets/dx11Shader4.uasset" 2079
"C:/Users/andre/OneDrive/Documents/Unreal Projects/Artkana_Project/Content/LevelPrototyping/Platform_Assets/dx11Shader4.uexp" 2080
"C:/Users/andre/OneDrive/Documents/Unreal Projects/Artkana_Project/Content/LevelPrototyping/Platform_Assets/building_rounded_redo.ubulk" 2081
"C:/Users/andre/OneDrive/Documents/Unreal Projects/Artkana_Project/Content/LevelPrototyping/Platform_Assets/building_rounded_redo.uasset" 2082
"C:/Users/andre/OneDrive/Documents/Unreal Projects/Artkana_Project/Content/LevelPrototyping/Platform_Assets/building_rounded_redo.uexp" 2083
"C:/Users/andre/OneDrive/Documents/Unreal Projects/Artkana_Project/Content/LevelPrototyping/Platform_Assets/dx11Shader2.uasset" 2084
"C:/Users/andre/OneDrive/Documents/Unreal Projects/Artkana_Project/Content/LevelPrototyping/Platform_Assets/dx11Shader2.uexp" 2085
"C:/Users/andre/OneDrive/Documents/Unreal Projects/Artkana_Project/Content/LevelPrototyping/Platform_Assets/building_not_rounded_redo.ubulk" 2086
"C:/Users/andre/OneDrive/Documents/Unreal Projects/Artkana_Project/Content/LevelPrototyping/Platform_Assets/building_not_rounded_redo.uasset" 2087
"C:/Users/andre/OneDrive/Documents/Unreal Projects/Artkana_Project/Content/LevelPrototyping/Platform_Assets/building_not_rounded_redo.uexp" 2088
"C:/Users/andre/OneDrive/Documents/Unreal Projects/Artkana_Project/Content/LevelPrototyping/Meshes/SM_Ramp.ubulk" 2089
"C:/Users/andre/OneDrive/Documents/Unreal Projects/Artkana_Project/Content/LevelPrototyping/Meshes/SM_Ramp.uasset" 2090
"C:/Users/andre/OneDrive/Documents/Unreal Projects/Artkana_Project/Content/LevelPrototyping/Meshes/SM_Ramp.uexp" 2091
"C:/Users/andre/OneDrive/Documents/Unreal Projects/Artkana_Project/Content/LevelPrototyping/Meshes/SM_Cube.ubulk" 2092
"C:/Users/andre/OneDrive/Documents/Unreal Projects/Artkana_Project/Content/LevelPrototyping/Meshes/SM_Cube.uasset" 2093
"C:/Users/andre/OneDrive/Documents/Unreal Projects/Artkana_Project/Content/LevelPrototyping/Meshes/SM_Cube.uexp" 2094
"C:/Users/andre/OneDrive/Documents/Unreal Projects/Artkana_Project/Content/LevelPrototyping/Materials/m_tempBuildingMat.uasset" 2095
"C:/Users/andre/OneDrive/Documents/Unreal Projects/Artkana_Project/Content/LevelPrototyping/Materials/m_tempBuildingMat.uexp" 2096
"C:/Users/andre/OneDrive/Documents/Unreal Projects/Artkana_Project/Content/LevelPrototyping/Textures/RoofPlat_Textures/RoofPlat_low_standardSurface1_OcclusionRoughnessMetallic_Raw.ubulk" 2097
"C:/Users/andre/OneDrive/Documents/Unreal Projects/Artkana_Project/Content/LevelPrototyping/Textures/RoofPlat_Textures/RoofPlat_low_standardSurface1_OcclusionRoughnessMetallic_Raw.uasset" 2098
"C:/Users/andre/OneDrive/Documents/Unreal Projects/Artkana_Project/Content/LevelPrototyping/Textures/RoofPlat_Textures/RoofPlat_low_standardSurface1_OcclusionRoughnessMetallic_Raw.uexp" 2099
"C:/Users/andre/OneDrive/Documents/Unreal Projects/Artkana_Project/Content/LevelPrototyping/Textures/RoofPlat_Textures/RoofPlat_low_standardSurface1_Normal_Raw.ubulk" 2100
"C:/Users/andre/OneDrive/Documents/Unreal Projects/Artkana_Project/Content/LevelPrototyping/Textures/RoofPlat_Textures/RoofPlat_low_standardSurface1_Normal_Raw.uasset" 2101
"C:/Users/andre/OneDrive/Documents/Unreal Projects/Artkana_Project/Content/LevelPrototyping/Textures/RoofPlat_Textures/RoofPlat_low_standardSurface1_Normal_Raw.uexp" 2102
"C:/Users/andre/OneDrive/Documents/Unreal Projects/Artkana_Project/Content/LevelPrototyping/Textures/RoofPlat_Textures/RoofPlat_low_standardSurface1_BaseColor_sRGB.ubulk" 2103
"C:/Users/andre/OneDrive/Documents/Unreal Projects/Artkana_Project/Content/LevelPrototyping/Textures/RoofPlat_Textures/RoofPlat_low_standardSurface1_BaseColor_sRGB.uasset" 2104
"C:/Users/andre/OneDrive/Documents/Unreal Projects/Artkana_Project/Content/LevelPrototyping/Textures/RoofPlat_Textures/RoofPlat_low_standardSurface1_BaseColor_sRGB.uexp" 2105
"C:/Users/andre/OneDrive/Documents/Unreal Projects/Artkana_Project/Content/LevelPrototyping/Materials/M_RoofPlat.uasset" 2106
"C:/Users/andre/OneDrive/Documents/Unreal Projects/Artkana_Project/Content/LevelPrototyping/Materials/M_RoofPlat.uexp" 2107
"C:/Users/andre/OneDrive/Documents/Unreal Projects/Artkana_Project/Content/Audio/Music/Stage_3.ubulk" 2108
"C:/Users/andre/OneDrive/Documents/Unreal Projects/Artkana_Project/Content/Audio/Music/Stage_3.uasset" 2109
"C:/Users/andre/OneDrive/Documents/Unreal Projects/Artkana_Project/Content/Audio/Music/Stage_3.uexp" 2110
"C:/Users/andre/OneDrive/Documents/Unreal Projects/Artkana_Project/Content/LevelPrototyping/Textures/DuraRamp_Textures/DuraRamp_Var2_low_standardSurface1_OcclusionRoughnessMetallic_Raw.ubulk" 2111
"C:/Users/andre/OneDrive/Documents/Unreal Projects/Artkana_Project/Content/LevelPrototyping/Textures/DuraRamp_Textures/DuraRamp_Var2_low_standardSurface1_OcclusionRoughnessMetallic_Raw.uasset" 2112
"C:/Users/andre/OneDrive/Documents/Unreal Projects/Artkana_Project/Content/LevelPrototyping/Textures/DuraRamp_Textures/DuraRamp_Var2_low_standardSurface1_OcclusionRoughnessMetallic_Raw.uexp" 2113
"C:/Users/andre/OneDrive/Documents/Unreal Projects/Artkana_Project/Content/LevelPrototyping/Textures/DuraRamp_Textures/DuraRamp_Var2_low_standardSurface1_Normal_Raw.ubulk" 2114
"C:/Users/andre/OneDrive/Documents/Unreal Projects/Artkana_Project/Content/LevelPrototyping/Textures/DuraRamp_Textures/DuraRamp_Var2_low_standardSurface1_Normal_Raw.uasset" 2115
"C:/Users/andre/OneDrive/Documents/Unreal Projects/Artkana_Project/Content/LevelPrototyping/Textures/DuraRamp_Textures/DuraRamp_Var2_low_standardSurface1_Normal_Raw.uexp" 2116
"C:/Users/andre/OneDrive/Documents/Unreal Projects/Artkana_Project/Content/LevelPrototyping/Textures/DuraRamp_Textures/DuraRamp_Var2_low_standardSurface1_BaseColor_sRGB.ubulk" 2117
"C:/Users/andre/OneDrive/Documents/Unreal Projects/Artkana_Project/Content/LevelPrototyping/Textures/DuraRamp_Textures/DuraRamp_Var2_low_standardSurface1_BaseColor_sRGB.uasset" 2118
"C:/Users/andre/OneDrive/Documents/Unreal Projects/Artkana_Project/Content/LevelPrototyping/Textures/DuraRamp_Textures/DuraRamp_Var2_low_standardSurface1_BaseColor_sRGB.uexp" 2119
"C:/Users/andre/OneDrive/Documents/Unreal Projects/Artkana_Project/Content/LevelPrototyping/Textures/DuraRamp_Textures/DuraRamp_var2.uasset" 2120
"C:/Users/andre/OneDrive/Documents/Unreal Projects/Artkana_Project/Content/LevelPrototyping/Textures/DuraRamp_Textures/DuraRamp_var2.uexp" 2121
"C:/Users/andre/OneDrive/Documents/Unreal Projects/Artkana_Project/Content/LevelPrototyping/Platform_Assets/NewTextures/bralt1/Building_Rounded_Alternate_1_Textures/dx11_ormal.ubulk" 2122
"C:/Users/andre/OneDrive/Documents/Unreal Projects/Artkana_Project/Content/LevelPrototyping/Platform_Assets/NewTextures/bralt1/Building_Rounded_Alternate_1_Textures/dx11_ormal.uasset" 2123
"C:/Users/andre/OneDrive/Documents/Unreal Projects/Artkana_Project/Content/LevelPrototyping/Platform_Assets/NewTextures/bralt1/Building_Rounded_Alternate_1_Textures/dx11_ormal.uexp" 2124
"C:/Users/andre/OneDrive/Documents/Unreal Projects/Artkana_Project/Content/LevelPrototyping/Platform_Assets/NewTextures/bralt1/Building_Rounded_Alternate_1_Textures/dx11_hness.ubulk" 2125
"C:/Users/andre/OneDrive/Documents/Unreal Projects/Artkana_Project/Content/LevelPrototyping/Platform_Assets/NewTextures/bralt1/Building_Rounded_Alternate_1_Textures/dx11_hness.uasset" 2126
"C:/Users/andre/OneDrive/Documents/Unreal Projects/Artkana_Project/Content/LevelPrototyping/Platform_Assets/NewTextures/bralt1/Building_Rounded_Alternate_1_Textures/dx11_hness.uexp" 2127
"C:/Users/andre/OneDrive/Documents/Unreal Projects/Artkana_Project/Content/LevelPrototyping/Platform_Assets/NewTextures/bralt1/Building_Rounded_Alternate_1_Textures/dx11_color.ubulk" 2128
"C:/Users/andre/OneDrive/Documents/Unreal Projects/Artkana_Project/Content/LevelPrototyping/Platform_Assets/NewTextures/bralt1/Building_Rounded_Alternate_1_Textures/dx11_color.uasset" 2129
"C:/Users/andre/OneDrive/Documents/Unreal Projects/Artkana_Project/Content/LevelPrototyping/Platform_Assets/NewTextures/bralt1/Building_Rounded_Alternate_1_Textures/dx11_color.uexp" 2130
"C:/Users/andre/OneDrive/Documents/Unreal Projects/Artkana_Project/Content/LevelPrototyping/Platform_Assets/NewTextures/bralt1/Building_Rounded_Alternate_1_Textures/dx11_allic.ubulk" 2131
"C:/Users/andre/OneDrive/Documents/Unreal Projects/Artkana_Project/Content/LevelPrototyping/Platform_Assets/NewTextures/bralt1/Building_Rounded_Alternate_1_Textures/dx11_allic.uasset" 2132
"C:/Users/andre/OneDrive/Documents/Unreal Projects/Artkana_Project/Content/LevelPrototyping/Platform_Assets/NewTextures/bralt1/Building_Rounded_Alternate_1_Textures/dx11_allic.uexp" 2133
"C:/Users/andre/OneDrive/Documents/Unreal Projects/Artkana_Project/Content/LevelPrototyping/Platform_Assets/NewTextures/bralt1/Building_Rounded_Alternate_1_Textures/m_bralt1.uasset" 2134
"C:/Users/andre/OneDrive/Documents/Unreal Projects/Artkana_Project/Content/LevelPrototyping/Platform_Assets/NewTextures/bralt1/Building_Rounded_Alternate_1_Textures/m_bralt1.uexp" 2135
"C:/Users/andre/OneDrive/Documents/Unreal Projects/Artkana_Project/Content/LevelPrototyping/Meshes/Stage3/SeanMeshes/openPBR_shader1.uasset" 2136
"C:/Users/andre/OneDrive/Documents/Unreal Projects/Artkana_Project/Content/LevelPrototyping/Meshes/Stage3/SeanMeshes/openPBR_shader1.uexp" 2137
"C:/Users/andre/OneDrive/Documents/Unreal Projects/Artkana_Project/Content/LevelPrototyping/Meshes/Stage3/SeanMeshes/slide_building_full_slide.ubulk" 2138
"C:/Users/andre/OneDrive/Documents/Unreal Projects/Artkana_Project/Content/LevelPrototyping/Meshes/Stage3/SeanMeshes/slide_building_full_slide.uasset" 2139
"C:/Users/andre/OneDrive/Documents/Unreal Projects/Artkana_Project/Content/LevelPrototyping/Meshes/Stage3/SeanMeshes/slide_building_full_slide.uexp" 2140
"C:/Users/andre/OneDrive/Documents/Unreal Projects/Artkana_Project/Content/LevelPrototyping/Meshes/Stage3/SeanMeshes/standardSurface2.uasset" 2141
"C:/Users/andre/OneDrive/Documents/Unreal Projects/Artkana_Project/Content/LevelPrototyping/Meshes/Stage3/SeanMeshes/standardSurface2.uexp" 2142
"C:/Users/andre/OneDrive/Documents/Unreal Projects/Artkana_Project/Content/LevelPrototyping/Meshes/Stage3/SeanMeshes/Slide_building.ubulk" 2143
"C:/Users/andre/OneDrive/Documents/Unreal Projects/Artkana_Project/Content/LevelPrototyping/Meshes/Stage3/SeanMeshes/Slide_building.uasset" 2144
"C:/Users/andre/OneDrive/Documents/Unreal Projects/Artkana_Project/Content/LevelPrototyping/Meshes/Stage3/SeanMeshes/Slide_building.uexp" 2145
"C:/Users/andre/OneDrive/Documents/Unreal Projects/Artkana_Project/Content/LevelPrototyping/Materials/Instances/MI_RoofPlat.uasset" 2146
"C:/Users/andre/OneDrive/Documents/Unreal Projects/Artkana_Project/Content/LevelPrototyping/Materials/Instances/MI_RoofPlat.uexp" 2147
"C:/Users/andre/OneDrive/Documents/Unreal Projects/Artkana_Project/Content/LevelPrototyping/Meshes/Stage2/RoofPlat.ubulk" 2148
"C:/Users/andre/OneDrive/Documents/Unreal Projects/Artkana_Project/Content/LevelPrototyping/Meshes/Stage2/RoofPlat.uasset" 2149
"C:/Users/andre/OneDrive/Documents/Unreal Projects/Artkana_Project/Content/LevelPrototyping/Meshes/Stage2/RoofPlat.uexp" 2150
"C:/Users/andre/OneDrive/Documents/Unreal Projects/Artkana_Project/Content/LevelPrototyping/Meshes/Stage2/road.ubulk" 2151
"C:/Users/andre/OneDrive/Documents/Unreal Projects/Artkana_Project/Content/LevelPrototyping/Meshes/Stage2/road.uasset" 2152
"C:/Users/andre/OneDrive/Documents/Unreal Projects/Artkana_Project/Content/LevelPrototyping/Meshes/Stage2/road.uexp" 2153
"C:/Users/andre/OneDrive/Documents/Unreal Projects/Artkana_Project/Content/LevelPrototyping/Meshes/Stage2/standardSurface1.uasset" 2154
"C:/Users/andre/OneDrive/Documents/Unreal Projects/Artkana_Project/Content/LevelPrototyping/Meshes/Stage2/standardSurface1.uexp" 2155
"C:/Users/andre/OneDrive/Documents/Unreal Projects/Artkana_Project/Content/LevelPrototyping/Meshes/Stage2/DuraRamp_Var2_low.ubulk" 2156
"C:/Users/andre/OneDrive/Documents/Unreal Projects/Artkana_Project/Content/LevelPrototyping/Meshes/Stage2/DuraRamp_Var2_low.uasset" 2157
"C:/Users/andre/OneDrive/Documents/Unreal Projects/Artkana_Project/Content/LevelPrototyping/Meshes/Stage2/DuraRamp_Var2_low.uexp" 2158
"C:/Users/andre/OneDrive/Documents/Unreal Projects/Artkana_Project/Content/LevelPrototyping/Textures/DuraRamp_Textures/DuraRamp_low_standardSurface1_OcclusionRoughnessMetallic_Raw.ubulk" 2159
"C:/Users/andre/OneDrive/Documents/Unreal Projects/Artkana_Project/Content/LevelPrototyping/Textures/DuraRamp_Textures/DuraRamp_low_standardSurface1_OcclusionRoughnessMetallic_Raw.uasset" 2160
"C:/Users/andre/OneDrive/Documents/Unreal Projects/Artkana_Project/Content/LevelPrototyping/Textures/DuraRamp_Textures/DuraRamp_low_standardSurface1_OcclusionRoughnessMetallic_Raw.uexp" 2161
"C:/Users/andre/OneDrive/Documents/Unreal Projects/Artkana_Project/Content/LevelPrototyping/Textures/DuraRamp_Textures/DuraRamp_low_standardSurface1_Normal_Raw.ubulk" 2162
"C:/Users/andre/OneDrive/Documents/Unreal Projects/Artkana_Project/Content/LevelPrototyping/Textures/DuraRamp_Textures/DuraRamp_low_standardSurface1_Normal_Raw.uasset" 2163
"C:/Users/andre/OneDrive/Documents/Unreal Projects/Artkana_Project/Content/LevelPrototyping/Textures/DuraRamp_Textures/DuraRamp_low_standardSurface1_Normal_Raw.uexp" 2164
"C:/Users/andre/OneDrive/Documents/Unreal Projects/Artkana_Project/Content/LevelPrototyping/Textures/DuraRamp_Textures/DuraRamp_low_standardSurface1_BaseColor_sRGB.ubulk" 2165
"C:/Users/andre/OneDrive/Documents/Unreal Projects/Artkana_Project/Content/LevelPrototyping/Textures/DuraRamp_Textures/DuraRamp_low_standardSurface1_BaseColor_sRGB.uasset" 2166
"C:/Users/andre/OneDrive/Documents/Unreal Projects/Artkana_Project/Content/LevelPrototyping/Textures/DuraRamp_Textures/DuraRamp_low_standardSurface1_BaseColor_sRGB.uexp" 2167
"C:/Users/andre/OneDrive/Documents/Unreal Projects/Artkana_Project/Content/LevelPrototyping/Materials/M_DuraRamp.uasset" 2168
"C:/Users/andre/OneDrive/Documents/Unreal Projects/Artkana_Project/Content/LevelPrototyping/Materials/M_DuraRamp.uexp" 2169
"C:/Users/andre/OneDrive/Documents/Unreal Projects/Artkana_Project/Content/LevelPrototyping/Materials/Instances/MI_DuraRamp.uasset" 2170
"C:/Users/andre/OneDrive/Documents/Unreal Projects/Artkana_Project/Content/LevelPrototyping/Materials/Instances/MI_DuraRamp.uexp" 2171
"C:/Users/andre/OneDrive/Documents/Unreal Projects/Artkana_Project/Content/LevelPrototyping/Meshes/Stage2/DuraRamp.ubulk" 2172
"C:/Users/andre/OneDrive/Documents/Unreal Projects/Artkana_Project/Content/LevelPrototyping/Meshes/Stage2/DuraRamp.uasset" 2173
"C:/Users/andre/OneDrive/Documents/Unreal Projects/Artkana_Project/Content/LevelPrototyping/Meshes/Stage2/DuraRamp.uexp" 2174
"C:/Users/andre/OneDrive/Documents/Unreal Projects/Artkana_Project/Content/LevelPrototyping/Materials/Stage3/m_visDeathPlane.uasset" 2175
"C:/Users/andre/OneDrive/Documents/Unreal Projects/Artkana_Project/Content/LevelPrototyping/Materials/Stage3/m_visDeathPlane.uexp" 2176
"C:/Users/andre/OneDrive/Documents/Unreal Projects/Artkana_Project/Content/LevelPrototyping/Materials/Stage3/SeanStage3Textures/Building_Not_Rounded_Upper_Alternate_2/dx11Shader2_Roughness.ubulk" 2177
"C:/Users/andre/OneDrive/Documents/Unreal Projects/Artkana_Project/Content/LevelPrototyping/Materials/Stage3/SeanStage3Textures/Building_Not_Rounded_Upper_Alternate_2/dx11Shader2_Roughness.uasset" 2178
"C:/Users/andre/OneDrive/Documents/Unreal Projects/Artkana_Project/Content/LevelPrototyping/Materials/Stage3/SeanStage3Textures/Building_Not_Rounded_Upper_Alternate_2/dx11Shader2_Roughness.uexp" 2179
"C:/Users/andre/OneDrive/Documents/Unreal Projects/Artkana_Project/Content/LevelPrototyping/Materials/Stage3/SeanStage3Textures/Building_Not_Rounded_Upper_Alternate_2/dx11Shader2_Normal.ubulk" 2180
"C:/Users/andre/OneDrive/Documents/Unreal Projects/Artkana_Project/Content/LevelPrototyping/Materials/Stage3/SeanStage3Textures/Building_Not_Rounded_Upper_Alternate_2/dx11Shader2_Normal.uasset" 2181
"C:/Users/andre/OneDrive/Documents/Unreal Projects/Artkana_Project/Content/LevelPrototyping/Materials/Stage3/SeanStage3Textures/Building_Not_Rounded_Upper_Alternate_2/dx11Shader2_Normal.uexp" 2182
"C:/Users/andre/OneDrive/Documents/Unreal Projects/Artkana_Project/Content/LevelPrototyping/Materials/Stage3/SeanStage3Textures/Building_Not_Rounded_Upper_Alternate_2/dx11Shader2_Metallic.ubulk" 2183
"C:/Users/andre/OneDrive/Documents/Unreal Projects/Artkana_Project/Content/LevelPrototyping/Materials/Stage3/SeanStage3Textures/Building_Not_Rounded_Upper_Alternate_2/dx11Shader2_Metallic.uasset" 2184
"C:/Users/andre/OneDrive/Documents/Unreal Projects/Artkana_Project/Content/LevelPrototyping/Materials/Stage3/SeanStage3Textures/Building_Not_Rounded_Upper_Alternate_2/dx11Shader2_Metallic.uexp" 2185
"C:/Users/andre/OneDrive/Documents/Unreal Projects/Artkana_Project/Content/LevelPrototyping/Materials/Stage3/SeanStage3Textures/Building_Not_Rounded_Upper_Alternate_2/dx11Shader2_Base_color.ubulk" 2186
"C:/Users/andre/OneDrive/Documents/Unreal Projects/Artkana_Project/Content/LevelPrototyping/Materials/Stage3/SeanStage3Textures/Building_Not_Rounded_Upper_Alternate_2/dx11Shader2_Base_color.uasset" 2187
"C:/Users/andre/OneDrive/Documents/Unreal Projects/Artkana_Project/Content/LevelPrototyping/Materials/Stage3/SeanStage3Textures/Building_Not_Rounded_Upper_Alternate_2/dx11Shader2_Base_color.uexp" 2188
"C:/Users/andre/OneDrive/Documents/Unreal Projects/Artkana_Project/Content/LevelPrototyping/Materials/Stage3/SeanStage3Mats/m_ucUnroundedBuilding2.uasset" 2189
"C:/Users/andre/OneDrive/Documents/Unreal Projects/Artkana_Project/Content/LevelPrototyping/Materials/Stage3/SeanStage3Mats/m_ucUnroundedBuilding2.uexp" 2190
"C:/Users/andre/OneDrive/Documents/Unreal Projects/Artkana_Project/Content/LevelPrototyping/Materials/Stage3/SeanStage3Textures/Building_Not_Rounded_Upper_Alternate_1/dx11Shader2_Roughness.ubulk" 2191
"C:/Users/andre/OneDrive/Documents/Unreal Projects/Artkana_Project/Content/LevelPrototyping/Materials/Stage3/SeanStage3Textures/Building_Not_Rounded_Upper_Alternate_1/dx11Shader2_Roughness.uasset" 2192
"C:/Users/andre/OneDrive/Documents/Unreal Projects/Artkana_Project/Content/LevelPrototyping/Materials/Stage3/SeanStage3Textures/Building_Not_Rounded_Upper_Alternate_1/dx11Shader2_Roughness.uexp" 2193
"C:/Users/andre/OneDrive/Documents/Unreal Projects/Artkana_Project/Content/LevelPrototyping/Materials/Stage3/SeanStage3Textures/Building_Not_Rounded_Upper_Alternate_1/dx11Shader2_Normal.ubulk" 2194
"C:/Users/andre/OneDrive/Documents/Unreal Projects/Artkana_Project/Content/LevelPrototyping/Materials/Stage3/SeanStage3Textures/Building_Not_Rounded_Upper_Alternate_1/dx11Shader2_Normal.uasset" 2195
"C:/Users/andre/OneDrive/Documents/Unreal Projects/Artkana_Project/Content/LevelPrototyping/Materials/Stage3/SeanStage3Textures/Building_Not_Rounded_Upper_Alternate_1/dx11Shader2_Normal.uexp" 2196
"C:/Users/andre/OneDrive/Documents/Unreal Projects/Artkana_Project/Content/LevelPrototyping/Materials/Stage3/SeanStage3Textures/Building_Not_Rounded_Upper_Alternate_1/dx11Shader2_Metallic.ubulk" 2197
"C:/Users/andre/OneDrive/Documents/Unreal Projects/Artkana_Project/Content/LevelPrototyping/Materials/Stage3/SeanStage3Textures/Building_Not_Rounded_Upper_Alternate_1/dx11Shader2_Metallic.uasset" 2198
"C:/Users/andre/OneDrive/Documents/Unreal Projects/Artkana_Project/Content/LevelPrototyping/Materials/Stage3/SeanStage3Textures/Building_Not_Rounded_Upper_Alternate_1/dx11Shader2_Metallic.uexp" 2199
"C:/Users/andre/OneDrive/Documents/Unreal Projects/Artkana_Project/Content/LevelPrototyping/Materials/Stage3/SeanStage3Textures/Building_Not_Rounded_Upper_Alternate_1/dx11Shader2_Base_color.ubulk" 2200
"C:/Users/andre/OneDrive/Documents/Unreal Projects/Artkana_Project/Content/LevelPrototyping/Materials/Stage3/SeanStage3Textures/Building_Not_Rounded_Upper_Alternate_1/dx11Shader2_Base_color.uasset" 2201
"C:/Users/andre/OneDrive/Documents/Unreal Projects/Artkana_Project/Content/LevelPrototyping/Materials/Stage3/SeanStage3Textures/Building_Not_Rounded_Upper_Alternate_1/dx11Shader2_Base_color.uexp" 2202
"C:/Users/andre/OneDrive/Documents/Unreal Projects/Artkana_Project/Content/LevelPrototyping/Materials/Stage3/SeanStage3Mats/m_ucUnroundedBuilding.uasset" 2203
"C:/Users/andre/OneDrive/Documents/Unreal Projects/Artkana_Project/Content/LevelPrototyping/Materials/Stage3/SeanStage3Mats/m_ucUnroundedBuilding.uexp" 2204
"C:/Users/andre/OneDrive/Documents/Unreal Projects/Artkana_Project/Content/LevelPrototyping/Materials/Stage3/SeanStage3Textures/Building_Rounded_Upper_Textures/building_rounded_redo_dx11Shader4_OcclusionRoughnessMetallic_Raw.ubulk" 2205
"C:/Users/andre/OneDrive/Documents/Unreal Projects/Artkana_Project/Content/LevelPrototyping/Materials/Stage3/SeanStage3Textures/Building_Rounded_Upper_Textures/building_rounded_redo_dx11Shader4_OcclusionRoughnessMetallic_Raw.uasset" 2206
"C:/Users/andre/OneDrive/Documents/Unreal Projects/Artkana_Project/Content/LevelPrototyping/Materials/Stage3/SeanStage3Textures/Building_Rounded_Upper_Textures/building_rounded_redo_dx11Shader4_OcclusionRoughnessMetallic_Raw.uexp" 2207
"C:/Users/andre/OneDrive/Documents/Unreal Projects/Artkana_Project/Content/LevelPrototyping/Materials/Stage3/SeanStage3Textures/Building_Rounded_Upper_Textures/building_rounded_redo_dx11Shader4_Normal_Raw.ubulk" 2208
"C:/Users/andre/OneDrive/Documents/Unreal Projects/Artkana_Project/Content/LevelPrototyping/Materials/Stage3/SeanStage3Textures/Building_Rounded_Upper_Textures/building_rounded_redo_dx11Shader4_Normal_Raw.uasset" 2209
"C:/Users/andre/OneDrive/Documents/Unreal Projects/Artkana_Project/Content/LevelPrototyping/Materials/Stage3/SeanStage3Textures/Building_Rounded_Upper_Textures/building_rounded_redo_dx11Shader4_Normal_Raw.uexp" 2210
"C:/Users/andre/OneDrive/Documents/Unreal Projects/Artkana_Project/Content/LevelPrototyping/Materials/Stage3/SeanStage3Textures/Building_Rounded_Upper_Textures/building_rounded_redo_dx11Shader4_Emissive_sRGB.ubulk" 2211
"C:/Users/andre/OneDrive/Documents/Unreal Projects/Artkana_Project/Content/LevelPrototyping/Materials/Stage3/SeanStage3Textures/Building_Rounded_Upper_Textures/building_rounded_redo_dx11Shader4_Emissive_sRGB.uasset" 2212
"C:/Users/andre/OneDrive/Documents/Unreal Projects/Artkana_Project/Content/LevelPrototyping/Materials/Stage3/SeanStage3Textures/Building_Rounded_Upper_Textures/building_rounded_redo_dx11Shader4_Emissive_sRGB.uexp" 2213
"C:/Users/andre/OneDrive/Documents/Unreal Projects/Artkana_Project/Content/LevelPrototyping/Materials/Stage3/SeanStage3Textures/Building_Rounded_Upper_Textures/building_rounded_redo_dx11Shader4_BaseColor_sRGB.ubulk" 2214
"C:/Users/andre/OneDrive/Documents/Unreal Projects/Artkana_Project/Content/LevelPrototyping/Materials/Stage3/SeanStage3Textures/Building_Rounded_Upper_Textures/building_rounded_redo_dx11Shader4_BaseColor_sRGB.uasset" 2215
"C:/Users/andre/OneDrive/Documents/Unreal Projects/Artkana_Project/Content/LevelPrototyping/Materials/Stage3/SeanStage3Textures/Building_Rounded_Upper_Textures/building_rounded_redo_dx11Shader4_BaseColor_sRGB.uexp" 2216
"C:/Users/andre/OneDrive/Documents/Unreal Projects/Artkana_Project/Content/LevelPrototyping/Materials/Stage3/SeanStage3Mats/m_ucRoundedBuilding.uasset" 2217
"C:/Users/andre/OneDrive/Documents/Unreal Projects/Artkana_Project/Content/LevelPrototyping/Materials/Stage3/SeanStage3Mats/m_ucRoundedBuilding.uexp" 2218
"C:/Users/andre/OneDrive/Documents/Unreal Projects/Artkana_Project/Content/LevelPrototyping/Materials/Stage3/SeanStage3Textures/Road_Lines_Upper_Textures/road_dx11Shader1_OcclusionRoughnessMetallic_Raw.ubulk" 2219
"C:/Users/andre/OneDrive/Documents/Unreal Projects/Artkana_Project/Content/LevelPrototyping/Materials/Stage3/SeanStage3Textures/Road_Lines_Upper_Textures/road_dx11Shader1_OcclusionRoughnessMetallic_Raw.uasset" 2220
"C:/Users/andre/OneDrive/Documents/Unreal Projects/Artkana_Project/Content/LevelPrototyping/Materials/Stage3/SeanStage3Textures/Road_Lines_Upper_Textures/road_dx11Shader1_OcclusionRoughnessMetallic_Raw.uexp" 2221
"C:/Users/andre/OneDrive/Documents/Unreal Projects/Artkana_Project/Content/LevelPrototyping/Materials/Stage3/SeanStage3Textures/Road_Lines_Upper_Textures/road_dx11Shader1_Normal_Raw.ubulk" 2222
"C:/Users/andre/OneDrive/Documents/Unreal Projects/Artkana_Project/Content/LevelPrototyping/Materials/Stage3/SeanStage3Textures/Road_Lines_Upper_Textures/road_dx11Shader1_Normal_Raw.uasset" 2223
"C:/Users/andre/OneDrive/Documents/Unreal Projects/Artkana_Project/Content/LevelPrototyping/Materials/Stage3/SeanStage3Textures/Road_Lines_Upper_Textures/road_dx11Shader1_Normal_Raw.uexp" 2224
"C:/Users/andre/OneDrive/Documents/Unreal Projects/Artkana_Project/Content/LevelPrototyping/Materials/Stage3/SeanStage3Textures/Road_Lines_Upper_Textures/road_dx11Shader1_Emissive_sRGB.ubulk" 2225
"C:/Users/andre/OneDrive/Documents/Unreal Projects/Artkana_Project/Content/LevelPrototyping/Materials/Stage3/SeanStage3Textures/Road_Lines_Upper_Textures/road_dx11Shader1_Emissive_sRGB.uasset" 2226
"C:/Users/andre/OneDrive/Documents/Unreal Projects/Artkana_Project/Content/LevelPrototyping/Materials/Stage3/SeanStage3Textures/Road_Lines_Upper_Textures/road_dx11Shader1_Emissive_sRGB.uexp" 2227
"C:/Users/andre/OneDrive/Documents/Unreal Projects/Artkana_Project/Content/LevelPrototyping/Materials/Stage3/SeanStage3Textures/Road_Lines_Upper_Textures/road_dx11Shader1_BaseColor_sRGB.ubulk" 2228
"C:/Users/andre/OneDrive/Documents/Unreal Projects/Artkana_Project/Content/LevelPrototyping/Materials/Stage3/SeanStage3Textures/Road_Lines_Upper_Textures/road_dx11Shader1_BaseColor_sRGB.uasset" 2229
"C:/Users/andre/OneDrive/Documents/Unreal Projects/Artkana_Project/Content/LevelPrototyping/Materials/Stage3/SeanStage3Textures/Road_Lines_Upper_Textures/road_dx11Shader1_BaseColor_sRGB.uexp" 2230
"C:/Users/andre/OneDrive/Documents/Unreal Projects/Artkana_Project/Content/LevelPrototyping/Materials/Stage3/SeanStage3Mats/m_ucRoad.uasset" 2231
"C:/Users/andre/OneDrive/Documents/Unreal Projects/Artkana_Project/Content/LevelPrototyping/Materials/Stage3/SeanStage3Mats/m_ucRoad.uexp" 2232
"C:/Users/andre/OneDrive/Documents/Unreal Projects/Artkana_Project/Content/LevelPrototyping/Materials/Stage2/concrete1_Base_Color_Mat.uasset" 2233
"C:/Users/andre/OneDrive/Documents/Unreal Projects/Artkana_Project/Content/LevelPrototyping/Materials/Stage2/concrete1_Base_Color_Mat.uexp" 2234
"C:/Users/andre/OneDrive/Documents/Unreal Projects/Artkana_Project/Content/Variant_SideScroller/Blueprints/Enemies/NewEnemies/Enemies/BP_HeavyGroundEnemy.uasset" 2235
"C:/Users/andre/OneDrive/Documents/Unreal Projects/Artkana_Project/Content/Variant_SideScroller/Blueprints/Enemies/NewEnemies/Enemies/BP_HeavyGroundEnemy.uexp" 2236
"C:/Users/andre/OneDrive/Documents/Unreal Projects/Artkana_Project/Content/Variant_SideScroller/Blueprints/Level_Objects/Train/BulletTrainArea.uasset" 2237
"C:/Users/andre/OneDrive/Documents/Unreal Projects/Artkana_Project/Content/Variant_SideScroller/Blueprints/Level_Objects/Train/BulletTrainArea.uexp" 2238
"C:/Users/andre/OneDrive/Documents/Unreal Projects/Artkana_Project/Content/Variant_SideScroller/Blueprints/Level_Objects/Train/BP_TrainTrackSpline.uasset" 2239
"C:/Users/andre/OneDrive/Documents/Unreal Projects/Artkana_Project/Content/Variant_SideScroller/Blueprints/Level_Objects/Train/BP_TrainTrackSpline.uexp" 2240
"C:/Users/andre/OneDrive/Documents/Unreal Projects/Artkana_Project/Content/Variant_SideScroller/Blueprints/Level_Objects/Train/BulletTrain.uasset" 2241
"C:/Users/andre/OneDrive/Documents/Unreal Projects/Artkana_Project/Content/Variant_SideScroller/Blueprints/Level_Objects/Train/BulletTrain.uexp" 2242
"C:/Users/andre/OneDrive/Documents/Unreal Projects/Artkana_Project/Content/Variant_SideScroller/Blueprints/Level_Objects/Train/TrainDangerWidget.uasset" 2243
"C:/Users/andre/OneDrive/Documents/Unreal Projects/Artkana_Project/Content/Variant_SideScroller/Blueprints/Level_Objects/Train/TrainDangerWidget.uexp" 2244
"C:/Users/andre/OneDrive/Documents/Unreal Projects/Artkana_Project/Content/Variant_SideScroller/Blueprints/Level_Objects/Train/TrainSpawner.uasset" 2245
"C:/Users/andre/OneDrive/Documents/Unreal Projects/Artkana_Project/Content/Variant_SideScroller/Blueprints/Level_Objects/Train/TrainSpawner.uexp" 2246
"C:/Users/andre/OneDrive/Documents/Unreal Projects/Artkana_Project/Content/Variant_SideScroller/Lvl_UpperCity.uexp" 2247
"C:/Users/andre/OneDrive/Documents/Unreal Projects/Artkana_Project/Content/Variant_SideScroller/Lvl_UpperCity.umap" 2248
"C:/Users/andre/OneDrive/Documents/Unreal Projects/Artkana_Project/Content/Audio/Music/Kingdom_Valley_Act_1_-_Sonic_X_Shadow_Generations_OST.ubulk" 2249
"C:/Users/andre/OneDrive/Documents/Unreal Projects/Artkana_Project/Content/Audio/Music/Kingdom_Valley_Act_1_-_Sonic_X_Shadow_Generations_OST.uasset" 2250
"C:/Users/andre/OneDrive/Documents/Unreal Projects/Artkana_Project/Content/Audio/Music/Kingdom_Valley_Act_1_-_Sonic_X_Shadow_Generations_OST.uexp" 2251
"C:/Users/andre/OneDrive/Documents/Unreal Projects/Artkana_Project/Content/Variant_SideScroller/Blueprints/Level_Objects/WindZone/WindsDangerUp-Down_Widget.uasset" 2252
"C:/Users/andre/OneDrive/Documents/Unreal Projects/Artkana_Project/Content/Variant_SideScroller/Blueprints/Level_Objects/WindZone/WindsDangerUp-Down_Widget.uexp" 2253
"C:/Users/andre/OneDrive/Documents/Unreal Projects/Artkana_Project/Content/Variant_SideScroller/Blueprints/Level_Objects/WindZone/Winds_Up-Down.uasset" 2254
"C:/Users/andre/OneDrive/Documents/Unreal Projects/Artkana_Project/Content/Variant_SideScroller/Blueprints/Level_Objects/WindZone/Winds_Up-Down.uexp" 2255
"C:/Users/andre/OneDrive/Documents/Unreal Projects/Artkana_Project/Content/Variant_SideScroller/Blueprints/Level_Objects/WindZone/WindsDangerLeft-Right_Widget.uasset" 2256
"C:/Users/andre/OneDrive/Documents/Unreal Projects/Artkana_Project/Content/Variant_SideScroller/Blueprints/Level_Objects/WindZone/WindsDangerLeft-Right_Widget.uexp" 2257
"C:/Users/andre/OneDrive/Documents/Unreal Projects/Artkana_Project/Content/Variant_SideScroller/Blueprints/Level_Objects/WindZone/Winds_Left-Right.uasset" 2258
"C:/Users/andre/OneDrive/Documents/Unreal Projects/Artkana_Project/Content/Variant_SideScroller/Blueprints/Level_Objects/WindZone/Winds_Left-Right.uexp" 2259
"C:/Users/andre/OneDrive/Documents/Unreal Projects/Artkana_Project/Content/Variant_SideScroller/Blueprints/Enemies/BP_DroneEnemy.uasset" 2260
"C:/Users/andre/OneDrive/Documents/Unreal Projects/Artkana_Project/Content/Variant_SideScroller/Blueprints/Enemies/BP_DroneEnemy.uexp" 2261
"C:/Users/andre/OneDrive/Documents/Unreal Projects/Artkana_Project/Content/Variant_SideScroller/Lvl_Mountain.uexp" 2262
"C:/Users/andre/OneDrive/Documents/Unreal Projects/Artkana_Project/Content/Variant_SideScroller/Lvl_Mountain.umap" 2263
"C:/Users/andre/OneDrive/Documents/Unreal Projects/Artkana_Project/Content/Variant_SideScroller/Blueprints/Items/BP_PickUp.uasset" 2264
"C:/Users/andre/OneDrive/Documents/Unreal Projects/Artkana_Project/Content/Variant_SideScroller/Blueprints/Items/BP_PickUp.uexp" 2265
"C:/Users/andre/OneDrive/Documents/Unreal Projects/Artkana_Project/Content/Variant_SideScroller/UI/UI_PickupCount.uasset" 2266
"C:/Users/andre/OneDrive/Documents/Unreal Projects/Artkana_Project/Content/Variant_SideScroller/UI/UI_PickupCount.uexp" 2267
"C:/Users/andre/OneDrive/Documents/Unreal Projects/Artkana_Project/Content/Input/Actions/IA_MouseLook.uasset" 2268
"C:/Users/andre/OneDrive/Documents/Unreal Projects/Artkana_Project/Content/Input/Actions/IA_MouseLook.uexp" 2269
"C:/Users/andre/OneDrive/Documents/Unreal Projects/Artkana_Project/Content/Input/IMC_MouseLook.uasset" 2270
"C:/Users/andre/OneDrive/Documents/Unreal Projects/Artkana_Project/Content/Input/IMC_MouseLook.uexp" 2271
"../../../Engine/Content/MobileResources/HUD/VirtualJoystick_Thumb.uasset" 2272
"../../../Engine/Content/MobileResources/HUD/VirtualJoystick_Thumb.uexp" 2273
"../../../Engine/Content/MobileResources/HUD/VirtualJoystick_Background.uasset" 2274
"../../../Engine/Content/MobileResources/HUD/VirtualJoystick_Background.uexp" 2275
"C:/Users/andre/OneDrive/Documents/Unreal Projects/Artkana_Project/Content/Input/Touch/UI_Thumbstick.uasset" 2276
"C:/Users/andre/OneDrive/Documents/Unreal Projects/Artkana_Project/Content/Input/Touch/UI_Thumbstick.uexp" 2277
"C:/Users/andre/OneDrive/Documents/Unreal Projects/Artkana_Project/Content/Variant_SideScroller/Input/UI_TouchInterface_SideScrolling.uasset" 2278
"C:/Users/andre/OneDrive/Documents/Unreal Projects/Artkana_Project/Content/Variant_SideScroller/Input/UI_TouchInterface_SideScrolling.uexp" 2279
"C:/Users/andre/OneDrive/Documents/Unreal Projects/Artkana_Project/Content/Variant_SideScroller/Input/IMC_SideScroller.uasset" 2280
"C:/Users/andre/OneDrive/Documents/Unreal Projects/Artkana_Project/Content/Variant_SideScroller/Input/IMC_SideScroller.uexp" 2281
"C:/Users/andre/OneDrive/Documents/Unreal Projects/Artkana_Project/Content/Variant_SideScroller/Blueprints/BP_SideScrollingPlayerController.uasset" 2282
"C:/Users/andre/OneDrive/Documents/Unreal Projects/Artkana_Project/Content/Variant_SideScroller/Blueprints/BP_SideScrollingPlayerController.uexp" 2283
"C:/Users/andre/OneDrive/Documents/Unreal Projects/Artkana_Project/Content/Variant_SideScroller/Blueprints/BP_SideScrollingGameMode.uasset" 2284
"C:/Users/andre/OneDrive/Documents/Unreal Projects/Artkana_Project/Content/Variant_SideScroller/Blueprints/BP_SideScrollingGameMode.uexp" 2285
"C:/Users/andre/OneDrive/Documents/Unreal Projects/Artkana_Project/Content/Variant_SideScroller/Lvl_LowerCity.uexp" 2286
"C:/Users/andre/OneDrive/Documents/Unreal Projects/Artkana_Project/Content/Variant_SideScroller/Lvl_LowerCity.umap" 2287
"C:/Users/andre/OneDrive/Documents/Unreal Projects/Artkana_Project/Content/LevelPrototyping/Platform_Assets/m_grassTemp.uasset" 2288
"C:/Users/andre/OneDrive/Documents/Unreal Projects/Artkana_Project/Content/LevelPrototyping/Platform_Assets/m_grassTemp.uexp" 2289
"C:/Users/andre/OneDrive/Documents/Unreal Projects/Artkana_Project/Content/Audio/Music/Savannah_Citadel__Day__-_Sonic_Unleashed__OST_.ubulk" 2290
"C:/Users/andre/OneDrive/Documents/Unreal Projects/Artkana_Project/Content/Audio/Music/Savannah_Citadel__Day__-_Sonic_Unleashed__OST_.uasset" 2291
"C:/Users/andre/OneDrive/Documents/Unreal Projects/Artkana_Project/Content/Audio/Music/Savannah_Citadel__Day__-_Sonic_Unleashed__OST_.uexp" 2292
"C:/Users/andre/OneDrive/Documents/Unreal Projects/Artkana_Project/Content/3DAssets/Splatshroom/splatShroom_Skeleton.uasset" 2293
"C:/Users/andre/OneDrive/Documents/Unreal Projects/Artkana_Project/Content/3DAssets/Splatshroom/splatShroom_Skeleton.uexp" 2294
"C:/Users/andre/OneDrive/Documents/Unreal Projects/Artkana_Project/Content/3DAssets/Splatshroom/splatShroom_PhysicsAsset.uasset" 2295
"C:/Users/andre/OneDrive/Documents/Unreal Projects/Artkana_Project/Content/3DAssets/Splatshroom/splatShroom_PhysicsAsset.uexp" 2296
"C:/Users/andre/OneDrive/Documents/Unreal Projects/Artkana_Project/Content/3DAssets/3DTextures/splatShroom/splatShroom_standardSurface1_OcclusionRoughnessMetallic.ubulk" 2297
"C:/Users/andre/OneDrive/Documents/Unreal Projects/Artkana_Project/Content/3DAssets/3DTextures/splatShroom/splatShroom_standardSurface1_OcclusionRoughnessMetallic.uasset" 2298
"C:/Users/andre/OneDrive/Documents/Unreal Projects/Artkana_Project/Content/3DAssets/3DTextures/splatShroom/splatShroom_standardSurface1_OcclusionRoughnessMetallic.uexp" 2299
"C:/Users/andre/OneDrive/Documents/Unreal Projects/Artkana_Project/Content/3DAssets/3DTextures/splatShroom/splatShroom_standardSurface1_Normal.ubulk" 2300
"C:/Users/andre/OneDrive/Documents/Unreal Projects/Artkana_Project/Content/3DAssets/3DTextures/splatShroom/splatShroom_standardSurface1_Normal.uasset" 2301
"C:/Users/andre/OneDrive/Documents/Unreal Projects/Artkana_Project/Content/3DAssets/3DTextures/splatShroom/splatShroom_standardSurface1_Normal.uexp" 2302
"C:/Users/andre/OneDrive/Documents/Unreal Projects/Artkana_Project/Content/3DAssets/3DTextures/splatShroom/splatShroom_standardSurface1_BaseColor.ubulk" 2303
"C:/Users/andre/OneDrive/Documents/Unreal Projects/Artkana_Project/Content/3DAssets/3DTextures/splatShroom/splatShroom_standardSurface1_BaseColor.uasset" 2304
"C:/Users/andre/OneDrive/Documents/Unreal Projects/Artkana_Project/Content/3DAssets/3DTextures/splatShroom/splatShroom_standardSurface1_BaseColor.uexp" 2305
"C:/Users/andre/OneDrive/Documents/Unreal Projects/Artkana_Project/Content/3DAssets/3DTextures/splatShroom/splatShroom_mat.uasset" 2306
"C:/Users/andre/OneDrive/Documents/Unreal Projects/Artkana_Project/Content/3DAssets/3DTextures/splatShroom/splatShroom_mat.uexp" 2307
"C:/Users/andre/OneDrive/Documents/Unreal Projects/Artkana_Project/Content/3DAssets/Splatshroom/splatShroom.uasset" 2308
"C:/Users/andre/OneDrive/Documents/Unreal Projects/Artkana_Project/Content/3DAssets/Splatshroom/splatShroom.uexp" 2309
"C:/Users/andre/OneDrive/Documents/Unreal Projects/Artkana_Project/Content/2D3DAssets/2DTextures/2DImages/umbrellshroom1alph.ubulk" 2310
"C:/Users/andre/OneDrive/Documents/Unreal Projects/Artkana_Project/Content/2D3DAssets/2DTextures/2DImages/umbrellshroom1alph.uasset" 2311
"C:/Users/andre/OneDrive/Documents/Unreal Projects/Artkana_Project/Content/2D3DAssets/2DTextures/2DImages/umbrellshroom1alph.uexp" 2312
"C:/Users/andre/OneDrive/Documents/Unreal Projects/Artkana_Project/Content/2D3DAssets/2DTextures/2DImages/umbrellshroom1.ubulk" 2313
"C:/Users/andre/OneDrive/Documents/Unreal Projects/Artkana_Project/Content/2D3DAssets/2DTextures/2DImages/umbrellshroom1.uasset" 2314
"C:/Users/andre/OneDrive/Documents/Unreal Projects/Artkana_Project/Content/2D3DAssets/2DTextures/2DImages/umbrellshroom1.uexp" 2315
"C:/Users/andre/OneDrive/Documents/Unreal Projects/Artkana_Project/Content/2D3DAssets/2DTextures/2DMaterials/umbrellshroom1_Mat.uasset" 2316
"C:/Users/andre/OneDrive/Documents/Unreal Projects/Artkana_Project/Content/2D3DAssets/2DTextures/2DMaterials/umbrellshroom1_Mat.uexp" 2317
"C:/Users/andre/OneDrive/Documents/Unreal Projects/Artkana_Project/Content/2D3DAssets/2DMeshes/umbrellshroom1.ubulk" 2318
"C:/Users/andre/OneDrive/Documents/Unreal Projects/Artkana_Project/Content/2D3DAssets/2DMeshes/umbrellshroom1.uasset" 2319
"C:/Users/andre/OneDrive/Documents/Unreal Projects/Artkana_Project/Content/2D3DAssets/2DMeshes/umbrellshroom1.uexp" 2320
"C:/Users/andre/OneDrive/Documents/Unreal Projects/Artkana_Project/Content/2D3DAssets/2DTextures/2DImages/splatshroom1alph.ubulk" 2321
"C:/Users/andre/OneDrive/Documents/Unreal Projects/Artkana_Project/Content/2D3DAssets/2DTextures/2DImages/splatshroom1alph.uasset" 2322
"C:/Users/andre/OneDrive/Documents/Unreal Projects/Artkana_Project/Content/2D3DAssets/2DTextures/2DImages/splatshroom1alph.uexp" 2323
"C:/Users/andre/OneDrive/Documents/Unreal Projects/Artkana_Project/Content/2D3DAssets/2DTextures/2DImages/splatshroom1.ubulk" 2324
"C:/Users/andre/OneDrive/Documents/Unreal Projects/Artkana_Project/Content/2D3DAssets/2DTextures/2DImages/splatshroom1.uasset" 2325
"C:/Users/andre/OneDrive/Documents/Unreal Projects/Artkana_Project/Content/2D3DAssets/2DTextures/2DImages/splatshroom1.uexp" 2326
"C:/Users/andre/OneDrive/Documents/Unreal Projects/Artkana_Project/Content/2D3DAssets/2DTextures/2DMaterials/splatshroom1_Mat.uasset" 2327
"C:/Users/andre/OneDrive/Documents/Unreal Projects/Artkana_Project/Content/2D3DAssets/2DTextures/2DMaterials/splatshroom1_Mat.uexp" 2328
"C:/Users/andre/OneDrive/Documents/Unreal Projects/Artkana_Project/Content/2D3DAssets/2DMeshes/splatshroom1.ubulk" 2329
"C:/Users/andre/OneDrive/Documents/Unreal Projects/Artkana_Project/Content/2D3DAssets/2DMeshes/splatshroom1.uasset" 2330
"C:/Users/andre/OneDrive/Documents/Unreal Projects/Artkana_Project/Content/2D3DAssets/2DMeshes/splatshroom1.uexp" 2331
"C:/Users/andre/OneDrive/Documents/Unreal Projects/Artkana_Project/Content/2D3DAssets/2DTextures/2DImages/grass2alph.ubulk" 2332
"C:/Users/andre/OneDrive/Documents/Unreal Projects/Artkana_Project/Content/2D3DAssets/2DTextures/2DImages/grass2alph.uasset" 2333
"C:/Users/andre/OneDrive/Documents/Unreal Projects/Artkana_Project/Content/2D3DAssets/2DTextures/2DImages/grass2alph.uexp" 2334
"C:/Users/andre/OneDrive/Documents/Unreal Projects/Artkana_Project/Content/2D3DAssets/2DTextures/2DImages/grass2.ubulk" 2335
"C:/Users/andre/OneDrive/Documents/Unreal Projects/Artkana_Project/Content/2D3DAssets/2DTextures/2DImages/grass2.uasset" 2336
"C:/Users/andre/OneDrive/Documents/Unreal Projects/Artkana_Project/Content/2D3DAssets/2DTextures/2DImages/grass2.uexp" 2337
"C:/Users/andre/OneDrive/Documents/Unreal Projects/Artkana_Project/Content/2D3DAssets/2DTextures/2DMaterials/grass2_Mat.uasset" 2338
"C:/Users/andre/OneDrive/Documents/Unreal Projects/Artkana_Project/Content/2D3DAssets/2DTextures/2DMaterials/grass2_Mat.uexp" 2339
"C:/Users/andre/OneDrive/Documents/Unreal Projects/Artkana_Project/Content/2D3DAssets/2DMeshes/grassblades2.ubulk" 2340
"C:/Users/andre/OneDrive/Documents/Unreal Projects/Artkana_Project/Content/2D3DAssets/2DMeshes/grassblades2.uasset" 2341
"C:/Users/andre/OneDrive/Documents/Unreal Projects/Artkana_Project/Content/2D3DAssets/2DMeshes/grassblades2.uexp" 2342
"C:/Users/andre/OneDrive/Documents/Unreal Projects/Artkana_Project/Content/2D3DAssets/2DTextures/2DImages/grass1alph.ubulk" 2343
"C:/Users/andre/OneDrive/Documents/Unreal Projects/Artkana_Project/Content/2D3DAssets/2DTextures/2DImages/grass1alph.uasset" 2344
"C:/Users/andre/OneDrive/Documents/Unreal Projects/Artkana_Project/Content/2D3DAssets/2DTextures/2DImages/grass1alph.uexp" 2345
"C:/Users/andre/OneDrive/Documents/Unreal Projects/Artkana_Project/Content/2D3DAssets/2DTextures/2DImages/grass1.ubulk" 2346
"C:/Users/andre/OneDrive/Documents/Unreal Projects/Artkana_Project/Content/2D3DAssets/2DTextures/2DImages/grass1.uasset" 2347
"C:/Users/andre/OneDrive/Documents/Unreal Projects/Artkana_Project/Content/2D3DAssets/2DTextures/2DImages/grass1.uexp" 2348
"C:/Users/andre/OneDrive/Documents/Unreal Projects/Artkana_Project/Content/2D3DAssets/2DTextures/2DMaterials/grass1_Mat1.uasset" 2349
"C:/Users/andre/OneDrive/Documents/Unreal Projects/Artkana_Project/Content/2D3DAssets/2DTextures/2DMaterials/grass1_Mat1.uexp" 2350
"C:/Users/andre/OneDrive/Documents/Unreal Projects/Artkana_Project/Content/2D3DAssets/2DMeshes/grassblades1.ubulk" 2351
"C:/Users/andre/OneDrive/Documents/Unreal Projects/Artkana_Project/Content/2D3DAssets/2DMeshes/grassblades1.uasset" 2352
"C:/Users/andre/OneDrive/Documents/Unreal Projects/Artkana_Project/Content/2D3DAssets/2DMeshes/grassblades1.uexp" 2353
"C:/Users/andre/OneDrive/Documents/Unreal Projects/Artkana_Project/Content/2D3DAssets/2DTextures/2DImages/coralbush2alph.ubulk" 2354
"C:/Users/andre/OneDrive/Documents/Unreal Projects/Artkana_Project/Content/2D3DAssets/2DTextures/2DImages/coralbush2alph.uasset" 2355
"C:/Users/andre/OneDrive/Documents/Unreal Projects/Artkana_Project/Content/2D3DAssets/2DTextures/2DImages/coralbush2alph.uexp" 2356
"C:/Users/andre/OneDrive/Documents/Unreal Projects/Artkana_Project/Content/2D3DAssets/2DTextures/2DImages/coralbush2.ubulk" 2357
"C:/Users/andre/OneDrive/Documents/Unreal Projects/Artkana_Project/Content/2D3DAssets/2DTextures/2DImages/coralbush2.uasset" 2358
"C:/Users/andre/OneDrive/Documents/Unreal Projects/Artkana_Project/Content/2D3DAssets/2DTextures/2DImages/coralbush2.uexp" 2359
"C:/Users/andre/OneDrive/Documents/Unreal Projects/Artkana_Project/Content/2D3DAssets/2DTextures/2DMaterials/coralbush2_Mat.uasset" 2360
"C:/Users/andre/OneDrive/Documents/Unreal Projects/Artkana_Project/Content/2D3DAssets/2DTextures/2DMaterials/coralbush2_Mat.uexp" 2361
"C:/Users/andre/OneDrive/Documents/Unreal Projects/Artkana_Project/Content/2D3DAssets/2DMeshes/coralbush2.ubulk" 2362
"C:/Users/andre/OneDrive/Documents/Unreal Projects/Artkana_Project/Content/2D3DAssets/2DMeshes/coralbush2.uasset" 2363
"C:/Users/andre/OneDrive/Documents/Unreal Projects/Artkana_Project/Content/2D3DAssets/2DMeshes/coralbush2.uexp" 2364
"C:/Users/andre/OneDrive/Documents/Unreal Projects/Artkana_Project/Content/2D3DAssets/2DTextures/2DImages/coralbush1alph.ubulk" 2365
"C:/Users/andre/OneDrive/Documents/Unreal Projects/Artkana_Project/Content/2D3DAssets/2DTextures/2DImages/coralbush1alph.uasset" 2366
"C:/Users/andre/OneDrive/Documents/Unreal Projects/Artkana_Project/Content/2D3DAssets/2DTextures/2DImages/coralbush1alph.uexp" 2367
"C:/Users/andre/OneDrive/Documents/Unreal Projects/Artkana_Project/Content/2D3DAssets/2DTextures/2DImages/coralbush1.ubulk" 2368
"C:/Users/andre/OneDrive/Documents/Unreal Projects/Artkana_Project/Content/2D3DAssets/2DTextures/2DImages/coralbush1.uasset" 2369
"C:/Users/andre/OneDrive/Documents/Unreal Projects/Artkana_Project/Content/2D3DAssets/2DTextures/2DImages/coralbush1.uexp" 2370
"C:/Users/andre/OneDrive/Documents/Unreal Projects/Artkana_Project/Content/2D3DAssets/2DTextures/2DMaterials/coralbush1_Mat.uasset" 2371
"C:/Users/andre/OneDrive/Documents/Unreal Projects/Artkana_Project/Content/2D3DAssets/2DTextures/2DMaterials/coralbush1_Mat.uexp" 2372
"C:/Users/andre/OneDrive/Documents/Unreal Projects/Artkana_Project/Content/2D3DAssets/2DMeshes/coralbush1.ubulk" 2373
"C:/Users/andre/OneDrive/Documents/Unreal Projects/Artkana_Project/Content/2D3DAssets/2DMeshes/coralbush1.uasset" 2374
"C:/Users/andre/OneDrive/Documents/Unreal Projects/Artkana_Project/Content/2D3DAssets/2DMeshes/coralbush1.uexp" 2375
"C:/Users/andre/OneDrive/Documents/Unreal Projects/Artkana_Project/Content/LevelPrototyping/Materials/Stage1/SeanTextures/Vine_Rail_Textures/vine_rail_openPBR_shader1_OcclusionRoughnessMetallic_Raw.ubulk" 2376
"C:/Users/andre/OneDrive/Documents/Unreal Projects/Artkana_Project/Content/LevelPrototyping/Materials/Stage1/SeanTextures/Vine_Rail_Textures/vine_rail_openPBR_shader1_OcclusionRoughnessMetallic_Raw.uasset" 2377
"C:/Users/andre/OneDrive/Documents/Unreal Projects/Artkana_Project/Content/LevelPrototyping/Materials/Stage1/SeanTextures/Vine_Rail_Textures/vine_rail_openPBR_shader1_OcclusionRoughnessMetallic_Raw.uexp" 2378
"C:/Users/andre/OneDrive/Documents/Unreal Projects/Artkana_Project/Content/LevelPrototyping/Materials/Stage1/SeanTextures/Vine_Rail_Textures/vine_rail_openPBR_shader1_Normal_Raw.ubulk" 2379
"C:/Users/andre/OneDrive/Documents/Unreal Projects/Artkana_Project/Content/LevelPrototyping/Materials/Stage1/SeanTextures/Vine_Rail_Textures/vine_rail_openPBR_shader1_Normal_Raw.uasset" 2380
"C:/Users/andre/OneDrive/Documents/Unreal Projects/Artkana_Project/Content/LevelPrototyping/Materials/Stage1/SeanTextures/Vine_Rail_Textures/vine_rail_openPBR_shader1_Normal_Raw.uexp" 2381
"C:/Users/andre/OneDrive/Documents/Unreal Projects/Artkana_Project/Content/LevelPrototyping/Materials/Stage1/SeanTextures/Vine_Rail_Textures/vine_rail_openPBR_shader1_Emissive_sRGB.ubulk" 2382
"C:/Users/andre/OneDrive/Documents/Unreal Projects/Artkana_Project/Content/LevelPrototyping/Materials/Stage1/SeanTextures/Vine_Rail_Textures/vine_rail_openPBR_shader1_Emissive_sRGB.uasset" 2383
"C:/Users/andre/OneDrive/Documents/Unreal Projects/Artkana_Project/Content/LevelPrototyping/Materials/Stage1/SeanTextures/Vine_Rail_Textures/vine_rail_openPBR_shader1_Emissive_sRGB.uexp" 2384
"C:/Users/andre/OneDrive/Documents/Unreal Projects/Artkana_Project/Content/LevelPrototyping/Materials/Stage1/SeanTextures/Vine_Rail_Textures/vine_rail_openPBR_shader1_BaseColor_sRGB.ubulk" 2385
"C:/Users/andre/OneDrive/Documents/Unreal Projects/Artkana_Project/Content/LevelPrototyping/Materials/Stage1/SeanTextures/Vine_Rail_Textures/vine_rail_openPBR_shader1_BaseColor_sRGB.uasset" 2386
"C:/Users/andre/OneDrive/Documents/Unreal Projects/Artkana_Project/Content/LevelPrototyping/Materials/Stage1/SeanTextures/Vine_Rail_Textures/vine_rail_openPBR_shader1_BaseColor_sRGB.uexp" 2387
"C:/Users/andre/OneDrive/Documents/Unreal Projects/Artkana_Project/Content/LevelPrototyping/Materials/Stage1/SeanMats/m_vineRail.uasset" 2388
"C:/Users/andre/OneDrive/Documents/Unreal Projects/Artkana_Project/Content/LevelPrototyping/Materials/Stage1/SeanMats/m_vineRail.uexp" 2389
"C:/Users/andre/OneDrive/Documents/Unreal Projects/Artkana_Project/Content/LevelPrototyping/Meshes/Stage1/vine_rail.ubulk" 2390
"C:/Users/andre/OneDrive/Documents/Unreal Projects/Artkana_Project/Content/LevelPrototyping/Meshes/Stage1/vine_rail.uasset" 2391
"C:/Users/andre/OneDrive/Documents/Unreal Projects/Artkana_Project/Content/LevelPrototyping/Meshes/Stage1/vine_rail.uexp" 2392
"C:/Users/andre/OneDrive/Documents/Unreal Projects/Artkana_Project/Content/LevelPrototyping/Meshes/Stage1/openPBR_shader1.uasset" 2393
"C:/Users/andre/OneDrive/Documents/Unreal Projects/Artkana_Project/Content/LevelPrototyping/Meshes/Stage1/openPBR_shader1.uexp" 2394
"C:/Users/andre/OneDrive/Documents/Unreal Projects/Artkana_Project/Content/LevelPrototyping/Meshes/Stage1/vine_Platform_optimized.ubulk" 2395
"C:/Users/andre/OneDrive/Documents/Unreal Projects/Artkana_Project/Content/LevelPrototyping/Meshes/Stage1/vine_Platform_optimized.uasset" 2396
"C:/Users/andre/OneDrive/Documents/Unreal Projects/Artkana_Project/Content/LevelPrototyping/Meshes/Stage1/vine_Platform_optimized.uexp" 2397
"C:/Users/andre/OneDrive/Documents/Unreal Projects/Artkana_Project/Content/LevelPrototyping/Meshes/Stage1/TreeAssets_low.ubulk" 2398
"C:/Users/andre/OneDrive/Documents/Unreal Projects/Artkana_Project/Content/LevelPrototyping/Meshes/Stage1/TreeAssets_low.uasset" 2399
"C:/Users/andre/OneDrive/Documents/Unreal Projects/Artkana_Project/Content/LevelPrototyping/Meshes/Stage1/TreeAssets_low.uexp" 2400
"../../../Engine/Content/EngineResources/DefaultTexture.ubulk" 2401
"../../../Engine/Content/EngineResources/DefaultTexture.uasset" 2402
"../../../Engine/Content/EngineResources/DefaultTexture.uexp" 2403
"C:/Users/andre/OneDrive/Documents/Unreal Projects/Artkana_Project/Content/LevelPrototyping/Meshes/Stage1/flat_bark_0Mat_ncl_1.uasset" 2404
"C:/Users/andre/OneDrive/Documents/Unreal Projects/Artkana_Project/Content/LevelPrototyping/Meshes/Stage1/flat_bark_0Mat_ncl_1.uexp" 2405
"C:/Users/andre/OneDrive/Documents/Unreal Projects/Artkana_Project/Content/LevelPrototyping/Meshes/Stage1/branch01_1Mat_ncl_1.uasset" 2406
"C:/Users/andre/OneDrive/Documents/Unreal Projects/Artkana_Project/Content/LevelPrototyping/Meshes/Stage1/branch01_1Mat_ncl_1.uexp" 2407
"C:/Users/andre/OneDrive/Documents/Unreal Projects/Artkana_Project/Content/LevelPrototyping/Meshes/Stage1/tree2.ubulk" 2408
"C:/Users/andre/OneDrive/Documents/Unreal Projects/Artkana_Project/Content/LevelPrototyping/Meshes/Stage1/tree2.uasset" 2409
"C:/Users/andre/OneDrive/Documents/Unreal Projects/Artkana_Project/Content/LevelPrototyping/Meshes/Stage1/tree2.uexp" 2410
"C:/Users/andre/OneDrive/Documents/Unreal Projects/Artkana_Project/Content/LevelPrototyping/Meshes/Stage1/oak_leaf_1Mat_ncl_1.uasset" 2411
"C:/Users/andre/OneDrive/Documents/Unreal Projects/Artkana_Project/Content/LevelPrototyping/Meshes/Stage1/oak_leaf_1Mat_ncl_1.uexp" 2412
"C:/Users/andre/OneDrive/Documents/Unreal Projects/Artkana_Project/Content/LevelPrototyping/Meshes/Stage1/Tree1.ubulk" 2413
"C:/Users/andre/OneDrive/Documents/Unreal Projects/Artkana_Project/Content/LevelPrototyping/Meshes/Stage1/Tree1.uasset" 2414
"C:/Users/andre/OneDrive/Documents/Unreal Projects/Artkana_Project/Content/LevelPrototyping/Meshes/Stage1/Tree1.uexp" 2415
"C:/Users/andre/OneDrive/Documents/Unreal Projects/Artkana_Project/Content/LevelPrototyping/Meshes/Stage1/Forest_Floor.ubulk" 2416
"C:/Users/andre/OneDrive/Documents/Unreal Projects/Artkana_Project/Content/LevelPrototyping/Meshes/Stage1/Forest_Floor.uasset" 2417
"C:/Users/andre/OneDrive/Documents/Unreal Projects/Artkana_Project/Content/LevelPrototyping/Meshes/Stage1/Forest_Floor.uexp" 2418
"C:/Users/andre/OneDrive/Documents/Unreal Projects/Artkana_Project/Content/LevelPrototyping/Meshes/Stage1/canopy.ubulk" 2419
"C:/Users/andre/OneDrive/Documents/Unreal Projects/Artkana_Project/Content/LevelPrototyping/Meshes/Stage1/canopy.uasset" 2420
"C:/Users/andre/OneDrive/Documents/Unreal Projects/Artkana_Project/Content/LevelPrototyping/Meshes/Stage1/canopy.uexp" 2421
"C:/Users/andre/OneDrive/Documents/Unreal Projects/Artkana_Project/Content/LevelPrototyping/Meshes/Stage1/60_degree_ramp.ubulk" 2422
"C:/Users/andre/OneDrive/Documents/Unreal Projects/Artkana_Project/Content/LevelPrototyping/Meshes/Stage1/60_degree_ramp.uasset" 2423
"C:/Users/andre/OneDrive/Documents/Unreal Projects/Artkana_Project/Content/LevelPrototyping/Meshes/Stage1/60_degree_ramp.uexp" 2424
"C:/Users/andre/OneDrive/Documents/Unreal Projects/Artkana_Project/Content/LevelPrototyping/Meshes/Stage1/45_degree_ramp.ubulk" 2425
"C:/Users/andre/OneDrive/Documents/Unreal Projects/Artkana_Project/Content/LevelPrototyping/Meshes/Stage1/45_degree_ramp.uasset" 2426
"C:/Users/andre/OneDrive/Documents/Unreal Projects/Artkana_Project/Content/LevelPrototyping/Meshes/Stage1/45_degree_ramp.uexp" 2427
"C:/Users/andre/OneDrive/Documents/Unreal Projects/Artkana_Project/Content/LevelPrototyping/Meshes/Stage1/30_degree_ramp.ubulk" 2428
"C:/Users/andre/OneDrive/Documents/Unreal Projects/Artkana_Project/Content/LevelPrototyping/Meshes/Stage1/30_degree_ramp.uasset" 2429
"C:/Users/andre/OneDrive/Documents/Unreal Projects/Artkana_Project/Content/LevelPrototyping/Meshes/Stage1/30_degree_ramp.uexp" 2430
"C:/Users/andre/OneDrive/Documents/Unreal Projects/Artkana_Project/Content/LevelPrototyping/Materials/Stage1/SeanTextures/Vine_Platform_Optimized_Textures/vine_platform_optimized_openPBR_shader1_OcclusionRoughnessMetallic_Raw.ubulk" 2431
"C:/Users/andre/OneDrive/Documents/Unreal Projects/Artkana_Project/Content/LevelPrototyping/Materials/Stage1/SeanTextures/Vine_Platform_Optimized_Textures/vine_platform_optimized_openPBR_shader1_OcclusionRoughnessMetallic_Raw.uasset" 2432
"C:/Users/andre/OneDrive/Documents/Unreal Projects/Artkana_Project/Content/LevelPrototyping/Materials/Stage1/SeanTextures/Vine_Platform_Optimized_Textures/vine_platform_optimized_openPBR_shader1_OcclusionRoughnessMetallic_Raw.uexp" 2433
"C:/Users/andre/OneDrive/Documents/Unreal Projects/Artkana_Project/Content/LevelPrototyping/Materials/Stage1/SeanTextures/Vine_Platform_Optimized_Textures/vine_platform_optimized_openPBR_shader1_Normal_Raw.ubulk" 2434
"C:/Users/andre/OneDrive/Documents/Unreal Projects/Artkana_Project/Content/LevelPrototyping/Materials/Stage1/SeanTextures/Vine_Platform_Optimized_Textures/vine_platform_optimized_openPBR_shader1_Normal_Raw.uasset" 2435
"C:/Users/andre/OneDrive/Documents/Unreal Projects/Artkana_Project/Content/LevelPrototyping/Materials/Stage1/SeanTextures/Vine_Platform_Optimized_Textures/vine_platform_optimized_openPBR_shader1_Normal_Raw.uexp" 2436
"C:/Users/andre/OneDrive/Documents/Unreal Projects/Artkana_Project/Content/LevelPrototyping/Materials/Stage1/SeanTextures/Vine_Platform_Optimized_Textures/vine_platform_optimized_openPBR_shader1_Emissive_sRGB.ubulk" 2437
"C:/Users/andre/OneDrive/Documents/Unreal Projects/Artkana_Project/Content/LevelPrototyping/Materials/Stage1/SeanTextures/Vine_Platform_Optimized_Textures/vine_platform_optimized_openPBR_shader1_Emissive_sRGB.uasset" 2438
"C:/Users/andre/OneDrive/Documents/Unreal Projects/Artkana_Project/Content/LevelPrototyping/Materials/Stage1/SeanTextures/Vine_Platform_Optimized_Textures/vine_platform_optimized_openPBR_shader1_Emissive_sRGB.uexp" 2439
"C:/Users/andre/OneDrive/Documents/Unreal Projects/Artkana_Project/Content/LevelPrototyping/Materials/Stage1/SeanTextures/Vine_Platform_Optimized_Textures/vine_platform_optimized_openPBR_shader1_BaseColor_sRGB.ubulk" 2440
"C:/Users/andre/OneDrive/Documents/Unreal Projects/Artkana_Project/Content/LevelPrototyping/Materials/Stage1/SeanTextures/Vine_Platform_Optimized_Textures/vine_platform_optimized_openPBR_shader1_BaseColor_sRGB.uasset" 2441
"C:/Users/andre/OneDrive/Documents/Unreal Projects/Artkana_Project/Content/LevelPrototyping/Materials/Stage1/SeanTextures/Vine_Platform_Optimized_Textures/vine_platform_optimized_openPBR_shader1_BaseColor_sRGB.uexp" 2442
"C:/Users/andre/OneDrive/Documents/Unreal Projects/Artkana_Project/Content/LevelPrototyping/Materials/Stage1/SeanMats/m_vinePlatformOptimized.uasset" 2443
"C:/Users/andre/OneDrive/Documents/Unreal Projects/Artkana_Project/Content/LevelPrototyping/Materials/Stage1/SeanMats/m_vinePlatformOptimized.uexp" 2444
"C:/Users/andre/OneDrive/Documents/Unreal Projects/Artkana_Project/Content/LevelPrototyping/Materials/Stage1/SeanTextures/Base_Cube_Soil_Textures/openPBR_shader1_Roughness.ubulk" 2445
"C:/Users/andre/OneDrive/Documents/Unreal Projects/Artkana_Project/Content/LevelPrototyping/Materials/Stage1/SeanTextures/Base_Cube_Soil_Textures/openPBR_shader1_Roughness.uasset" 2446
"C:/Users/andre/OneDrive/Documents/Unreal Projects/Artkana_Project/Content/LevelPrototyping/Materials/Stage1/SeanTextures/Base_Cube_Soil_Textures/openPBR_shader1_Roughness.uexp" 2447
"C:/Users/andre/OneDrive/Documents/Unreal Projects/Artkana_Project/Content/LevelPrototyping/Materials/Stage1/SeanTextures/Base_Cube_Soil_Textures/openPBR_shader1_Normal.ubulk" 2448
"C:/Users/andre/OneDrive/Documents/Unreal Projects/Artkana_Project/Content/LevelPrototyping/Materials/Stage1/SeanTextures/Base_Cube_Soil_Textures/openPBR_shader1_Normal.uasset" 2449
"C:/Users/andre/OneDrive/Documents/Unreal Projects/Artkana_Project/Content/LevelPrototyping/Materials/Stage1/SeanTextures/Base_Cube_Soil_Textures/openPBR_shader1_Normal.uexp" 2450
"C:/Users/andre/OneDrive/Documents/Unreal Projects/Artkana_Project/Content/LevelPrototyping/Materials/Stage1/SeanTextures/Base_Cube_Soil_Textures/openPBR_shader1_Metallic.ubulk" 2451
"C:/Users/andre/OneDrive/Documents/Unreal Projects/Artkana_Project/Content/LevelPrototyping/Materials/Stage1/SeanTextures/Base_Cube_Soil_Textures/openPBR_shader1_Metallic.uasset" 2452
"C:/Users/andre/OneDrive/Documents/Unreal Projects/Artkana_Project/Content/LevelPrototyping/Materials/Stage1/SeanTextures/Base_Cube_Soil_Textures/openPBR_shader1_Metallic.uexp" 2453
"C:/Users/andre/OneDrive/Documents/Unreal Projects/Artkana_Project/Content/LevelPrototyping/Materials/Stage1/SeanTextures/Base_Cube_Soil_Textures/openPBR_shader1_Height.ubulk" 2454
"C:/Users/andre/OneDrive/Documents/Unreal Projects/Artkana_Project/Content/LevelPrototyping/Materials/Stage1/SeanTextures/Base_Cube_Soil_Textures/openPBR_shader1_Height.uasset" 2455
"C:/Users/andre/OneDrive/Documents/Unreal Projects/Artkana_Project/Content/LevelPrototyping/Materials/Stage1/SeanTextures/Base_Cube_Soil_Textures/openPBR_shader1_Height.uexp" 2456
"C:/Users/andre/OneDrive/Documents/Unreal Projects/Artkana_Project/Content/LevelPrototyping/Materials/Stage1/SeanTextures/Base_Cube_Soil_Textures/openPBR_shader1_Base_color.ubulk" 2457
"C:/Users/andre/OneDrive/Documents/Unreal Projects/Artkana_Project/Content/LevelPrototyping/Materials/Stage1/SeanTextures/Base_Cube_Soil_Textures/openPBR_shader1_Base_color.uasset" 2458
"C:/Users/andre/OneDrive/Documents/Unreal Projects/Artkana_Project/Content/LevelPrototyping/Materials/Stage1/SeanTextures/Base_Cube_Soil_Textures/openPBR_shader1_Base_color.uexp" 2459
"C:/Users/andre/OneDrive/Documents/Unreal Projects/Artkana_Project/Content/LevelPrototyping/Materials/Stage1/SeanMats/m_soil.uasset" 2460
"C:/Users/andre/OneDrive/Documents/Unreal Projects/Artkana_Project/Content/LevelPrototyping/Materials/Stage1/SeanMats/m_soil.uexp" 2461
"C:/Users/andre/OneDrive/Documents/Unreal Projects/Artkana_Project/Content/LevelPrototyping/Materials/Stage1/SeanTextures/Base_Cube_Grass_Textures/openPBR_shader1_Roughness.ubulk" 2462
"C:/Users/andre/OneDrive/Documents/Unreal Projects/Artkana_Project/Content/LevelPrototyping/Materials/Stage1/SeanTextures/Base_Cube_Grass_Textures/openPBR_shader1_Roughness.uasset" 2463
"C:/Users/andre/OneDrive/Documents/Unreal Projects/Artkana_Project/Content/LevelPrototyping/Materials/Stage1/SeanTextures/Base_Cube_Grass_Textures/openPBR_shader1_Roughness.uexp" 2464
"C:/Users/andre/OneDrive/Documents/Unreal Projects/Artkana_Project/Content/LevelPrototyping/Materials/Stage1/SeanTextures/Base_Cube_Grass_Textures/openPBR_shader1_Normal.ubulk" 2465
"C:/Users/andre/OneDrive/Documents/Unreal Projects/Artkana_Project/Content/LevelPrototyping/Materials/Stage1/SeanTextures/Base_Cube_Grass_Textures/openPBR_shader1_Normal.uasset" 2466
"C:/Users/andre/OneDrive/Documents/Unreal Projects/Artkana_Project/Content/LevelPrototyping/Materials/Stage1/SeanTextures/Base_Cube_Grass_Textures/openPBR_shader1_Normal.uexp" 2467
"C:/Users/andre/OneDrive/Documents/Unreal Projects/Artkana_Project/Content/LevelPrototyping/Materials/Stage1/SeanTextures/Base_Cube_Grass_Textures/openPBR_shader1_Metallic.ubulk" 2468
"C:/Users/andre/OneDrive/Documents/Unreal Projects/Artkana_Project/Content/LevelPrototyping/Materials/Stage1/SeanTextures/Base_Cube_Grass_Textures/openPBR_shader1_Metallic.uasset" 2469
"C:/Users/andre/OneDrive/Documents/Unreal Projects/Artkana_Project/Content/LevelPrototyping/Materials/Stage1/SeanTextures/Base_Cube_Grass_Textures/openPBR_shader1_Metallic.uexp" 2470
"C:/Users/andre/OneDrive/Documents/Unreal Projects/Artkana_Project/Content/LevelPrototyping/Materials/Stage1/SeanTextures/Base_Cube_Grass_Textures/openPBR_shader1_Height.ubulk" 2471
"C:/Users/andre/OneDrive/Documents/Unreal Projects/Artkana_Project/Content/LevelPrototyping/Materials/Stage1/SeanTextures/Base_Cube_Grass_Textures/openPBR_shader1_Height.uasset" 2472
"C:/Users/andre/OneDrive/Documents/Unreal Projects/Artkana_Project/Content/LevelPrototyping/Materials/Stage1/SeanTextures/Base_Cube_Grass_Textures/openPBR_shader1_Height.uexp" 2473
"C:/Users/andre/OneDrive/Documents/Unreal Projects/Artkana_Project/Content/LevelPrototyping/Materials/Stage1/SeanTextures/Base_Cube_Grass_Textures/openPBR_shader1_Base_color.ubulk" 2474
"C:/Users/andre/OneDrive/Documents/Unreal Projects/Artkana_Project/Content/LevelPrototyping/Materials/Stage1/SeanTextures/Base_Cube_Grass_Textures/openPBR_shader1_Base_color.uasset" 2475
"C:/Users/andre/OneDrive/Documents/Unreal Projects/Artkana_Project/Content/LevelPrototyping/Materials/Stage1/SeanTextures/Base_Cube_Grass_Textures/openPBR_shader1_Base_color.uexp" 2476
"C:/Users/andre/OneDrive/Documents/Unreal Projects/Artkana_Project/Content/LevelPrototyping/Materials/Stage1/SeanMats/m_grass.uasset" 2477
"C:/Users/andre/OneDrive/Documents/Unreal Projects/Artkana_Project/Content/LevelPrototyping/Materials/Stage1/SeanMats/m_grass.uexp" 2478
"C:/Users/andre/OneDrive/Documents/Unreal Projects/Artkana_Project/Content/LevelPrototyping/Materials/Stage1/SeanTextures/Forest_Floor_Textures/Forest_Floor_openPBR_shader1_OcclusionRoughnessMetallic_Raw.ubulk" 2479
"C:/Users/andre/OneDrive/Documents/Unreal Projects/Artkana_Project/Content/LevelPrototyping/Materials/Stage1/SeanTextures/Forest_Floor_Textures/Forest_Floor_openPBR_shader1_OcclusionRoughnessMetallic_Raw.uasset" 2480
"C:/Users/andre/OneDrive/Documents/Unreal Projects/Artkana_Project/Content/LevelPrototyping/Materials/Stage1/SeanTextures/Forest_Floor_Textures/Forest_Floor_openPBR_shader1_OcclusionRoughnessMetallic_Raw.uexp" 2481
"C:/Users/andre/OneDrive/Documents/Unreal Projects/Artkana_Project/Content/LevelPrototyping/Materials/Stage1/SeanTextures/Forest_Floor_Textures/Forest_Floor_openPBR_shader1_Normal_Raw.ubulk" 2482
"C:/Users/andre/OneDrive/Documents/Unreal Projects/Artkana_Project/Content/LevelPrototyping/Materials/Stage1/SeanTextures/Forest_Floor_Textures/Forest_Floor_openPBR_shader1_Normal_Raw.uasset" 2483
"C:/Users/andre/OneDrive/Documents/Unreal Projects/Artkana_Project/Content/LevelPrototyping/Materials/Stage1/SeanTextures/Forest_Floor_Textures/Forest_Floor_openPBR_shader1_Normal_Raw.uexp" 2484
"C:/Users/andre/OneDrive/Documents/Unreal Projects/Artkana_Project/Content/LevelPrototyping/Materials/Stage1/SeanTextures/Forest_Floor_Textures/Forest_Floor_openPBR_shader1_BaseColor_sRGB.ubulk" 2485
"C:/Users/andre/OneDrive/Documents/Unreal Projects/Artkana_Project/Content/LevelPrototyping/Materials/Stage1/SeanTextures/Forest_Floor_Textures/Forest_Floor_openPBR_shader1_BaseColor_sRGB.uasset" 2486
"C:/Users/andre/OneDrive/Documents/Unreal Projects/Artkana_Project/Content/LevelPrototyping/Materials/Stage1/SeanTextures/Forest_Floor_Textures/Forest_Floor_openPBR_shader1_BaseColor_sRGB.uexp" 2487
"C:/Users/andre/OneDrive/Documents/Unreal Projects/Artkana_Project/Content/LevelPrototyping/Materials/Stage1/SeanMats/m_forestfloor.uasset" 2488
"C:/Users/andre/OneDrive/Documents/Unreal Projects/Artkana_Project/Content/LevelPrototyping/Materials/Stage1/SeanMats/m_forestfloor.uexp" 2489
"C:/Users/andre/OneDrive/Documents/Unreal Projects/Artkana_Project/Content/LevelPrototyping/Materials/Stage1/SeanTextures/Canopy_Textures/canopy_openPBR_shader1_OcclusionRoughnessMetallic_Raw.ubulk" 2490
"C:/Users/andre/OneDrive/Documents/Unreal Projects/Artkana_Project/Content/LevelPrototyping/Materials/Stage1/SeanTextures/Canopy_Textures/canopy_openPBR_shader1_OcclusionRoughnessMetallic_Raw.uasset" 2491
"C:/Users/andre/OneDrive/Documents/Unreal Projects/Artkana_Project/Content/LevelPrototyping/Materials/Stage1/SeanTextures/Canopy_Textures/canopy_openPBR_shader1_OcclusionRoughnessMetallic_Raw.uexp" 2492
"C:/Users/andre/OneDrive/Documents/Unreal Projects/Artkana_Project/Content/LevelPrototyping/Materials/Stage1/SeanTextures/Canopy_Textures/canopy_openPBR_shader1_Normal_Raw.ubulk" 2493
"C:/Users/andre/OneDrive/Documents/Unreal Projects/Artkana_Project/Content/LevelPrototyping/Materials/Stage1/SeanTextures/Canopy_Textures/canopy_openPBR_shader1_Normal_Raw.uasset" 2494
"C:/Users/andre/OneDrive/Documents/Unreal Projects/Artkana_Project/Content/LevelPrototyping/Materials/Stage1/SeanTextures/Canopy_Textures/canopy_openPBR_shader1_Normal_Raw.uexp" 2495
"C:/Users/andre/OneDrive/Documents/Unreal Projects/Artkana_Project/Content/LevelPrototyping/Materials/Stage1/SeanTextures/Canopy_Textures/canopy_openPBR_shader1_Emissive_sRGB.ubulk" 2496
"C:/Users/andre/OneDrive/Documents/Unreal Projects/Artkana_Project/Content/LevelPrototyping/Materials/Stage1/SeanTextures/Canopy_Textures/canopy_openPBR_shader1_Emissive_sRGB.uasset" 2497
"C:/Users/andre/OneDrive/Documents/Unreal Projects/Artkana_Project/Content/LevelPrototyping/Materials/Stage1/SeanTextures/Canopy_Textures/canopy_openPBR_shader1_Emissive_sRGB.uexp" 2498
"C:/Users/andre/OneDrive/Documents/Unreal Projects/Artkana_Project/Content/LevelPrototyping/Materials/Stage1/SeanTextures/Canopy_Textures/canopy_openPBR_shader1_BaseColor_sRGB.ubulk" 2499
"C:/Users/andre/OneDrive/Documents/Unreal Projects/Artkana_Project/Content/LevelPrototyping/Materials/Stage1/SeanTextures/Canopy_Textures/canopy_openPBR_shader1_BaseColor_sRGB.uasset" 2500
"C:/Users/andre/OneDrive/Documents/Unreal Projects/Artkana_Project/Content/LevelPrototyping/Materials/Stage1/SeanTextures/Canopy_Textures/canopy_openPBR_shader1_BaseColor_sRGB.uexp" 2501
"C:/Users/andre/OneDrive/Documents/Unreal Projects/Artkana_Project/Content/LevelPrototyping/Materials/Stage1/SeanMats/m_canopy.uasset" 2502
"C:/Users/andre/OneDrive/Documents/Unreal Projects/Artkana_Project/Content/LevelPrototyping/Materials/Stage1/SeanMats/m_canopy.uexp" 2503
"C:/Users/andre/OneDrive/Documents/Unreal Projects/Artkana_Project/Content/LevelPrototyping/Materials/Stage1/SeanTextures/60_Degree_Ramp_Textures/60_degree_ramp_openPBR_shader1_OcclusionRoughnessMetallic_Raw.ubulk" 2504
"C:/Users/andre/OneDrive/Documents/Unreal Projects/Artkana_Project/Content/LevelPrototyping/Materials/Stage1/SeanTextures/60_Degree_Ramp_Textures/60_degree_ramp_openPBR_shader1_OcclusionRoughnessMetallic_Raw.uasset" 2505
"C:/Users/andre/OneDrive/Documents/Unreal Projects/Artkana_Project/Content/LevelPrototyping/Materials/Stage1/SeanTextures/60_Degree_Ramp_Textures/60_degree_ramp_openPBR_shader1_OcclusionRoughnessMetallic_Raw.uexp" 2506
"C:/Users/andre/OneDrive/Documents/Unreal Projects/Artkana_Project/Content/LevelPrototyping/Materials/Stage1/SeanTextures/60_Degree_Ramp_Textures/60_degree_ramp_openPBR_shader1_Normal_Raw.ubulk" 2507
"C:/Users/andre/OneDrive/Documents/Unreal Projects/Artkana_Project/Content/LevelPrototyping/Materials/Stage1/SeanTextures/60_Degree_Ramp_Textures/60_degree_ramp_openPBR_shader1_Normal_Raw.uasset" 2508
"C:/Users/andre/OneDrive/Documents/Unreal Projects/Artkana_Project/Content/LevelPrototyping/Materials/Stage1/SeanTextures/60_Degree_Ramp_Textures/60_degree_ramp_openPBR_shader1_Normal_Raw.uexp" 2509
"C:/Users/andre/OneDrive/Documents/Unreal Projects/Artkana_Project/Content/LevelPrototyping/Materials/Stage1/SeanTextures/60_Degree_Ramp_Textures/60_degree_ramp_openPBR_shader1_Emissive_sRGB.ubulk" 2510
"C:/Users/andre/OneDrive/Documents/Unreal Projects/Artkana_Project/Content/LevelPrototyping/Materials/Stage1/SeanTextures/60_Degree_Ramp_Textures/60_degree_ramp_openPBR_shader1_Emissive_sRGB.uasset" 2511
"C:/Users/andre/OneDrive/Documents/Unreal Projects/Artkana_Project/Content/LevelPrototyping/Materials/Stage1/SeanTextures/60_Degree_Ramp_Textures/60_degree_ramp_openPBR_shader1_Emissive_sRGB.uexp" 2512
"C:/Users/andre/OneDrive/Documents/Unreal Projects/Artkana_Project/Content/LevelPrototyping/Materials/Stage1/SeanTextures/60_Degree_Ramp_Textures/60_degree_ramp_openPBR_shader1_BaseColor_sRGB.ubulk" 2513
"C:/Users/andre/OneDrive/Documents/Unreal Projects/Artkana_Project/Content/LevelPrototyping/Materials/Stage1/SeanTextures/60_Degree_Ramp_Textures/60_degree_ramp_openPBR_shader1_BaseColor_sRGB.uasset" 2514
"C:/Users/andre/OneDrive/Documents/Unreal Projects/Artkana_Project/Content/LevelPrototyping/Materials/Stage1/SeanTextures/60_Degree_Ramp_Textures/60_degree_ramp_openPBR_shader1_BaseColor_sRGB.uexp" 2515
"C:/Users/andre/OneDrive/Documents/Unreal Projects/Artkana_Project/Content/LevelPrototyping/Materials/Stage1/SeanMats/m_60degreeRamp.uasset" 2516
"C:/Users/andre/OneDrive/Documents/Unreal Projects/Artkana_Project/Content/LevelPrototyping/Materials/Stage1/SeanMats/m_60degreeRamp.uexp" 2517
"C:/Users/andre/OneDrive/Documents/Unreal Projects/Artkana_Project/Content/LevelPrototyping/Materials/Stage1/SeanTextures/45_Degree_Ramp_Textures/45_degree_ramp_openPBR_shader1_OcclusionRoughnessMetallic_Raw.ubulk" 2518
"C:/Users/andre/OneDrive/Documents/Unreal Projects/Artkana_Project/Content/LevelPrototyping/Materials/Stage1/SeanTextures/45_Degree_Ramp_Textures/45_degree_ramp_openPBR_shader1_OcclusionRoughnessMetallic_Raw.uasset" 2519
"C:/Users/andre/OneDrive/Documents/Unreal Projects/Artkana_Project/Content/LevelPrototyping/Materials/Stage1/SeanTextures/45_Degree_Ramp_Textures/45_degree_ramp_openPBR_shader1_OcclusionRoughnessMetallic_Raw.uexp" 2520
"C:/Users/andre/OneDrive/Documents/Unreal Projects/Artkana_Project/Content/LevelPrototyping/Materials/Stage1/SeanTextures/45_Degree_Ramp_Textures/45_degree_ramp_openPBR_shader1_Normal_Raw.ubulk" 2521
"C:/Users/andre/OneDrive/Documents/Unreal Projects/Artkana_Project/Content/LevelPrototyping/Materials/Stage1/SeanTextures/45_Degree_Ramp_Textures/45_degree_ramp_openPBR_shader1_Normal_Raw.uasset" 2522
"C:/Users/andre/OneDrive/Documents/Unreal Projects/Artkana_Project/Content/LevelPrototyping/Materials/Stage1/SeanTextures/45_Degree_Ramp_Textures/45_degree_ramp_openPBR_shader1_Normal_Raw.uexp" 2523
"C:/Users/andre/OneDrive/Documents/Unreal Projects/Artkana_Project/Content/LevelPrototyping/Materials/Stage1/SeanTextures/45_Degree_Ramp_Textures/45_degree_ramp_openPBR_shader1_Emissive_sRGB.ubulk" 2524
"C:/Users/andre/OneDrive/Documents/Unreal Projects/Artkana_Project/Content/LevelPrototyping/Materials/Stage1/SeanTextures/45_Degree_Ramp_Textures/45_degree_ramp_openPBR_shader1_Emissive_sRGB.uasset" 2525
"C:/Users/andre/OneDrive/Documents/Unreal Projects/Artkana_Project/Content/LevelPrototyping/Materials/Stage1/SeanTextures/45_Degree_Ramp_Textures/45_degree_ramp_openPBR_shader1_Emissive_sRGB.uexp" 2526
"C:/Users/andre/OneDrive/Documents/Unreal Projects/Artkana_Project/Content/LevelPrototyping/Materials/Stage1/SeanTextures/45_Degree_Ramp_Textures/45_degree_ramp_openPBR_shader1_BaseColor_sRGB.ubulk" 2527
"C:/Users/andre/OneDrive/Documents/Unreal Projects/Artkana_Project/Content/LevelPrototyping/Materials/Stage1/SeanTextures/45_Degree_Ramp_Textures/45_degree_ramp_openPBR_shader1_BaseColor_sRGB.uasset" 2528
"C:/Users/andre/OneDrive/Documents/Unreal Projects/Artkana_Project/Content/LevelPrototyping/Materials/Stage1/SeanTextures/45_Degree_Ramp_Textures/45_degree_ramp_openPBR_shader1_BaseColor_sRGB.uexp" 2529
"C:/Users/andre/OneDrive/Documents/Unreal Projects/Artkana_Project/Content/LevelPrototyping/Materials/Stage1/SeanMats/m_45degreeRamp.uasset" 2530
"C:/Users/andre/OneDrive/Documents/Unreal Projects/Artkana_Project/Content/LevelPrototyping/Materials/Stage1/SeanMats/m_45degreeRamp.uexp" 2531
"C:/Users/andre/OneDrive/Documents/Unreal Projects/Artkana_Project/Content/LevelPrototyping/Materials/Stage1/SeanTextures/30_Degree_Ramp_Textures/30_degree_ramp_openPBR_shader1_OcclusionRoughnessMetallic_Raw.ubulk" 2532
"C:/Users/andre/OneDrive/Documents/Unreal Projects/Artkana_Project/Content/LevelPrototyping/Materials/Stage1/SeanTextures/30_Degree_Ramp_Textures/30_degree_ramp_openPBR_shader1_OcclusionRoughnessMetallic_Raw.uasset" 2533
"C:/Users/andre/OneDrive/Documents/Unreal Projects/Artkana_Project/Content/LevelPrototyping/Materials/Stage1/SeanTextures/30_Degree_Ramp_Textures/30_degree_ramp_openPBR_shader1_OcclusionRoughnessMetallic_Raw.uexp" 2534
"C:/Users/andre/OneDrive/Documents/Unreal Projects/Artkana_Project/Content/LevelPrototyping/Materials/Stage1/SeanTextures/30_Degree_Ramp_Textures/30_degree_ramp_openPBR_shader1_Normal_Raw.ubulk" 2535
"C:/Users/andre/OneDrive/Documents/Unreal Projects/Artkana_Project/Content/LevelPrototyping/Materials/Stage1/SeanTextures/30_Degree_Ramp_Textures/30_degree_ramp_openPBR_shader1_Normal_Raw.uasset" 2536
"C:/Users/andre/OneDrive/Documents/Unreal Projects/Artkana_Project/Content/LevelPrototyping/Materials/Stage1/SeanTextures/30_Degree_Ramp_Textures/30_degree_ramp_openPBR_shader1_Normal_Raw.uexp" 2537
"C:/Users/andre/OneDrive/Documents/Unreal Projects/Artkana_Project/Content/LevelPrototyping/Materials/Stage1/SeanTextures/30_Degree_Ramp_Textures/30_degree_ramp_openPBR_shader1_Emissive_sRGB.ubulk" 2538
"C:/Users/andre/OneDrive/Documents/Unreal Projects/Artkana_Project/Content/LevelPrototyping/Materials/Stage1/SeanTextures/30_Degree_Ramp_Textures/30_degree_ramp_openPBR_shader1_Emissive_sRGB.uasset" 2539
"C:/Users/andre/OneDrive/Documents/Unreal Projects/Artkana_Project/Content/LevelPrototyping/Materials/Stage1/SeanTextures/30_Degree_Ramp_Textures/30_degree_ramp_openPBR_shader1_Emissive_sRGB.uexp" 2540
"C:/Users/andre/OneDrive/Documents/Unreal Projects/Artkana_Project/Content/LevelPrototyping/Materials/Stage1/SeanTextures/30_Degree_Ramp_Textures/30_degree_ramp_openPBR_shader1_BaseColor_sRGB.ubulk" 2541
"C:/Users/andre/OneDrive/Documents/Unreal Projects/Artkana_Project/Content/LevelPrototyping/Materials/Stage1/SeanTextures/30_Degree_Ramp_Textures/30_degree_ramp_openPBR_shader1_BaseColor_sRGB.uasset" 2542
"C:/Users/andre/OneDrive/Documents/Unreal Projects/Artkana_Project/Content/LevelPrototyping/Materials/Stage1/SeanTextures/30_Degree_Ramp_Textures/30_degree_ramp_openPBR_shader1_BaseColor_sRGB.uexp" 2543
"C:/Users/andre/OneDrive/Documents/Unreal Projects/Artkana_Project/Content/LevelPrototyping/Materials/Stage1/SeanMats/m_30degreeRamp.uasset" 2544
"C:/Users/andre/OneDrive/Documents/Unreal Projects/Artkana_Project/Content/LevelPrototyping/Materials/Stage1/SeanMats/m_30degreeRamp.uexp" 2545
"C:/Users/andre/OneDrive/Documents/Unreal Projects/Artkana_Project/Content/LevelPrototyping/Materials/Stage1/BryanTextures/oak_leaf_Translucency.ubulk" 2546
"C:/Users/andre/OneDrive/Documents/Unreal Projects/Artkana_Project/Content/LevelPrototyping/Materials/Stage1/BryanTextures/oak_leaf_Translucency.uasset" 2547
"C:/Users/andre/OneDrive/Documents/Unreal Projects/Artkana_Project/Content/LevelPrototyping/Materials/Stage1/BryanTextures/oak_leaf_Translucency.uexp" 2548
"C:/Users/andre/OneDrive/Documents/Unreal Projects/Artkana_Project/Content/LevelPrototyping/Materials/Stage1/BryanTextures/oak_leaf_Roughness.ubulk" 2549
"C:/Users/andre/OneDrive/Documents/Unreal Projects/Artkana_Project/Content/LevelPrototyping/Materials/Stage1/BryanTextures/oak_leaf_Roughness.uasset" 2550
"C:/Users/andre/OneDrive/Documents/Unreal Projects/Artkana_Project/Content/LevelPrototyping/Materials/Stage1/BryanTextures/oak_leaf_Roughness.uexp" 2551
"C:/Users/andre/OneDrive/Documents/Unreal Projects/Artkana_Project/Content/LevelPrototyping/Materials/Stage1/BryanTextures/oak_leaf_Normal.ubulk" 2552
"C:/Users/andre/OneDrive/Documents/Unreal Projects/Artkana_Project/Content/LevelPrototyping/Materials/Stage1/BryanTextures/oak_leaf_Normal.uasset" 2553
"C:/Users/andre/OneDrive/Documents/Unreal Projects/Artkana_Project/Content/LevelPrototyping/Materials/Stage1/BryanTextures/oak_leaf_Normal.uexp" 2554
"C:/Users/andre/OneDrive/Documents/Unreal Projects/Artkana_Project/Content/LevelPrototyping/Materials/Stage1/BryanTextures/oak_leaf.ubulk" 2555
"C:/Users/andre/OneDrive/Documents/Unreal Projects/Artkana_Project/Content/LevelPrototyping/Materials/Stage1/BryanTextures/oak_leaf.uasset" 2556
"C:/Users/andre/OneDrive/Documents/Unreal Projects/Artkana_Project/Content/LevelPrototyping/Materials/Stage1/BryanTextures/oak_leaf.uexp" 2557
"C:/Users/andre/OneDrive/Documents/Unreal Projects/Artkana_Project/Content/LevelPrototyping/Materials/Stage1/BryanMats/tree2leaves.uasset" 2558
"C:/Users/andre/OneDrive/Documents/Unreal Projects/Artkana_Project/Content/LevelPrototyping/Materials/Stage1/BryanMats/tree2leaves.uexp" 2559
"C:/Users/andre/OneDrive/Documents/Unreal Projects/Artkana_Project/Content/LevelPrototyping/Materials/Stage1/BryanTextures/branch01_roughness.ubulk" 2560
"C:/Users/andre/OneDrive/Documents/Unreal Projects/Artkana_Project/Content/LevelPrototyping/Materials/Stage1/BryanTextures/branch01_roughness.uasset" 2561
"C:/Users/andre/OneDrive/Documents/Unreal Projects/Artkana_Project/Content/LevelPrototyping/Materials/Stage1/BryanTextures/branch01_roughness.uexp" 2562
"C:/Users/andre/OneDrive/Documents/Unreal Projects/Artkana_Project/Content/LevelPrototyping/Materials/Stage1/BryanTextures/branch01_normal.ubulk" 2563
"C:/Users/andre/OneDrive/Documents/Unreal Projects/Artkana_Project/Content/LevelPrototyping/Materials/Stage1/BryanTextures/branch01_normal.uasset" 2564
"C:/Users/andre/OneDrive/Documents/Unreal Projects/Artkana_Project/Content/LevelPrototyping/Materials/Stage1/BryanTextures/branch01_normal.uexp" 2565
"C:/Users/andre/OneDrive/Documents/Unreal Projects/Artkana_Project/Content/LevelPrototyping/Materials/Stage1/BryanTextures/branch01.ubulk" 2566
"C:/Users/andre/OneDrive/Documents/Unreal Projects/Artkana_Project/Content/LevelPrototyping/Materials/Stage1/BryanTextures/branch01.uasset" 2567
"C:/Users/andre/OneDrive/Documents/Unreal Projects/Artkana_Project/Content/LevelPrototyping/Materials/Stage1/BryanTextures/branch01.uexp" 2568
"C:/Users/andre/OneDrive/Documents/Unreal Projects/Artkana_Project/Content/LevelPrototyping/Materials/Stage1/BryanMats/tree1leaves.uasset" 2569
"C:/Users/andre/OneDrive/Documents/Unreal Projects/Artkana_Project/Content/LevelPrototyping/Materials/Stage1/BryanMats/tree1leaves.uexp" 2570
"C:/Users/andre/OneDrive/Documents/Unreal Projects/Artkana_Project/Content/LevelPrototyping/Materials/Stage1/BryanTextures/TreeAssets_low_standardSurface1_OcclusionRoughnessMetallic_Raw.ubulk" 2571
"C:/Users/andre/OneDrive/Documents/Unreal Projects/Artkana_Project/Content/LevelPrototyping/Materials/Stage1/BryanTextures/TreeAssets_low_standardSurface1_OcclusionRoughnessMetallic_Raw.uasset" 2572
"C:/Users/andre/OneDrive/Documents/Unreal Projects/Artkana_Project/Content/LevelPrototyping/Materials/Stage1/BryanTextures/TreeAssets_low_standardSurface1_OcclusionRoughnessMetallic_Raw.uexp" 2573
"C:/Users/andre/OneDrive/Documents/Unreal Projects/Artkana_Project/Content/LevelPrototyping/Materials/Stage1/BryanTextures/TreeAssets_low_standardSurface1_Normal_Raw.ubulk" 2574
"C:/Users/andre/OneDrive/Documents/Unreal Projects/Artkana_Project/Content/LevelPrototyping/Materials/Stage1/BryanTextures/TreeAssets_low_standardSurface1_Normal_Raw.uasset" 2575
"C:/Users/andre/OneDrive/Documents/Unreal Projects/Artkana_Project/Content/LevelPrototyping/Materials/Stage1/BryanTextures/TreeAssets_low_standardSurface1_Normal_Raw.uexp" 2576
"C:/Users/andre/OneDrive/Documents/Unreal Projects/Artkana_Project/Content/LevelPrototyping/Materials/Stage1/BryanTextures/TreeAssets_low_standardSurface1_BaseColor_sRGB.ubulk" 2577
"C:/Users/andre/OneDrive/Documents/Unreal Projects/Artkana_Project/Content/LevelPrototyping/Materials/Stage1/BryanTextures/TreeAssets_low_standardSurface1_BaseColor_sRGB.uasset" 2578
"C:/Users/andre/OneDrive/Documents/Unreal Projects/Artkana_Project/Content/LevelPrototyping/Materials/Stage1/BryanTextures/TreeAssets_low_standardSurface1_BaseColor_sRGB.uexp" 2579
"C:/Users/andre/OneDrive/Documents/Unreal Projects/Artkana_Project/Content/LevelPrototyping/Materials/Stage1/BryanMats/bg_trees.uasset" 2580
"C:/Users/andre/OneDrive/Documents/Unreal Projects/Artkana_Project/Content/LevelPrototyping/Materials/Stage1/BryanMats/bg_trees.uexp" 2581
"C:/Users/andre/OneDrive/Documents/Unreal Projects/Artkana_Project/Content/LevelPrototyping/Materials/Stage1/BryanTextures/flat_bark_roughness.uasset" 2582
"C:/Users/andre/OneDrive/Documents/Unreal Projects/Artkana_Project/Content/LevelPrototyping/Materials/Stage1/BryanTextures/flat_bark_roughness.uexp" 2583
"C:/Users/andre/OneDrive/Documents/Unreal Projects/Artkana_Project/Content/LevelPrototyping/Materials/Stage1/BryanTextures/flat_bark_normal.uasset" 2584
"C:/Users/andre/OneDrive/Documents/Unreal Projects/Artkana_Project/Content/LevelPrototyping/Materials/Stage1/BryanTextures/flat_bark_normal.uexp" 2585
"C:/Users/andre/OneDrive/Documents/Unreal Projects/Artkana_Project/Content/LevelPrototyping/Materials/Stage1/BryanTextures/flat_bark.uasset" 2586
"C:/Users/andre/OneDrive/Documents/Unreal Projects/Artkana_Project/Content/LevelPrototyping/Materials/Stage1/BryanTextures/flat_bark.uexp" 2587
"C:/Users/andre/OneDrive/Documents/Unreal Projects/Artkana_Project/Content/LevelPrototyping/Materials/Stage1/BryanMats/bark.uasset" 2588
"C:/Users/andre/OneDrive/Documents/Unreal Projects/Artkana_Project/Content/LevelPrototyping/Materials/Stage1/BryanMats/bark.uexp" 2589
"C:/Users/andre/OneDrive/Documents/Unreal Projects/Artkana_Project/Content/Variant_SideScroller/Blueprints/Level_Objects/Mushroom.uasset" 2590
"C:/Users/andre/OneDrive/Documents/Unreal Projects/Artkana_Project/Content/Variant_SideScroller/Blueprints/Level_Objects/Mushroom.uexp" 2591
"C:/Users/andre/OneDrive/Documents/Unreal Projects/Artkana_Project/Content/Variant_SideScroller/Lvl_grasslands1.uexp" 2592
"C:/Users/andre/OneDrive/Documents/Unreal Projects/Artkana_Project/Content/Variant_SideScroller/Lvl_grasslands1.umap" 2593
"C:/Users/andre/OneDrive/Documents/Unreal Projects/Artkana_Project/Content/LevelPrototyping/Materials/tempConyevorBelt.uasset" 2594
"C:/Users/andre/OneDrive/Documents/Unreal Projects/Artkana_Project/Content/LevelPrototyping/Materials/tempConyevorBelt.uexp" 2595
"C:/Users/andre/OneDrive/Documents/Unreal Projects/Artkana_Project/Content/Audio/Music/Stage_4.ubulk" 2596
"C:/Users/andre/OneDrive/Documents/Unreal Projects/Artkana_Project/Content/Audio/Music/Stage_4.uasset" 2597
"C:/Users/andre/OneDrive/Documents/Unreal Projects/Artkana_Project/Content/Audio/Music/Stage_4.uexp" 2598
"C:/Users/andre/OneDrive/Documents/Unreal Projects/Artkana_Project/Content/LevelPrototyping/Textures/DuraRamp_Textures/DuraRamp_Var3_low_standardSurface1_OcclusionRoughnessMetallic_Raw.ubulk" 2599
"C:/Users/andre/OneDrive/Documents/Unreal Projects/Artkana_Project/Content/LevelPrototyping/Textures/DuraRamp_Textures/DuraRamp_Var3_low_standardSurface1_OcclusionRoughnessMetallic_Raw.uasset" 2600
"C:/Users/andre/OneDrive/Documents/Unreal Projects/Artkana_Project/Content/LevelPrototyping/Textures/DuraRamp_Textures/DuraRamp_Var3_low_standardSurface1_OcclusionRoughnessMetallic_Raw.uexp" 2601
"C:/Users/andre/OneDrive/Documents/Unreal Projects/Artkana_Project/Content/LevelPrototyping/Textures/DuraRamp_Textures/DuraRamp_Var3_low_standardSurface1_Normal_Raw.ubulk" 2602
"C:/Users/andre/OneDrive/Documents/Unreal Projects/Artkana_Project/Content/LevelPrototyping/Textures/DuraRamp_Textures/DuraRamp_Var3_low_standardSurface1_Normal_Raw.uasset" 2603
"C:/Users/andre/OneDrive/Documents/Unreal Projects/Artkana_Project/Content/LevelPrototyping/Textures/DuraRamp_Textures/DuraRamp_Var3_low_standardSurface1_Normal_Raw.uexp" 2604
"C:/Users/andre/OneDrive/Documents/Unreal Projects/Artkana_Project/Content/LevelPrototyping/Textures/DuraRamp_Textures/DuraRamp_Var3_low_standardSurface1_BaseColor_sRGB.ubulk" 2605
"C:/Users/andre/OneDrive/Documents/Unreal Projects/Artkana_Project/Content/LevelPrototyping/Textures/DuraRamp_Textures/DuraRamp_Var3_low_standardSurface1_BaseColor_sRGB.uasset" 2606
"C:/Users/andre/OneDrive/Documents/Unreal Projects/Artkana_Project/Content/LevelPrototyping/Textures/DuraRamp_Textures/DuraRamp_Var3_low_standardSurface1_BaseColor_sRGB.uexp" 2607
"C:/Users/andre/OneDrive/Documents/Unreal Projects/Artkana_Project/Content/LevelPrototyping/Textures/DuraRamp_Textures/m_durarampvar3.uasset" 2608
"C:/Users/andre/OneDrive/Documents/Unreal Projects/Artkana_Project/Content/LevelPrototyping/Textures/DuraRamp_Textures/m_durarampvar3.uexp" 2609
"C:/Users/andre/OneDrive/Documents/Unreal Projects/Artkana_Project/Content/LevelPrototyping/Meshes/Stage2/DuraRamp_Var3_low.ubulk" 2610
"C:/Users/andre/OneDrive/Documents/Unreal Projects/Artkana_Project/Content/LevelPrototyping/Meshes/Stage2/DuraRamp_Var3_low.uasset" 2611
"C:/Users/andre/OneDrive/Documents/Unreal Projects/Artkana_Project/Content/LevelPrototyping/Meshes/Stage2/DuraRamp_Var3_low.uexp" 2612
"C:/Users/andre/OneDrive/Documents/Unreal Projects/Artkana_Project/Content/Variant_SideScroller/Blueprints/Conveyor.uasset" 2613
"C:/Users/andre/OneDrive/Documents/Unreal Projects/Artkana_Project/Content/Variant_SideScroller/Blueprints/Conveyor.uexp" 2614
"C:/Users/andre/OneDrive/Documents/Unreal Projects/Artkana_Project/Content/Variant_SideScroller/Blueprints/Level_Objects/MovingWall.uasset" 2615
"C:/Users/andre/OneDrive/Documents/Unreal Projects/Artkana_Project/Content/Variant_SideScroller/Blueprints/Level_Objects/MovingWall.uexp" 2616
"C:/Users/andre/OneDrive/Documents/Unreal Projects/Artkana_Project/Content/Variant_SideScroller/Lvl_Factory.uexp" 2617
"C:/Users/andre/OneDrive/Documents/Unreal Projects/Artkana_Project/Content/Variant_SideScroller/Lvl_Factory.umap" 2618
"C:/Users/andre/OneDrive/Documents/Unreal Projects/Artkana_Project/Content/Audio/Music/The_Core_-_Sonic_Riders__Zero_Gravity__OST_.ubulk" 2619
"C:/Users/andre/OneDrive/Documents/Unreal Projects/Artkana_Project/Content/Audio/Music/The_Core_-_Sonic_Riders__Zero_Gravity__OST_.uasset" 2620
"C:/Users/andre/OneDrive/Documents/Unreal Projects/Artkana_Project/Content/Audio/Music/The_Core_-_Sonic_Riders__Zero_Gravity__OST_.uexp" 2621
"C:/Users/andre/OneDrive/Documents/Unreal Projects/Artkana_Project/Content/Variant_SideScroller/Lvl_Boss.uexp" 2622
"C:/Users/andre/OneDrive/Documents/Unreal Projects/Artkana_Project/Content/Variant_SideScroller/Lvl_Boss.umap" 2623
"../../../Engine/Content/Maps/Entry_BuiltData.uasset" 2624
"../../../Engine/Content/Maps/Entry_BuiltData.uexp" 2625
"../../../Engine/Content/Maps/Entry.uexp" 2626
"../../../Engine/Content/Maps/Entry.umap" 2627
"C:/Users/andre/OneDrive/Documents/Unreal Projects/Artkana_Project/Content/UI/InGameMenus/spells/Shop_AbilityBase.uasset" 2628
"C:/Users/andre/OneDrive/Documents/Unreal Projects/Artkana_Project/Content/UI/InGameMenus/spells/Shop_AbilityBase.uexp" 2629
"C:/Users/andre/OneDrive/Documents/Unreal Projects/Artkana_Project/Content/UI/InGameMenus/spells/Shop_VerdantVortex.uasset" 2630
"C:/Users/andre/OneDrive/Documents/Unreal Projects/Artkana_Project/Content/UI/InGameMenus/spells/Shop_VerdantVortex.uexp" 2631
"C:/Users/andre/OneDrive/Documents/Unreal Projects/Artkana_Project/Content/UI/InGameMenus/spells/Shop_PiercingRose.uasset" 2632
"C:/Users/andre/OneDrive/Documents/Unreal Projects/Artkana_Project/Content/UI/InGameMenus/spells/Shop_PiercingRose.uexp" 2633
"C:/Users/andre/OneDrive/Documents/Unreal Projects/Artkana_Project/Content/UI/InGameMenus/spells/Shop_BronzeBullet.uasset" 2634
"C:/Users/andre/OneDrive/Documents/Unreal Projects/Artkana_Project/Content/UI/InGameMenus/spells/Shop_BronzeBullet.uexp" 2635
"C:/Users/andre/OneDrive/Documents/Unreal Projects/Artkana_Project/Content/UI/InGameMenus/spells/Shop_SakuraShift.uasset" 2636
"C:/Users/andre/OneDrive/Documents/Unreal Projects/Artkana_Project/Content/UI/InGameMenus/spells/Shop_SakuraShift.uexp" 2637
"C:/Users/andre/OneDrive/Documents/Unreal Projects/Artkana_Project/Content/UI/InGameMenus/gradient.uasset" 2638
"C:/Users/andre/OneDrive/Documents/Unreal Projects/Artkana_Project/Content/UI/InGameMenus/gradient.uexp" 2639
"C:/Users/andre/OneDrive/Documents/Unreal Projects/Artkana_Project/Content/UI/AbilitySelect.uasset" 2640
"C:/Users/andre/OneDrive/Documents/Unreal Projects/Artkana_Project/Content/UI/AbilitySelect.uexp" 2641
"C:/Users/andre/OneDrive/Documents/Unreal Projects/Artkana_Project/Content/UI/InGameMenus/StarStore.uasset" 2642
"C:/Users/andre/OneDrive/Documents/Unreal Projects/Artkana_Project/Content/UI/InGameMenus/StarStore.uexp" 2643
"C:/Users/andre/OneDrive/Documents/Unreal Projects/Artkana_Project/Content/LevelPrototyping/2D_Art/Background/Level2/NewFolder/upper_city_concept_art.uasset" 2644
"C:/Users/andre/OneDrive/Documents/Unreal Projects/Artkana_Project/Content/LevelPrototyping/2D_Art/Background/Level2/NewFolder/upper_city_concept_art.uexp" 2645
"C:/Users/andre/OneDrive/Documents/Unreal Projects/Artkana_Project/Content/LevelPrototyping/2D_Art/Background/Level2/NewFolder/the_facility_concept_art.uasset" 2646
"C:/Users/andre/OneDrive/Documents/Unreal Projects/Artkana_Project/Content/LevelPrototyping/2D_Art/Background/Level2/NewFolder/the_facility_concept_art.uexp" 2647
"C:/Users/andre/OneDrive/Documents/Unreal Projects/Artkana_Project/Content/LevelPrototyping/2D_Art/Background/Level2/NewFolder/forest_full_composite.uasset" 2648
"C:/Users/andre/OneDrive/Documents/Unreal Projects/Artkana_Project/Content/LevelPrototyping/2D_Art/Background/Level2/NewFolder/forest_full_composite.uexp" 2649
"C:/Users/andre/OneDrive/Documents/Unreal Projects/Artkana_Project/Content/LevelPrototyping/2D_Art/Background/Level2/NewFolder/approaching_the_core_concept_art.uasset" 2650
"C:/Users/andre/OneDrive/Documents/Unreal Projects/Artkana_Project/Content/LevelPrototyping/2D_Art/Background/Level2/NewFolder/approaching_the_core_concept_art.uexp" 2651
"C:/Users/andre/OneDrive/Documents/Unreal Projects/Artkana_Project/Content/UI/InGameMenus/Level_Select.uasset" 2652
"C:/Users/andre/OneDrive/Documents/Unreal Projects/Artkana_Project/Content/UI/InGameMenus/Level_Select.uexp" 2653
"C:/Users/andre/OneDrive/Documents/Unreal Projects/Artkana_Project/Content/UI/InGameMenus/InGameMenu-Controller.uasset" 2654
"C:/Users/andre/OneDrive/Documents/Unreal Projects/Artkana_Project/Content/UI/InGameMenus/InGameMenu-Controller.uexp" 2655
"C:/Users/andre/OneDrive/Documents/Unreal Projects/Artkana_Project/Content/UI/InGameMenus/ingamemenu-mode.uasset" 2656
"C:/Users/andre/OneDrive/Documents/Unreal Projects/Artkana_Project/Content/UI/InGameMenus/ingamemenu-mode.uexp" 2657
"C:/Users/andre/OneDrive/Documents/Unreal Projects/Artkana_Project/Content/UI/InGameMenus/InGame.uexp" 2658
"C:/Users/andre/OneDrive/Documents/Unreal Projects/Artkana_Project/Content/UI/InGameMenus/InGame.umap" 2659
