"C:/Users/andre/OneDrive/Documents/Unreal Projects/Artkana_Project/Artkana_Project.uproject" 1
"C:/Users/andre/OneDrive/Documents/Unreal Projects/Artkana_Project/Binaries/Win64/UnrealEditor.modules" 2
"../../../Engine/Plugins/AudioGameplayVolume/AudioGameplayVolume.uplugin" 3
"../../../Engine/Plugins/AudioInsights/AudioInsights.uplugin" 4
"../../../Engine/Plugins/ChaosClothAsset/ChaosClothAsset.uplugin" 5
"../../../Engine/Plugins/ChaosInsights/ChaosInsights.uplugin" 6
"../../../Engine/Plugins/ChaosVD/ChaosVD.uplugin" 7
"../../../Engine/Plugins/Chooser/Chooser.uplugin" 8
"../../../Engine/Plugins/CmdLinkServer/CmdLinkServer.uplugin" 9
"../../../Engine/Plugins/BlueprintFileUtils/BlueprintFileUtils.uplugin" 10
"../../../Engine/Plugins/FastBuildController/FastBuildController.uplugin" 11
"../../../Engine/Plugins/ChaosCloth/ChaosCloth.uplugin" 12
"../../../Engine/Plugins/AudioGameplay/AudioGameplay.uplugin" 13
"../../../Engine/Plugins/EnhancedInput/EnhancedInput.uplugin" 14
"../../../Engine/Plugins/DiscoveryBeaconReceiver/DiscoveryBeaconReceiver.uplugin" 15
"../../../Engine/Plugins/IoStoreInsights/IoStoreInsights.uplugin" 16
"../../../Engine/Plugins/ChaosClothAssetEditor/ChaosClothAssetEditor.uplugin" 17
"../../../Engine/Plugins/JsonBlueprintUtilities/JsonBlueprintUtilities.uplugin" 18
"../../../Engine/Plugins/MassInsights/MassInsights.uplugin" 19
"../../../Engine/Plugins/MemoryUsageQueries/MemoryUsageQueries.uplugin" 20
"../../../Engine/Plugins/Mutable/Mutable.uplugin" 21
"../../../Engine/Plugins/PCG/PCG.uplugin" 22
"../../../Engine/Plugins/LightWeightInstancesEditor/LightWeightInstancesEditor.uplugin" 23
"../../../Engine/Plugins/RenderGraphInsights/RenderGraphInsights.uplugin" 24
"../../../Engine/Plugins/ScriptPlugin/ScriptPlugin.uplugin" 25
"../../../Engine/Plugins/TextureGraph/TextureGraph.uplugin" 26
"../../../Engine/Plugins/TraceUtilities/TraceUtilities.uplugin" 27
"../../../Engine/Plugins/MeshPainting/MeshPainting.uplugin" 28
"../../../Engine/Plugins/XGEController/XGEController.uplugin" 29
"../../../Engine/Plugins/UbaController/UbaController.uplugin" 30
"../../../Engine/Plugins/WorldMetrics/WorldMetrics.uplugin" 31
"../../../Engine/Plugins/Cameras/CameraShakePreviewer/CameraShakePreviewer.uplugin" 32
"../../../Engine/Plugins/AI/EnvironmentQueryEditor/EnvironmentQueryEditor.uplugin" 33
"../../../Engine/Plugins/AI/AISupport/AISupport.uplugin" 34
"../../../Engine/Plugins/Cameras/EngineCameras/EngineCameras.uplugin" 35
"../../../Engine/Plugins/AI/MLAdapter/MLAdapter.uplugin" 36
"../../../Engine/Plugins/AI/HTNPlanner/HTNPlanner.uplugin" 37
"../../../Engine/Plugins/AI/MassCrowd/MassCrowd.uplugin" 38
"../../../Engine/Plugins/AI/MassAI/MassAI.uplugin" 39
"../../../Engine/Plugins/Developer/AnimationSharing/AnimationSharing.uplugin" 40
"../../../Engine/Plugins/Developer/BlankPlugin/BlankPlugin.uplugin" 41
"../../../Engine/Plugins/Cameras/GameplayCameras/GameplayCameras.uplugin" 42
"../../../Engine/Plugins/Developer/CLionSourceCodeAccess/CLionSourceCodeAccess.uplugin" 43
"../../../Engine/Plugins/Developer/CodeLiteSourceCodeAccess/CodeLiteSourceCodeAccess.uplugin" 44
"../../../Engine/Plugins/Developer/DumpGPUServices/DumpGPUServices.uplugin" 45
"../../../Engine/Plugins/Developer/FieldNotificationTrace/FieldNotificationTrace.uplugin" 46
"../../../Engine/Plugins/Developer/DirectoryPlaceholder/DirectoryPlaceholder.uplugin" 47
"../../../Engine/Plugins/Developer/GitSourceControl/GitSourceControl.uplugin" 48
"../../../Engine/Plugins/Developer/KDevelopSourceCodeAccess/KDevelopSourceCodeAccess.uplugin" 49
"../../../Engine/Plugins/Developer/N10XSourceCodeAccess/N10XSourceCodeAccess.uplugin" 50
"../../../Engine/Plugins/Developer/NullSourceCodeAccess/NullSourceCodeAccess.uplugin" 51
"../../../Engine/Plugins/Developer/PixWinPlugin/PixWinPlugin.uplugin" 52
"../../../Engine/Plugins/Developer/NamingTokens/NamingTokens.uplugin" 53
"../../../Engine/Plugins/Developer/PluginUtils/PluginUtils.uplugin" 54
"../../../Engine/Plugins/Developer/PerforceSourceControl/PerforceSourceControl.uplugin" 55
"../../../Engine/Plugins/Developer/ProjectLauncher/ProjectLauncher.uplugin" 56
"../../../Engine/Plugins/Developer/TraceSourceFiltering/TraceSourceFilters.uplugin" 57
"../../../Engine/Plugins/Developer/OneSkyLocalizationService/OneSkyLocalizationService.uplugin" 58
"../../../Engine/Plugins/Developer/PropertyAccessNode/PropertyAccessNode.uplugin" 59
"../../../Engine/Plugins/Developer/PlasticSourceControl/PlasticSourceControl.uplugin" 60
"../../../Engine/Plugins/Developer/RiderSourceCodeAccess/RiderSourceCodeAccess.uplugin" 61
"../../../Engine/Plugins/Developer/TraceDataFiltering/TraceDataFilters.uplugin" 62
"../../../Engine/Plugins/Developer/SubversionSourceControl/SubversionSourceControl.uplugin" 63
"../../../Engine/Plugins/Developer/XcodeGPUDebuggerPlugin/XcodeGPUDebuggerPlugin.uplugin" 64
"../../../Engine/Plugins/Developer/RenderDocPlugin/RenderDocPlugin.uplugin" 65
"../../../Engine/Plugins/Editor/AssetReferenceRestrictions/AssetReferenceRestrictions.uplugin" 66
"../../../Engine/Plugins/Developer/VisualStudioCodeSourceCodeAccess/VisualStudioCodeSourceCodeAccess.uplugin" 67
"../../../Engine/Plugins/Developer/VisualStudioSourceCodeAccess/VisualStudioSourceCodeAccess.uplugin" 68
"../../../Engine/Plugins/Developer/TextureFormatOodle/TextureFormatOodle.uplugin" 69
"../../../Engine/Plugins/Developer/XCodeSourceCodeAccess/XCodeSourceCodeAccess.uplugin" 70
"../../../Engine/Plugins/Developer/UObjectPlugin/UObjectPlugin.uplugin" 71
"../../../Engine/Plugins/Editor/AssetManagerEditor/AssetManagerEditor.uplugin" 72
"../../../Engine/Plugins/Editor/AssetRegistryExport/AssetRegistryExport.uplugin" 73
"../../../Engine/Plugins/Editor/BlueprintHeaderView/BlueprintHeaderView.uplugin" 74
"../../../Engine/Plugins/Editor/AssetSearch/AssetSearch.uplugin" 75
"../../../Engine/Plugins/Editor/ChangelistReview/ChangelistReview.uplugin" 76
"../../../Engine/Plugins/Editor/BlueprintMaterialTextureNodes/BlueprintMaterialTextureNodes.uplugin" 77
"../../../Engine/Plugins/Editor/ColorGrading/ColorGrading.uplugin" 78
"../../../Engine/Plugins/Editor/CryptoKeys/CryptoKeys.uplugin" 79
"../../../Engine/Plugins/Editor/CurveEditorTools/CurveEditorTools.uplugin" 80
"../../../Engine/Plugins/Editor/ConsoleVariablesEditor/ConsoleVariables.uplugin" 81
"../../../Engine/Plugins/Editor/DataValidation/DataValidation.uplugin" 82
"../../../Engine/Plugins/Editor/EditorDebugTools/EditorDebugTools.uplugin" 83
"../../../Engine/Plugins/Editor/DisplayClusterLaunch/DisplayClusterLaunch.uplugin" 84
"../../../Engine/Plugins/Editor/EditorSysConfigAssistant/EditorSysConfigAssistant.uplugin" 85
"../../../Engine/Plugins/Editor/EngineAssetDefinitions/EngineAssetDefinitions.uplugin" 86
"../../../Engine/Plugins/Editor/FacialAnimation/FacialAnimation.uplugin" 87
"../../../Engine/Plugins/Editor/GameplayTagsEditor/GameplayTagsEditor.uplugin" 88
"../../../Engine/Plugins/Editor/GuidedTutorials/GuidedTutorials.uplugin" 89
"../../../Engine/Plugins/Editor/LiveUpdateForSlate/LiveUpdateForSlate.uplugin" 90
"../../../Engine/Plugins/Editor/MacGraphicsSwitching/MacGraphicsSwitching.uplugin" 91
"../../../Engine/Plugins/Editor/MaterialAnalyzer/MaterialAnalyzer.uplugin" 92
"../../../Engine/Plugins/Editor/GeometryMode/GeometryMode.uplugin" 93
"../../../Engine/Plugins/Editor/MeshLODToolset/MeshLODToolset.uplugin" 94
"../../../Engine/Plugins/Editor/MobileLauncherProfileWizard/MobileLauncherProfileWizard.uplugin" 95
"../../../Engine/Plugins/Editor/ModelingToolsEditorMode/ModelingToolsEditorMode.uplugin" 96
"../../../Engine/Plugins/Editor/MakeCookedEditorAsDLC/MakeCookedEditorAsDLC.uplugin" 97
"../../../Engine/Plugins/Editor/EditorScriptingUtilities/EditorScriptingUtilities.uplugin" 98
"../../../Engine/Plugins/Editor/ModelViewViewModelPreview/ModelViewViewModelPreview.uplugin" 99
"../../../Engine/Plugins/Editor/ProxyLODPlugin/ProxyLODPlugin.uplugin" 100
"../../../Engine/Plugins/Editor/SampleToolsEditorMode/SampleToolsEditorMode.uplugin" 101
"../../../Engine/Plugins/Editor/SequencerAnimTools/SequencerAnimTools.uplugin" 102
"../../../Engine/Plugins/Experimental/ActorPalette/ActorPalette.uplugin" 103
"../../../Engine/Plugins/Experimental/AdvancedRenamer/AdvancedRenamer.uplugin" 104
"../../../Engine/Plugins/Editor/StaticMeshEditorModeling/StaticMeshEditorModeling.uplugin" 105
"../../../Engine/Plugins/Experimental/AbilitySystemGameFeatureActions/AbilitySystemGameFeatureActions.uplugin" 106
"../../../Engine/Plugins/Editor/ScriptableToolsEditorMode/ScriptableToolsEditorMode.uplugin" 107
"../../../Engine/Plugins/Editor/StylusInput/StylusInput.uplugin" 108
"../../../Engine/Plugins/Editor/SpeedTreeImporter/SpeedTreeImporter.uplugin" 109
"../../../Engine/Plugins/Editor/UMGWidgetPreview/UMGWidgetPreview.uplugin" 110
"../../../Engine/Plugins/Editor/WaveformEditor/WaveformEditor.uplugin" 111
"../../../Engine/Plugins/Editor/UVEditor/UVEditor.uplugin" 112
"../../../Engine/Plugins/Editor/WorldPartitionHLODUtilities/WorldPartitionHLODUtilities.uplugin" 113
"../../../Engine/Plugins/Experimental/AnimNextAnimGraph/AnimNextAnimGraph.uplugin" 114
"../../../Engine/Plugins/Experimental/AnimNextPoseSearch/AnimNextPoseSearch.uplugin" 115
"../../../Engine/Plugins/Experimental/AnimNext/AnimNext.uplugin" 116
"../../../Engine/Plugins/Experimental/AnimNextWarping/AnimNextWarping.uplugin" 117
"../../../Engine/Plugins/Experimental/AnimToTexture/AnimToTexture.uplugin" 118
"../../../Engine/Plugins/Experimental/AnimNextChooser/AnimNextChooser.uplugin" 119
"../../../Engine/Plugins/Experimental/AutomationUtils/AutomationUtils.uplugin" 120
"../../../Engine/Plugins/Experimental/AnimNextControlRig/AnimNextControlRig.uplugin" 121
"../../../Engine/Plugins/Experimental/AvalancheDataLink/AvalancheDataLink.uplugin" 122
"../../../Engine/Plugins/Experimental/AnimNextStateTree/AnimNextStateTree.uplugin" 123
"../../../Engine/Plugins/Experimental/AsyncMessageSystemTests/AsyncMessageSystemTests.uplugin" 124
"../../../Engine/Plugins/Editor/PluginBrowser/PluginBrowser.uplugin" 125
"../../../Engine/Plugins/Experimental/AvalancheDisplayCluster/AvalancheDisplayCluster.uplugin" 126
"../../../Engine/Plugins/Experimental/AsyncMessageSystem/AsyncMessageSystem.uplugin" 127
"../../../Engine/Plugins/Experimental/AvalancheSceneState/AvalancheSceneState.uplugin" 128
"../../../Engine/Plugins/Experimental/BlueprintSnapNodes/BlueprintSnapNodes.uplugin" 129
"../../../Engine/Plugins/Experimental/BackChannel/BackChannel.uplugin" 130
"../../../Engine/Plugins/Experimental/BlueprintStats/BlueprintStats.uplugin" 131
"../../../Engine/Plugins/Experimental/Buoyancy/Buoyancy.uplugin" 132
"../../../Engine/Plugins/Experimental/CelestialVault/CelestialVault.uplugin" 133
"../../../Engine/Plugins/Experimental/AvalancheSequenceNavigator/AvalancheSequenceNavigator.uplugin" 134
"../../../Engine/Plugins/Experimental/ChaosCaching/ChaosCaching.uplugin" 135
"../../../Engine/Plugins/Experimental/ChaosFlesh/ChaosFlesh.uplugin" 136
"../../../Engine/Plugins/Experimental/ChaosEditor/ChaosEditor.uplugin" 137
"../../../Engine/Plugins/Experimental/ChaosModularVehicle/ChaosModularVehicle.uplugin" 138
"../../../Engine/Plugins/Experimental/ChaosCachingUSD/ChaosCachingUSD.uplugin" 139
"../../../Engine/Plugins/Experimental/ChaosMover/ChaosMover.uplugin" 140
"../../../Engine/Plugins/Experimental/ChaosNiagara/ChaosNiagara.uplugin" 141
"../../../Engine/Plugins/Experimental/ChaosModularVehicleExamples/ChaosModularVehicleExamples.uplugin" 142
"../../../Engine/Plugins/Experimental/ChaosSolverPlugin/ChaosSolverPlugin.uplugin" 143
"../../../Engine/Plugins/Experimental/ChaosClothEditor/ChaosClothEditor.uplugin" 144
"../../../Engine/Plugins/Experimental/ChaosUserDataPT/ChaosUserDataPT.uplugin" 145
"../../../Engine/Plugins/Experimental/CharacterAI/CharacterAI.uplugin" 146
"../../../Engine/Plugins/Experimental/ChaosOutfitAsset/ChaosOutfitAsset.uplugin" 147
"../../../Engine/Plugins/Experimental/CineCameraSceneCapture/CineCameraSceneCapture.uplugin" 148
"../../../Engine/Plugins/Experimental/ChaosVehiclesPlugin/ChaosVehiclesPlugin.uplugin" 149
"../../../Engine/Plugins/Experimental/CineCameraRigs/CineCameraRigs.uplugin" 150
"../../../Engine/Plugins/Experimental/CinematicPrestreaming/CinematicPrestreaming.uplugin" 151
"../../../Engine/Plugins/Experimental/CodeEditor/CodeEditor.uplugin" 152
"../../../Engine/Plugins/Experimental/CodeView/CodeView.uplugin" 153
"../../../Engine/Plugins/Experimental/CommonConversation/CommonConversation.uplugin" 154
"../../../Engine/Plugins/Experimental/ControlFlows/ControlFlows.uplugin" 155
"../../../Engine/Plugins/Experimental/ColorCorrectRegions/ColorCorrectRegions.uplugin" 156
"../../../Engine/Plugins/Experimental/DataLink/DataLink.uplugin" 157
"../../../Engine/Plugins/Experimental/Dataflow/Dataflow.uplugin" 158
"../../../Engine/Plugins/Experimental/DataLinkOAuth/DataLinkOAuth.uplugin" 159
"../../../Engine/Plugins/Experimental/DefaultInstallBundleManager/DefaultInstallBundleManager.uplugin" 160
"../../../Engine/Plugins/Experimental/EditorDataStorageFeatures/EditorDataStorageFeatures.uplugin" 161
"../../../Engine/Plugins/Experimental/DynamicMaterialMediaStreamBridge/DynamicMaterialMediaStreamBridge.uplugin" 162
"../../../Engine/Plugins/Experimental/EditorDataStorage/EditorDataStorage.uplugin" 163
"../../../Engine/Plugins/Experimental/DaySequence/DaySequence.uplugin" 164
"../../../Engine/Plugins/Experimental/EditorPerformance/EditorPerformance.uplugin" 165
"../../../Engine/Plugins/Experimental/EditorTelemetry/EditorTelemetry.uplugin" 166
"../../../Engine/Plugins/Experimental/FastGeoStreaming/FastGeoStreaming.uplugin" 167
"../../../Engine/Plugins/Experimental/EvaluationNotifies/EvaluationNotifies.uplugin" 168
"../../../Engine/Plugins/Experimental/FloatingProperties/FloatingProperties.uplugin" 169
"../../../Engine/Plugins/Experimental/Fracture/Fracture.uplugin" 170
"../../../Engine/Plugins/Experimental/FieldSystemPlugin/FieldSystemPlugin.uplugin" 171
"../../../Engine/Plugins/Experimental/FullBodyIK/FullBodyIK.uplugin" 172
"../../../Engine/Plugins/Experimental/GameplayBehaviors/GameplayBehaviors.uplugin" 173
"../../../Engine/Plugins/Experimental/GameplayTargetingSystem/TargetingSystem.uplugin" 174
"../../../Engine/Plugins/Experimental/Gauntlet/Gauntlet.uplugin" 175
"../../../Engine/Plugins/Experimental/GeometryCacheLevelSequenceBaker/GeometryCacheLevelSequenceBaker.uplugin" 176
"../../../Engine/Plugins/Experimental/GeometryCollectionPlugin/GeometryCollectionPlugin.uplugin" 177
"../../../Engine/Plugins/Experimental/GeometryCacheAbcFile/GeometryCacheAbcFile.uplugin" 178
"../../../Engine/Plugins/Experimental/GameInputWindows/GameInputWindows.uplugin" 179
"../../../Engine/Plugins/Experimental/GizmoEdMode/GizmoEdMode.uplugin" 180
"../../../Engine/Plugins/Experimental/GameplayGraph/GameplayGraph.uplugin" 181
"../../../Engine/Plugins/Experimental/GizmoFramework/GizmoFramework.uplugin" 182
"../../../Engine/Plugins/Experimental/GPULightmass/GPULightmass.uplugin" 183
"../../../Engine/Plugins/Experimental/GeometryFlow/GeometryFlow.uplugin" 184
"../../../Engine/Plugins/Experimental/HairCardGenerator/HairCardGenerator.uplugin" 185
"../../../Engine/Plugins/Experimental/GeometryDataflow/GeometryDataflow.uplugin" 186
"../../../Engine/Plugins/Experimental/HairModelingToolset/HairModelingToolset.uplugin" 187
"../../../Engine/Plugins/Experimental/ImageWidgets/ImageWidgets.uplugin" 188
"../../../Engine/Plugins/Experimental/ImagePlate/ImagePlate.uplugin" 189
"../../../Engine/Plugins/Experimental/ImpostorBaker/ImpostorBaker.uplugin" 190
"../../../Engine/Plugins/Experimental/InlineMaterialInstance/InlineMaterialInstance.uplugin" 191
"../../../Engine/Plugins/Experimental/InstanceDataObjectFixupTool/InstanceDataObjectFixupTool.uplugin" 192
"../../../Engine/Plugins/Experimental/InteractionInterface/InteractionInterface.uplugin" 193
"../../../Engine/Plugins/Experimental/HairStrandsMutable/HairStrandsMutable.uplugin" 194
"../../../Engine/Plugins/Experimental/LandscapePatch/LandscapePatch.uplugin" 195
"../../../Engine/Plugins/Experimental/JWT/JWT.uplugin" 196
"../../../Engine/Plugins/Experimental/Landmass/Landmass.uplugin" 197
"../../../Engine/Plugins/Experimental/LearningAgents/LearningAgents.uplugin" 198
"../../../Engine/Plugins/Experimental/Iris/Iris.uplugin" 199
"../../../Engine/Plugins/Experimental/LevelSequenceNavigatorBridge/LevelSequenceNavigatorBridge.uplugin" 200
"../../../Engine/Plugins/Experimental/LiveLinkControlRig/LiveLinkControlRig.uplugin" 201
"../../../Engine/Plugins/Experimental/LiveLinkFaceImporter/LiveLinkFaceImporter.uplugin" 202
"../../../Engine/Plugins/Experimental/LiveLinkOpenVR/LiveLinkOpenVR.uplugin" 203
"../../../Engine/Plugins/Experimental/MediaStream/MediaStream.uplugin" 204
"../../../Engine/Plugins/Experimental/LocalizableMessage/LocalizableMessage.uplugin" 205
"../../../Engine/Plugins/Experimental/MeshResizing/MeshResizing.uplugin" 206
"../../../Engine/Plugins/Experimental/MeshModelingToolsetExp/MeshModelingToolsetExp.uplugin" 207
"../../../Engine/Plugins/Experimental/MediaViewer/MediaViewer.uplugin" 208
"../../../Engine/Plugins/Experimental/MetasoundExperimental/MetasoundExperimental.uplugin" 209
"../../../Engine/Plugins/Experimental/MLflow/MLflow.uplugin" 210
"../../../Engine/Plugins/Experimental/MotorSimOutputMotoSynth/MotorSimOutputMotoSynth.uplugin" 211
"../../../Engine/Plugins/Experimental/Mover/Mover.uplugin" 212
"../../../Engine/Plugins/Experimental/MoverExamples/MoverExamples.uplugin" 213
"../../../Engine/Plugins/Experimental/MoverAnimNext/MoverAnimNext.uplugin" 214
"../../../Engine/Plugins/Experimental/MoverIntegrations/MoverIntegrations.uplugin" 215
"../../../Engine/Plugins/Experimental/MoverTests/MoverTests.uplugin" 216
"../../../Engine/Plugins/Experimental/MovieSceneAnimMixer/MovieSceneAnimMixer.uplugin" 217
"../../../Engine/Plugins/Experimental/MotoSynth/MotoSynth.uplugin" 218
"../../../Engine/Plugins/Experimental/MutableClothing/MutableClothing.uplugin" 219
"../../../Engine/Plugins/Experimental/LowLevelNetTrace/LowLevelNetTrace.uplugin" 220
"../../../Engine/Plugins/Experimental/MovieScenePoseSearchTracks/MovieScenePoseSearchTracks.uplugin" 221
"../../../Engine/Plugins/Experimental/NaniteDisplacedMesh/NaniteDisplacedMesh.uplugin" 222
"../../../Engine/Plugins/Experimental/NFORDenoise/NFORDenoise.uplugin" 223
"../../../Engine/Plugins/Experimental/MutablePopulation/MutablePopulation.uplugin" 224
"../../../Engine/Plugins/Experimental/NeuralRendering/NeuralRendering.uplugin" 225
"../../../Engine/Plugins/Experimental/NNERuntimeBasicCpu/NNERuntimeBasicCpu.uplugin" 226
"../../../Engine/Plugins/Experimental/NNERuntimeCoreML/NNERuntimeCoreML.uplugin" 227
"../../../Engine/Plugins/Experimental/NNERuntimeRDG/NNERuntimeRDG.uplugin" 228
"../../../Engine/Plugins/Experimental/OpenImageDenoise/OpenImageDenoise.uplugin" 229
"../../../Engine/Plugins/Experimental/OptiXDenoise/OptiXDenoise.uplugin" 230
"../../../Engine/Plugins/Experimental/PCGBiomeSample/PCGBiomeSample.uplugin" 231
"../../../Engine/Plugins/Experimental/PlainProps/PlainProps.uplugin" 232
"../../../Engine/Plugins/Experimental/PCGBiomeCore/PCGBiomeCore.uplugin" 233
"../../../Engine/Plugins/Experimental/PhysicsControl/PhysicsControl.uplugin" 234
"../../../Engine/Plugins/Experimental/PlainPropsUObject/PlainPropsUObject.uplugin" 235
"../../../Engine/Plugins/Experimental/PlatformCrypto/PlatformCrypto.uplugin" 236
"../../../Engine/Plugins/Experimental/PanoramicCapture/PanoramicCapture.uplugin" 237
"../../../Engine/Plugins/Experimental/PluginAudit/PluginAudit.uplugin" 238
"../../../Engine/Plugins/Experimental/NNERuntimeIREE/NNERuntimeIREE.uplugin" 239
"../../../Engine/Plugins/Experimental/PixelStreamingPlayer/PixelStreamingPlayer.uplugin" 240
"../../../Engine/Plugins/Experimental/PlanarCutPlugin/PlanarCut.uplugin" 241
"../../../Engine/Plugins/Experimental/PostProcessMaterialChainGraph/PostProcessMaterialChainGraph.uplugin" 242
"../../../Engine/Plugins/Experimental/QuicMessaging/QuicMessaging.uplugin" 243
"../../../Engine/Plugins/Experimental/RawInput/RawInput.uplugin" 244
"../../../Engine/Plugins/Experimental/PSDImporter/PSDImporter.uplugin" 245
"../../../Engine/Plugins/Experimental/RemoteSession/RemoteSession.uplugin" 246
"../../../Engine/Plugins/Experimental/PluginReferenceViewer/PluginReferenceViewer.uplugin" 247
"../../../Engine/Plugins/Experimental/RigLogicAnimNext/RigLogicAnimNext.uplugin" 248
"../../../Engine/Plugins/Experimental/PSDImporterMaterialDesignerBridge/PSDImporterMaterialDesignerBridge.uplugin" 249
"../../../Engine/Plugins/Experimental/RenderGrid/RenderGrid.uplugin" 250
"../../../Engine/Plugins/Experimental/RazerChromaDevices/RazerChromaDevices.uplugin" 251
"../../../Engine/Plugins/Experimental/PluginTemplateTool/PluginTemplateTool.uplugin" 252
"../../../Engine/Plugins/Experimental/RemoteControlComponents/RemoteControlComponents.uplugin" 253
"../../../Engine/Plugins/Experimental/PythonFoundationPackages/PythonFoundationPackages.uplugin" 254
"../../../Engine/Plugins/Experimental/RuntimeTelemetry/RuntimeTelemetry.uplugin" 255
"../../../Engine/Plugins/Experimental/PythonScriptPlugin/PythonScriptPlugin.uplugin" 256
"../../../Engine/Plugins/Experimental/RigLogicMutable/RigLogicMutable.uplugin" 257
"../../../Engine/Plugins/Experimental/SceneState/SceneState.uplugin" 258
"../../../Engine/Plugins/Experimental/SequenceNavigator/SequenceNavigator.uplugin" 259
"../../../Engine/Plugins/Experimental/SerializationUtils/SerializationUtils.uplugin" 260
"../../../Engine/Plugins/Experimental/SimpleHMD/SimpleHMD.uplugin" 261
"../../../Engine/Plugins/Experimental/Shotgrid/Shotgrid.uplugin" 262
"../../../Engine/Plugins/Experimental/SecuritySandbox/SecuritySandbox.uplugin" 263
"../../../Engine/Plugins/Experimental/SkeletalReduction/SkeletalReduction.uplugin" 264
"../../../Engine/Plugins/Experimental/ScreenReader/ScreenReader.uplugin" 265
"../../../Engine/Plugins/Experimental/SlateIM/SlateIM.uplugin" 266
"../../../Engine/Plugins/Experimental/SlateModelViewViewModel/SlateModelViewViewModel.uplugin" 267
"../../../Engine/Plugins/Experimental/SlateScreenReader/SlateScreenReader.uplugin" 268
"../../../Engine/Plugins/Experimental/SpatialReadiness/SpatialReadiness.uplugin" 269
"../../../Engine/Plugins/Experimental/StateGraph/StateGraph.uplugin" 270
"../../../Engine/Plugins/Experimental/SubmitToolEditor/SubmitToolEditor.uplugin" 271
"../../../Engine/Plugins/Experimental/SubtitlesAndClosedCaptions/SubtitlesAndClosedCaptions.uplugin" 272
"../../../Engine/Plugins/Experimental/StructUtils/StructUtils.uplugin" 273
"../../../Engine/Plugins/Experimental/TargetDeviceServicesScripting/TargetDeviceServicesScripting.uplugin" 274
"../../../Engine/Plugins/Experimental/TechAudioTools/TechAudioTools.uplugin" 275
"../../../Engine/Plugins/Experimental/SurfaceEffects/SurfaceEffects.uplugin" 276
"../../../Engine/Plugins/Experimental/Tensorboard/Tensorboard.uplugin" 277
"../../../Engine/Plugins/Experimental/SVGImporter/SVGImporter.uplugin" 278
"../../../Engine/Plugins/Experimental/TetMeshing/TetMeshing.uplugin" 279
"../../../Engine/Plugins/Experimental/Text3D/Text3D.uplugin" 280
"../../../Engine/Plugins/Experimental/TextToSpeech/TextToSpeech.uplugin" 281
"../../../Engine/Plugins/Experimental/TextureMediaPlayer/TextureMediaPlayer.uplugin" 282
"../../../Engine/Plugins/Experimental/ToolPresets/ToolPresets.uplugin" 283
"../../../Engine/Plugins/Experimental/UIFramework/UIFramework.uplugin" 284
"../../../Engine/Plugins/Experimental/UserToolBoxCore/UserToolBoxCore.uplugin" 285
"../../../Engine/Plugins/Experimental/UserToolBoxBasicCommand/UserToolBoxBasicCommand.uplugin" 286
"../../../Engine/Plugins/MetaHuman/MetaHumanAnimator/MetaHuman.uplugin" 287
"../../../Engine/Plugins/MetaHuman/MetaHumanCalibrationProcessing/MetaHumanCalibrationProcessing.uplugin" 288
"../../../Engine/Plugins/Experimental/VirtualHeightfieldMesh/VirtualHeightfieldMesh.uplugin" 289
"../../../Engine/Plugins/MetaHuman/MetaHumanCharacter/MetaHumanCharacter.uplugin" 290
"../../../Engine/Plugins/MetaHuman/MetaHumanCoreTechLib/MetaHumanCoreTech.uplugin" 291
"../../../Engine/Plugins/MetaHuman/MetaHumanLiveLink/MetaHumanLiveLink.uplugin" 292
"../../../Engine/Plugins/Experimental/VirtualProductionUtilities/VirtualProductionUtilities.uplugin" 293
"../../../Engine/Plugins/MetaHuman/MetaHumanSDK/MetaHumanSDK.uplugin" 294
"../../../Engine/Plugins/Experimental/Volumetrics/Volumetrics.uplugin" 295
"../../../Engine/Plugins/Online/EOSOverlayInputProvider/EOSOverlayInputProvider.uplugin" 296
"../../../Engine/Plugins/Experimental/Water/Water.uplugin" 297
"../../../Engine/Plugins/Experimental/WaterAdvanced/WaterAdvanced.uplugin" 298
"../../../Engine/Plugins/Experimental/WaterExtras/WaterExtras.uplugin" 299
"../../../Engine/Plugins/Experimental/WaveFunctionCollapse/WaveFunctionCollapse.uplugin" 300
"../../../Engine/Plugins/Experimental/WebSocketNetworking/WebSocketNetworking.uplugin" 301
"../../../Engine/Plugins/Experimental/WebSocketMessaging/WebSocketMessaging.uplugin" 302
"../../../Engine/Plugins/Experimental/XRCreativeFramework/XRCreativeFramework.uplugin" 303
"../../../Engine/Plugins/Experimental/Workspace/Workspace.uplugin" 304
"../../../Engine/Plugins/Online/OnlineBase/OnlineBase.uplugin" 305
"../../../Engine/Plugins/Experimental/WidgetEditorToolPalette/WidgetEditorToolPalette.uplugin" 306
"../../../Engine/Plugins/Online/OnlineFramework/OnlineFramework.uplugin" 307
"../../../Engine/Plugins/Online/EOSShared/EOSShared.uplugin" 308
"../../../Engine/Plugins/Online/OnlineServices/OnlineServices.uplugin" 309
"../../../Engine/Plugins/Online/OnlineSubsystem/OnlineSubsystem.uplugin" 310
"../../../Engine/Plugins/Online/OnlineServicesEpicCommon/OnlineServicesEpicCommon.uplugin" 311
"../../../Engine/Plugins/Online/OnlineServicesEOS/OnlineServicesEOS.uplugin" 312
"../../../Engine/Plugins/Online/OnlineServicesEOSGS/OnlineServicesEOSGS.uplugin" 313
"../../../Engine/Plugins/Online/OnlineServicesNull/OnlineServicesNull.uplugin" 314
"../../../Engine/Plugins/Online/OnlineServicesOSSAdapter/OnlineServicesOSSAdapter.uplugin" 315
"../../../Engine/Plugins/Online/OnlineSubsystemAmazon/OnlineSubsystemAmazon.uplugin" 316
"../../../Engine/Plugins/Online/OnlineSubsystemApple/OnlineSubsystemApple.uplugin" 317
"../../../Engine/Plugins/Online/OnlineSubsystemFacebook/OnlineSubsystemFacebook.uplugin" 318
"../../../Engine/Plugins/Online/OnlineSubsystemEOS/OnlineSubsystemEOS.uplugin" 319
"../../../Engine/Plugins/Online/OnlineSubsystemGoogle/OnlineSubsystemGoogle.uplugin" 320
"../../../Engine/Plugins/Online/OnlineSubsystemNull/OnlineSubsystemNull.uplugin" 321
"../../../Engine/Plugins/Online/OnlineSubsystemSteam/OnlineSubsystemSteam.uplugin" 322
"../../../Engine/Plugins/Tests/CQTest/CQTest.uplugin" 323
"../../../Engine/Plugins/Online/OnlineSubsystemTencent/OnlineSubsystemTencent.uplugin" 324
"../../../Engine/Plugins/Online/SocketSubsystemEOS/SocketSubsystemEOS.uplugin" 325
"../../../Engine/Plugins/Online/OnlineSubsystemUtils/OnlineSubsystemUtils.uplugin" 326
"../../../Engine/Plugins/Tests/AutomationDriverTests/AutomationDriverTests.uplugin" 327
"../../../Engine/Plugins/Online/SocketSubsystemSteamIP/SocketSubsystemSteamIP.uplugin" 328
"../../../Engine/Plugins/Tests/EditorTests/EditorTests.uplugin" 329
"../../../Engine/Plugins/Tests/CQTestEnhancedInput/CQTestEnhancedInput.uplugin" 330
"../../../Engine/Plugins/Online/WebAuth/WebAuth.uplugin" 331
"../../../Engine/Plugins/Compression/OodleNetwork/OodleNetwork.uplugin" 332
"../../../Engine/Plugins/Tests/FbxAutomationTestBuilder/FbxAutomationTestBuilder.uplugin" 333
"../../../Engine/Plugins/Enterprise/AxFImporter/AxFImporter.uplugin" 334
"../../../Engine/Plugins/Tests/InterchangeTests/InterchangeTests.uplugin" 335
"../../../Engine/Plugins/Tests/FunctionalTestingEditor/FunctionalTestingEditor.uplugin" 336
"../../../Engine/Plugins/Tests/PythonAutomationTest/PythonAutomationTest.uplugin" 337
"../../../Engine/Plugins/Tests/RuntimeTests/RuntimeTests.uplugin" 338
"../../../Engine/Plugins/Tests/RHITests/RHITests.uplugin" 339
"../../../Engine/Plugins/Enterprise/DataprepEditor/DataprepEditor.uplugin" 340
"../../../Engine/Plugins/Tests/TestFramework/TestFramework.uplugin" 341
"../../../Engine/Plugins/Tests/WidgetAutomationTests/WidgetAutomationTests.uplugin" 342
"../../../Engine/Plugins/Tests/TestSamples/TestSamples.uplugin" 343
"../../../Engine/Plugins/Enterprise/DatasmithC4DImporter/DatasmithC4DImporter.uplugin" 344
"../../../Engine/Plugins/Enterprise/DatasmithCADImporter/DatasmithCADImporter.uplugin" 345
"../../../Engine/Plugins/Enterprise/DatasmithContent/DatasmithContent.uplugin" 346
"../../../Engine/Plugins/Enterprise/DatasmithFBXImporter/DatasmithFBXImporter.uplugin" 347
"../../../Engine/Plugins/Media/AjaMedia/AjaMedia.uplugin" 348
"../../../Engine/Plugins/Media/AndroidCamera/AndroidCamera.uplugin" 349
"../../../Engine/Plugins/Importers/AlembicImporter/AlembicImporter.uplugin" 350
"../../../Engine/Plugins/Enterprise/DatasmithImporter/DatasmithImporter.uplugin" 351
"../../../Engine/Plugins/Importers/AlembicHairImporter/AlembicHairImporter.uplugin" 352
"../../../Engine/Plugins/Importers/USDImporter/USDImporter.uplugin" 353
"../../../Engine/Plugins/Enterprise/LidarPointCloud/LidarPointCloud.uplugin" 354
"../../../Engine/Plugins/Enterprise/GLTFExporter/GLTFExporter.uplugin" 355
"../../../Engine/Plugins/Enterprise/VariantManager/VariantManager.uplugin" 356
"../../../Engine/Plugins/Enterprise/MDLImporter/MDLImporter.uplugin" 357
"../../../Engine/Plugins/Enterprise/VariantManagerContent/VariantManagerContent.uplugin" 358
"../../../Engine/Plugins/Importers/USDMultiUser/USDMultiUser.uplugin" 359
"../../../Engine/Plugins/Importers/USDImporterMDL/USDImporterMDL.uplugin" 360
"../../../Engine/Plugins/Media/AndroidMedia/AndroidMedia.uplugin" 361
"../../../Engine/Plugins/Media/AppleProResMedia/AppleProResMedia.uplugin" 362
"../../../Engine/Plugins/Media/AppleProResDecoderElectra/AppleProResDecoderElectra.uplugin" 363
"../../../Engine/Plugins/Media/AudioCaptureTimecodeProvider/AudioCaptureTimecodeProvider.uplugin" 364
"../../../Engine/Plugins/Media/AvfMedia/AvfMedia.uplugin" 365
"../../../Engine/Plugins/Media/AvidDNxMedia/AvidDNxMedia.uplugin" 366
"../../../Engine/Plugins/Media/AvidDNxHDDecoderElectra/AvidDNxHDDecoderElectra.uplugin" 367
"../../../Engine/Plugins/Media/BinkMedia/BinkMedia.uplugin" 368
"../../../Engine/Plugins/Media/BlackmagicMedia/BlackmagicMedia.uplugin" 369
"../../../Engine/Plugins/Media/ElectraCodecs/ElectraCodecs.uplugin" 370
"../../../Engine/Plugins/Media/ElectraCDM/ElectraCDM.uplugin" 371
"../../../Engine/Plugins/Media/D3D12VideoDecodersElectra/D3D12VideoDecodersElectra.uplugin" 372
"../../../Engine/Plugins/Media/ElectraPlayer/ElectraPlayer.uplugin" 373
"../../../Engine/Plugins/Media/ElectraUtil/ElectraUtil.uplugin" 374
"../../../Engine/Plugins/Media/FlacDecoderElectra/FlacDecoderElectra.uplugin" 375
"../../../Engine/Plugins/Media/HAPDecoderElectra/HAPDecoderElectra.uplugin" 376
"../../../Engine/Plugins/Media/ElectraSubtitles/ElectraSubtitles.uplugin" 377
"../../../Engine/Plugins/Media/HAPMedia/HAPMedia.uplugin" 378
"../../../Engine/Plugins/Media/LinearTimecode/LinearTimecode.uplugin" 379
"../../../Engine/Plugins/Media/MediaFrameworkUtilities/MediaFrameworkUtilities.uplugin" 380
"../../../Engine/Plugins/Media/ImgMedia/ImgMedia.uplugin" 381
"../../../Engine/Plugins/Media/MediaCompositing/MediaCompositing.uplugin" 382
"../../../Engine/Plugins/Media/MediaMovieStreamer/MediaMovieStreamer.uplugin" 383
"../../../Engine/Plugins/Media/HardwareEncoders/HardwareEncoders.uplugin" 384
"../../../Engine/Plugins/Media/MediaPlayerEditor/MediaPlayerEditor.uplugin" 385
"../../../Engine/Plugins/Media/MediaIOFramework/MediaIOFramework.uplugin" 386
"../../../Engine/Plugins/Media/MfMedia/MfMedia.uplugin" 387
"../../../Engine/Plugins/Media/MediaPlate/MediaPlate.uplugin" 388
"../../../Engine/Plugins/Media/NDIMedia/NDIMedia.uplugin" 389
"../../../Engine/Plugins/Media/OpusDecoderElectra/OpusDecoderElectra.uplugin" 390
"../../../Engine/Plugins/Media/PixelCapture/PixelCapture.uplugin" 391
"../../../Engine/Plugins/MovieScene/ActorSequence/ActorSequence.uplugin" 392
"../../../Engine/Plugins/Media/PixelStreaming/PixelStreaming.uplugin" 393
"../../../Engine/Plugins/Media/PixelStreaming2/PixelStreaming2.uplugin" 394
"../../../Engine/Plugins/MovieScene/LevelSequenceEditor/LevelSequenceEditor.uplugin" 395
"../../../Engine/Plugins/Media/VPxDecoderElectra/VPxDecoderElectra.uplugin" 396
"../../../Engine/Plugins/Media/WmfMedia/WmfMedia.uplugin" 397
"../../../Engine/Plugins/Portal/LauncherChunkInstaller/LauncherChunkInstaller.uplugin" 398
"../../../Engine/Plugins/MovieScene/CustomizableSequencerTracks/CustomizableSequencerTracks.uplugin" 399
"../../../Engine/Plugins/Media/TimecodeSynchronizer/TimecodeSynchronizer.uplugin" 400
"../../../Engine/Plugins/Media/WebMMedia/WebMMedia.uplugin" 401
"../../../Engine/Plugins/MovieScene/MoviePipelineMaskRenderPass/MoviePipelineMaskRenderPass.uplugin" 402
"../../../Engine/Plugins/Slate/SlateScripting/SlateScripting.uplugin" 403
"../../../Engine/Plugins/Slate/SlateInsights/SlateInsights.uplugin" 404
"../../../Engine/Plugins/Web/HttpBlueprint/HttpBlueprint.uplugin" 405
"../../../Engine/Plugins/MovieScene/MovieRenderPipeline/MovieRenderPipeline.uplugin" 406
"../../../Engine/Plugins/MovieScene/ReplayTracks/ReplayTracks.uplugin" 407
"../../../Engine/Plugins/MovieScene/SequencerScripting/SequencerScripting.uplugin" 408
"../../../Engine/Plugins/MovieScene/TemplateSequence/TemplateSequence.uplugin" 409
"../../../Engine/Plugins/MovieScene/MovieSceneTextTrack/MovieSceneTextTrack.uplugin" 410
"../../../Engine/Plugins/FX/Cascade/Cascade.uplugin" 411
"../../../Engine/Plugins/FX/CascadeToNiagaraConverter/CascadeToNiagaraConverter.uplugin" 412
"../../../Engine/Plugins/Marketplace/PaperZD8b0e064aa89dV19/PaperZD.uplugin" 413
"../../../Engine/Plugins/PCGInterops/PCGExternalDataInterop/PCGExternalDataInterop.uplugin" 414
"../../../Engine/Plugins/PCGInterops/PCGGeometryScriptInterop/PCGGeometryScriptInterop.uplugin" 415
"../../../Engine/Plugins/Interchange/Assets/InterchangeAssets.uplugin" 416
"../../../Engine/Plugins/FX/NiagaraMRQ/NiagaraMRQ.uplugin" 417
"../../../Engine/Plugins/FX/ExampleCustomDataInterface/ExampleCustomDataInterface.uplugin" 418
"../../../Engine/Plugins/FX/Niagara/Niagara.uplugin" 419
"../../../Engine/Plugins/NNE/NNEDenoiser/NNEDenoiser.uplugin" 420
"../../../Engine/Plugins/FX/NiagaraFluids/NiagaraFluids.uplugin" 421
"../../../Engine/Plugins/Interchange/Runtime/Interchange.uplugin" 422
"../../../Engine/Plugins/Interchange/Editor/InterchangeEditor.uplugin" 423
"../../../Engine/Plugins/Protocols/MQTT/MQTT.uplugin" 424
"../../../Engine/Plugins/NNE/NNERuntimeORT/NNERuntimeORT.uplugin" 425
"../../../Engine/Plugins/Runtime/ADM/ADM.uplugin" 426
"../../../Engine/Plugins/Runtime/ActorLayerUtilities/ActorLayerUtilities.uplugin" 427
"../../../Engine/Plugins/Runtime/AndroidFileServer/AndroidFileServer.uplugin" 428
"../../../Engine/Plugins/Runtime/AndroidBackgroundService/AndroidBackgroundService.uplugin" 429
"../../../Engine/Plugins/Runtime/AndroidDeviceProfileSelector/AndroidDeviceProfileSelector.uplugin" 430
"../../../Engine/Plugins/FX/NiagaraSimCaching/NiagaraSimCaching.uplugin" 431
"../../../Engine/Plugins/Runtime/AndroidMoviePlayer/AndroidMoviePlayer.uplugin" 432
"../../../Engine/Plugins/Runtime/AndroidPermission/AndroidPermission.uplugin" 433
"../../../Engine/Plugins/Runtime/AppleImageUtils/AppleImageUtils.uplugin" 434
"../../../Engine/Plugins/Runtime/ApexDestruction/ApexDestruction.uplugin" 435
"../../../Engine/Plugins/Runtime/AppleMoviePlayer/AppleMoviePlayer.uplugin" 436
"../../../Engine/Plugins/Runtime/ArchVisCharacter/ArchVisCharacter.uplugin" 437
"../../../Engine/Plugins/Runtime/AudioCapture/AudioCapture.uplugin" 438
"../../../Engine/Plugins/Runtime/AnimationBudgetAllocator/AnimationBudgetAllocator.uplugin" 439
"../../../Engine/Plugins/Runtime/AudioModulation/AudioModulation.uplugin" 440
"../../../Engine/Plugins/Runtime/AudioSynesthesia/AudioSynesthesia.uplugin" 441
"../../../Engine/Plugins/Runtime/AudioWidgets/AudioWidgets.uplugin" 442
"../../../Engine/Plugins/Runtime/AudioMotorSim/AudioMotorSim.uplugin" 443
"../../../Engine/Plugins/Runtime/CableComponent/CableComponent.uplugin" 444
"../../../Engine/Plugins/Runtime/ChunkDownloader/ChunkDownloader.uplugin" 445
"../../../Engine/Plugins/Runtime/CommonUI/CommonUI.uplugin" 446
"../../../Engine/Plugins/Runtime/AssetTags/AssetTags.uplugin" 447
"../../../Engine/Plugins/Runtime/DataRegistry/DataRegistry.uplugin" 448
"../../../Engine/Plugins/Runtime/ComputeFramework/ComputeFramework.uplugin" 449
"../../../Engine/Plugins/Runtime/ExampleDeviceProfileSelector/ExampleDeviceProfileSelector.uplugin" 450
"../../../Engine/Plugins/Runtime/Firebase/Firebase.uplugin" 451
"../../../Engine/Plugins/Runtime/CustomMeshComponent/CustomMeshComponent.uplugin" 452
"../../../Engine/Plugins/Runtime/GameFeatures/GameFeatures.uplugin" 453
"../../../Engine/Plugins/Runtime/GameplayAbilities/GameplayAbilities.uplugin" 454
"../../../Engine/Plugins/Runtime/GameplayStateTree/GameplayStateTree.uplugin" 455
"../../../Engine/Plugins/Runtime/GeometryCache/GeometryCache.uplugin" 456
"../../../Engine/Plugins/Runtime/GameplayInteractions/GameplayInteractions.uplugin" 457
"../../../Engine/Plugins/Runtime/GeometryProcessing/GeometryProcessing.uplugin" 458
"../../../Engine/Plugins/Runtime/GameInput/GameInput.uplugin" 459
"../../../Engine/Plugins/Runtime/GoogleCloudMessaging/GoogleCloudMessaging.uplugin" 460
"../../../Engine/Plugins/Runtime/GooglePAD/GooglePAD.uplugin" 461
"../../../Engine/Plugins/Runtime/GameplayBehaviorSmartObjects/GameplayBehaviorSmartObjects.uplugin" 462
"../../../Engine/Plugins/Runtime/HairStrands/HairStrands.uplugin" 463
"../../../Engine/Plugins/Runtime/Harmonix/Harmonix.uplugin" 464
"../../../Engine/Plugins/Runtime/GeoReferencing/GeoReferencing.uplugin" 465
"../../../Engine/Plugins/Runtime/HDRIBackdrop/HDRIBackdrop.uplugin" 466
"../../../Engine/Plugins/Runtime/GeometryScripting/GeometryScripting.uplugin" 467
"../../../Engine/Plugins/Runtime/HPMotionController/HPMotionController.uplugin" 468
"../../../Engine/Plugins/Runtime/HTTPChunkInstaller/HTTPChunkInstaller.uplugin" 469
"../../../Engine/Plugins/Runtime/InputDebugging/InputDebugging.uplugin" 470
"../../../Engine/Plugins/Runtime/InstancedActors/InstancedActors.uplugin" 471
"../../../Engine/Plugins/Runtime/IOSDeviceProfileSelector/IOSDeviceProfileSelector.uplugin" 472
"../../../Engine/Plugins/Runtime/IOSReplayKit/IOSReplayKit.uplugin" 473
"../../../Engine/Plugins/Runtime/LevelStreamingPersistence/LevelStreamingPersistence.uplugin" 474
"../../../Engine/Plugins/Runtime/LocationServicesBPLibrary/LocationServicesBPLibrary.uplugin" 475
"../../../Engine/Plugins/Runtime/LiveLinkOvernDisplay/LiveLinkOverNDisplay.uplugin" 476
"../../../Engine/Plugins/Runtime/LocationServicesAndroidImpl/LocationServicesAndroidImpl.uplugin" 477
"../../../Engine/Plugins/Runtime/LinuxDeviceProfileSelector/LinuxDeviceProfileSelector.uplugin" 478
"../../../Engine/Plugins/Runtime/LocationServicesIOSImpl/LocationServicesIOSImpl.uplugin" 479
"../../../Engine/Plugins/Runtime/MassEntity/MassEntity.uplugin" 480
"../../../Engine/Plugins/Runtime/MassGameplay/MassGameplay.uplugin" 481
"../../../Engine/Plugins/Runtime/Metasound/Metasound.uplugin" 482
"../../../Engine/Plugins/Runtime/MeshModelingToolset/MeshModelingToolset.uplugin" 483
"../../../Engine/Plugins/Runtime/MIDIDevice/MIDIDevice.uplugin" 484
"../../../Engine/Plugins/Runtime/MicrosoftSpatialAudio/MicroSoftSpatialSound.uplugin" 485
"../../../Engine/Plugins/Runtime/MobileFSR/MobileFSR.uplugin" 486
"../../../Engine/Plugins/Runtime/MixedRealityCaptureFramework/MixedRealityCaptureFramework.uplugin" 487
"../../../Engine/Plugins/Runtime/ModularGameplay/ModularGameplay.uplugin" 488
"../../../Engine/Plugins/Runtime/MobilePatchingUtils/MobilePatchingUtils.uplugin" 489
"../../../Engine/Plugins/Runtime/ModelViewViewModel/ModelViewViewModel.uplugin" 490
"../../../Engine/Plugins/Runtime/MsQuic/MsQuic.uplugin" 491
"../../../Engine/Plugins/Runtime/MultiServerReplication/MultiServerReplication.uplugin" 492
"../../../Engine/Plugins/Runtime/MusicEnvironment/MusicEnvironment.uplugin" 493
"../../../Engine/Plugins/Runtime/nDisplay/nDisplay.uplugin" 494
"../../../Engine/Plugins/Runtime/NavCorridor/NavCorridor.uplugin" 495
"../../../Engine/Plugins/Runtime/nDisplayModularFeatures/nDisplayModularFeatures.uplugin" 496
"../../../Engine/Plugins/Runtime/NetworkPrediction/NetworkPrediction.uplugin" 497
"../../../Engine/Plugins/Runtime/NetworkPredictionExtras/NetworkPredictionExtras.uplugin" 498
"../../../Engine/Plugins/Runtime/NetworkPredictionInsights/NetworkPredictionInsights.uplugin" 499
"../../../Engine/Plugins/Runtime/OpenXR/OpenXR.uplugin" 500
"../../../Engine/Plugins/Runtime/OpenCV/OpenCV.uplugin" 501
"../../../Engine/Plugins/Runtime/OpenXREyeTracker/OpenXREyeTracker.uplugin" 502
"../../../Engine/Plugins/Runtime/OpenXRHandTracking/OpenXRHandTracking.uplugin" 503
"../../../Engine/Plugins/Runtime/OpenXRViveTracker/OpenXRViveTracker.uplugin" 504
"../../../Engine/Plugins/Runtime/OpenXRMsftHandInteraction/OpenXRMsftHandInteraction.uplugin" 505
"../../../Engine/Plugins/Runtime/PreLoadScreenMoviePlayer/PreLoadScreenMoviePlayer.uplugin" 506
"../../../Engine/Plugins/Runtime/ProceduralMeshComponent/ProceduralMeshComponent.uplugin" 507
"../../../Engine/Plugins/Runtime/OptionalMobileFeaturesBPLibrary/OptionalMobileFeaturesBPLibrary.uplugin" 508
"../../../Engine/Plugins/Runtime/RenderTrace/RenderTrace.uplugin" 509
"../../../Engine/Plugins/Runtime/OSC/OSC.uplugin" 510
"../../../Engine/Plugins/Runtime/ReplicationGraph/ReplicationGraph.uplugin" 511
"../../../Engine/Plugins/Runtime/PropertyAccess/PropertyAccessEditor.uplugin" 512
"../../../Engine/Plugins/Runtime/ReplicationSystemTestPlugin/ReplicationSystemTestPlugin.uplugin" 513
"../../../Engine/Plugins/Runtime/PropertyBindingUtils/PropertyBindingUtils.uplugin" 514
"../../../Engine/Plugins/Runtime/ResonanceAudio/ResonanceAudio.uplugin" 515
"../../../Engine/Plugins/Runtime/SignificanceManager/SignificanceManager.uplugin" 516
"../../../Engine/Plugins/Runtime/SkeletalMerging/SkeletalMerging.uplugin" 517
"../../../Engine/Plugins/Runtime/RigVM/RigVM.uplugin" 518
"../../../Engine/Plugins/Runtime/SmartObjects/SmartObjects.uplugin" 519
"../../../Engine/Plugins/Runtime/SoundCueTemplates/SoundCueTemplates.uplugin" 520
"../../../Engine/Plugins/Runtime/ScriptableToolsFramework/ScriptableToolsFramework.uplugin" 521
"../../../Engine/Plugins/Runtime/SoundFields/SoundFields.uplugin" 522
"../../../Engine/Plugins/Runtime/Soundscape/Soundscape.uplugin" 523
"../../../Engine/Plugins/Runtime/SoundMod/SoundMod.uplugin" 524
"../../../Engine/Plugins/Runtime/SoundUtilities/SoundUtilities.uplugin" 525
"../../../Engine/Plugins/Runtime/Spatialization/Spatialization.uplugin" 526
"../../../Engine/Plugins/Runtime/StateTree/StateTree.uplugin" 527
"../../../Engine/Plugins/Runtime/SunPosition/SunPosition.uplugin" 528
"../../../Engine/Plugins/Runtime/WarpUtils/WarpUtils.uplugin" 529
"../../../Engine/Plugins/Runtime/USDCore/USDCore.uplugin" 530
"../../../Engine/Plugins/Runtime/Synthesis/Synthesis.uplugin" 531
"../../../Engine/Plugins/Runtime/WaveTable/WaveTable.uplugin" 532
"../../../Engine/Plugins/2D/Paper2D/Paper2D.uplugin" 533
"../../../Engine/Plugins/Runtime/WebMMoviePlayer/WebMMoviePlayer.uplugin" 534
"../../../Engine/Plugins/Runtime/WebBrowserWidget/WebBrowserWidget.uplugin" 535
"../../../Engine/Plugins/Runtime/WebBrowserNativeProxy/WebBrowserNativeProxy.uplugin" 536
"../../../Engine/Plugins/Animation/ACLPlugin/ACLPlugin.uplugin" 537
"../../../Engine/Plugins/Animation/AnimationData/AnimationData.uplugin" 538
"../../../Engine/Plugins/Runtime/WorldConditions/WorldConditions.uplugin" 539
"../../../Engine/Plugins/Runtime/WindowsMoviePlayer/WindowsMoviePlayer.uplugin" 540
"../../../Engine/Plugins/Animation/AnimationLocomotionLibrary/AnimationLocomotionLibrary.uplugin" 541
"../../../Engine/Plugins/Runtime/WindowsDeviceProfileSelector/WindowsDeviceProfileSelector.uplugin" 542
"../../../Engine/Plugins/Runtime/ZoneGraphAnnotations/ZoneGraphAnnotations.uplugin" 543
"../../../Engine/Plugins/Runtime/ZoneGraph/ZoneGraph.uplugin" 544
"../../../Engine/Plugins/Runtime/XRBase/XRBase.uplugin" 545
"../../../Engine/Plugins/Animation/AnimationWarping/AnimationWarping.uplugin" 546
"../../../Engine/Plugins/Animation/AnimationModifierLibrary/AnimationModifierLibrary.uplugin" 547
"../../../Engine/Plugins/Animation/AnimatorKit/AnimatorKit.uplugin" 548
"../../../Engine/Plugins/Animation/BlendStack/BlendStack.uplugin" 549
"../../../Engine/Plugins/Animation/BlendSpaceMotionAnalysis/BlendSpaceMotionAnalysis.uplugin" 550
"../../../Engine/Plugins/Animation/ControlRigModules/ControlRigModules.uplugin" 551
"../../../Engine/Plugins/Animation/ControlRig/ControlRig.uplugin" 552
"../../../Engine/Plugins/Animation/ControlRigSpline/ControlRigSpline.uplugin" 553
"../../../Engine/Plugins/Animation/GeneSplicer/GeneSplicer.uplugin" 554
"../../../Engine/Plugins/Animation/DeformerGraph/DeformerGraph.uplugin" 555
"../../../Engine/Plugins/Animation/DNACalib/DNACalib.uplugin" 556
"../../../Engine/Plugins/Animation/GameplayInsights/GameplayInsights.uplugin" 557
"../../../Engine/Plugins/Animation/LiveLinkCurveDebugUI/LiveLinkCurveDebugUI.uplugin" 558
"../../../Engine/Plugins/Animation/LiveLinkDevice/LiveLinkDevice.uplugin" 559
"../../../Engine/Plugins/Animation/LiveLink/LiveLink.uplugin" 560
"../../../Engine/Plugins/Compositing/Composure/Composure.uplugin" 561
"../../../Engine/Plugins/Compositing/OpenColorIO/OpenColorIO.uplugin" 562
"../../../Engine/Plugins/Animation/LiveLinkExampleDevice/LiveLinkExampleDevice.uplugin" 563
"../../../Engine/Plugins/Compositing/LensDistortion/LensDistortion.uplugin" 564
"../../../Engine/Plugins/Messaging/MessagingDebugger/MessagingDebugger.uplugin" 565
"../../../Engine/Plugins/Messaging/TcpMessaging/TcpMessaging.uplugin" 566
"../../../Engine/Plugins/Animation/IKRig/IKRig.uplugin" 567
"../../../Engine/Plugins/Animation/LiveLinkHub/LiveLinkHub.uplugin" 568
"../../../Engine/Plugins/Messaging/UdpMessaging/UdpMessaging.uplugin" 569
"../../../Engine/Plugins/NetcodeUnitTest/NetcodeUnitTest/NetcodeUnitTest.uplugin" 570
"../../../Engine/Plugins/Compositing/OpenCVLensDistortion/OpenCVLensDistortion.uplugin" 571
"../../../Engine/Plugins/Animation/MotionWarping/MotionWarping.uplugin" 572
"../../../Engine/Plugins/Animation/PoseSearch/PoseSearch.uplugin" 573
"../../../Engine/Plugins/Animation/PerformanceCaptureCore/PerformanceCaptureCore.uplugin" 574
"../../../Engine/Plugins/NetcodeUnitTest/NUTUnrealEngine/NUTUnrealEngine.uplugin" 575
"../../../Engine/Plugins/Performance/AutomatedPerfTesting/AutomatedPerfTesting.uplugin" 576
"../../../Engine/Plugins/Animation/SkeletalMeshModelingTools/SkeletalMeshModelingTools.uplugin" 577
"../../../Engine/Plugins/Animation/TweeningUtils/TweeningUtils.uplugin" 578
"../../../Engine/Plugins/Performance/PerformanceMonitor/PerformanceMonitor.uplugin" 579
"../../../Engine/Plugins/Animation/RigLogic/RigLogic.uplugin" 580
"../../../Engine/Plugins/VirtualProduction/Avalanche/Avalanche.uplugin" 581
"../../../Engine/Plugins/VirtualProduction/ActorModifier/ActorModifier.uplugin" 582
"../../../Engine/Plugins/VirtualProduction/CameraCalibration/CameraCalibration.uplugin" 583
"../../../Engine/Plugins/VirtualProduction/CameraCalibrationCore/CameraCalibrationCore.uplugin" 584
"../../../Engine/Plugins/VirtualProduction/CaptureData/CaptureData.uplugin" 585
"../../../Engine/Plugins/VirtualProduction/ClonerEffector/ClonerEffector.uplugin" 586
"../../../Engine/Plugins/VirtualProduction/CameraCalibrationML/CameraCalibrationML.uplugin" 587
"../../../Engine/Plugins/VirtualProduction/ActorModifierCore/ActorModifierCore.uplugin" 588
"../../../Engine/Plugins/VirtualProduction/CompositePlane/CompositePlane.uplugin" 589
"../../../Engine/Plugins/VirtualProduction/DynamicMaterial/DynamicMaterial.uplugin" 590
"../../../Engine/Plugins/VirtualProduction/CustomDetailsView/CustomDetailsView.uplugin" 591
"../../../Engine/Plugins/VirtualProduction/CinematicAssemblyTools/CinematicAssemblyTools.uplugin" 592
"../../../Engine/Plugins/VirtualProduction/DataCharts/DataCharts.uplugin" 593
"../../../Engine/Plugins/VirtualProduction/EpicStageApp/EpicStageApp.uplugin" 594
"../../../Engine/Plugins/VirtualProduction/ICVFX/ICVFX.uplugin" 595
"../../../Engine/Plugins/VirtualProduction/GeometryMask/GeometryMask.uplugin" 596
"../../../Engine/Plugins/VirtualProduction/ICVFXTesting/ICVFXTesting.uplugin" 597
"../../../Engine/Plugins/VirtualProduction/LevelSnapshots/LevelSnapshots.uplugin" 598
"../../../Engine/Plugins/VirtualProduction/LensComponent/LensComponent.uplugin" 599
"../../../Engine/Plugins/VirtualProduction/LiveLinkCamera/LiveLinkCamera.uplugin" 600
"../../../Engine/Plugins/VirtualProduction/LiveLinkLens/LiveLinkLens.uplugin" 601
"../../../Engine/Plugins/VirtualProduction/LiveLinkFreeD/LiveLinkFreeD.uplugin" 602
"../../../Engine/Plugins/VirtualProduction/LiveLinkOpenTrackIO/LiveLinkOpenTrackIO.uplugin" 603
"../../../Engine/Plugins/VirtualProduction/LiveLinkPrestonMDR/LiveLinkPrestonMDR.uplugin" 604
"../../../Engine/Plugins/VirtualProduction/LiveLinkMasterLockit/LiveLinkMasterLockit.uplugin" 605
"../../../Engine/Plugins/VirtualProduction/LiveLinkInputDevice/LiveLinkInputDevice.uplugin" 606
"../../../Engine/Plugins/VirtualProduction/LiveLinkVRPN/LiveLinkVRPN.uplugin" 607
"../../../Engine/Plugins/VirtualProduction/LiveLinkXR/LiveLinkXR.uplugin" 608
"../../../Engine/Plugins/VirtualProduction/MultiUserTakes/MultiUserTakes.uplugin" 609
"../../../Engine/Plugins/VirtualProduction/OperatorStack/OperatorStack.uplugin" 610
"../../../Engine/Plugins/VirtualProduction/PerformanceCaptureWorkflow/PerformanceCaptureWorkflow.uplugin" 611
"../../../Engine/Plugins/VirtualProduction/PropertyAnimatorCore/PropertyAnimatorCore.uplugin" 612
"../../../Engine/Plugins/VirtualProduction/PropertyAnimator/PropertyAnimator.uplugin" 613
"../../../Engine/Plugins/VirtualProduction/RemoteControl/RemoteControl.uplugin" 614
"../../../Engine/Plugins/VirtualProduction/RemoteControlProtocolMIDI/RemoteControlProtocolMIDI.uplugin" 615
"../../../Engine/Plugins/VirtualProduction/RemoteControlProtocolOSC/RemoteControlProtocolOSC.uplugin" 616
"../../../Engine/Plugins/VirtualProduction/RemoteControlWebInterface/RemoteControlWebInterface.uplugin" 617
"../../../Engine/Plugins/VirtualProduction/StageMonitoring/StageMonitoring.uplugin" 618
"../../../Engine/Plugins/VirtualProduction/StormSync/StormSync.uplugin" 619
"../../../Engine/Plugins/VirtualProduction/RemoteControlInterception/RemoteControlInterception.uplugin" 620
"../../../Engine/Plugins/VirtualProduction/RemoteControlProtocolDMX/RemoteControlProtocolDMX.uplugin" 621
"../../../Engine/Plugins/VirtualProduction/SequencerPlaylists/SequencerPlaylists.uplugin" 622
"../../../Engine/Plugins/VirtualProduction/StormSyncAvalancheBridge/StormSyncAvalancheBridge.uplugin" 623
"../../../Engine/Plugins/VirtualProduction/Switchboard/Switchboard.uplugin" 624
"../../../Engine/Plugins/VirtualProduction/Takes/Takes.uplugin" 625
"../../../Engine/Plugins/VirtualProduction/TextureShare/TextureShare.uplugin" 626
"../../../Engine/Plugins/VirtualProduction/TimedDataMonitor/TimedDataMonitor.uplugin" 627
"../../../Engine/Plugins/VirtualProduction/VirtualCameraCore/VirtualCameraCore.uplugin" 628
"../../../Engine/Plugins/VirtualProduction/VirtualScouting/VirtualScouting.uplugin" 629
"../../../Engine/Plugins/VirtualProduction/VirtualCamera/VirtualCamera.uplugin" 630
"../../../Engine/Plugins/Runtime/MeshReconstruction/DummyMeshReconstructor/DummyMeshReconstructor.uplugin" 631
"../../../Engine/Plugins/Runtime/XR/XRScribe/XRScribe.uplugin" 632
"../../../Engine/Plugins/Online/Android/OnlineSubsystemGooglePlay/OnlineSubsystemGooglePlay.uplugin" 633
"../../../Engine/Plugins/Runtime/XR/XRVisualization/XRVisualization.uplugin" 634
"../../../Engine/Plugins/Experimental/AVCodecs/NVCodecs/NVCodecs.uplugin" 635
"../../../Engine/Plugins/Experimental/AVCodecs/AMFCodecs/AMFCodecs.uplugin" 636
"../../../Engine/Plugins/Experimental/AVCodecs/AVCodecsCore/AVCodecsCore.uplugin" 637
"../../../Engine/Plugins/Experimental/AVCodecs/VTCodecs/VTCodecs.uplugin" 638
"../../../Engine/Plugins/Experimental/AVCodecs/LibVpxCodecs/LibVpxCodecs.uplugin" 639
"../../../Engine/Plugins/Experimental/AVCodecs/WMFCodecs/WMFCodecs.uplugin" 640
"../../../Engine/Plugins/Developer/Concert/ConcertMain/ConcertMain.uplugin" 641
"../../../Engine/Plugins/Runtime/Windows/XInputDevice/XInputDevice.uplugin" 642
"../../../Engine/Plugins/Runtime/Advertising/IOSTapJoy/IOSTapJoy.uplugin" 643
"../../../Engine/Plugins/Runtime/Windows/WinDualShock/WinDualShock.uplugin" 644
"../../../Engine/Plugins/Online/Android/AndroidFetchBackgroundDownload/AndroidFetchBackgroundDownload.uplugin" 645
"../../../Engine/Plugins/Editor/ContentBrowser/ContentBrowserClassDataSource/ContentBrowserClassDataSource.uplugin" 646
"../../../Engine/Plugins/Editor/ContentBrowser/ContentBrowserAssetDataSource/ContentBrowserAssetDataSource.uplugin" 647
"../../../Engine/Plugins/Animation/MLDeformer/ChaosClothGenerator/ChaosClothGenerator.uplugin" 648
"../../../Engine/Plugins/Animation/MLDeformer/ChaosFleshGenerator/ChaosFleshGenerator.uplugin" 649
"../../../Engine/Plugins/Editor/ContentBrowser/ContentBrowserAliasDataSource/ContentBrowserAliasDataSource.uplugin" 650
"../../../Engine/Plugins/Editor/ContentBrowser/ContentBrowserFileDataSource/ContentBrowserFileDataSource.uplugin" 651
"../../../Engine/Plugins/Animation/MLDeformer/MLDeformerFramework/MLDeformerFramework.uplugin" 652
"../../../Engine/Plugins/Animation/MLDeformer/NearestNeighborModel/NearestNeighborModel.uplugin" 653
"../../../Engine/Plugins/Experimental/Web/WebAPI/WebAPI.uplugin" 654
"../../../Engine/Plugins/Experimental/MetaHuman/MetaHumanRuntime/MetaHumanRuntime.uplugin" 655
"../../../Engine/Plugins/Animation/MLDeformer/VertexDeltaModel/VertexDeltaModel.uplugin" 656
"../../../Engine/Plugins/Experimental/CharacterFXEditor/BaseCharacterFXEditor/BaseCharacterFXEditor.uplugin" 657
"../../../Engine/Plugins/Animation/MLDeformer/NeuralMorphModel/NeuralMorphModel.uplugin" 658
"../../../Engine/Plugins/Experimental/PCGInterops/PCGNiagaraInterop/PCGNiagaraInterop.uplugin" 659
"../../../Engine/Plugins/Experimental/PCGInterops/PCGInstancedActorsInterop/PCGInstancedActorsInterop.uplugin" 660
"../../../Engine/Plugins/Experimental/CharacterFXEditor/ExampleCharacterFXEditor/ExampleCharacterFXEditor.uplugin" 661
"../../../Engine/Plugins/VirtualProduction/DMX/DatasmithMVR/DatasmithMVR.uplugin" 662
"../../../Engine/Plugins/VirtualProduction/DMX/DMXControlConsole/DMXControlConsole.uplugin" 663
"../../../Engine/Plugins/VirtualProduction/DMX/DMXGDTF/DMXGDTF.uplugin" 664
"../../../Engine/Plugins/Experimental/PCGInterops/PCGWaterInterop/PCGWaterInterop.uplugin" 665
"../../../Engine/Plugins/Runtime/AR/ARUtilities/ARUtilities.uplugin" 666
"../../../Engine/Plugins/VirtualProduction/DMX/DMXDisplayCluster/DMXDisplayCluster.uplugin" 667
"../../../Engine/Plugins/VirtualProduction/DMX/DMXEngine/DMXEngine.uplugin" 668
"../../../Engine/Plugins/VirtualProduction/DMX/DMXModularFeatures/DMXModularFeatures.uplugin" 669
"../../../Engine/Plugins/VirtualProduction/DMX/DMXFixtures/DMXFixtures.uplugin" 670
"../../../Engine/Plugins/VirtualProduction/DMX/DMXProtocol/DMXProtocol.uplugin" 671
"../../../Engine/Plugins/VirtualProduction/DMX/DMXPixelMapping/DMXPixelMapping.uplugin" 672
"../../../Engine/Plugins/Online/VoiceChat/EOSVoiceChat/EOSVoiceChat.uplugin" 673
"../../../Engine/Plugins/Online/VoiceChat/VoiceChat/VoiceChat.uplugin" 674
"../../../Engine/Plugins/Runtime/Database/DatabaseSupport/DatabaseSupport.uplugin" 675
"../../../Engine/Plugins/Runtime/Database/RemoteDatabaseSupport/RemoteDatabaseSupport.uplugin" 676
"../../../Engine/Plugins/Editor/ObjectMixer/LightMixer/LightMixer.uplugin" 677
"../../../Engine/Plugins/Runtime/Database/SQLiteSupport/SQLiteSupport.uplugin" 678
"../../../Engine/Plugins/Runtime/Database/SQLiteCore/SQLiteCore.uplugin" 679
"../../../Engine/Plugins/Editor/ObjectMixer/ObjectMixer/ObjectMixer.uplugin" 680
"../../../Engine/Plugins/Runtime/Database/ADOSupport/ADOSupport.uplugin" 681
"../../../Engine/Plugins/Interchange/Extensions/OpenUSD/InterchangeOpenUSD.uplugin" 682
"../../../Engine/Plugins/Runtime/PacketHandlers/AESHandlerComponent/AESHandlerComponent.uplugin" 683
"../../../Engine/Plugins/Experimental/VirtualProduction/LedWallCalibration/LedWallCalibration.uplugin" 684
"../../../Engine/Plugins/Runtime/PacketHandlers/DTLSHandlerComponent/DTLSHandlerComponent.uplugin" 685
"../../../Engine/Plugins/Experimental/Enterprise/DataprepGeometryOperations/DataprepGeometryOperations.uplugin" 686
"../../../Engine/Plugins/Interchange/Extensions/OpenVDB/InterchangeOpenVDB.uplugin" 687
"../../../Engine/Plugins/Experimental/Enterprise/DatasmithRuntime/DatasmithRuntime.uplugin" 688
"../../../Engine/Plugins/Experimental/VirtualProduction/VPSettings/VPSettings.uplugin" 689
"../../../Engine/Plugins/VirtualProduction/Rivermax/RivermaxCore/RivermaxCore.uplugin" 690
"../../../Engine/Plugins/Experimental/VirtualProduction/VPRoles/VPRoles.uplugin" 691
"../../../Engine/Plugins/VirtualProduction/Rivermax/RivermaxMedia/RivermaxMedia.uplugin" 692
"../../../Engine/Plugins/Runtime/PacketHandlers/AESGCMHandlerComponent/AESGCMHandlerComponent.uplugin" 693
"../../../Engine/Plugins/VirtualProduction/CaptureManager/CaptureManagerCore/CaptureManagerCore.uplugin" 694
"../../../Engine/Plugins/Experimental/Enterprise/DatasmithInterchange/DatasmithInterchange.uplugin" 695
"../../../Engine/Plugins/VirtualProduction/Rivermax/RivermaxSync/RivermaxSync.uplugin" 696
"../../../Engine/Plugins/Editor/Localization/PortableObjectFileDataSource/PortableObjectFileDataSource.uplugin" 697
"../../../Engine/Plugins/VirtualProduction/CaptureManager/CaptureManagerApp/CaptureManagerApp.uplugin" 698
"../../../Engine/Plugins/VirtualProduction/CaptureManager/CaptureManagerEditor/CaptureManagerEditor.uplugin" 699
"../../../Engine/Plugins/VirtualProduction/CaptureManager/CaptureManagerDevices/CaptureManagerDevices.uplugin" 700
"../../../Engine/Plugins/Experimental/Animation/ContextualAnimation/ContextualAnimation.uplugin" 701
"../../../Engine/Plugins/Experimental/Compositing/CompositeCore/CompositeCore.uplugin" 702
"../../../Engine/Plugins/Experimental/Animation/CurveExpression/CurveExpression.uplugin" 703
"../../../Engine/Plugins/Experimental/Compositing/HoldoutComposite/HoldoutComposite.uplugin" 704
"../../../Engine/Plugins/Experimental/Animation/HierarchyTable/HierarchyTable.uplugin" 705
"../../../Engine/Plugins/Experimental/Animation/HierarchyTableAnimation/HierarchyTableAnimation.uplugin" 706
"../../../Engine/Plugins/Experimental/Animation/Locomotor/Locomotor.uplugin" 707
"../../../Engine/Plugins/Online/IOS/OnlineSubsystemIOS/OnlineSubsystemIOS.uplugin" 708
"../../../Engine/Plugins/Experimental/Animation/MotionTrajectory/MotionTrajectory.uplugin" 709
"../../../Engine/Plugins/Runtime/Analytics/Adjust/Adjust.uplugin" 710
"../../../Engine/Plugins/Experimental/Animation/PackedAttributes/PackedAttributes.uplugin" 711
"../../../Engine/Plugins/Runtime/Analytics/AnalyticsBlueprintLibrary/AnalyticsBlueprintLibrary.uplugin" 712
"../../../Engine/Plugins/Runtime/Steam/SteamAudio/SteamAudio.uplugin" 713
"../../../Engine/Plugins/Runtime/Analytics/AnalyticsMulticast/AnalyticsMulticast.uplugin" 714
"../../../Engine/Plugins/Runtime/Analytics/FileLogging/FileLogging.uplugin" 715
"../../../Engine/Plugins/Runtime/Nvidia/GeForceNOWWrapper/GeForceNOWWrapper.uplugin" 716
"../../../Engine/Plugins/Experimental/Animation/RigMapper/RigMapper.uplugin" 717
"../../../Engine/Plugins/Runtime/Nvidia/Reflex/Reflex.uplugin" 718
"../../../Engine/Plugins/Experimental/Animation/Optimus/Optimus.uplugin" 719
"../../../Engine/Plugins/Experimental/Animation/SkeletonTemplateFramework/SkeletonTemplateFramework.uplugin" 720
"../../../Engine/Plugins/Experimental/Animation/SkeletalMeshMorphTargetEditingTools/SkeletalMeshMorphTargetEditingTools.uplugin" 721
"../../../Engine/Plugins/Runtime/Steam/SteamController/SteamController.uplugin" 722
"../../../Engine/Plugins/Experimental/Animation/TrajectoryTools/TrajectoryTools.uplugin" 723
"../../../Engine/Plugins/Runtime/Steam/SteamShared/SteamShared.uplugin" 724
"../../../Engine/Plugins/Runtime/Steam/SteamSockets/SteamSockets.uplugin" 725
"../../../Engine/Plugins/Runtime/AR/AppleAR/AppleARKit/AppleARKit.uplugin" 726
"../../../Engine/Plugins/Runtime/AR/AppleAR/AppleARKitFaceSupport/AppleARKitFaceSupport.uplugin" 727
"../../../Engine/Plugins/Developer/Concert/ConcertUI/ConcertSharedSlate/ConcertSharedSlate.uplugin" 728
"../../../Engine/Plugins/Developer/Concert/ConcertUI/ConcertClientSharedSlate/ConcertClientSharedSlate.uplugin" 729
"../../../Engine/Plugins/Developer/Concert/ConcertScripting/ConcertReplicationScripting/ConcertReplicationScripting.uplugin" 730
"../../../Engine/Plugins/Developer/Concert/ConcertSync/ConcertSyncClient/ConcertSyncClient.uplugin" 731
"../../../Engine/Plugins/Developer/Concert/ConcertSync/ConcertSyncCore/ConcertSyncCore.uplugin" 732
"../../../Engine/Plugins/Developer/Concert/ConcertSync/ConcertSyncTest/ConcertSyncTest.uplugin" 733
"../../../Engine/Plugins/Developer/Concert/ConcertInsights/ConcertInsightsClient/ConcertInsightsClient.uplugin" 734
"../../../Engine/Plugins/Developer/Concert/ConcertApp/DisasterRecoveryClient/DisasterRecoveryClient.uplugin" 735
"../../../Engine/Plugins/Developer/Concert/ConcertInsights/ConcertInsightsCore/ConcertInsightsCore.uplugin" 736
"../../../Engine/Plugins/Developer/Concert/ConcertApp/MultiUserClient/MultiUserClient.uplugin" 737
"../../../Engine/Plugins/Developer/Concert/ConcertSync/ConcertSyncServer/ConcertSyncServer.uplugin" 738
"../../../Engine/Plugins/Developer/Concert/ConcertInsights/ConcertInsightsVisualizer/ConcertInsightsVisualizer.uplugin" 739
"../../../Engine/Plugins/Developer/Concert/ConcertApp/MultiUserServer/MultiUserServer.uplugin" 740
"../../../Engine/Plugins/Developer/Concert/ConcertInsights/ConcertInsightsServer/ConcertInsightsServer.uplugin" 741
"../../../Engine/Plugins/Experimental/Animation/MLDeformer/DetailPoseModel/DetailPoseModel.uplugin" 742
"../../../Engine/Plugins/Runtime/AR/Google/GoogleARCore/GoogleARCore.uplugin" 743
"../../../Engine/Plugins/Runtime/AR/Google/GoogleARCoreServices/GoogleARCoreServices.uplugin" 744
"../../../Engine/Platforms/Android/Plugins/RigLogic/RigLogic_Android.uplugin" 745
"../../../Engine/Platforms/Android/Plugins/Animation/ACLPlugin/ACLPlugin_Android.uplugin" 746
"../../../Engine/Platforms/IOS/Plugins/RigLogic/RigLogic_IOS.uplugin" 747
"../../../Engine/Content/Internationalization/icudt64l/cnvalias.icu" 748
"../../../Engine/Content/Internationalization/icudt64l/res_index.res" 749
"../../../Engine/Content/Internationalization/icudt64l/plurals.res" 750
"../../../Engine/Content/Internationalization/icudt64l/lang/en.res" 751
"../../../Engine/Content/Internationalization/icudt64l/lang/pool.res" 752
"../../../Engine/Content/Internationalization/icudt64l/lang/root.res" 753
"../../../Engine/Content/Internationalization/icudt64l/region/en.res" 754
"../../../Engine/Content/Internationalization/icudt64l/region/pool.res" 755
"../../../Engine/Content/Internationalization/icudt64l/region/root.res" 756
"../../../Engine/Content/Internationalization/icudt64l/windowsZones.res" 757
"../../../Engine/Content/Internationalization/icudt64l/zoneinfo64.res" 758
"../../../Engine/Content/Internationalization/icudt64l/keyTypeData.res" 759
"../../../Engine/Content/Internationalization/icudt64l/timezoneTypes.res" 760
"../../../Engine/Content/Internationalization/icudt64l/likelySubtags.res" 761
"../../../Engine/Content/Internationalization/icudt64l/en_US.res" 762
"../../../Engine/Content/Internationalization/icudt64l/pool.res" 763
"../../../Engine/Content/Internationalization/icudt64l/en.res" 764
"../../../Engine/Content/Internationalization/icudt64l/root.res" 765
"../../../Engine/Content/Internationalization/icudt64l/supplementalData.res" 766
"../../../Engine/Config/ConfigRedirects.ini" 767
"C:/Users/andre/AppData/Local/UnrealEngine/5.6/Saved/Config/WindowsEditor/Manifest.ini" 768
"../../../Engine/Config/BaseEngine.ini" 769
"../../../Engine/Config/Windows/BaseWindowsEngine.ini" 770
"C:/Users/andre/OneDrive/Documents/Unreal Projects/Artkana_Project/Config/DefaultEngine.ini" 771
"C:/Users/andre/AppData/Local/Unreal Engine/Engine/Config/UserEngine.ini" 772
"../../../Engine/Config/BaseGame.ini" 773
"C:/Users/andre/OneDrive/Documents/Unreal Projects/Artkana_Project/Config/DefaultGame.ini" 774
"../../../Engine/Config/Windows/WindowsGame.ini" 775
"C:/Users/andre/OneDrive/Documents/Unreal Projects/Artkana_Project/Saved/Config/WindowsEditor/Game.ini" 776
"../../../Engine/Config/BaseInput.ini" 777
"../../../Engine/Config/Windows/BaseWindowsInput.ini" 778
"C:/Users/andre/OneDrive/Documents/Unreal Projects/Artkana_Project/Config/DefaultInput.ini" 779
"../../../Engine/Config/Windows/WindowsInput.ini" 780
"../../../Engine/Config/BaseDeviceProfiles.ini" 781
"../../../Engine/Config/BaseGameUserSettings.ini" 782
"C:/Users/andre/OneDrive/Documents/Unreal Projects/Artkana_Project/Saved/Config/WindowsEditor/GameUserSettings.ini" 783
"../../../Engine/Config/BaseScalability.ini" 784
"../../../Engine/Config/BaseRuntimeOptions.ini" 785
"../../../Engine/Config/BaseInstallBundle.ini" 786
"../../../Engine/Config/BaseHardware.ini" 787
"../../../Engine/Config/BaseCompat.ini" 788
"../../../Engine/Config/BaseLightmass.ini" 789
"../../../Engine/Config/BaseEditor.ini" 790
"C:/Users/andre/OneDrive/Documents/Unreal Projects/Artkana_Project/Config/DefaultEditor.ini" 791
"C:/Users/andre/OneDrive/Documents/Unreal Projects/Artkana_Project/Saved/Config/WindowsEditor/Editor.ini" 792
"../../../Engine/Config/BaseMaterialExpressions.ini" 793
"../../../Engine/Config/BaseEditorPerProjectUserSettings.ini" 794
"C:/Users/andre/OneDrive/Documents/Unreal Projects/Artkana_Project/Config/DefaultEditorPerProjectUserSettings.ini" 795
"../../../Engine/Config/Windows/WindowsEditorPerProjectUserSettings.ini" 796
"C:/Users/andre/OneDrive/Documents/Unreal Projects/Artkana_Project/Saved/Config/WindowsEditor/EditorPerProjectUserSettings.ini" 797
"../../../Engine/Config/BaseEditorSettings.ini" 798
"../../../Engine/Config/Windows/WindowsEditorSettings.ini" 799
"C:/Users/andre/AppData/Local/UnrealEngine/5.6/Saved/Config/WindowsEditor/EditorSettings.ini" 800
"../../../Engine/Config/BaseEditorKeyBindings.ini" 801
"C:/Users/andre/AppData/Local/UnrealEngine/5.6/Saved/Config/WindowsEditor/EditorKeyBindings.ini" 802
"C:/Users/andre/AppData/Local/UnrealEngine/5.6/Saved/Config/WindowsEditor/EditorLayout.ini" 803
"C:/Users/andre/OneDrive/Documents/Unreal Projects/Artkana_Project/Binaries/Win64/Artkana_Project-Win64-Shipping.target" 804
"../../../Engine/Config/Linux/BaseLinuxEngine.ini" 805
"../../../Engine/Config/IOS/BaseIOSEngine.ini" 806
"C:/Users/andre/OneDrive/Documents/Unreal Projects/Artkana_Project/Binaries/Win64/Artkana_ProjectEditor.target" 807
"../../../Engine/Config/Unix/UnixEngine.ini" 808
"../../../Engine/Config/Linux/LinuxEngine.ini" 809
"../../../Engine/Platforms/VisionOS/Config/BaseVisionOSEngine.ini" 810
"../../../Engine/Config/Mac/BaseMacEngine.ini" 811
"../../../Engine/Config/Android/BaseAndroidEngine.ini" 812
"../../../Engine/Config/TVOS/TVOSEngine.ini" 813
"../../../Engine/Platforms/VisionOS/Config/VisionOSEngine.ini" 814
"../../../Engine/Config/Android/AndroidEngine.ini" 815
"../../../Engine/Config/IOS/BaseIOSGame.ini" 816
"../../../Engine/Config/IOS/IOSGame.ini" 817
"../../../Engine/Config/Mac/MacGame.ini" 818
"../../../Engine/Config/Linux/LinuxGame.ini" 819
"../../../Engine/Config/IOS/BaseIOSInput.ini" 820
"../../../Engine/Config/Android/BaseAndroidGame.ini" 821
"../../../Engine/Config/Mac/BaseMacInput.ini" 822
"../../../Engine/Config/Android/BaseAndroidInput.ini" 823
"../../../Engine/Config/IOS/IOSScalability.ini" 824
"../../../Engine/Config/Android/AndroidScalability.ini" 825
"../../../Engine/Config/IOS/BaseIOSInstallBundle.ini" 826
"../../../Engine/Config/Android/BaseAndroidInstallBundle.ini" 827
"../../../Engine/Config/PluginBase.ini" 828
"../../../Engine/Plugins/ChaosVD/Config/DefaultChaosVD.ini" 829
"../../../Engine/Plugins/EnhancedInput/Config/BaseEnhancedInput.ini" 830
"../../../Engine/Plugins/TraceUtilities/Config/BaseTraceUtilities.ini" 831
"../../../Engine/Plugins/Cameras/GameplayCameras/Config/BaseGameplayCameras.ini" 832
"../../../Engine/Plugins/Editor/EditorScriptingUtilities/Config/BaseEditorScriptingUtilities.ini" 833
"../../../Engine/Plugins/Experimental/FullBodyIK/Config/BaseFullBodyIK.ini" 834
"../../../Engine/Plugins/Experimental/ToolPresets/Config/BaseToolPresets.ini" 835
"../../../Engine/Plugins/MetaHuman/MetaHumanSDK/Config/BaseMetaHumanSDK.ini" 836
"../../../Engine/Plugins/Enterprise/DatasmithContent/Config/BaseDatasmithContent.ini" 837
"../../../Engine/Plugins/Enterprise/GLTFExporter/Config/BaseGLTFExporter.ini" 838
"../../../Engine/Plugins/Enterprise/GLTFExporter/Config/DefaultGLTFExporter.ini" 839
"../../../Engine/Plugins/Enterprise/VariantManagerContent/Config/BaseVariantManagerContent.ini" 840
"../../../Engine/Plugins/Interchange/Assets/Config/BaseInterchangeAssets.ini" 841
"../../../Engine/Plugins/FX/Niagara/Config/BaseNiagara.ini" 842
"../../../Engine/Plugins/Interchange/Runtime/Config/BaseInterchange.ini" 843
"../../../Engine/Plugins/Runtime/GameplayAbilities/Config/BaseGameplayAbilities.ini" 844
"../../../Engine/Plugins/Runtime/GameplayStateTree/Config/BaseGameplayStateTree.ini" 845
"../../../Engine/Plugins/Runtime/HairStrands/Config/BaseHairStrands.ini" 846
"../../../Engine/Plugins/Runtime/Metasound/Config/BaseMetasound.ini" 847
"../../../Engine/Plugins/Runtime/Metasound/Config/DefaultMetasound.ini" 848
"../../../Engine/Plugins/Runtime/PropertyBindingUtils/Config/BasePropertyBindingUtils.ini" 849
"../../../Engine/Plugins/Runtime/RigVM/Config/BaseRigVM.ini" 850
"../../../Engine/Plugins/Runtime/StateTree/Config/BaseStateTree.ini" 851
"../../../Engine/Plugins/Runtime/Synthesis/Config/BaseSynthesis.ini" 852
"../../../Engine/Plugins/2D/Paper2D/Config/BasePaper2D.ini" 853
"../../../Engine/Plugins/Animation/ControlRig/Config/BaseControlRig.ini" 854
"../../../Engine/Plugins/Animation/DeformerGraph/Config/BaseDeformerGraph.ini" 855
"../../../Engine/Plugins/Animation/IKRig/Config/BaseIKRig.ini" 856
"../../../Engine/Plugins/VirtualProduction/CameraCalibrationCore/Config/BaseCameraCalibrationCore.ini" 857
"../../../Engine/Plugins/VirtualProduction/Takes/Config/BaseTakes.ini" 858
"../../../Engine/Plugins/Experimental/Compositing/CompositeCore/Config/BaseCompositeCore.ini" 859
"../../../Engine/Plugins/ChaosVD/Config/Engine.ini" 860
"../../../Engine/Plugins/EnhancedInput/Config/Input.ini" 861
"../../../Engine/Plugins/Runtime/GameplayAbilities/Config/Input.ini" 862
"../../../Engine/Plugins/Runtime/InputDebugging/Config/Input.ini" 863
"../../../Engine/Plugins/Runtime/Windows/XInputDevice/Config/Input.ini" 864
"../../../Engine/Plugins/Online/OnlineSubsystemUtils/Config/Editor.ini" 865
"../../../Engine/Plugins/Runtime/RigVM/Config/Editor.ini" 866
"../../../Engine/Plugins/NNE/NNEDenoiser/Config/Game.ini" 867
"../../../Engine/Plugins/Editor/ModelingToolsEditorMode/Binaries/Win64/UnrealEditor.modules" 868
"../../../Engine/Plugins/Runtime/MeshModelingToolset/Binaries/Win64/UnrealEditor.modules" 869
"../../../Engine/Plugins/Experimental/MeshModelingToolsetExp/Binaries/Win64/UnrealEditor.modules" 870
"../../../Engine/Plugins/Editor/MeshLODToolset/Binaries/Win64/UnrealEditor.modules" 871
"../../../Engine/Plugins/Experimental/ToolPresets/Binaries/Win64/UnrealEditor.modules" 872
"../../../Engine/Plugins/Editor/StylusInput/Binaries/Win64/UnrealEditor.modules" 873
"../../../Engine/Plugins/Runtime/GeometryProcessing/Binaries/Win64/UnrealEditor.modules" 874
"../../../Engine/Plugins/Editor/ProxyLODPlugin/Binaries/Win64/UnrealEditor.modules" 875
"../../../Engine/Plugins/Experimental/PlanarCutPlugin/Binaries/Win64/UnrealEditor.modules" 876
"../../../Engine/Plugins/Runtime/GeometryCache/Binaries/Win64/UnrealEditor.modules" 877
"../../../Engine/Plugins/Experimental/GeometryFlow/Binaries/Win64/UnrealEditor.modules" 878
"../../../Engine/Plugins/Editor/EditorScriptingUtilities/Binaries/Win64/UnrealEditor.modules" 879
"../../../Engine/Plugins/FX/Niagara/Binaries/Win64/UnrealEditor.modules" 880
"../../../Engine/Plugins/Experimental/PythonScriptPlugin/Binaries/Win64/UnrealEditor.modules" 881
"../../../Engine/Plugins/Editor/ContentBrowser/ContentBrowserFileDataSource/Binaries/Win64/UnrealEditor.modules" 882
"../../../Engine/Plugins/Runtime/GameplayStateTree/Binaries/Win64/UnrealEditor.modules" 883
"../../../Engine/Plugins/Runtime/StateTree/Binaries/Win64/UnrealEditor.modules" 884
"../../../Engine/Plugins/Animation/GameplayInsights/Binaries/Win64/UnrealEditor.modules" 885
"../../../Engine/Plugins/Runtime/PropertyAccess/Binaries/Win64/UnrealEditor.modules" 886
"../../../Engine/Plugins/Runtime/PropertyBindingUtils/Binaries/Win64/UnrealEditor.modules" 887
"../../../Engine/Plugins/Runtime/GameplayAbilities/Binaries/Win64/UnrealEditor.modules" 888
"../../../Engine/Plugins/Editor/GameplayTagsEditor/Binaries/Win64/UnrealEditor.modules" 889
"../../../Engine/Plugins/Runtime/DataRegistry/Binaries/Win64/UnrealEditor.modules" 890
"../../../Engine/Plugins/ChaosCloth/Binaries/Win64/UnrealEditor.modules" 891
"../../../Engine/Plugins/Experimental/ChaosCaching/Binaries/Win64/UnrealEditor.modules" 892
"../../../Engine/Plugins/VirtualProduction/Takes/Binaries/Win64/UnrealEditor.modules" 893
"../../../Engine/Plugins/Runtime/AudioCapture/Binaries/Win64/UnrealEditor.modules" 894
"../../../Engine/Plugins/MovieScene/LevelSequenceEditor/Binaries/Win64/UnrealEditor.modules" 895
"../../../Engine/Plugins/Developer/NamingTokens/Binaries/Win64/UnrealEditor.modules" 896
"../../../Engine/Plugins/MovieScene/SequencerScripting/Binaries/Win64/UnrealEditor.modules" 897
"../../../Engine/Plugins/Editor/EngineAssetDefinitions/Binaries/Win64/UnrealEditor.modules" 898
"../../../Engine/Plugins/ChaosInsights/Binaries/Win64/UnrealEditor.modules" 899
"../../../Engine/Plugins/ChaosVD/Binaries/Win64/UnrealEditor.modules" 900
"../../../Engine/Plugins/Experimental/EditorDataStorage/Binaries/Win64/UnrealEditor.modules" 901
"../../../Engine/Plugins/Experimental/EditorDataStorageFeatures/Binaries/Win64/UnrealEditor.modules" 902
"../../../Engine/Plugins/CmdLinkServer/Binaries/Win64/UnrealEditor.modules" 903
"../../../Engine/Plugins/EnhancedInput/Binaries/Win64/UnrealEditor.modules" 904
"../../../Engine/Plugins/Editor/DataValidation/Binaries/Win64/UnrealEditor.modules" 905
"../../../Engine/Plugins/FastBuildController/Binaries/Win64/UnrealEditor.modules" 906
"../../../Engine/Plugins/IoStoreInsights/Binaries/Win64/UnrealEditor.modules" 907
"../../../Engine/Plugins/MassInsights/Binaries/Win64/UnrealEditor.modules" 908
"../../../Engine/Plugins/MeshPainting/Binaries/Win64/UnrealEditor.modules" 909
"../../../Engine/Plugins/Interchange/Editor/Binaries/Win64/UnrealEditor.modules" 910
"../../../Engine/Plugins/Interchange/Runtime/Binaries/Win64/UnrealEditor.modules" 911
"../../../Engine/Plugins/Enterprise/VariantManagerContent/Binaries/Win64/UnrealEditor.modules" 912
"../../../Engine/Plugins/Enterprise/VariantManager/Binaries/Win64/UnrealEditor.modules" 913
"../../../Engine/Plugins/Interchange/Assets/Binaries/Win64/UnrealEditor.modules" 914
"../../../Engine/Plugins/RenderGraphInsights/Binaries/Win64/UnrealEditor.modules" 915
"../../../Engine/Plugins/TraceUtilities/Binaries/Win64/UnrealEditor.modules" 916
"../../../Engine/Plugins/UbaController/Binaries/Win64/UnrealEditor.modules" 917
"../../../Engine/Plugins/WorldMetrics/Binaries/Win64/UnrealEditor.modules" 918
"../../../Engine/Plugins/XGEController/Binaries/Win64/UnrealEditor.modules" 919
"../../../Engine/Plugins/Cameras/CameraShakePreviewer/Binaries/Win64/UnrealEditor.modules" 920
"../../../Engine/Plugins/Cameras/GameplayCameras/Binaries/Win64/UnrealEditor.modules" 921
"../../../Engine/Plugins/VirtualProduction/CameraCalibrationCore/Binaries/Win64/UnrealEditor.modules" 922
"../../../Engine/Plugins/MovieScene/TemplateSequence/Binaries/Win64/UnrealEditor.modules" 923
"../../../Engine/Plugins/Runtime/ProceduralMeshComponent/Binaries/Win64/UnrealEditor.modules" 924
"../../../Engine/Plugins/AI/AISupport/Binaries/Win64/UnrealEditor.modules" 925
"../../../Engine/Plugins/AI/EnvironmentQueryEditor/Binaries/Win64/UnrealEditor.modules" 926
"../../../Engine/Plugins/Cameras/EngineCameras/Binaries/Win64/UnrealEditor.modules" 927
"../../../Engine/Plugins/Developer/AnimationSharing/Binaries/Win64/UnrealEditor.modules" 928
"../../../Engine/Plugins/Runtime/SignificanceManager/Binaries/Win64/UnrealEditor.modules" 929
"../../../Engine/Plugins/Developer/CLionSourceCodeAccess/Binaries/Win64/UnrealEditor.modules" 930
"../../../Engine/Plugins/Developer/DumpGPUServices/Binaries/Win64/UnrealEditor.modules" 931
"../../../Engine/Plugins/Developer/GitSourceControl/Binaries/Win64/UnrealEditor.modules" 932
"../../../Engine/Plugins/Developer/N10XSourceCodeAccess/Binaries/Win64/UnrealEditor.modules" 933
"../../../Engine/Plugins/Developer/PerforceSourceControl/Binaries/Win64/UnrealEditor.modules" 934
"../../../Engine/Plugins/Developer/PixWinPlugin/Binaries/Win64/UnrealEditor.modules" 935
"../../../Engine/Plugins/Developer/PlasticSourceControl/Binaries/Win64/UnrealEditor.modules" 936
"../../../Engine/Plugins/Developer/PluginUtils/Binaries/Win64/UnrealEditor.modules" 937
"../../../Engine/Plugins/Developer/ProjectLauncher/Binaries/Win64/UnrealEditor.modules" 938
"../../../Engine/Plugins/Developer/PropertyAccessNode/Binaries/Win64/UnrealEditor.modules" 939
"../../../Engine/Plugins/Developer/RenderDocPlugin/Binaries/Win64/UnrealEditor.modules" 940
"../../../Engine/Plugins/Developer/RiderSourceCodeAccess/Binaries/Win64/UnrealEditor.modules" 941
"../../../Engine/Plugins/Developer/SubversionSourceControl/Binaries/Win64/UnrealEditor.modules" 942
"../../../Engine/Plugins/Developer/TextureFormatOodle/Binaries/Win64/UnrealEditor.modules" 943
"../../../Engine/Plugins/Developer/UObjectPlugin/Binaries/Win64/UnrealEditor.modules" 944
"../../../Engine/Plugins/Developer/VisualStudioCodeSourceCodeAccess/Binaries/Win64/UnrealEditor.modules" 945
"../../../Engine/Plugins/Developer/VisualStudioSourceCodeAccess/Binaries/Win64/UnrealEditor.modules" 946
"../../../Engine/Plugins/Editor/AssetManagerEditor/Binaries/Win64/UnrealEditor.modules" 947
"../../../Engine/Plugins/Editor/ContentBrowser/ContentBrowserAssetDataSource/Binaries/Win64/UnrealEditor.modules" 948
"../../../Engine/Plugins/Editor/BlueprintHeaderView/Binaries/Win64/UnrealEditor.modules" 949
"../../../Engine/Plugins/Editor/ChangelistReview/Binaries/Win64/UnrealEditor.modules" 950
"../../../Engine/Plugins/Editor/ColorGrading/Binaries/Win64/UnrealEditor.modules" 951
"../../../Engine/Plugins/Editor/ObjectMixer/ObjectMixer/Binaries/Win64/UnrealEditor.modules" 952
"../../../Engine/Plugins/Editor/CryptoKeys/Binaries/Win64/UnrealEditor.modules" 953
"../../../Engine/Plugins/Editor/CurveEditorTools/Binaries/Win64/UnrealEditor.modules" 954
"../../../Engine/Plugins/Animation/TweeningUtils/Binaries/Win64/UnrealEditor.modules" 955
"../../../Engine/Plugins/Editor/EditorDebugTools/Binaries/Win64/UnrealEditor.modules" 956
"../../../Engine/Plugins/Editor/FacialAnimation/Binaries/Win64/UnrealEditor.modules" 957
"../../../Engine/Plugins/Editor/GeometryMode/Binaries/Win64/UnrealEditor.modules" 958
"../../../Engine/Plugins/Editor/MaterialAnalyzer/Binaries/Win64/UnrealEditor.modules" 959
"../../../Engine/Plugins/Editor/MobileLauncherProfileWizard/Binaries/Win64/UnrealEditor.modules" 960
"../../../Engine/Plugins/Editor/PluginBrowser/Binaries/Win64/UnrealEditor.modules" 961
"../../../Engine/Plugins/Editor/SequencerAnimTools/Binaries/Win64/UnrealEditor.modules" 962
"../../../Engine/Plugins/Animation/ControlRig/Binaries/Win64/UnrealEditor.modules" 963
"../../../Engine/Plugins/Runtime/RigVM/Binaries/Win64/UnrealEditor.modules" 964
"../../../Engine/Plugins/Experimental/AdvancedRenamer/Binaries/Win64/UnrealEditor.modules" 965
"../../../Engine/Plugins/Editor/SpeedTreeImporter/Binaries/Win64/UnrealEditor.modules" 966
"../../../Engine/Plugins/Editor/UMGWidgetPreview/Binaries/Win64/UnrealEditor.modules" 967
"../../../Engine/Plugins/Editor/UVEditor/Binaries/Win64/UnrealEditor.modules" 968
"../../../Engine/Plugins/Editor/WorldPartitionHLODUtilities/Binaries/Win64/UnrealEditor.modules" 969
"../../../Engine/Plugins/Experimental/AutomationUtils/Binaries/Win64/UnrealEditor.modules" 970
"../../../Engine/Plugins/Experimental/BackChannel/Binaries/Win64/UnrealEditor.modules" 971
"../../../Engine/Plugins/Experimental/ChaosEditor/Binaries/Win64/UnrealEditor.modules" 972
"../../../Engine/Plugins/Experimental/GeometryCollectionPlugin/Binaries/Win64/UnrealEditor.modules" 973
"../../../Engine/Plugins/Experimental/Fracture/Binaries/Win64/UnrealEditor.modules" 974
"../../../Engine/Plugins/Experimental/ChaosSolverPlugin/Binaries/Win64/UnrealEditor.modules" 975
"../../../Engine/Plugins/Experimental/Dataflow/Binaries/Win64/UnrealEditor.modules" 976
"../../../Engine/Plugins/Experimental/GeometryDataflow/Binaries/Win64/UnrealEditor.modules" 977
"../../../Engine/Plugins/Experimental/CharacterFXEditor/BaseCharacterFXEditor/Binaries/Win64/UnrealEditor.modules" 978
"../../../Engine/Plugins/Experimental/ChaosNiagara/Binaries/Win64/UnrealEditor.modules" 979
"../../../Engine/Plugins/Experimental/ChaosUserDataPT/Binaries/Win64/UnrealEditor.modules" 980
"../../../Engine/Plugins/Experimental/CharacterAI/Binaries/Win64/UnrealEditor.modules" 981
"../../../Engine/Plugins/Experimental/EditorPerformance/Binaries/Win64/UnrealEditor.modules" 982
"../../../Engine/Plugins/Experimental/EditorTelemetry/Binaries/Win64/UnrealEditor.modules" 983
"../../../Engine/Plugins/Experimental/LevelSequenceNavigatorBridge/Binaries/Win64/UnrealEditor.modules" 984
"../../../Engine/Plugins/Experimental/SequenceNavigator/Binaries/Win64/UnrealEditor.modules" 985
"../../../Engine/Plugins/Experimental/LocalizableMessage/Binaries/Win64/UnrealEditor.modules" 986
"../../../Engine/Plugins/Experimental/NFORDenoise/Binaries/Win64/UnrealEditor.modules" 987
"../../../Engine/Plugins/Experimental/PlatformCrypto/Binaries/Win64/UnrealEditor.modules" 988
"../../../Engine/Plugins/Experimental/RuntimeTelemetry/Binaries/Win64/UnrealEditor.modules" 989
"../../../Engine/Plugins/Experimental/SkeletalReduction/Binaries/Win64/UnrealEditor.modules" 990
"../../../Engine/Plugins/MetaHuman/MetaHumanSDK/Binaries/Win64/UnrealEditor.modules" 991
"../../../Engine/Plugins/Runtime/HairStrands/Binaries/Win64/UnrealEditor.modules" 992
"../../../Engine/Plugins/Animation/RigLogic/Binaries/Win64/UnrealEditor.modules" 993
"../../../Engine/Plugins/Online/EOSShared/Binaries/Win64/UnrealEditor.modules" 994
"../../../Engine/Plugins/Animation/DeformerGraph/Binaries/Win64/UnrealEditor.modules" 995
"../../../Engine/Plugins/Runtime/ComputeFramework/Binaries/Win64/UnrealEditor.modules" 996
"../../../Engine/Plugins/Online/OnlineBase/Binaries/Win64/UnrealEditor.modules" 997
"../../../Engine/Plugins/Online/OnlineSubsystem/Binaries/Win64/UnrealEditor.modules" 998
"../../../Engine/Plugins/Online/OnlineSubsystemNull/Binaries/Win64/UnrealEditor.modules" 999
"../../../Engine/Plugins/Online/OnlineSubsystemUtils/Binaries/Win64/UnrealEditor.modules" 1000
"../../../Engine/Plugins/Online/OnlineServices/Binaries/Win64/UnrealEditor.modules" 1001
"../../../Engine/Plugins/Compression/OodleNetwork/Binaries/Win64/UnrealEditor.modules" 1002
"../../../Engine/Plugins/Tests/InterchangeTests/Binaries/Win64/UnrealEditor.modules" 1003
"../../../Engine/Plugins/Enterprise/DatasmithContent/Binaries/Win64/UnrealEditor.modules" 1004
"../../../Engine/Plugins/Importers/AlembicImporter/Binaries/Win64/UnrealEditor.modules" 1005
"../../../Engine/Plugins/Enterprise/GLTFExporter/Binaries/Win64/UnrealEditor.modules" 1006
"../../../Engine/Plugins/Media/AndroidMedia/Binaries/Win64/UnrealEditor.modules" 1007
"../../../Engine/Plugins/Media/AvfMedia/Binaries/Win64/UnrealEditor.modules" 1008
"../../../Engine/Plugins/Media/ImgMedia/Binaries/Win64/UnrealEditor.modules" 1009
"../../../Engine/Plugins/Media/MediaPlayerEditor/Binaries/Win64/UnrealEditor.modules" 1010
"../../../Engine/Plugins/Media/MediaCompositing/Binaries/Win64/UnrealEditor.modules" 1011
"../../../Engine/Plugins/Media/MediaPlate/Binaries/Win64/UnrealEditor.modules" 1012
"../../../Engine/Plugins/Experimental/Compositing/CompositeCore/Binaries/Win64/UnrealEditor.modules" 1013
"../../../Engine/Plugins/MovieScene/ActorSequence/Binaries/Win64/UnrealEditor.modules" 1014
"../../../Engine/Plugins/Portal/LauncherChunkInstaller/Binaries/Win64/UnrealEditor.modules" 1015
"../../../Engine/Plugins/Media/WmfMedia/Binaries/Win64/UnrealEditor.modules" 1016
"../../../Engine/Plugins/FX/Cascade/Binaries/Win64/UnrealEditor.modules" 1017
"../../../Engine/Plugins/NNE/NNEDenoiser/Binaries/Win64/UnrealEditor.modules" 1018
"../../../Engine/Plugins/NNE/NNERuntimeORT/Binaries/Win64/UnrealEditor.modules" 1019
"../../../Engine/Plugins/FX/NiagaraSimCaching/Binaries/Win64/UnrealEditor.modules" 1020
"../../../Engine/Plugins/Runtime/ActorLayerUtilities/Binaries/Win64/UnrealEditor.modules" 1021
"../../../Engine/Plugins/Runtime/AndroidFileServer/Binaries/Win64/UnrealEditor.modules" 1022
"../../../Engine/Plugins/Runtime/AndroidDeviceProfileSelector/Binaries/Win64/UnrealEditor.modules" 1023
"../../../Engine/Plugins/Runtime/AndroidPermission/Binaries/Win64/UnrealEditor.modules" 1024
"../../../Engine/Plugins/Runtime/AppleImageUtils/Binaries/Win64/UnrealEditor.modules" 1025
"../../../Engine/Plugins/Runtime/ArchVisCharacter/Binaries/Win64/UnrealEditor.modules" 1026
"../../../Engine/Plugins/Runtime/AssetTags/Binaries/Win64/UnrealEditor.modules" 1027
"../../../Engine/Plugins/Runtime/CableComponent/Binaries/Win64/UnrealEditor.modules" 1028
"../../../Engine/Plugins/Runtime/ChunkDownloader/Binaries/Win64/UnrealEditor.modules" 1029
"../../../Engine/Plugins/Runtime/CustomMeshComponent/Binaries/Win64/UnrealEditor.modules" 1030
"../../../Engine/Plugins/Runtime/ExampleDeviceProfileSelector/Binaries/Win64/UnrealEditor.modules" 1031
"../../../Engine/Plugins/Runtime/GooglePAD/Binaries/Win64/UnrealEditor.modules" 1032
"../../../Engine/Plugins/Runtime/InputDebugging/Binaries/Win64/UnrealEditor.modules" 1033
"../../../Engine/Plugins/Runtime/LocationServicesBPLibrary/Binaries/Win64/UnrealEditor.modules" 1034
"../../../Engine/Plugins/Runtime/Metasound/Binaries/Win64/UnrealEditor.modules" 1035
"../../../Engine/Plugins/Runtime/AudioWidgets/Binaries/Win64/UnrealEditor.modules" 1036
"../../../Engine/Plugins/Runtime/AudioSynesthesia/Binaries/Win64/UnrealEditor.modules" 1037
"../../../Engine/Plugins/Runtime/WaveTable/Binaries/Win64/UnrealEditor.modules" 1038
"../../../Engine/Plugins/Runtime/MobilePatchingUtils/Binaries/Win64/UnrealEditor.modules" 1039
"../../../Engine/Plugins/Runtime/MsQuic/Binaries/Win64/UnrealEditor.modules" 1040
"../../../Engine/Plugins/Runtime/ResonanceAudio/Binaries/Win64/UnrealEditor.modules" 1041
"../../../Engine/Plugins/Runtime/SoundFields/Binaries/Win64/UnrealEditor.modules" 1042
"../../../Engine/Plugins/Runtime/Synthesis/Binaries/Win64/UnrealEditor.modules" 1043
"../../../Engine/Plugins/2D/Paper2D/Binaries/Win64/UnrealEditor.modules" 1044
"../../../Engine/Plugins/Runtime/WebMMoviePlayer/Binaries/Win64/UnrealEditor.modules" 1045
"../../../Engine/Plugins/Media/WebMMedia/Binaries/Win64/UnrealEditor.modules" 1046
"../../../Engine/Plugins/Animation/ACLPlugin/Binaries/Win64/UnrealEditor.modules" 1047
"../../../Engine/Plugins/Runtime/WindowsDeviceProfileSelector/Binaries/Win64/UnrealEditor.modules" 1048
"../../../Engine/Plugins/Runtime/WindowsMoviePlayer/Binaries/Win64/UnrealEditor.modules" 1049
"../../../Engine/Plugins/Animation/AnimationData/Binaries/Win64/UnrealEditor.modules" 1050
"../../../Engine/Plugins/Animation/AnimationModifierLibrary/Binaries/Win64/UnrealEditor.modules" 1051
"../../../Engine/Plugins/Animation/BlendSpaceMotionAnalysis/Binaries/Win64/UnrealEditor.modules" 1052
"../../../Engine/Plugins/Animation/ControlRigSpline/Binaries/Win64/UnrealEditor.modules" 1053
"../../../Engine/Plugins/Animation/IKRig/Binaries/Win64/UnrealEditor.modules" 1054
"../../../Engine/Plugins/Experimental/FullBodyIK/Binaries/Win64/UnrealEditor.modules" 1055
"../../../Engine/Plugins/Messaging/TcpMessaging/Binaries/Win64/UnrealEditor.modules" 1056
"../../../Engine/Plugins/Messaging/UdpMessaging/Binaries/Win64/UnrealEditor.modules" 1057
"../../../Engine/Plugins/Animation/SkeletalMeshModelingTools/Binaries/Win64/UnrealEditor.modules" 1058
"../../../Engine/Plugins/Runtime/Windows/XInputDevice/Binaries/Win64/UnrealEditor.modules" 1059
"../../../Engine/Plugins/Editor/ContentBrowser/ContentBrowserClassDataSource/Binaries/Win64/UnrealEditor.modules" 1060
"../../../Engine/Plugins/Editor/ObjectMixer/LightMixer/Binaries/Win64/UnrealEditor.modules" 1061
"../../../Engine/Plugins/Editor/Localization/PortableObjectFileDataSource/Binaries/Win64/UnrealEditor.modules" 1062
"../../../Engine/Config/BaseSourceControlSettings.ini" 1063
"C:/Users/andre/AppData/Local/UnrealEngine/5.6/Saved/Config/WindowsEditor/SourceControlSettings.ini" 1064
"C:/Users/andre/OneDrive/Documents/Unreal Projects/Artkana_Project/Saved/Config/WindowsEditor/SourceControlSettings.ini" 1065
"../../../Engine/Content/Internationalization/icudt64l/coll/ucadata.icu" 1066
"../../../Engine/Content/Internationalization/icudt64l/coll/en_US.res" 1067
"../../../Engine/Content/Internationalization/icudt64l/coll/en.res" 1068
"../../../Engine/Content/Internationalization/icudt64l/coll/root.res" 1069
"../../../Engine/Content/Certificates/ThirdParty/cacert.pem" 1070
"../../../Engine/Config/ConsoleVariables.ini" 1071
"../../../Engine/Binaries/Win64/Android/UnrealEditor.modules" 1072
"../../../Engine/Binaries/Win64/IOS/UnrealEditor.modules" 1073
"../../../Engine/Binaries/Win64/Linux/UnrealEditor.modules" 1074
"../../../Engine/Content/Localization/Editor/en/Editor.locres" 1075
"../../../Engine/Content/Localization/EditorTutorials/en/EditorTutorials.locres" 1076
"../../../Engine/Content/Localization/Keywords/en/Keywords.locres" 1077
"../../../Engine/Content/Localization/Category/en/Category.locres" 1078
"../../../Engine/Content/Localization/ToolTips/en/ToolTips.locres" 1079
"../../../Engine/Content/Localization/PropertyNames/en/PropertyNames.locres" 1080
"../../../Engine/Content/Localization/Engine/en/Engine.locres" 1081
"../../../Engine/Plugins/MetaHuman/MetaHumanSDK/Content/Localization/MetaHumanSDK/en/MetaHumanSDK.locres" 1082
"../../../Engine/Plugins/Online/OnlineSubsystem/Content/Localization/OnlineSubsystem/en/OnlineSubsystem.locres" 1083
"../../../Engine/Plugins/Online/OnlineSubsystemUtils/Content/Localization/OnlineSubsystemUtils/en/OnlineSubsystemUtils.locres" 1084
"../../../Engine/Plugins/Online/Android/OnlineSubsystemGooglePlay/Content/Localization/OnlineSubsystemGooglePlay/en/OnlineSubsystemGooglePlay.locres" 1085
"../../../Engine/Plugins/Online/IOS/OnlineSubsystemIOS/Content/Localization/OnlineSubsystemIOS/en/OnlineSubsystemIOS.locres" 1086
"../../../Engine/Content/Internationalization/icudt64l/numberingSystems.res" 1087
"../../../Engine/Content/Internationalization/icudt64l/curr/supplementalData.res" 1088
"../../../Engine/Content/Internationalization/icudt64l/curr/en.res" 1089
"../../../Engine/Content/Internationalization/icudt64l/curr/pool.res" 1090
"../../../Engine/Content/Internationalization/icudt64l/curr/root.res" 1091
"../../../Engine/Content/Internationalization/icudt64l/lang/af.res" 1092
"../../../Engine/Content/Internationalization/icudt64l/region/af.res" 1093
"../../../Engine/Content/Internationalization/icudt64l/lang/agq.res" 1094
"../../../Engine/Content/Internationalization/icudt64l/region/agq.res" 1095
"../../../Engine/Content/Internationalization/icudt64l/lang/ak.res" 1096
"../../../Engine/Content/Internationalization/icudt64l/region/ak.res" 1097
"../../../Engine/Content/Internationalization/icudt64l/lang/am.res" 1098
"../../../Engine/Content/Internationalization/icudt64l/region/am.res" 1099
"../../../Engine/Content/Internationalization/icudt64l/lang/ar.res" 1100
"../../../Engine/Content/Internationalization/icudt64l/region/ar.res" 1101
"../../../Engine/Content/Internationalization/icudt64l/region/ar_AE.res" 1102
"../../../Engine/Content/Internationalization/icudt64l/lang/ar_EG.res" 1103
"../../../Engine/Content/Internationalization/icudt64l/lang/ar_LY.res" 1104
"../../../Engine/Content/Internationalization/icudt64l/region/ar_LY.res" 1105
"../../../Engine/Content/Internationalization/icudt64l/lang/ar_SA.res" 1106
"../../../Engine/Content/Internationalization/icudt64l/region/ar_SA.res" 1107
"../../../Engine/Content/Internationalization/icudt64l/lang/as.res" 1108
"../../../Engine/Content/Internationalization/icudt64l/region/as.res" 1109
"../../../Engine/Content/Internationalization/icudt64l/lang/asa.res" 1110
"../../../Engine/Content/Internationalization/icudt64l/region/asa.res" 1111
"../../../Engine/Content/Internationalization/icudt64l/lang/ast.res" 1112
"../../../Engine/Content/Internationalization/icudt64l/region/ast.res" 1113
"../../../Engine/Content/Internationalization/icudt64l/lang/az.res" 1114
"../../../Engine/Content/Internationalization/icudt64l/lang/az_Cyrl.res" 1115
"../../../Engine/Content/Internationalization/icudt64l/lang/az_AZ.res" 1116
"../../../Engine/Content/Internationalization/icudt64l/lang/az_Latn_AZ.res" 1117
"../../../Engine/Content/Internationalization/icudt64l/lang/az_Latn.res" 1118
"../../../Engine/Content/Internationalization/icudt64l/region/az_AZ.res" 1119
"../../../Engine/Content/Internationalization/icudt64l/region/az_Latn_AZ.res" 1120
"../../../Engine/Content/Internationalization/icudt64l/region/az_Latn.res" 1121
"../../../Engine/Content/Internationalization/icudt64l/region/az.res" 1122
"../../../Engine/Content/Internationalization/icudt64l/region/az_Cyrl.res" 1123
"../../../Engine/Content/Internationalization/icudt64l/lang/bas.res" 1124
"../../../Engine/Content/Internationalization/icudt64l/region/bas.res" 1125
"../../../Engine/Content/Internationalization/icudt64l/lang/be.res" 1126
"../../../Engine/Content/Internationalization/icudt64l/region/be.res" 1127
"../../../Engine/Content/Internationalization/icudt64l/lang/bem.res" 1128
"../../../Engine/Content/Internationalization/icudt64l/region/bem.res" 1129
"../../../Engine/Content/Internationalization/icudt64l/lang/bez.res" 1130
"../../../Engine/Content/Internationalization/icudt64l/region/bez.res" 1131
"../../../Engine/Content/Internationalization/icudt64l/lang/bg.res" 1132
"../../../Engine/Content/Internationalization/icudt64l/region/bg.res" 1133
"../../../Engine/Content/Internationalization/icudt64l/lang/bm.res" 1134
"../../../Engine/Content/Internationalization/icudt64l/region/bm.res" 1135
"../../../Engine/Content/Internationalization/icudt64l/lang/bn.res" 1136
"../../../Engine/Content/Internationalization/icudt64l/region/bn.res" 1137
"../../../Engine/Content/Internationalization/icudt64l/lang/bn_IN.res" 1138
"../../../Engine/Content/Internationalization/icudt64l/region/bn_IN.res" 1139
"../../../Engine/Content/Internationalization/icudt64l/lang/bo.res" 1140
"../../../Engine/Content/Internationalization/icudt64l/region/bo.res" 1141
"../../../Engine/Content/Internationalization/icudt64l/region/bo_IN.res" 1142
"../../../Engine/Content/Internationalization/icudt64l/lang/br.res" 1143
"../../../Engine/Content/Internationalization/icudt64l/region/br.res" 1144
"../../../Engine/Content/Internationalization/icudt64l/lang/brx.res" 1145
"../../../Engine/Content/Internationalization/icudt64l/region/brx.res" 1146
"../../../Engine/Content/Internationalization/icudt64l/lang/bs.res" 1147
"../../../Engine/Content/Internationalization/icudt64l/lang/bs_Cyrl.res" 1148
"../../../Engine/Content/Internationalization/icudt64l/lang/bs_BA.res" 1149
"../../../Engine/Content/Internationalization/icudt64l/lang/bs_Latn_BA.res" 1150
"../../../Engine/Content/Internationalization/icudt64l/lang/bs_Latn.res" 1151
"../../../Engine/Content/Internationalization/icudt64l/region/bs_BA.res" 1152
"../../../Engine/Content/Internationalization/icudt64l/region/bs_Latn_BA.res" 1153
"../../../Engine/Content/Internationalization/icudt64l/region/bs_Latn.res" 1154
"../../../Engine/Content/Internationalization/icudt64l/region/bs.res" 1155
"../../../Engine/Content/Internationalization/icudt64l/region/bs_Cyrl.res" 1156
"../../../Engine/Content/Internationalization/icudt64l/lang/ca.res" 1157
"../../../Engine/Content/Internationalization/icudt64l/region/ca.res" 1158
"../../../Engine/Content/Internationalization/icudt64l/lang/ccp.res" 1159
"../../../Engine/Content/Internationalization/icudt64l/region/ccp.res" 1160
"../../../Engine/Content/Internationalization/icudt64l/lang/ce.res" 1161
"../../../Engine/Content/Internationalization/icudt64l/region/ce.res" 1162
"../../../Engine/Content/Internationalization/icudt64l/lang/ceb.res" 1163
"../../../Engine/Content/Internationalization/icudt64l/region/ceb.res" 1164
"../../../Engine/Content/Internationalization/icudt64l/lang/cgg.res" 1165
"../../../Engine/Content/Internationalization/icudt64l/region/cgg.res" 1166
"../../../Engine/Content/Internationalization/icudt64l/lang/chr.res" 1167
"../../../Engine/Content/Internationalization/icudt64l/region/chr.res" 1168
"../../../Engine/Content/Internationalization/icudt64l/lang/ckb.res" 1169
"../../../Engine/Content/Internationalization/icudt64l/region/ckb.res" 1170
"../../../Engine/Content/Internationalization/icudt64l/lang/cs.res" 1171
"../../../Engine/Content/Internationalization/icudt64l/region/cs.res" 1172
"../../../Engine/Content/Internationalization/icudt64l/lang/cy.res" 1173
"../../../Engine/Content/Internationalization/icudt64l/region/cy.res" 1174
"../../../Engine/Content/Internationalization/icudt64l/lang/da.res" 1175
"../../../Engine/Content/Internationalization/icudt64l/region/da.res" 1176
"../../../Engine/Content/Internationalization/icudt64l/lang/dav.res" 1177
"../../../Engine/Content/Internationalization/icudt64l/region/dav.res" 1178
"../../../Engine/Content/Internationalization/icudt64l/lang/de.res" 1179
"../../../Engine/Content/Internationalization/icudt64l/lang/de_AT.res" 1180
"../../../Engine/Content/Internationalization/icudt64l/region/de_AT.res" 1181
"../../../Engine/Content/Internationalization/icudt64l/region/de.res" 1182
"../../../Engine/Content/Internationalization/icudt64l/lang/de_CH.res" 1183
"../../../Engine/Content/Internationalization/icudt64l/region/de_CH.res" 1184
"../../../Engine/Content/Internationalization/icudt64l/lang/de_LU.res" 1185
"../../../Engine/Content/Internationalization/icudt64l/lang/dje.res" 1186
"../../../Engine/Content/Internationalization/icudt64l/region/dje.res" 1187
"../../../Engine/Content/Internationalization/icudt64l/lang/dsb.res" 1188
"../../../Engine/Content/Internationalization/icudt64l/region/dsb.res" 1189
"../../../Engine/Content/Internationalization/icudt64l/lang/dua.res" 1190
"../../../Engine/Content/Internationalization/icudt64l/region/dua.res" 1191
"../../../Engine/Content/Internationalization/icudt64l/lang/dyo.res" 1192
"../../../Engine/Content/Internationalization/icudt64l/region/dyo.res" 1193
"../../../Engine/Content/Internationalization/icudt64l/lang/dz.res" 1194
"../../../Engine/Content/Internationalization/icudt64l/region/dz.res" 1195
"../../../Engine/Content/Internationalization/icudt64l/lang/ebu.res" 1196
"../../../Engine/Content/Internationalization/icudt64l/region/ebu.res" 1197
"../../../Engine/Content/Internationalization/icudt64l/lang/ee.res" 1198
"../../../Engine/Content/Internationalization/icudt64l/region/ee.res" 1199
"../../../Engine/Content/Internationalization/icudt64l/lang/el.res" 1200
"../../../Engine/Content/Internationalization/icudt64l/region/el.res" 1201
"../../../Engine/Content/Internationalization/icudt64l/lang/en_001.res" 1202
"../../../Engine/Content/Internationalization/icudt64l/lang/en_150.res" 1203
"../../../Engine/Content/Internationalization/icudt64l/region/en_150.res" 1204
"../../../Engine/Content/Internationalization/icudt64l/lang/en_AG.res" 1205
"../../../Engine/Content/Internationalization/icudt64l/region/en_AG.res" 1206
"../../../Engine/Content/Internationalization/icudt64l/lang/en_AI.res" 1207
"../../../Engine/Content/Internationalization/icudt64l/region/en_AI.res" 1208
"../../../Engine/Content/Internationalization/icudt64l/lang/en_AT.res" 1209
"../../../Engine/Content/Internationalization/icudt64l/region/en_AT.res" 1210
"../../../Engine/Content/Internationalization/icudt64l/lang/en_AU.res" 1211
"../../../Engine/Content/Internationalization/icudt64l/region/en_AU.res" 1212
"../../../Engine/Content/Internationalization/icudt64l/lang/en_BB.res" 1213
"../../../Engine/Content/Internationalization/icudt64l/region/en_BB.res" 1214
"../../../Engine/Content/Internationalization/icudt64l/lang/en_BE.res" 1215
"../../../Engine/Content/Internationalization/icudt64l/region/en_BE.res" 1216
"../../../Engine/Content/Internationalization/icudt64l/lang/en_BM.res" 1217
"../../../Engine/Content/Internationalization/icudt64l/region/en_BM.res" 1218
"../../../Engine/Content/Internationalization/icudt64l/lang/en_BS.res" 1219
"../../../Engine/Content/Internationalization/icudt64l/region/en_BS.res" 1220
"../../../Engine/Content/Internationalization/icudt64l/lang/en_BW.res" 1221
"../../../Engine/Content/Internationalization/icudt64l/region/en_BW.res" 1222
"../../../Engine/Content/Internationalization/icudt64l/lang/en_BZ.res" 1223
"../../../Engine/Content/Internationalization/icudt64l/region/en_BZ.res" 1224
"../../../Engine/Content/Internationalization/icudt64l/lang/en_CA.res" 1225
"../../../Engine/Content/Internationalization/icudt64l/region/en_CA.res" 1226
"../../../Engine/Content/Internationalization/icudt64l/lang/en_CC.res" 1227
"../../../Engine/Content/Internationalization/icudt64l/region/en_CC.res" 1228
"../../../Engine/Content/Internationalization/icudt64l/lang/en_CH.res" 1229
"../../../Engine/Content/Internationalization/icudt64l/region/en_CH.res" 1230
"../../../Engine/Content/Internationalization/icudt64l/lang/en_CK.res" 1231
"../../../Engine/Content/Internationalization/icudt64l/region/en_CK.res" 1232
"../../../Engine/Content/Internationalization/icudt64l/lang/en_CM.res" 1233
"../../../Engine/Content/Internationalization/icudt64l/region/en_CM.res" 1234
"../../../Engine/Content/Internationalization/icudt64l/lang/en_CX.res" 1235
"../../../Engine/Content/Internationalization/icudt64l/region/en_CX.res" 1236
"../../../Engine/Content/Internationalization/icudt64l/lang/en_CY.res" 1237
"../../../Engine/Content/Internationalization/icudt64l/region/en_CY.res" 1238
"../../../Engine/Content/Internationalization/icudt64l/lang/en_DE.res" 1239
"../../../Engine/Content/Internationalization/icudt64l/region/en_DE.res" 1240
"../../../Engine/Content/Internationalization/icudt64l/lang/en_DG.res" 1241
"../../../Engine/Content/Internationalization/icudt64l/region/en_DG.res" 1242
"../../../Engine/Content/Internationalization/icudt64l/lang/en_DK.res" 1243
"../../../Engine/Content/Internationalization/icudt64l/region/en_DK.res" 1244
"../../../Engine/Content/Internationalization/icudt64l/lang/en_DM.res" 1245
"../../../Engine/Content/Internationalization/icudt64l/region/en_DM.res" 1246
"../../../Engine/Content/Internationalization/icudt64l/lang/en_ER.res" 1247
"../../../Engine/Content/Internationalization/icudt64l/region/en_ER.res" 1248
"../../../Engine/Content/Internationalization/icudt64l/lang/en_FI.res" 1249
"../../../Engine/Content/Internationalization/icudt64l/region/en_FI.res" 1250
"../../../Engine/Content/Internationalization/icudt64l/lang/en_FJ.res" 1251
"../../../Engine/Content/Internationalization/icudt64l/region/en_FJ.res" 1252
"../../../Engine/Content/Internationalization/icudt64l/lang/en_FK.res" 1253
"../../../Engine/Content/Internationalization/icudt64l/region/en_FK.res" 1254
"../../../Engine/Content/Internationalization/icudt64l/lang/en_FM.res" 1255
"../../../Engine/Content/Internationalization/icudt64l/region/en_FM.res" 1256
"../../../Engine/Content/Internationalization/icudt64l/lang/en_GB.res" 1257
"../../../Engine/Content/Internationalization/icudt64l/region/en_GB.res" 1258
"../../../Engine/Content/Internationalization/icudt64l/lang/en_GD.res" 1259
"../../../Engine/Content/Internationalization/icudt64l/region/en_GD.res" 1260
"../../../Engine/Content/Internationalization/icudt64l/lang/en_GG.res" 1261
"../../../Engine/Content/Internationalization/icudt64l/region/en_GG.res" 1262
"../../../Engine/Content/Internationalization/icudt64l/lang/en_GH.res" 1263
"../../../Engine/Content/Internationalization/icudt64l/region/en_GH.res" 1264
"../../../Engine/Content/Internationalization/icudt64l/lang/en_GI.res" 1265
"../../../Engine/Content/Internationalization/icudt64l/region/en_GI.res" 1266
"../../../Engine/Content/Internationalization/icudt64l/lang/en_GM.res" 1267
"../../../Engine/Content/Internationalization/icudt64l/region/en_GM.res" 1268
"../../../Engine/Content/Internationalization/icudt64l/lang/en_GY.res" 1269
"../../../Engine/Content/Internationalization/icudt64l/region/en_GY.res" 1270
"../../../Engine/Content/Internationalization/icudt64l/lang/en_HK.res" 1271
"../../../Engine/Content/Internationalization/icudt64l/region/en_HK.res" 1272
"../../../Engine/Content/Internationalization/icudt64l/lang/en_IE.res" 1273
"../../../Engine/Content/Internationalization/icudt64l/region/en_IE.res" 1274
"../../../Engine/Content/Internationalization/icudt64l/lang/en_IL.res" 1275
"../../../Engine/Content/Internationalization/icudt64l/region/en_IL.res" 1276
"../../../Engine/Content/Internationalization/icudt64l/lang/en_IM.res" 1277
"../../../Engine/Content/Internationalization/icudt64l/region/en_IM.res" 1278
"../../../Engine/Content/Internationalization/icudt64l/lang/en_IN.res" 1279
"../../../Engine/Content/Internationalization/icudt64l/region/en_IN.res" 1280
"../../../Engine/Content/Internationalization/icudt64l/lang/en_IO.res" 1281
"../../../Engine/Content/Internationalization/icudt64l/region/en_IO.res" 1282
"../../../Engine/Content/Internationalization/icudt64l/lang/en_JE.res" 1283
"../../../Engine/Content/Internationalization/icudt64l/region/en_JE.res" 1284
"../../../Engine/Content/Internationalization/icudt64l/lang/en_JM.res" 1285
"../../../Engine/Content/Internationalization/icudt64l/region/en_JM.res" 1286
"../../../Engine/Content/Internationalization/icudt64l/lang/en_KE.res" 1287
"../../../Engine/Content/Internationalization/icudt64l/region/en_KE.res" 1288
"../../../Engine/Content/Internationalization/icudt64l/lang/en_KI.res" 1289
"../../../Engine/Content/Internationalization/icudt64l/region/en_KI.res" 1290
"../../../Engine/Content/Internationalization/icudt64l/lang/en_KN.res" 1291
"../../../Engine/Content/Internationalization/icudt64l/region/en_KN.res" 1292
"../../../Engine/Content/Internationalization/icudt64l/lang/en_KY.res" 1293
"../../../Engine/Content/Internationalization/icudt64l/region/en_KY.res" 1294
"../../../Engine/Content/Internationalization/icudt64l/lang/en_LC.res" 1295
"../../../Engine/Content/Internationalization/icudt64l/region/en_LC.res" 1296
"../../../Engine/Content/Internationalization/icudt64l/lang/en_LR.res" 1297
"../../../Engine/Content/Internationalization/icudt64l/region/en_LR.res" 1298
"../../../Engine/Content/Internationalization/icudt64l/lang/en_LS.res" 1299
"../../../Engine/Content/Internationalization/icudt64l/region/en_LS.res" 1300
"../../../Engine/Content/Internationalization/icudt64l/lang/en_MG.res" 1301
"../../../Engine/Content/Internationalization/icudt64l/region/en_MG.res" 1302
"../../../Engine/Content/Internationalization/icudt64l/lang/en_MO.res" 1303
"../../../Engine/Content/Internationalization/icudt64l/region/en_MO.res" 1304
"../../../Engine/Content/Internationalization/icudt64l/lang/en_MS.res" 1305
"../../../Engine/Content/Internationalization/icudt64l/region/en_MS.res" 1306
"../../../Engine/Content/Internationalization/icudt64l/lang/en_MT.res" 1307
"../../../Engine/Content/Internationalization/icudt64l/region/en_MT.res" 1308
"../../../Engine/Content/Internationalization/icudt64l/lang/en_MU.res" 1309
"../../../Engine/Content/Internationalization/icudt64l/region/en_MU.res" 1310
"../../../Engine/Content/Internationalization/icudt64l/lang/en_MW.res" 1311
"../../../Engine/Content/Internationalization/icudt64l/region/en_MW.res" 1312
"../../../Engine/Content/Internationalization/icudt64l/lang/en_MY.res" 1313
"../../../Engine/Content/Internationalization/icudt64l/region/en_MY.res" 1314
"../../../Engine/Content/Internationalization/icudt64l/lang/en_NA.res" 1315
"../../../Engine/Content/Internationalization/icudt64l/region/en_NA.res" 1316
"../../../Engine/Content/Internationalization/icudt64l/lang/en_NF.res" 1317
"../../../Engine/Content/Internationalization/icudt64l/region/en_NF.res" 1318
"../../../Engine/Content/Internationalization/icudt64l/lang/en_NG.res" 1319
"../../../Engine/Content/Internationalization/icudt64l/region/en_NG.res" 1320
"../../../Engine/Content/Internationalization/icudt64l/lang/en_NL.res" 1321
"../../../Engine/Content/Internationalization/icudt64l/region/en_NL.res" 1322
"../../../Engine/Content/Internationalization/icudt64l/lang/en_NR.res" 1323
"../../../Engine/Content/Internationalization/icudt64l/region/en_NR.res" 1324
"../../../Engine/Content/Internationalization/icudt64l/lang/en_NU.res" 1325
"../../../Engine/Content/Internationalization/icudt64l/region/en_NU.res" 1326
"../../../Engine/Content/Internationalization/icudt64l/lang/en_NZ.res" 1327
"../../../Engine/Content/Internationalization/icudt64l/region/en_NZ.res" 1328
"../../../Engine/Content/Internationalization/icudt64l/lang/en_PG.res" 1329
"../../../Engine/Content/Internationalization/icudt64l/region/en_PG.res" 1330
"../../../Engine/Content/Internationalization/icudt64l/lang/en_PH.res" 1331
"../../../Engine/Content/Internationalization/icudt64l/region/en_PH.res" 1332
"../../../Engine/Content/Internationalization/icudt64l/lang/en_PK.res" 1333
"../../../Engine/Content/Internationalization/icudt64l/region/en_PK.res" 1334
"../../../Engine/Content/Internationalization/icudt64l/lang/en_PN.res" 1335
"../../../Engine/Content/Internationalization/icudt64l/region/en_PN.res" 1336
"../../../Engine/Content/Internationalization/icudt64l/lang/en_PW.res" 1337
"../../../Engine/Content/Internationalization/icudt64l/region/en_PW.res" 1338
"../../../Engine/Content/Internationalization/icudt64l/lang/en_RW.res" 1339
"../../../Engine/Content/Internationalization/icudt64l/region/en_RW.res" 1340
"../../../Engine/Content/Internationalization/icudt64l/lang/en_SB.res" 1341
"../../../Engine/Content/Internationalization/icudt64l/region/en_SB.res" 1342
"../../../Engine/Content/Internationalization/icudt64l/lang/en_SC.res" 1343
"../../../Engine/Content/Internationalization/icudt64l/region/en_SC.res" 1344
"../../../Engine/Content/Internationalization/icudt64l/lang/en_SD.res" 1345
"../../../Engine/Content/Internationalization/icudt64l/region/en_SD.res" 1346
"../../../Engine/Content/Internationalization/icudt64l/lang/en_SE.res" 1347
"../../../Engine/Content/Internationalization/icudt64l/region/en_SE.res" 1348
"../../../Engine/Content/Internationalization/icudt64l/lang/en_SG.res" 1349
"../../../Engine/Content/Internationalization/icudt64l/region/en_SG.res" 1350
"../../../Engine/Content/Internationalization/icudt64l/lang/en_SH.res" 1351
"../../../Engine/Content/Internationalization/icudt64l/region/en_SH.res" 1352
"../../../Engine/Content/Internationalization/icudt64l/lang/en_SI.res" 1353
"../../../Engine/Content/Internationalization/icudt64l/region/en_SI.res" 1354
"../../../Engine/Content/Internationalization/icudt64l/lang/en_SL.res" 1355
"../../../Engine/Content/Internationalization/icudt64l/region/en_SL.res" 1356
"../../../Engine/Content/Internationalization/icudt64l/lang/en_SS.res" 1357
"../../../Engine/Content/Internationalization/icudt64l/region/en_SS.res" 1358
"../../../Engine/Content/Internationalization/icudt64l/lang/en_SX.res" 1359
"../../../Engine/Content/Internationalization/icudt64l/region/en_SX.res" 1360
"../../../Engine/Content/Internationalization/icudt64l/lang/en_SZ.res" 1361
"../../../Engine/Content/Internationalization/icudt64l/region/en_SZ.res" 1362
"../../../Engine/Content/Internationalization/icudt64l/lang/en_TC.res" 1363
"../../../Engine/Content/Internationalization/icudt64l/region/en_TC.res" 1364
"../../../Engine/Content/Internationalization/icudt64l/lang/en_TK.res" 1365
"../../../Engine/Content/Internationalization/icudt64l/region/en_TK.res" 1366
"../../../Engine/Content/Internationalization/icudt64l/lang/en_TO.res" 1367
"../../../Engine/Content/Internationalization/icudt64l/region/en_TO.res" 1368
"../../../Engine/Content/Internationalization/icudt64l/lang/en_TT.res" 1369
"../../../Engine/Content/Internationalization/icudt64l/region/en_TT.res" 1370
"../../../Engine/Content/Internationalization/icudt64l/lang/en_TV.res" 1371
"../../../Engine/Content/Internationalization/icudt64l/region/en_TV.res" 1372
"../../../Engine/Content/Internationalization/icudt64l/lang/en_TZ.res" 1373
"../../../Engine/Content/Internationalization/icudt64l/region/en_TZ.res" 1374
"../../../Engine/Content/Internationalization/icudt64l/lang/en_UG.res" 1375
"../../../Engine/Content/Internationalization/icudt64l/region/en_UG.res" 1376
"../../../Engine/Content/Internationalization/icudt64l/lang/en_VC.res" 1377
"../../../Engine/Content/Internationalization/icudt64l/region/en_VC.res" 1378
"../../../Engine/Content/Internationalization/icudt64l/lang/en_VG.res" 1379
"../../../Engine/Content/Internationalization/icudt64l/region/en_VG.res" 1380
"../../../Engine/Content/Internationalization/icudt64l/lang/en_VU.res" 1381
"../../../Engine/Content/Internationalization/icudt64l/region/en_VU.res" 1382
"../../../Engine/Content/Internationalization/icudt64l/lang/en_WS.res" 1383
"../../../Engine/Content/Internationalization/icudt64l/region/en_WS.res" 1384
"../../../Engine/Content/Internationalization/icudt64l/lang/en_ZA.res" 1385
"../../../Engine/Content/Internationalization/icudt64l/region/en_ZA.res" 1386
"../../../Engine/Content/Internationalization/icudt64l/lang/en_ZM.res" 1387
"../../../Engine/Content/Internationalization/icudt64l/region/en_ZM.res" 1388
"../../../Engine/Content/Internationalization/icudt64l/lang/en_ZW.res" 1389
"../../../Engine/Content/Internationalization/icudt64l/region/en_ZW.res" 1390
"../../../Engine/Content/Internationalization/icudt64l/lang/eo.res" 1391
"../../../Engine/Content/Internationalization/icudt64l/region/eo.res" 1392
"../../../Engine/Content/Internationalization/icudt64l/lang/es.res" 1393
"../../../Engine/Content/Internationalization/icudt64l/lang/es_419.res" 1394
"../../../Engine/Content/Internationalization/icudt64l/region/es_419.res" 1395
"../../../Engine/Content/Internationalization/icudt64l/region/es.res" 1396
"../../../Engine/Content/Internationalization/icudt64l/lang/es_AR.res" 1397
"../../../Engine/Content/Internationalization/icudt64l/region/es_AR.res" 1398
"../../../Engine/Content/Internationalization/icudt64l/lang/es_BO.res" 1399
"../../../Engine/Content/Internationalization/icudt64l/region/es_BO.res" 1400
"../../../Engine/Content/Internationalization/icudt64l/lang/es_BR.res" 1401
"../../../Engine/Content/Internationalization/icudt64l/region/es_BR.res" 1402
"../../../Engine/Content/Internationalization/icudt64l/lang/es_BZ.res" 1403
"../../../Engine/Content/Internationalization/icudt64l/region/es_BZ.res" 1404
"../../../Engine/Content/Internationalization/icudt64l/lang/es_CL.res" 1405
"../../../Engine/Content/Internationalization/icudt64l/region/es_CL.res" 1406
"../../../Engine/Content/Internationalization/icudt64l/lang/es_CO.res" 1407
"../../../Engine/Content/Internationalization/icudt64l/region/es_CO.res" 1408
"../../../Engine/Content/Internationalization/icudt64l/lang/es_CR.res" 1409
"../../../Engine/Content/Internationalization/icudt64l/region/es_CR.res" 1410
"../../../Engine/Content/Internationalization/icudt64l/lang/es_CU.res" 1411
"../../../Engine/Content/Internationalization/icudt64l/region/es_CU.res" 1412
"../../../Engine/Content/Internationalization/icudt64l/lang/es_DO.res" 1413
"../../../Engine/Content/Internationalization/icudt64l/region/es_DO.res" 1414
"../../../Engine/Content/Internationalization/icudt64l/lang/es_EC.res" 1415
"../../../Engine/Content/Internationalization/icudt64l/region/es_EC.res" 1416
"../../../Engine/Content/Internationalization/icudt64l/lang/es_GT.res" 1417
"../../../Engine/Content/Internationalization/icudt64l/region/es_GT.res" 1418
"../../../Engine/Content/Internationalization/icudt64l/lang/es_HN.res" 1419
"../../../Engine/Content/Internationalization/icudt64l/region/es_HN.res" 1420
"../../../Engine/Content/Internationalization/icudt64l/lang/es_MX.res" 1421
"../../../Engine/Content/Internationalization/icudt64l/region/es_MX.res" 1422
"../../../Engine/Content/Internationalization/icudt64l/lang/es_NI.res" 1423
"../../../Engine/Content/Internationalization/icudt64l/region/es_NI.res" 1424
"../../../Engine/Content/Internationalization/icudt64l/lang/es_PA.res" 1425
"../../../Engine/Content/Internationalization/icudt64l/region/es_PA.res" 1426
"../../../Engine/Content/Internationalization/icudt64l/lang/es_PE.res" 1427
"../../../Engine/Content/Internationalization/icudt64l/region/es_PE.res" 1428
"../../../Engine/Content/Internationalization/icudt64l/lang/es_PR.res" 1429
"../../../Engine/Content/Internationalization/icudt64l/region/es_PR.res" 1430
"../../../Engine/Content/Internationalization/icudt64l/lang/es_PY.res" 1431
"../../../Engine/Content/Internationalization/icudt64l/region/es_PY.res" 1432
"../../../Engine/Content/Internationalization/icudt64l/lang/es_SV.res" 1433
"../../../Engine/Content/Internationalization/icudt64l/region/es_SV.res" 1434
"../../../Engine/Content/Internationalization/icudt64l/lang/es_US.res" 1435
"../../../Engine/Content/Internationalization/icudt64l/region/es_US.res" 1436
"../../../Engine/Content/Internationalization/icudt64l/lang/es_UY.res" 1437
"../../../Engine/Content/Internationalization/icudt64l/region/es_UY.res" 1438
"../../../Engine/Content/Internationalization/icudt64l/lang/es_VE.res" 1439
"../../../Engine/Content/Internationalization/icudt64l/region/es_VE.res" 1440
"../../../Engine/Content/Internationalization/icudt64l/lang/et.res" 1441
"../../../Engine/Content/Internationalization/icudt64l/region/et.res" 1442
"../../../Engine/Content/Internationalization/icudt64l/lang/eu.res" 1443
"../../../Engine/Content/Internationalization/icudt64l/region/eu.res" 1444
"../../../Engine/Content/Internationalization/icudt64l/lang/ewo.res" 1445
"../../../Engine/Content/Internationalization/icudt64l/region/ewo.res" 1446
"../../../Engine/Content/Internationalization/icudt64l/lang/fa.res" 1447
"../../../Engine/Content/Internationalization/icudt64l/lang/fa_AF.res" 1448
"../../../Engine/Content/Internationalization/icudt64l/region/fa_AF.res" 1449
"../../../Engine/Content/Internationalization/icudt64l/region/fa.res" 1450
"../../../Engine/Content/Internationalization/icudt64l/lang/ff.res" 1451
"../../../Engine/Content/Internationalization/icudt64l/lang/ff_Latn.res" 1452
"../../../Engine/Content/Internationalization/icudt64l/region/ff.res" 1453
"../../../Engine/Content/Internationalization/icudt64l/region/ff_Latn.res" 1454
"../../../Engine/Content/Internationalization/icudt64l/lang/ff_CM.res" 1455
"../../../Engine/Content/Internationalization/icudt64l/lang/ff_Latn_CM.res" 1456
"../../../Engine/Content/Internationalization/icudt64l/region/ff_CM.res" 1457
"../../../Engine/Content/Internationalization/icudt64l/region/ff_Latn_CM.res" 1458
"../../../Engine/Content/Internationalization/icudt64l/lang/ff_GN.res" 1459
"../../../Engine/Content/Internationalization/icudt64l/lang/ff_Latn_GN.res" 1460
"../../../Engine/Content/Internationalization/icudt64l/region/ff_GN.res" 1461
"../../../Engine/Content/Internationalization/icudt64l/region/ff_Latn_GN.res" 1462
"../../../Engine/Content/Internationalization/icudt64l/lang/ff_MR.res" 1463
"../../../Engine/Content/Internationalization/icudt64l/lang/ff_Latn_MR.res" 1464
"../../../Engine/Content/Internationalization/icudt64l/region/ff_MR.res" 1465
"../../../Engine/Content/Internationalization/icudt64l/region/ff_Latn_MR.res" 1466
"../../../Engine/Content/Internationalization/icudt64l/lang/ff_SN.res" 1467
"../../../Engine/Content/Internationalization/icudt64l/lang/ff_Latn_SN.res" 1468
"../../../Engine/Content/Internationalization/icudt64l/region/ff_SN.res" 1469
"../../../Engine/Content/Internationalization/icudt64l/region/ff_Latn_SN.res" 1470
"../../../Engine/Content/Internationalization/icudt64l/lang/fi.res" 1471
"../../../Engine/Content/Internationalization/icudt64l/region/fi.res" 1472
"../../../Engine/Content/Internationalization/icudt64l/lang/fil.res" 1473
"../../../Engine/Content/Internationalization/icudt64l/lang/fil_PH.res" 1474
"../../../Engine/Content/Internationalization/icudt64l/region/fil_PH.res" 1475
"../../../Engine/Content/Internationalization/icudt64l/region/fil.res" 1476
"../../../Engine/Content/Internationalization/icudt64l/lang/fo.res" 1477
"../../../Engine/Content/Internationalization/icudt64l/region/fo.res" 1478
"../../../Engine/Content/Internationalization/icudt64l/lang/fr.res" 1479
"../../../Engine/Content/Internationalization/icudt64l/lang/fr_BE.res" 1480
"../../../Engine/Content/Internationalization/icudt64l/region/fr_BE.res" 1481
"../../../Engine/Content/Internationalization/icudt64l/region/fr.res" 1482
"../../../Engine/Content/Internationalization/icudt64l/lang/fr_CA.res" 1483
"../../../Engine/Content/Internationalization/icudt64l/region/fr_CA.res" 1484
"../../../Engine/Content/Internationalization/icudt64l/lang/fr_CH.res" 1485
"../../../Engine/Content/Internationalization/icudt64l/lang/fur.res" 1486
"../../../Engine/Content/Internationalization/icudt64l/region/fur.res" 1487
"../../../Engine/Content/Internationalization/icudt64l/lang/fy.res" 1488
"../../../Engine/Content/Internationalization/icudt64l/region/fy.res" 1489
"../../../Engine/Content/Internationalization/icudt64l/lang/ga.res" 1490
"../../../Engine/Content/Internationalization/icudt64l/region/ga.res" 1491
"../../../Engine/Content/Internationalization/icudt64l/lang/gd.res" 1492
"../../../Engine/Content/Internationalization/icudt64l/region/gd.res" 1493
"../../../Engine/Content/Internationalization/icudt64l/lang/gl.res" 1494
"../../../Engine/Content/Internationalization/icudt64l/region/gl.res" 1495
"../../../Engine/Content/Internationalization/icudt64l/lang/gsw.res" 1496
"../../../Engine/Content/Internationalization/icudt64l/region/gsw.res" 1497
"../../../Engine/Content/Internationalization/icudt64l/lang/gu.res" 1498
"../../../Engine/Content/Internationalization/icudt64l/region/gu.res" 1499
"../../../Engine/Content/Internationalization/icudt64l/lang/guz.res" 1500
"../../../Engine/Content/Internationalization/icudt64l/region/guz.res" 1501
"../../../Engine/Content/Internationalization/icudt64l/lang/gv.res" 1502
"../../../Engine/Content/Internationalization/icudt64l/region/gv.res" 1503
"../../../Engine/Content/Internationalization/icudt64l/lang/ha.res" 1504
"../../../Engine/Content/Internationalization/icudt64l/region/ha.res" 1505
"../../../Engine/Content/Internationalization/icudt64l/lang/ha_NE.res" 1506
"../../../Engine/Content/Internationalization/icudt64l/region/ha_NE.res" 1507
"../../../Engine/Content/Internationalization/icudt64l/lang/haw.res" 1508
"../../../Engine/Content/Internationalization/icudt64l/region/haw.res" 1509
"../../../Engine/Content/Internationalization/icudt64l/lang/he.res" 1510
"../../../Engine/Content/Internationalization/icudt64l/lang/he_IL.res" 1511
"../../../Engine/Content/Internationalization/icudt64l/region/he_IL.res" 1512
"../../../Engine/Content/Internationalization/icudt64l/region/he.res" 1513
"../../../Engine/Content/Internationalization/icudt64l/lang/hi.res" 1514
"../../../Engine/Content/Internationalization/icudt64l/region/hi.res" 1515
"../../../Engine/Content/Internationalization/icudt64l/lang/hr.res" 1516
"../../../Engine/Content/Internationalization/icudt64l/region/hr.res" 1517
"../../../Engine/Content/Internationalization/icudt64l/lang/hsb.res" 1518
"../../../Engine/Content/Internationalization/icudt64l/region/hsb.res" 1519
"../../../Engine/Content/Internationalization/icudt64l/lang/hu.res" 1520
"../../../Engine/Content/Internationalization/icudt64l/region/hu.res" 1521
"../../../Engine/Content/Internationalization/icudt64l/lang/hy.res" 1522
"../../../Engine/Content/Internationalization/icudt64l/region/hy.res" 1523
"../../../Engine/Content/Internationalization/icudt64l/lang/ia.res" 1524
"../../../Engine/Content/Internationalization/icudt64l/region/ia.res" 1525
"../../../Engine/Content/Internationalization/icudt64l/lang/id.res" 1526
"../../../Engine/Content/Internationalization/icudt64l/lang/id_ID.res" 1527
"../../../Engine/Content/Internationalization/icudt64l/region/id_ID.res" 1528
"../../../Engine/Content/Internationalization/icudt64l/region/id.res" 1529
"../../../Engine/Content/Internationalization/icudt64l/lang/ig.res" 1530
"../../../Engine/Content/Internationalization/icudt64l/region/ig.res" 1531
"../../../Engine/Content/Internationalization/icudt64l/lang/ii.res" 1532
"../../../Engine/Content/Internationalization/icudt64l/region/ii.res" 1533
"../../../Engine/Content/Internationalization/icudt64l/lang/is.res" 1534
"../../../Engine/Content/Internationalization/icudt64l/region/is.res" 1535
"../../../Engine/Content/Internationalization/icudt64l/lang/it.res" 1536
"../../../Engine/Content/Internationalization/icudt64l/region/it.res" 1537
"../../../Engine/Content/Internationalization/icudt64l/lang/ja.res" 1538
"../../../Engine/Content/Internationalization/icudt64l/lang/ja_JP.res" 1539
"../../../Engine/Content/Internationalization/icudt64l/region/ja_JP.res" 1540
"../../../Engine/Content/Internationalization/icudt64l/region/ja.res" 1541
"../../../Engine/Content/Internationalization/icudt64l/lang/jgo.res" 1542
"../../../Engine/Content/Internationalization/icudt64l/region/jgo.res" 1543
"../../../Engine/Content/Internationalization/icudt64l/lang/jmc.res" 1544
"../../../Engine/Content/Internationalization/icudt64l/region/jmc.res" 1545
"../../../Engine/Content/Internationalization/icudt64l/lang/jv.res" 1546
"../../../Engine/Content/Internationalization/icudt64l/region/jv.res" 1547
"../../../Engine/Content/Internationalization/icudt64l/lang/ka.res" 1548
"../../../Engine/Content/Internationalization/icudt64l/region/ka.res" 1549
"../../../Engine/Content/Internationalization/icudt64l/lang/kab.res" 1550
"../../../Engine/Content/Internationalization/icudt64l/region/kab.res" 1551
"../../../Engine/Content/Internationalization/icudt64l/lang/kam.res" 1552
"../../../Engine/Content/Internationalization/icudt64l/region/kam.res" 1553
"../../../Engine/Content/Internationalization/icudt64l/lang/kde.res" 1554
"../../../Engine/Content/Internationalization/icudt64l/region/kde.res" 1555
"../../../Engine/Content/Internationalization/icudt64l/lang/kea.res" 1556
"../../../Engine/Content/Internationalization/icudt64l/region/kea.res" 1557
"../../../Engine/Content/Internationalization/icudt64l/lang/khq.res" 1558
"../../../Engine/Content/Internationalization/icudt64l/region/khq.res" 1559
"../../../Engine/Content/Internationalization/icudt64l/lang/ki.res" 1560
"../../../Engine/Content/Internationalization/icudt64l/region/ki.res" 1561
"../../../Engine/Content/Internationalization/icudt64l/lang/kk.res" 1562
"../../../Engine/Content/Internationalization/icudt64l/region/kk.res" 1563
"../../../Engine/Content/Internationalization/icudt64l/lang/kkj.res" 1564
"../../../Engine/Content/Internationalization/icudt64l/region/kkj.res" 1565
"../../../Engine/Content/Internationalization/icudt64l/lang/kl.res" 1566
"../../../Engine/Content/Internationalization/icudt64l/region/kl.res" 1567
"../../../Engine/Content/Internationalization/icudt64l/lang/kln.res" 1568
"../../../Engine/Content/Internationalization/icudt64l/region/kln.res" 1569
"../../../Engine/Content/Internationalization/icudt64l/lang/km.res" 1570
"../../../Engine/Content/Internationalization/icudt64l/region/km.res" 1571
"../../../Engine/Content/Internationalization/icudt64l/lang/kn.res" 1572
"../../../Engine/Content/Internationalization/icudt64l/region/kn.res" 1573
"../../../Engine/Content/Internationalization/icudt64l/lang/ko.res" 1574
"../../../Engine/Content/Internationalization/icudt64l/region/ko_KP.res" 1575
"../../../Engine/Content/Internationalization/icudt64l/region/ko.res" 1576
"../../../Engine/Content/Internationalization/icudt64l/lang/kok.res" 1577
"../../../Engine/Content/Internationalization/icudt64l/region/kok.res" 1578
"../../../Engine/Content/Internationalization/icudt64l/lang/ks.res" 1579
"../../../Engine/Content/Internationalization/icudt64l/region/ks.res" 1580
"../../../Engine/Content/Internationalization/icudt64l/lang/ksb.res" 1581
"../../../Engine/Content/Internationalization/icudt64l/region/ksb.res" 1582
"../../../Engine/Content/Internationalization/icudt64l/lang/ksf.res" 1583
"../../../Engine/Content/Internationalization/icudt64l/region/ksf.res" 1584
"../../../Engine/Content/Internationalization/icudt64l/lang/ksh.res" 1585
"../../../Engine/Content/Internationalization/icudt64l/region/ksh.res" 1586
"../../../Engine/Content/Internationalization/icudt64l/lang/ku.res" 1587
"../../../Engine/Content/Internationalization/icudt64l/region/ku.res" 1588
"../../../Engine/Content/Internationalization/icudt64l/lang/kw.res" 1589
"../../../Engine/Content/Internationalization/icudt64l/region/kw.res" 1590
"../../../Engine/Content/Internationalization/icudt64l/lang/ky.res" 1591
"../../../Engine/Content/Internationalization/icudt64l/region/ky.res" 1592
"../../../Engine/Content/Internationalization/icudt64l/lang/lag.res" 1593
"../../../Engine/Content/Internationalization/icudt64l/region/lag.res" 1594
"../../../Engine/Content/Internationalization/icudt64l/lang/lb.res" 1595
"../../../Engine/Content/Internationalization/icudt64l/region/lb.res" 1596
"../../../Engine/Content/Internationalization/icudt64l/lang/lg.res" 1597
"../../../Engine/Content/Internationalization/icudt64l/region/lg.res" 1598
"../../../Engine/Content/Internationalization/icudt64l/lang/lkt.res" 1599
"../../../Engine/Content/Internationalization/icudt64l/region/lkt.res" 1600
"../../../Engine/Content/Internationalization/icudt64l/lang/ln.res" 1601
"../../../Engine/Content/Internationalization/icudt64l/region/ln.res" 1602
"../../../Engine/Content/Internationalization/icudt64l/lang/lo.res" 1603
"../../../Engine/Content/Internationalization/icudt64l/region/lo.res" 1604
"../../../Engine/Content/Internationalization/icudt64l/lang/lrc.res" 1605
"../../../Engine/Content/Internationalization/icudt64l/region/lrc.res" 1606
"../../../Engine/Content/Internationalization/icudt64l/lang/lt.res" 1607
"../../../Engine/Content/Internationalization/icudt64l/region/lt.res" 1608
"../../../Engine/Content/Internationalization/icudt64l/lang/lu.res" 1609
"../../../Engine/Content/Internationalization/icudt64l/region/lu.res" 1610
"../../../Engine/Content/Internationalization/icudt64l/lang/luo.res" 1611
"../../../Engine/Content/Internationalization/icudt64l/region/luo.res" 1612
"../../../Engine/Content/Internationalization/icudt64l/lang/luy.res" 1613
"../../../Engine/Content/Internationalization/icudt64l/region/luy.res" 1614
"../../../Engine/Content/Internationalization/icudt64l/lang/lv.res" 1615
"../../../Engine/Content/Internationalization/icudt64l/region/lv.res" 1616
"../../../Engine/Content/Internationalization/icudt64l/lang/mas.res" 1617
"../../../Engine/Content/Internationalization/icudt64l/region/mas.res" 1618
"../../../Engine/Content/Internationalization/icudt64l/lang/mer.res" 1619
"../../../Engine/Content/Internationalization/icudt64l/region/mer.res" 1620
"../../../Engine/Content/Internationalization/icudt64l/lang/mfe.res" 1621
"../../../Engine/Content/Internationalization/icudt64l/region/mfe.res" 1622
"../../../Engine/Content/Internationalization/icudt64l/lang/mg.res" 1623
"../../../Engine/Content/Internationalization/icudt64l/region/mg.res" 1624
"../../../Engine/Content/Internationalization/icudt64l/lang/mgh.res" 1625
"../../../Engine/Content/Internationalization/icudt64l/region/mgh.res" 1626
"../../../Engine/Content/Internationalization/icudt64l/lang/mgo.res" 1627
"../../../Engine/Content/Internationalization/icudt64l/region/mgo.res" 1628
"../../../Engine/Content/Internationalization/icudt64l/lang/mi.res" 1629
"../../../Engine/Content/Internationalization/icudt64l/region/mi.res" 1630
"../../../Engine/Content/Internationalization/icudt64l/lang/mk.res" 1631
"../../../Engine/Content/Internationalization/icudt64l/region/mk.res" 1632
"../../../Engine/Content/Internationalization/icudt64l/lang/ml.res" 1633
"../../../Engine/Content/Internationalization/icudt64l/region/ml.res" 1634
"../../../Engine/Content/Internationalization/icudt64l/lang/mn.res" 1635
"../../../Engine/Content/Internationalization/icudt64l/region/mn.res" 1636
"../../../Engine/Content/Internationalization/icudt64l/lang/mr.res" 1637
"../../../Engine/Content/Internationalization/icudt64l/region/mr.res" 1638
"../../../Engine/Content/Internationalization/icudt64l/lang/ms.res" 1639
"../../../Engine/Content/Internationalization/icudt64l/region/ms.res" 1640
"../../../Engine/Content/Internationalization/icudt64l/lang/mt.res" 1641
"../../../Engine/Content/Internationalization/icudt64l/region/mt.res" 1642
"../../../Engine/Content/Internationalization/icudt64l/lang/mua.res" 1643
"../../../Engine/Content/Internationalization/icudt64l/region/mua.res" 1644
"../../../Engine/Content/Internationalization/icudt64l/lang/my.res" 1645
"../../../Engine/Content/Internationalization/icudt64l/region/my.res" 1646
"../../../Engine/Content/Internationalization/icudt64l/lang/mzn.res" 1647
"../../../Engine/Content/Internationalization/icudt64l/region/mzn.res" 1648
"../../../Engine/Content/Internationalization/icudt64l/lang/naq.res" 1649
"../../../Engine/Content/Internationalization/icudt64l/region/naq.res" 1650
"../../../Engine/Content/Internationalization/icudt64l/lang/nb.res" 1651
"../../../Engine/Content/Internationalization/icudt64l/lang/nb_NO.res" 1652
"../../../Engine/Content/Internationalization/icudt64l/region/nb_NO.res" 1653
"../../../Engine/Content/Internationalization/icudt64l/region/nb.res" 1654
"../../../Engine/Content/Internationalization/icudt64l/lang/nd.res" 1655
"../../../Engine/Content/Internationalization/icudt64l/region/nd.res" 1656
"../../../Engine/Content/Internationalization/icudt64l/lang/nds.res" 1657
"../../../Engine/Content/Internationalization/icudt64l/region/nds.res" 1658
"../../../Engine/Content/Internationalization/icudt64l/lang/ne.res" 1659
"../../../Engine/Content/Internationalization/icudt64l/region/ne.res" 1660
"../../../Engine/Content/Internationalization/icudt64l/lang/nl.res" 1661
"../../../Engine/Content/Internationalization/icudt64l/region/nl.res" 1662
"../../../Engine/Content/Internationalization/icudt64l/lang/nmg.res" 1663
"../../../Engine/Content/Internationalization/icudt64l/region/nmg.res" 1664
"../../../Engine/Content/Internationalization/icudt64l/lang/nn.res" 1665
"../../../Engine/Content/Internationalization/icudt64l/lang/nn_NO.res" 1666
"../../../Engine/Content/Internationalization/icudt64l/region/nn_NO.res" 1667
"../../../Engine/Content/Internationalization/icudt64l/region/nn.res" 1668
"../../../Engine/Content/Internationalization/icudt64l/lang/nnh.res" 1669
"../../../Engine/Content/Internationalization/icudt64l/region/nnh.res" 1670
"../../../Engine/Content/Internationalization/icudt64l/lang/nus.res" 1671
"../../../Engine/Content/Internationalization/icudt64l/region/nus.res" 1672
"../../../Engine/Content/Internationalization/icudt64l/lang/nyn.res" 1673
"../../../Engine/Content/Internationalization/icudt64l/region/nyn.res" 1674
"../../../Engine/Content/Internationalization/icudt64l/lang/om.res" 1675
"../../../Engine/Content/Internationalization/icudt64l/region/om.res" 1676
"../../../Engine/Content/Internationalization/icudt64l/lang/or.res" 1677
"../../../Engine/Content/Internationalization/icudt64l/region/or.res" 1678
"../../../Engine/Content/Internationalization/icudt64l/lang/os.res" 1679
"../../../Engine/Content/Internationalization/icudt64l/region/os.res" 1680
"../../../Engine/Content/Internationalization/icudt64l/lang/pa.res" 1681
"../../../Engine/Content/Internationalization/icudt64l/lang/pa_Arab.res" 1682
"../../../Engine/Content/Internationalization/icudt64l/lang/pa_PK.res" 1683
"../../../Engine/Content/Internationalization/icudt64l/lang/pa_Arab_PK.res" 1684
"../../../Engine/Content/Internationalization/icudt64l/region/pa_PK.res" 1685
"../../../Engine/Content/Internationalization/icudt64l/region/pa_Arab_PK.res" 1686
"../../../Engine/Content/Internationalization/icudt64l/region/pa_Arab.res" 1687
"../../../Engine/Content/Internationalization/icudt64l/lang/pa_Guru.res" 1688
"../../../Engine/Content/Internationalization/icudt64l/lang/pa_IN.res" 1689
"../../../Engine/Content/Internationalization/icudt64l/lang/pa_Guru_IN.res" 1690
"../../../Engine/Content/Internationalization/icudt64l/region/pa_IN.res" 1691
"../../../Engine/Content/Internationalization/icudt64l/region/pa_Guru_IN.res" 1692
"../../../Engine/Content/Internationalization/icudt64l/region/pa_Guru.res" 1693
"../../../Engine/Content/Internationalization/icudt64l/region/pa.res" 1694
"../../../Engine/Content/Internationalization/icudt64l/lang/pl.res" 1695
"../../../Engine/Content/Internationalization/icudt64l/region/pl.res" 1696
"../../../Engine/Content/Internationalization/icudt64l/lang/ps.res" 1697
"../../../Engine/Content/Internationalization/icudt64l/region/ps.res" 1698
"../../../Engine/Content/Internationalization/icudt64l/lang/ps_PK.res" 1699
"../../../Engine/Content/Internationalization/icudt64l/region/ps_PK.res" 1700
"../../../Engine/Content/Internationalization/icudt64l/lang/pt.res" 1701
"../../../Engine/Content/Internationalization/icudt64l/lang/pt_AO.res" 1702
"../../../Engine/Content/Internationalization/icudt64l/lang/pt_PT.res" 1703
"../../../Engine/Content/Internationalization/icudt64l/region/pt_AO.res" 1704
"../../../Engine/Content/Internationalization/icudt64l/region/pt_PT.res" 1705
"../../../Engine/Content/Internationalization/icudt64l/region/pt.res" 1706
"../../../Engine/Content/Internationalization/icudt64l/lang/pt_CH.res" 1707
"../../../Engine/Content/Internationalization/icudt64l/region/pt_CH.res" 1708
"../../../Engine/Content/Internationalization/icudt64l/lang/pt_CV.res" 1709
"../../../Engine/Content/Internationalization/icudt64l/region/pt_CV.res" 1710
"../../../Engine/Content/Internationalization/icudt64l/lang/pt_GQ.res" 1711
"../../../Engine/Content/Internationalization/icudt64l/region/pt_GQ.res" 1712
"../../../Engine/Content/Internationalization/icudt64l/lang/pt_GW.res" 1713
"../../../Engine/Content/Internationalization/icudt64l/region/pt_GW.res" 1714
"../../../Engine/Content/Internationalization/icudt64l/lang/pt_LU.res" 1715
"../../../Engine/Content/Internationalization/icudt64l/region/pt_LU.res" 1716
"../../../Engine/Content/Internationalization/icudt64l/lang/pt_MO.res" 1717
"../../../Engine/Content/Internationalization/icudt64l/region/pt_MO.res" 1718
"../../../Engine/Content/Internationalization/icudt64l/lang/pt_MZ.res" 1719
"../../../Engine/Content/Internationalization/icudt64l/region/pt_MZ.res" 1720
"../../../Engine/Content/Internationalization/icudt64l/lang/pt_ST.res" 1721
"../../../Engine/Content/Internationalization/icudt64l/region/pt_ST.res" 1722
"../../../Engine/Content/Internationalization/icudt64l/lang/pt_TL.res" 1723
"../../../Engine/Content/Internationalization/icudt64l/region/pt_TL.res" 1724
"../../../Engine/Content/Internationalization/icudt64l/lang/qu.res" 1725
"../../../Engine/Content/Internationalization/icudt64l/region/qu.res" 1726
"../../../Engine/Content/Internationalization/icudt64l/lang/rm.res" 1727
"../../../Engine/Content/Internationalization/icudt64l/region/rm.res" 1728
"../../../Engine/Content/Internationalization/icudt64l/lang/rn.res" 1729
"../../../Engine/Content/Internationalization/icudt64l/region/rn.res" 1730
"../../../Engine/Content/Internationalization/icudt64l/lang/ro.res" 1731
"../../../Engine/Content/Internationalization/icudt64l/lang/ro_MD.res" 1732
"../../../Engine/Content/Internationalization/icudt64l/region/ro_MD.res" 1733
"../../../Engine/Content/Internationalization/icudt64l/region/ro.res" 1734
"../../../Engine/Content/Internationalization/icudt64l/lang/rof.res" 1735
"../../../Engine/Content/Internationalization/icudt64l/region/rof.res" 1736
"../../../Engine/Content/Internationalization/icudt64l/lang/ru.res" 1737
"../../../Engine/Content/Internationalization/icudt64l/region/ru.res" 1738
"../../../Engine/Content/Internationalization/icudt64l/region/ru_UA.res" 1739
"../../../Engine/Content/Internationalization/icudt64l/lang/rw.res" 1740
"../../../Engine/Content/Internationalization/icudt64l/region/rw.res" 1741
"../../../Engine/Content/Internationalization/icudt64l/lang/rwk.res" 1742
"../../../Engine/Content/Internationalization/icudt64l/region/rwk.res" 1743
"../../../Engine/Content/Internationalization/icudt64l/lang/sah.res" 1744
"../../../Engine/Content/Internationalization/icudt64l/region/sah.res" 1745
"../../../Engine/Content/Internationalization/icudt64l/lang/saq.res" 1746
"../../../Engine/Content/Internationalization/icudt64l/region/saq.res" 1747
"../../../Engine/Content/Internationalization/icudt64l/lang/sbp.res" 1748
"../../../Engine/Content/Internationalization/icudt64l/region/sbp.res" 1749
"../../../Engine/Content/Internationalization/icudt64l/lang/sd.res" 1750
"../../../Engine/Content/Internationalization/icudt64l/region/sd.res" 1751
"../../../Engine/Content/Internationalization/icudt64l/lang/se.res" 1752
"../../../Engine/Content/Internationalization/icudt64l/lang/se_FI.res" 1753
"../../../Engine/Content/Internationalization/icudt64l/region/se_FI.res" 1754
"../../../Engine/Content/Internationalization/icudt64l/region/se.res" 1755
"../../../Engine/Content/Internationalization/icudt64l/lang/seh.res" 1756
"../../../Engine/Content/Internationalization/icudt64l/region/seh.res" 1757
"../../../Engine/Content/Internationalization/icudt64l/lang/ses.res" 1758
"../../../Engine/Content/Internationalization/icudt64l/region/ses.res" 1759
"../../../Engine/Content/Internationalization/icudt64l/lang/sg.res" 1760
"../../../Engine/Content/Internationalization/icudt64l/region/sg.res" 1761
"../../../Engine/Content/Internationalization/icudt64l/lang/shi.res" 1762
"../../../Engine/Content/Internationalization/icudt64l/lang/shi_Latn.res" 1763
"../../../Engine/Content/Internationalization/icudt64l/lang/shi_MA.res" 1764
"../../../Engine/Content/Internationalization/icudt64l/lang/shi_Tfng_MA.res" 1765
"../../../Engine/Content/Internationalization/icudt64l/lang/shi_Tfng.res" 1766
"../../../Engine/Content/Internationalization/icudt64l/region/shi_MA.res" 1767
"../../../Engine/Content/Internationalization/icudt64l/region/shi_Tfng_MA.res" 1768
"../../../Engine/Content/Internationalization/icudt64l/region/shi_Tfng.res" 1769
"../../../Engine/Content/Internationalization/icudt64l/region/shi.res" 1770
"../../../Engine/Content/Internationalization/icudt64l/region/shi_Latn.res" 1771
"../../../Engine/Content/Internationalization/icudt64l/lang/si.res" 1772
"../../../Engine/Content/Internationalization/icudt64l/region/si.res" 1773
"../../../Engine/Content/Internationalization/icudt64l/lang/sk.res" 1774
"../../../Engine/Content/Internationalization/icudt64l/region/sk.res" 1775
"../../../Engine/Content/Internationalization/icudt64l/lang/sl.res" 1776
"../../../Engine/Content/Internationalization/icudt64l/region/sl.res" 1777
"../../../Engine/Content/Internationalization/icudt64l/lang/smn.res" 1778
"../../../Engine/Content/Internationalization/icudt64l/region/smn.res" 1779
"../../../Engine/Content/Internationalization/icudt64l/lang/sn.res" 1780
"../../../Engine/Content/Internationalization/icudt64l/region/sn.res" 1781
"../../../Engine/Content/Internationalization/icudt64l/lang/so.res" 1782
"../../../Engine/Content/Internationalization/icudt64l/region/so.res" 1783
"../../../Engine/Content/Internationalization/icudt64l/lang/sq.res" 1784
"../../../Engine/Content/Internationalization/icudt64l/region/sq.res" 1785
"../../../Engine/Content/Internationalization/icudt64l/lang/sr.res" 1786
"../../../Engine/Content/Internationalization/icudt64l/lang/sr_Cyrl.res" 1787
"../../../Engine/Content/Internationalization/icudt64l/lang/sr_BA.res" 1788
"../../../Engine/Content/Internationalization/icudt64l/lang/sr_Cyrl_BA.res" 1789
"../../../Engine/Content/Internationalization/icudt64l/region/sr_BA.res" 1790
"../../../Engine/Content/Internationalization/icudt64l/region/sr_Cyrl_BA.res" 1791
"../../../Engine/Content/Internationalization/icudt64l/region/sr_Cyrl.res" 1792
"../../../Engine/Content/Internationalization/icudt64l/region/sr.res" 1793
"../../../Engine/Content/Internationalization/icudt64l/lang/sr_ME.res" 1794
"../../../Engine/Content/Internationalization/icudt64l/lang/sr_Latn_ME.res" 1795
"../../../Engine/Content/Internationalization/icudt64l/lang/sr_Latn.res" 1796
"../../../Engine/Content/Internationalization/icudt64l/region/sr_ME.res" 1797
"../../../Engine/Content/Internationalization/icudt64l/region/sr_Latn_ME.res" 1798
"../../../Engine/Content/Internationalization/icudt64l/region/sr_Latn.res" 1799
"../../../Engine/Content/Internationalization/icudt64l/lang/sr_Cyrl_ME.res" 1800
"../../../Engine/Content/Internationalization/icudt64l/region/sr_Cyrl_ME.res" 1801
"../../../Engine/Content/Internationalization/icudt64l/lang/sr_RS.res" 1802
"../../../Engine/Content/Internationalization/icudt64l/lang/sr_Cyrl_RS.res" 1803
"../../../Engine/Content/Internationalization/icudt64l/region/sr_RS.res" 1804
"../../../Engine/Content/Internationalization/icudt64l/region/sr_Cyrl_RS.res" 1805
"../../../Engine/Content/Internationalization/icudt64l/lang/sr_XK.res" 1806
"../../../Engine/Content/Internationalization/icudt64l/lang/sr_Cyrl_XK.res" 1807
"../../../Engine/Content/Internationalization/icudt64l/region/sr_XK.res" 1808
"../../../Engine/Content/Internationalization/icudt64l/region/sr_Cyrl_XK.res" 1809
"../../../Engine/Content/Internationalization/icudt64l/lang/sr_Latn_BA.res" 1810
"../../../Engine/Content/Internationalization/icudt64l/region/sr_Latn_BA.res" 1811
"../../../Engine/Content/Internationalization/icudt64l/lang/sr_Latn_RS.res" 1812
"../../../Engine/Content/Internationalization/icudt64l/region/sr_Latn_RS.res" 1813
"../../../Engine/Content/Internationalization/icudt64l/lang/sr_Latn_XK.res" 1814
"../../../Engine/Content/Internationalization/icudt64l/region/sr_Latn_XK.res" 1815
"../../../Engine/Content/Internationalization/icudt64l/lang/sv.res" 1816
"../../../Engine/Content/Internationalization/icudt64l/region/sv.res" 1817
"../../../Engine/Content/Internationalization/icudt64l/lang/sv_FI.res" 1818
"../../../Engine/Content/Internationalization/icudt64l/lang/sw.res" 1819
"../../../Engine/Content/Internationalization/icudt64l/lang/sw_CD.res" 1820
"../../../Engine/Content/Internationalization/icudt64l/region/sw_CD.res" 1821
"../../../Engine/Content/Internationalization/icudt64l/region/sw.res" 1822
"../../../Engine/Content/Internationalization/icudt64l/lang/sw_KE.res" 1823
"../../../Engine/Content/Internationalization/icudt64l/region/sw_KE.res" 1824
"../../../Engine/Content/Internationalization/icudt64l/lang/ta.res" 1825
"../../../Engine/Content/Internationalization/icudt64l/region/ta.res" 1826
"../../../Engine/Content/Internationalization/icudt64l/lang/te.res" 1827
"../../../Engine/Content/Internationalization/icudt64l/region/te.res" 1828
"../../../Engine/Content/Internationalization/icudt64l/lang/teo.res" 1829
"../../../Engine/Content/Internationalization/icudt64l/region/teo.res" 1830
"../../../Engine/Content/Internationalization/icudt64l/lang/tg.res" 1831
"../../../Engine/Content/Internationalization/icudt64l/region/tg.res" 1832
"../../../Engine/Content/Internationalization/icudt64l/lang/th.res" 1833
"../../../Engine/Content/Internationalization/icudt64l/lang/th_TH.res" 1834
"../../../Engine/Content/Internationalization/icudt64l/region/th_TH.res" 1835
"../../../Engine/Content/Internationalization/icudt64l/region/th.res" 1836
"../../../Engine/Content/Internationalization/icudt64l/lang/ti.res" 1837
"../../../Engine/Content/Internationalization/icudt64l/region/ti.res" 1838
"../../../Engine/Content/Internationalization/icudt64l/lang/tk.res" 1839
"../../../Engine/Content/Internationalization/icudt64l/region/tk.res" 1840
"../../../Engine/Content/Internationalization/icudt64l/lang/to.res" 1841
"../../../Engine/Content/Internationalization/icudt64l/region/to.res" 1842
"../../../Engine/Content/Internationalization/icudt64l/lang/tr.res" 1843
"../../../Engine/Content/Internationalization/icudt64l/region/tr.res" 1844
"../../../Engine/Content/Internationalization/icudt64l/lang/tt.res" 1845
"../../../Engine/Content/Internationalization/icudt64l/region/tt.res" 1846
"../../../Engine/Content/Internationalization/icudt64l/lang/twq.res" 1847
"../../../Engine/Content/Internationalization/icudt64l/region/twq.res" 1848
"../../../Engine/Content/Internationalization/icudt64l/lang/tzm.res" 1849
"../../../Engine/Content/Internationalization/icudt64l/region/tzm.res" 1850
"../../../Engine/Content/Internationalization/icudt64l/lang/ug.res" 1851
"../../../Engine/Content/Internationalization/icudt64l/region/ug.res" 1852
"../../../Engine/Content/Internationalization/icudt64l/lang/uk.res" 1853
"../../../Engine/Content/Internationalization/icudt64l/region/uk.res" 1854
"../../../Engine/Content/Internationalization/icudt64l/lang/ur.res" 1855
"../../../Engine/Content/Internationalization/icudt64l/lang/ur_IN.res" 1856
"../../../Engine/Content/Internationalization/icudt64l/region/ur_IN.res" 1857
"../../../Engine/Content/Internationalization/icudt64l/region/ur.res" 1858
"../../../Engine/Content/Internationalization/icudt64l/lang/uz.res" 1859
"../../../Engine/Content/Internationalization/icudt64l/lang/uz_Arab.res" 1860
"../../../Engine/Content/Internationalization/icudt64l/lang/uz_AF.res" 1861
"../../../Engine/Content/Internationalization/icudt64l/lang/uz_Arab_AF.res" 1862
"../../../Engine/Content/Internationalization/icudt64l/region/uz_AF.res" 1863
"../../../Engine/Content/Internationalization/icudt64l/region/uz_Arab_AF.res" 1864
"../../../Engine/Content/Internationalization/icudt64l/region/uz_Arab.res" 1865
"../../../Engine/Content/Internationalization/icudt64l/lang/uz_Cyrl.res" 1866
"../../../Engine/Content/Internationalization/icudt64l/lang/uz_UZ.res" 1867
"../../../Engine/Content/Internationalization/icudt64l/lang/uz_Latn_UZ.res" 1868
"../../../Engine/Content/Internationalization/icudt64l/lang/uz_Latn.res" 1869
"../../../Engine/Content/Internationalization/icudt64l/region/uz_UZ.res" 1870
"../../../Engine/Content/Internationalization/icudt64l/region/uz_Latn_UZ.res" 1871
"../../../Engine/Content/Internationalization/icudt64l/region/uz_Latn.res" 1872
"../../../Engine/Content/Internationalization/icudt64l/region/uz.res" 1873
"../../../Engine/Content/Internationalization/icudt64l/region/uz_Cyrl.res" 1874
"../../../Engine/Content/Internationalization/icudt64l/lang/vai.res" 1875
"../../../Engine/Content/Internationalization/icudt64l/lang/vai_Latn.res" 1876
"../../../Engine/Content/Internationalization/icudt64l/lang/vai_LR.res" 1877
"../../../Engine/Content/Internationalization/icudt64l/lang/vai_Vaii_LR.res" 1878
"../../../Engine/Content/Internationalization/icudt64l/lang/vai_Vaii.res" 1879
"../../../Engine/Content/Internationalization/icudt64l/region/vai_LR.res" 1880
"../../../Engine/Content/Internationalization/icudt64l/region/vai_Vaii_LR.res" 1881
"../../../Engine/Content/Internationalization/icudt64l/region/vai_Vaii.res" 1882
"../../../Engine/Content/Internationalization/icudt64l/region/vai.res" 1883
"../../../Engine/Content/Internationalization/icudt64l/region/vai_Latn.res" 1884
"../../../Engine/Content/Internationalization/icudt64l/lang/vi.res" 1885
"../../../Engine/Content/Internationalization/icudt64l/region/vi.res" 1886
"../../../Engine/Content/Internationalization/icudt64l/lang/vun.res" 1887
"../../../Engine/Content/Internationalization/icudt64l/region/vun.res" 1888
"../../../Engine/Content/Internationalization/icudt64l/lang/wae.res" 1889
"../../../Engine/Content/Internationalization/icudt64l/region/wae.res" 1890
"../../../Engine/Content/Internationalization/icudt64l/lang/wo.res" 1891
"../../../Engine/Content/Internationalization/icudt64l/region/wo.res" 1892
"../../../Engine/Content/Internationalization/icudt64l/lang/xh.res" 1893
"../../../Engine/Content/Internationalization/icudt64l/region/xh.res" 1894
"../../../Engine/Content/Internationalization/icudt64l/lang/xog.res" 1895
"../../../Engine/Content/Internationalization/icudt64l/region/xog.res" 1896
"../../../Engine/Content/Internationalization/icudt64l/lang/yav.res" 1897
"../../../Engine/Content/Internationalization/icudt64l/region/yav.res" 1898
"../../../Engine/Content/Internationalization/icudt64l/lang/yi.res" 1899
"../../../Engine/Content/Internationalization/icudt64l/region/yi.res" 1900
"../../../Engine/Content/Internationalization/icudt64l/lang/yo.res" 1901
"../../../Engine/Content/Internationalization/icudt64l/lang/yo_BJ.res" 1902
"../../../Engine/Content/Internationalization/icudt64l/region/yo_BJ.res" 1903
"../../../Engine/Content/Internationalization/icudt64l/region/yo.res" 1904
"../../../Engine/Content/Internationalization/icudt64l/lang/yue.res" 1905
"../../../Engine/Content/Internationalization/icudt64l/lang/yue_Hans.res" 1906
"../../../Engine/Content/Internationalization/icudt64l/lang/yue_CN.res" 1907
"../../../Engine/Content/Internationalization/icudt64l/lang/yue_Hans_CN.res" 1908
"../../../Engine/Content/Internationalization/icudt64l/region/yue_CN.res" 1909
"../../../Engine/Content/Internationalization/icudt64l/region/yue_Hans_CN.res" 1910
"../../../Engine/Content/Internationalization/icudt64l/region/yue_Hans.res" 1911
"../../../Engine/Content/Internationalization/icudt64l/lang/yue_Hant.res" 1912
"../../../Engine/Content/Internationalization/icudt64l/lang/yue_HK.res" 1913
"../../../Engine/Content/Internationalization/icudt64l/lang/yue_Hant_HK.res" 1914
"../../../Engine/Content/Internationalization/icudt64l/region/yue_HK.res" 1915
"../../../Engine/Content/Internationalization/icudt64l/region/yue_Hant_HK.res" 1916
"../../../Engine/Content/Internationalization/icudt64l/region/yue_Hant.res" 1917
"../../../Engine/Content/Internationalization/icudt64l/region/yue.res" 1918
"../../../Engine/Content/Internationalization/icudt64l/lang/zgh.res" 1919
"../../../Engine/Content/Internationalization/icudt64l/region/zgh.res" 1920
"../../../Engine/Content/Internationalization/icudt64l/lang/zh.res" 1921
"../../../Engine/Content/Internationalization/icudt64l/lang/zh_Hans.res" 1922
"../../../Engine/Content/Internationalization/icudt64l/lang/zh_CN.res" 1923
"../../../Engine/Content/Internationalization/icudt64l/lang/zh_Hans_CN.res" 1924
"../../../Engine/Content/Internationalization/icudt64l/region/zh_CN.res" 1925
"../../../Engine/Content/Internationalization/icudt64l/region/zh_Hans_CN.res" 1926
"../../../Engine/Content/Internationalization/icudt64l/region/zh_Hans.res" 1927
"../../../Engine/Content/Internationalization/icudt64l/region/zh.res" 1928
"../../../Engine/Content/Internationalization/icudt64l/lang/zh_HK.res" 1929
"../../../Engine/Content/Internationalization/icudt64l/lang/zh_Hant_HK.res" 1930
"../../../Engine/Content/Internationalization/icudt64l/lang/zh_Hant.res" 1931
"../../../Engine/Content/Internationalization/icudt64l/region/zh_HK.res" 1932
"../../../Engine/Content/Internationalization/icudt64l/region/zh_Hant_HK.res" 1933
"../../../Engine/Content/Internationalization/icudt64l/region/zh_Hant.res" 1934
"../../../Engine/Content/Internationalization/icudt64l/lang/zh_MO.res" 1935
"../../../Engine/Content/Internationalization/icudt64l/lang/zh_Hant_MO.res" 1936
"../../../Engine/Content/Internationalization/icudt64l/region/zh_MO.res" 1937
"../../../Engine/Content/Internationalization/icudt64l/region/zh_Hant_MO.res" 1938
"../../../Engine/Content/Internationalization/icudt64l/lang/zh_SG.res" 1939
"../../../Engine/Content/Internationalization/icudt64l/lang/zh_Hans_SG.res" 1940
"../../../Engine/Content/Internationalization/icudt64l/region/zh_SG.res" 1941
"../../../Engine/Content/Internationalization/icudt64l/region/zh_Hans_SG.res" 1942
"../../../Engine/Content/Internationalization/icudt64l/lang/zh_TW.res" 1943
"../../../Engine/Content/Internationalization/icudt64l/lang/zh_Hant_TW.res" 1944
"../../../Engine/Content/Internationalization/icudt64l/region/zh_TW.res" 1945
"../../../Engine/Content/Internationalization/icudt64l/region/zh_Hant_TW.res" 1946
"../../../Engine/Content/Internationalization/icudt64l/lang/zu.res" 1947
"../../../Engine/Content/Internationalization/icudt64l/region/zu.res" 1948
"../../../Engine/Content/Internationalization/icudt64l/lang/no.res" 1949
"../../../Engine/Content/Internationalization/icudt64l/lang/tl.res" 1950
"../../../Engine/Config/Android/DataDrivenPlatformInfo.ini" 1951
"../../../Engine/Config/IOS/DataDrivenPlatformInfo.ini" 1952
"../../../Engine/Config/Linux/DataDrivenPlatformInfo.ini" 1953
"../../../Engine/Config/Mac/DataDrivenPlatformInfo.ini" 1954
"../../../Engine/Config/TVOS/DataDrivenPlatformInfo.ini" 1955
"../../../Engine/Config/Unix/DataDrivenPlatformInfo.ini" 1956
"../../../Engine/Config/VulkanPC/DataDrivenPlatformInfo.ini" 1957
"../../../Engine/Config/Windows/DataDrivenPlatformInfo.ini" 1958
"../../../Engine/Platforms/VisionOS/Config/DataDrivenPlatformInfo.ini" 1959
"../../../Engine/Content/Renderer/TessellationTable.bin" 1960
"../../../Engine/DerivedDataCache/Compressed.ddp" 1961
"C:/Users/andre/AppData/Local/UnrealEngine/5.6/Saved/Zen/zen.version" 1962
"C:/Users/andre/AppData/Local/UnrealEngine/Common/Zen/Install/zen.version" 1963
"C:/Users/andre/AppData/Local/UnrealEngine/Common/Zen/Install/zenserver.runcontext" 1964
"C:/Users/andre/AppData/Local/UnrealEngine/Common/DerivedDataCache/TestData/0/TestData_4kb.dat" 1965
"C:/Users/andre/AppData/Local/UnrealEngine/Common/DerivedDataCache/TestData/1/TestData_4kb.dat" 1966
"C:/Users/andre/AppData/Local/UnrealEngine/Common/DerivedDataCache/TestData/0/TestData_8kb.dat" 1967
"C:/Users/andre/AppData/Local/UnrealEngine/Common/DerivedDataCache/TestData/1/TestData_8kb.dat" 1968
"C:/Users/andre/AppData/Local/UnrealEngine/Common/DerivedDataCache/TestData/0/TestData_16kb.dat" 1969
"C:/Users/andre/AppData/Local/UnrealEngine/Common/DerivedDataCache/TestData/1/TestData_16kb.dat" 1970
"C:/Users/andre/AppData/Local/UnrealEngine/Common/DerivedDataCache/TestData/0/TestData_64kb.dat" 1971
"C:/Users/andre/AppData/Local/UnrealEngine/Common/DerivedDataCache/TestData/1/TestData_64kb.dat" 1972
"C:/Users/andre/AppData/Local/UnrealEngine/Common/DerivedDataCache/TestData/0/TestData_128kb.dat" 1973
"C:/Users/andre/AppData/Local/UnrealEngine/Common/DerivedDataCache/TestData/1/TestData_128kb.dat" 1974
"C:/Users/andre/AppData/Local/UnrealEngine/Common/DerivedDataCache/TestData/0/TestData_256kb.dat" 1975
"C:/Users/andre/AppData/Local/UnrealEngine/Common/DerivedDataCache/TestData/1/TestData_256kb.dat" 1976
"C:/Users/andre/AppData/Roaming/Unreal Engine/UnrealBuildTool/BuildConfiguration.xml" 1977
"C:/Users/andre/OneDrive/Documents/Unreal Projects/Artkana_Project/Intermediate/ShaderAutogen/PCD3D_SM6/AutogenShaderHeaders.ush" 1978
"../../../Engine/Shaders/Private/HairStrands/HairStrandsVertexFactory.ush" 1979
"../../../Engine/Shaders/Private/VertexFactoryCommon.ush" 1980
"../../../Engine/Shaders/Private/Common.ush" 1981
"../../../Engine/Shaders/Public/Platform.ush" 1982
"../../../Engine/Shaders/Public/FP16Math.ush" 1983
"../../../Engine/Shaders/Public/Platform/D3D/D3DCommon.ush" 1984
"../../../Engine/Shaders/Shared/HLSLReservedSpaces.h" 1985
"../../../Engine/Shaders/Public/BindlessResources.ush" 1986
"../../../Engine/Shaders/Public/Platform/D3D/PlatformBindlessResources.ush" 1987
"../../../Engine/Shaders/Shared/RayTracingBuiltInResources.h" 1988
"../../../Engine/Shaders/Shared/RayTracingDefinitions.h" 1989
"../../../Engine/Shaders/Public/OverloadMacros.ush" 1990
"../../../Engine/Shaders/Public/ShaderVersion.ush" 1991
"../../../Engine/Shaders/Shared/ThirdParty/NVIDIA/nvHLSLExtns.h" 1992
"../../../Engine/Shaders/Shared/ThirdParty/NVIDIA/nvHLSLExtnsInternal.h" 1993
"../../../Engine/Shaders/Shared/ThirdParty/NVIDIA/nvShaderExtnEnums.h" 1994
"../../../Engine/Shaders/Private/PackUnpack.ush" 1995
"../../../Engine/Shaders/Private/GeneratedUniformBufferTypes.ush" 1996
"../../../Engine/Shaders/Private/Nanite/NanitePackedNaniteView.ush" 1997
"../../../Engine/Shaders/Private/HairStrands/HairStrandsVisibilityCommonStruct.ush" 1998
"../../../Engine/Shaders/Private/HairStrands/HairStrandsVoxelPageCommonStruct.ush" 1999
"../../../Engine/Shaders/Private/HairStrands/HairStrandsDeepShadowCommonStruct.ush" 2000
"../../../Engine/Shaders/Shared/LightSceneData.h" 2001
"../../../Engine/Shaders/Shared/HLSLTypeAliases.h" 2002
"../../../Engine/Shaders/Private/LargeWorldCoordinates.ush" 2003
"../../../Engine/Shaders/Private/DoubleFloat.ush" 2004
"../../../Engine/Shaders/Private/RandomPCG.ush" 2005
"../../../Engine/Shaders/Private/DoubleFloatOperations.ush" 2006
"../../../Engine/Shaders/Private/DoubleFloatVectorDefinition.ush" 2007
"../../../Engine/Shaders/Private/LWCOperations.ush" 2008
"../../../Engine/Shaders/Shared/LightViewData.h" 2009
"../../../Engine/Shaders/Shared/RayTracingTypes.h" 2010
"../../../Engine/Shaders/Shared/HLSLStaticAssert.h" 2011
"../../../Engine/Shaders/Private/CommonViewUniformBuffer.ush" 2012
"../../../Engine/Shaders/Private/InstancedStereo.ush" 2013
"../../../Engine/Shaders/Private/Definitions.usf" 2014
"../../../Engine/Shaders/Private/AssertionMacros.ush" 2015
"../../../Engine/Shaders/Private/FastMath.ush" 2016
"../../../Engine/Shaders/Private/FastMathThirdParty.ush" 2017
"../../../Engine/Shaders/Private/Random.ush" 2018
"../../../Engine/Shaders/Private/RandomInterleavedGradientNoise.ush" 2019
"../../../Engine/Shaders/Private/SceneData.ush" 2020
"../../../Engine/Shaders/Private/OctahedralCommon.ush" 2021
"../../../Engine/Shaders/Private/WaveOpUtil.ush" 2022
"../../../Engine/Shaders/Private/ByteBuffer.ush" 2023
"../../../Engine/Shaders/Shared/SceneDefinitions.h" 2024
"../../../Engine/Shaders/Private/SceneDataMobileLoader.ush" 2025
"../../../Engine/Shaders/Private/LocalVertexFactoryCommon.ush" 2026
"../../../Engine/Shaders/Private/HairStrands/HairStrandsVisibilityCommon.ush" 2027
"../../../Engine/Shaders/Shared/HairStrandsDefinitions.h" 2028
"../../../Engine/Shaders/Private/HairStrands/HairStrandsVertexFactoryCommon.ush" 2029
"../../../Engine/Shaders/Private/HairStrands/HairStrandsPack.ush" 2030
"../../../Engine/Shaders/Private/HairStrands/HairStrandsAttributeCommon.ush" 2031
"../../../Engine/Shaders/Private/HairStrands/HairStrandsAttributeTemplate.ush" 2032
"../../../Engine/Shaders/Private/VertexFactoryDefaultInterface.ush" 2033
"../../../Engine/Shaders/Private/HairStrands/HairCardsVertexFactory.ush" 2034
"../../../Engine/Shaders/Private/HairStrands/HairCardsAttributeCommon.ush" 2035
"../../../Engine/Shaders/Private/RayTracing/RayTracingCommon.ush" 2036
"../../../Engine/Shaders/Private/ShadingCommon.ush" 2037
"../../../Engine/Shaders/Shared/RayTracingPayloadType.h" 2038
"../../../Engine/Shaders/Private/RayTracing/RayTracingRayCone.ush" 2039
"../../../Engine/Shaders/Private/Substrate/Substrate.ush" 2040
"../../../Engine/Shaders/Private/ShadingEnergyConservation.ush" 2041
"../../../Engine/Shaders/Private/ShadingEnergyConservationTemplate.ush" 2042
"../../../Engine/Shaders/Private/BRDF.ush" 2043
"../../../Engine/Shaders/Private/ColorSpace.ush" 2044
"../../../Engine/Shaders/Private/DeferredShadingCommon.ush" 2045
"../../../Engine/Shaders/Private/LightAccumulator.ush" 2046
"../../../Engine/Shaders/Private/SceneTexturesCommon.ush" 2047
"../../../Engine/Shaders/Private/MonteCarlo.ush" 2048
"../../../Engine/Shaders/Private/GBufferHelpers.ush" 2049
"../../../Engine/Shaders/Private/SceneTextureParameters.ush" 2050
"../../../Engine/Shaders/Private/ParticipatingMediaCommon.ush" 2051
"../../../Engine/Shaders/Private/ThinFilmBSDF.ush" 2052
"../../../Engine/Shaders/Private/MortonCode.ush" 2053
"../../../Engine/Shaders/Private/SubsurfaceProfileCommon.ush" 2054
"../../../Engine/Shaders/Private/BurleyNormalizedSSSCommon.ush" 2055
"../../../Engine/Shaders/Private/GammaCorrectionCommon.ush" 2056
"../../../Engine/Shaders/Shared/SubstrateDefinitions.h" 2057
"../../../Engine/Shaders/Private/Substrate/SubstrateStatisticalOperators.ush" 2058
"../../../Engine/Shaders/Private/Substrate/SubstrateSubsurface.ush" 2059
"../../../Engine/Shaders/Private/TransmissionCommon.ush" 2060
"../../../Engine/Shaders/Private/Substrate/SubstrateExportCommon.ush" 2061
"../../../Engine/Shaders/Private/SpecularProfileCommon.ush" 2062
"../../../Engine/Shaders/Private/RayTracing/RayTracingCommonMetal.ush" 2063
"../../../Engine/Shaders/Private/PositionReconstructionCommon.ush" 2064
"../../../Engine/Shaders/Private/RayTracing/TraceRayInline.ush" 2065
"../../../Engine/Shaders/Private/RayTracing/TraceRayInlineCommon.ush" 2066
"../../../Engine/Shaders/Private/RayTracing/TraceRayInlineVulkan.ush" 2067
"../../../Engine/Shaders/Private/RayTracing/TraceRayInlineMetal.ush" 2068
"../../../Engine/Shaders/Private/RayTracing/TraceRayInlineD3D12.ush" 2069
"../../../Engine/Shaders/Private/RayTracing/RayTracingHitGroupCommon.ush" 2070
"../../../Engine/Shaders/Private/Nanite/NaniteRayTrace.ush" 2071
"../../../Engine/Shaders/Private/Nanite/NaniteDataDecode.ush" 2072
"../../../Engine/Shaders/Private/BitPacking.ush" 2073
"../../../Engine/Shaders/Private/BitStreamReaderImplementation.ush" 2074
"../../../Engine/Shaders/Private/BoneTransform.ush" 2075
"../../../Engine/Shaders/Private/Quaternion.ush" 2076
"../../../Engine/Shaders/Shared/NaniteDefinitions.h" 2077
"../../../Engine/Shaders/Shared/SkinningDefinitions.h" 2078
"../../../Engine/Shaders/Private/Nanite/NaniteAttributeDecode.ush" 2079
"../../../Engine/Shaders/Private/Barycentrics.ush" 2080
"../../../Engine/Shaders/Private/DualNumber.ush" 2081
"../../../Engine/Shaders/Shared/ThirdParty/RayTriangleIntersection.h" 2082
"../../../Engine/Shaders/Private/Nanite/NaniteVertexFetch.ush" 2083
"../../../Engine/Shaders/Private/Nanite/NaniteSceneCommon.ush" 2084
"../../../Engine/Plugins/FX/Niagara/Shaders/Private/NiagaraSpriteVertexFactory.ush" 2085
"../../../Engine/Shaders/Private/ParticleVertexFactoryCommon.ush" 2086
"../../../Engine/Plugins/FX/Niagara/Shaders/Private/NiagaraVFCommon.usf" 2087
"../../../Engine/Plugins/FX/Niagara/Shaders/Private/NiagaraVFParticleAccess.usf" 2088
"../../../Engine/Plugins/FX/Niagara/Shaders/Private/NiagaraParticleAccess.ush" 2089
"../../../Engine/Plugins/FX/Niagara/Shaders/Private/NiagaraRibbonVertexFactory.ush" 2090
"../../../Engine/Plugins/FX/Niagara/Shaders/Private/NiagaraMeshVertexFactory.ush" 2091
"../../../Engine/Plugins/FX/Niagara/Shaders/Private/NiagaraCommon.ush" 2092
"../../../Engine/Plugins/FX/Niagara/Shaders/Private/NiagaraMeshParticleUtils.ush" 2093
"../../../Engine/Shaders/Private/VectorFieldVisualizationVertexFactory.ush" 2094
"../../../Engine/Shaders/Private/Nanite/NaniteVertexFactory.ush" 2095
"../../../Engine/Shaders/Private/LightmapData.ush" 2096
"../../../Engine/Shaders/Private/SplineMeshCommon.ush" 2097
"../../../Engine/Shaders/Shared/SplineMeshShaderParams.h" 2098
"../../../Engine/Shaders/Private/ShaderPrint.ush" 2099
"../../../Engine/Shaders/Private/ShaderPrintCommon.ush" 2100
"../../../Engine/Shaders/Private/MiniFontCommon.ush" 2101
"../../../Engine/Shaders/Private/MaterialCache/MaterialCacheCommon.ush" 2102
"../../../Engine/Shaders/Shared/MaterialCacheDefinitions.h" 2103
"../../../Engine/Shaders/Private/Nanite/NaniteVertexDeformation.ush" 2104
"../../../Engine/Shaders/Private/ViewData.ush" 2105
"../../../Engine/Shaders/Shared/ViewDefinitions.h" 2106
"../../../Engine/Shaders/Private/Matrices.ush" 2107
"../../../Engine/Shaders/Private/ParticleSpriteVertexFactory.ush" 2108
"../../../Engine/Shaders/Private/ParticleGPUSpriteVertexFactory.ush" 2109
"../../../Engine/Shaders/Private/ParticleSimulationCommon.ush" 2110
"../../../Engine/Shaders/Private/ParticleBeamTrailVertexFactory.ush" 2111
"../../../Engine/Shaders/Private/MeshParticleVertexFactory.ush" 2112
"../../../Engine/Shaders/Private/LocalVertexFactory.ush" 2113
"../../../Engine/Shaders/Private/GpuSkinCommon.ush" 2114
"../../../Engine/Shaders/Private/GpuSkinVertexFactory.ush" 2115
"../../../Engine/Shaders/Private/GeometryCollectionVertexFactory.ush" 2116
"../../../Engine/Shaders/Private/GeometryCacheVertexFactory.ush" 2117
"../../../Engine/Shaders/Private/LandscapeVertexFactory.ush" 2118
"../../../Engine/Plugins/Experimental/Compositing/CompositeCore/Shaders/Private/CompositeCoreMerge.usf" 2119
"../../../Engine/Shaders/Private/ScreenPass.ush" 2120
"../../../Engine/Shaders/Private/LensDistortion.ush" 2121
"../../../Engine/Plugins/Experimental/Compositing/CompositeCore/Shaders/Private/CompositeCoreDisplayTransform.usf" 2122
"../../../Engine/Plugins/Experimental/Compositing/CompositeCore/Shaders/Private/CompositeCoreDilate.usf" 2123
"../../../Engine/Plugins/VirtualProduction/CameraCalibrationCore/Shaders/Private/CrosshairOverlay.usf" 2124
"../../../Engine/Plugins/VirtualProduction/CameraCalibrationCore/Shaders/Private/DisplacementMapBlending.usf" 2125
"../../../Engine/Plugins/VirtualProduction/CameraCalibrationCore/Shaders/Private/RecenterSTDisplacementMaps.usf" 2126
"../../../Engine/Plugins/VirtualProduction/CameraCalibrationCore/Shaders/Private/FillSTDisplacementMap.usf" 2127
"../../../Engine/Plugins/VirtualProduction/CameraCalibrationCore/Shaders/Private/InvertDisplacementMap.usf" 2128
"../../../Engine/Plugins/VirtualProduction/CameraCalibrationCore/Shaders/Private/CropDisplacementMap.usf" 2129
"../../../Engine/Plugins/VirtualProduction/CameraCalibrationCore/Shaders/Private/BlendDisplacementMaps.usf" 2130
"../../../Engine/Plugins/VirtualProduction/CameraCalibrationCore/Shaders/Private/DrawDisplacementMaps.usf" 2131
"../../../Engine/Plugins/VirtualProduction/CameraCalibrationCore/Shaders/Private/UndistortImagePoints.usf" 2132
"../../../Engine/Plugins/VirtualProduction/CameraCalibrationCore/Shaders/Private/DistortionSTMapProcessor.usf" 2133
"../../../Engine/Plugins/Runtime/HairStrands/Shaders/Private/NiagaraCopyVelocityGrid.usf" 2134
"../../../Engine/Plugins/Runtime/HairStrands/Shaders/Private/NiagaraClearVelocityGrid.usf" 2135
"../../../Engine/Plugins/Runtime/HairStrands/Shaders/Private/NiagaraClearPressureGrid.usf" 2136
"../../../Engine/Plugins/Runtime/HairStrands/Shaders/Private/NiagaraInterpolateGroomGuides.usf" 2137
"../../../Engine/Plugins/Runtime/HairStrands/Shaders/Private/NiagaraGroomInterpolationUtils.ush" 2138
"../../../Engine/Plugins/FX/Niagara/Shaders/Private/NiagaraQuaternionUtils.ush" 2139
"../../../Engine/Shaders/Private/HairStrands/HairStrandsMesh.usf" 2140
"../../../Engine/Shaders/Private/HairStrands/HairStrandsBindingCommon.ush" 2141
"../../../Engine/Shaders/Private/HairStrands/HairStrandsFollicleMask.usf" 2142
"../../../Engine/Shaders/Private/HairStrands/HairStrandsSkinUpdate.usf" 2143
"../../../Engine/Shaders/Private/HairStrands/HairStrandsClusterCulling.usf" 2144
"../../../Engine/Shaders/Private/ColorMap.ush" 2145
"../../../Engine/Shaders/Private/HairStrands/HairStrandsAABBCommon.ush" 2146
"../../../Engine/Shaders/Private/HairStrands/HairStrandsClusterCommon.ush" 2147
"../../../Engine/Shaders/Private/ThreadGroupPrefixSum.ush" 2148
"../../../Engine/Shaders/Private/HairStrands/HairStrandsRaytracingGeometry.usf" 2149
"../../../Engine/Shaders/Private/HairStrands/HairStrandsTangent.usf" 2150
"../../../Engine/Shaders/Private/HairStrands/HairCardsDeformation.usf" 2151
"../../../Engine/Shaders/Private/HairStrands/HairStrandsInterpolation.usf" 2152
"../../../Engine/Shaders/Private/HairStrands/HairStrandsGuideDeform.usf" 2153
"../../../Engine/Shaders/Private/HairStrands/HairStrandsTexturesGeneration.usf" 2154
"../../../Engine/Shaders/Private/HairStrands/HairCardsTextureCommon.ush" 2155
"../../../Engine/Shaders/Private/HairStrands/HairStrandsTranscode.usf" 2156
"../../../Engine/Shaders/Private/HairStrands/HairStrandsDebug.usf" 2157
"../../../Engine/Shaders/Private/HairShadingCommon.ush" 2158
"../../../Engine/Shaders/Private/PostProcessCommon.ush" 2159
"../../../Engine/Shaders/Private/ShadingModels.ush" 2160
"../../../Engine/Shaders/Private/CapsuleLight.ush" 2161
"../../../Engine/Shaders/Private/RectLight.ush" 2162
"../../../Engine/Shaders/Private/LightData.ush" 2163
"../../../Engine/Shaders/Shared/LightDefinitions.h" 2164
"../../../Engine/Shaders/Private/AreaLightCommon.ush" 2165
"../../../Engine/Shaders/Private/HairBsdf.ush" 2166
"../../../Engine/Shaders/Private/MobileGGX.ush" 2167
"../../../Engine/Shaders/Private/HairStrands/HairStrandsCommon.ush" 2168
"../../../Engine/Shaders/Private/HairStrands/HairStrandsEnvironmentLightingCommon.ush" 2169
"../../../Engine/Shaders/Private/HairStrands/HairStrandsDeepTransmittanceCommon.ush" 2170
"../../../Engine/Shaders/Private/HairStrands/HairStrandsDeepTransmittanceDualScattering.ush" 2171
"../../../Engine/Shaders/Private/HairStrands/HairStrandsDeepShadowCommon.ush" 2172
"../../../Engine/Shaders/Private/HairStrands/HairStrandsDebugCommonStruct.ush" 2173
"../../../Engine/Plugins/Runtime/ComputeFramework/Shaders/Private/ComputeKernel.usf" 2174
"../../../Engine/Plugins/Runtime/ComputeFramework/Shaders/Private/ComputeKernelCommon.ush" 2175
"../../../Engine/Plugins/NNE/NNEDenoiser/Shaders/NNEDenoiserShadersTransferFunctionOidn.usf" 2176
"../../../Engine/Plugins/NNE/NNEDenoiser/Shaders/NNEDenoiserShadersMappedCopy.usf" 2177
"../../../Engine/Plugins/NNE/NNEDenoiser/Shaders/NNEDenoiserShadersDefaultIOProcess.usf" 2178
"../../../Engine/Plugins/NNE/NNEDenoiser/Shaders/NNEDenoiserShadersAutoExposureReduceFinal.usf" 2179
"../../../Engine/Plugins/NNE/NNEDenoiser/Shaders/NNEDenoiserShadersAutoExposureReduce.usf" 2180
"../../../Engine/Plugins/NNE/NNEDenoiser/Shaders/NNEDenoiserShadersAutoExposureDownsample.usf" 2181
"../../../Engine/Plugins/Media/WmfMedia/Shaders/Private/MediaHardwareVideoDecoding.usf" 2182
"../../../Engine/Shaders/Private/ColorUtils.ush" 2183
"../../../Engine/Plugins/Media/ImgMedia/Shaders/Private/ExrSwizzler.usf" 2184
"../../../Engine/Plugins/Enterprise/GLTFExporter/Shaders/Private/SimpleTexture2DPS.usf" 2185
"../../../Engine/Shaders/Private/SimpleElementNormalMapPixelShader.usf" 2186
"../../../Engine/Plugins/FX/Niagara/Shaders/Private/NiagaraVertexFactoryExport.usf" 2187
"../../../Engine/Shaders/Private/ComputeShaderUtils.ush" 2188
"../../../Engine/Shaders/Private/MaterialTemplate.ush" 2189
"../../../Engine/Shaders/Private/WorldSpaceMath.ush" 2190
"../../../Engine/Shaders/Private/EyeAdaptationCommon.ush" 2191
"../../../Engine/Shaders/Private/SobolRandom.ush" 2192
"../../../Engine/Shaders/Private/DepthOfFieldCommon.ush" 2193
"../../../Engine/Shaders/Private/CircleDOFCommon.ush" 2194
"../../../Engine/Shaders/Private/DistanceField/GlobalDistanceFieldShared.ush" 2195
"../../../Engine/Shaders/Private/PhysicsFieldSampler.ush" 2196
"../../../Engine/Shaders/Private/PhysicsFieldShared.ush" 2197
"../../../Engine/Shaders/Private/SparseVolumeTexture/SparseVolumeTextureCommon.ush" 2198
"../../../Engine/Shaders/Shared/EnvironmentComponentsFlags.h" 2199
"../../../Engine/Shaders/Private/MeshPaintTextureCommon.ush" 2200
"../../../Engine/Shaders/Private/VirtualTextureMaterial.ush" 2201
"../../../Engine/Shaders/Private/MaterialCache/MaterialCacheMaterialCommon.ush" 2202
"../../../Engine/Shaders/Private/MaterialCache/MaterialCacheABuffer.ush" 2203
"../../../Engine/Shaders/Private/SpeedTreeCommon.ush" 2204
"../../../Engine/Shaders/Private/VirtualTextureCommon.ush" 2205
"../../../Engine/Shaders/Private/MaterialTexture.ush" 2206
"../../../Engine/Shaders/Private/MinMaterialTexCoords.ush" 2207
"../../../Engine/Shaders/Private/SkyAtmosphereCommon.ush" 2208
"../../../Engine/Shaders/Private/SingleLayerWaterCommon.ush" 2209
"../../../Engine/Shaders/Private/TextureSampling.ush" 2210
"../../../Engine/Shaders/Private/PaniniProjection.ush" 2211
"../../../Engine/Shaders/Private/DBufferNormalReprojection.ush" 2212
"../../../Engine/Shaders/Public/SubstratePublic.ush" 2213
"../../../Engine/Shaders/Private/Substrate/SubstrateTree.ush" 2214
"../../../Engine/Shaders/Private/Substrate/SubstrateEvaluation.ush" 2215
"../../../Engine/Shaders/Private/Substrate/Glint/GlintThirdParty.ush" 2216
"../../../Engine/Shaders/Private/BlueNoise.ush" 2217
"../../../Engine/Shaders/Private/SHCommon.ush" 2218
"../../../Engine/Shaders/Private/ShadingModelsSampling.ush" 2219
"../../../Engine/Shaders/Private/HairStrands/HairBsdfSample.ush" 2220
"../../../Engine/Shaders/Private/Substrate/SubstrateLegacyConversion.ush" 2221
"../../../Engine/Shaders/Private/DBufferDecalShared.ush" 2222
"../../../Engine/Plugins/FX/Niagara/Shaders/Private/NiagaraSortKeyGen.usf" 2223
"../../../Engine/Plugins/FX/Niagara/Shaders/Private/NiagaraGPURayTracingTransforms.usf" 2224
"../../../Engine/Plugins/FX/Niagara/Shaders/Private/NiagaraDrawIndirectArgsGen.usf" 2225
"../../../Engine/Plugins/FX/Niagara/Shaders/Private/NiagaraDispatchIndirectArgsGen.usf" 2226
"../../../Engine/Plugins/FX/Niagara/Shaders/Private/Stateless/NiagaraStatelessSimulationDefault.usf" 2227
"../../../Engine/Plugins/FX/Niagara/Shaders/Private/Stateless/NiagaraStatelessSimulationTemplate.ush" 2228
"../../../Engine/Plugins/FX/Niagara/Shaders/Private/Stateless/NiagaraStatelessCommon.ush" 2229
"../../../Engine/Plugins/FX/Niagara/Shaders/Shared/NiagaraStatelessDefinitions.h" 2230
"../../../Engine/Plugins/FX/Niagara/Shaders/Shared/NiagaraStatelessBuiltDistribution.h" 2231
"../../../Engine/Plugins/FX/Niagara/Shaders/Private/Stateless/NiagaraStatelessDistribution.ush" 2232
"../../../Engine/Plugins/FX/Niagara/Shaders/Private/Stateless/Modules/NiagaraStatelessModule_CalculateAccurateVelocity.ush" 2233
"../../../Engine/Plugins/FX/Niagara/Shaders/Private/Stateless/Modules/NiagaraStatelessModule_CameraOffset.ush" 2234
"../../../Engine/Plugins/FX/Niagara/Shaders/Private/Stateless/Modules/NiagaraStatelessModule_DynamicMaterialParameters.ush" 2235
"../../../Engine/Plugins/FX/Niagara/Shaders/Private/Stateless/Modules/NiagaraStatelessModule_InitializeParticle.ush" 2236
"../../../Engine/Plugins/FX/Niagara/Shaders/Private/Stateless/Modules/NiagaraStatelessModule_InitialMeshOrientation.ush" 2237
"../../../Engine/Plugins/FX/Niagara/Shaders/Private/Stateless/Modules/NiagaraStatelessModule_MeshIndex.ush" 2238
"../../../Engine/Plugins/FX/Niagara/Shaders/Private/Stateless/Modules/NiagaraStatelessModule_MeshRotationRate.ush" 2239
"../../../Engine/Plugins/FX/Niagara/Shaders/Private/Stateless/Modules/NiagaraStatelessModule_RotateAroundPoint.ush" 2240
"../../../Engine/Plugins/FX/Niagara/Shaders/Private/Stateless/Modules/NiagaraStatelessModule_ShapeLocation.ush" 2241
"../../../Engine/Plugins/FX/Niagara/Shaders/Private/Stateless/Modules/NiagaraStatelessModule_ScaleColor.ush" 2242
"../../../Engine/Plugins/FX/Niagara/Shaders/Private/Stateless/Modules/NiagaraStatelessModule_ScaleRibbonWidth.ush" 2243
"../../../Engine/Plugins/FX/Niagara/Shaders/Private/Stateless/Modules/NiagaraStatelessModule_ScaleSpriteSize.ush" 2244
"../../../Engine/Plugins/FX/Niagara/Shaders/Private/Stateless/Modules/NiagaraStatelessModule_ScaleSpriteSizeBySpeed.ush" 2245
"../../../Engine/Plugins/FX/Niagara/Shaders/Private/Stateless/Modules/NiagaraStatelessModule_ScaleMeshSize.ush" 2246
"../../../Engine/Plugins/FX/Niagara/Shaders/Private/Stateless/Modules/NiagaraStatelessModule_ScaleMeshSizebySpeed.ush" 2247
"../../../Engine/Plugins/FX/Niagara/Shaders/Private/Stateless/Modules/NiagaraStatelessModule_SolveVelocitiesAndForces.ush" 2248
"../../../Engine/Plugins/FX/Niagara/Shaders/Private/Stateless/Modules/NiagaraStatelessModule_SpriteFacingAndAlignment.ush" 2249
"../../../Engine/Plugins/FX/Niagara/Shaders/Private/Stateless/Modules/NiagaraStatelessModule_SpriteRotationRate.ush" 2250
"../../../Engine/Plugins/FX/Niagara/Shaders/Private/Stateless/Modules/NiagaraStatelessModule_SubUVAnimation.ush" 2251
"../../../Engine/Plugins/FX/Niagara/Shaders/Private/NiagaraBlendSVTsToDenseBuffer.usf" 2252
"../../../Engine/Plugins/FX/Niagara/Shaders/Private/NiagaraSVTToDenseBuffer.usf" 2253
"../../../Engine/Plugins/FX/Niagara/Shaders/Private/NiagaraFillIntBuffer.usf" 2254
"../../../Engine/Plugins/FX/Niagara/Shaders/Private/NiagaraComputeFreeIDs.usf" 2255
"../../../Engine/Plugins/FX/Niagara/Shaders/Private/NiagaraInitFreeIDBuffer.usf" 2256
"../../../Engine/Plugins/FX/Niagara/Shaders/Private/NiagaraEmitterInstanceShader.usf" 2257
"../../../Engine/Plugins/FX/Niagara/Shaders/Private/NiagaraShaderVersion.ush" 2258
"../../../Engine/Plugins/FX/Niagara/Shaders/Private/NiagaraPhysicsCommon.ush" 2259
"../../../Engine/Plugins/FX/Niagara/Shaders/Private/Ribbons/NiagaraRibbonAggregationApply.usf" 2260
"../../../Engine/Plugins/FX/Niagara/Shaders/Private/Ribbons/NiagaraRibbonCommon.ush" 2261
"../../../Engine/Plugins/FX/Niagara/Shaders/Private/Ribbons/NiagaraRibbonAggregationStep.usf" 2262
"../../../Engine/Plugins/FX/Niagara/Shaders/Private/Ribbons/NiagaraRibbonGenerateIndices.usf" 2263
"../../../Engine/Plugins/FX/Niagara/Shaders/Private/Ribbons/NiagaraRibbonInitializeIndices.usf" 2264
"../../../Engine/Plugins/FX/Niagara/Shaders/Private/Ribbons/NiagaraRibbonRibbonUVParamCalculation.usf" 2265
"../../../Engine/Plugins/FX/Niagara/Shaders/Private/Ribbons/NiagaraRibbonVertexReductionFinalization.usf" 2266
"../../../Engine/Plugins/FX/Niagara/Shaders/Private/Ribbons/NiagaraRibbonVertexReductionInitialization.usf" 2267
"../../../Engine/Plugins/FX/Niagara/Shaders/Private/Ribbons/NiagaraRibbonSortParticles.usf" 2268
"../../../Engine/Plugins/FX/Niagara/Shaders/Private/NiagaraLWCHelper.usf" 2269
"../../../Engine/Plugins/FX/Niagara/Shaders/Private/NiagaraUpdateMeshGPUSceneInstances.usf" 2270
"../../../Engine/Shaders/Private/GPUScene/GPUSceneWriter.ush" 2271
"../../../Engine/Plugins/FX/Niagara/Shaders/Private/NiagaraGenerateMips.usf" 2272
"../../../Engine/Plugins/FX/Niagara/Shaders/Private/NiagaraDebugDraw.usf" 2273
"../../../Engine/Plugins/FX/Niagara/Shaders/Private/NiagaraDebugDraw.ush" 2274
"../../../Engine/Plugins/FX/Niagara/Shaders/Private/NiagaraVisualizeTexture.usf" 2275
"../../../Engine/Plugins/FX/Niagara/Shaders/Private/NiagaraClearCounts.usf" 2276
"../../../Engine/Plugins/FX/Niagara/Shaders/Private/NiagaraBatchedElements.usf" 2277
"../../../Engine/Plugins/FX/Niagara/Shaders/Private/NiagaraRayTracingShaders.usf" 2278
"../../../Engine/Plugins/FX/Niagara/Shaders/Private/NiagaraAsyncGpuTraceCommon.ush" 2279
"../../../Engine/Shaders/Private/HashTable.ush" 2280
"../../../Engine/Shaders/Private/Hash.ush" 2281
"../../../Engine/Shaders/Private/RayTracing/VFXTraceRay.ush" 2282
"../../../Engine/Plugins/FX/Niagara/Shaders/Private/NiagaraRayMarchingShaders.usf" 2283
"../../../Engine/Plugins/FX/Niagara/Shaders/Private/NiagaraRayTraceCollisionGroupShaders.usf" 2284
"../../../Engine/Plugins/FX/Niagara/Shaders/Private/NiagaraAsyncGpuTraceUtils.usf" 2285
"../../../Engine/Plugins/Experimental/NFORDenoise/Shaders/NFORDenoise.usf" 2286
"../../../Engine/Plugins/Experimental/NFORDenoise/Shaders/NFORRegressionCommon.ush" 2287
"../../../Engine/Plugins/Experimental/NFORDenoise/Shaders/NFORRegression.ush" 2288
"../../../Engine/Shaders/Private/VirtualTextureAdapter.usf" 2289
"../../../Engine/Shaders/Private/BlockCompressionCommon.ush" 2290
"../../../Engine/Shaders/Private/BCCompressionCommon.ush" 2291
"../../../Engine/Shaders/Private/TranslucentLightingShaders.usf" 2292
"../../../Engine/Shaders/Private/CubemapCommon.ush" 2293
"../../../Engine/Shaders/Private/VectorFieldCompositeShaders.usf" 2294
"../../../Engine/Shaders/Private/UpdateTextureShaders.usf" 2295
"../../../Engine/Shaders/Private/StereoLayerShader.usf" 2296
"../../../Engine/Shaders/Private/SparseVolumeTexture/UpdateSparseVolumeTexture.usf" 2297
"../../../Engine/Shaders/Private/MorphTargets.usf" 2298
"../../../Engine/Shaders/Private/SimpleElementColorChannelMaskPixelShader.usf" 2299
"../../../Engine/Shaders/Private/SimpleElementHitProxyPixelShader.usf" 2300
"../../../Engine/Shaders/Private/SimpleElementPixelShader.usf" 2301
"../../../Engine/Shaders/Private/IESLightProfilesCommon.ush" 2302
"../../../Engine/Shaders/Private/SimpleElementVertexShader.usf" 2303
"../../../Engine/Shaders/Private/ScreenPixelShaderOES.usf" 2304
"../../../Engine/Shaders/Private/ScreenVertexShader.usf" 2305
"../../../Engine/Shaders/Private/ScreenPixelShader.usf" 2306
"../../../Engine/Shaders/Private/SSProfilePreIntegratedMobile.usf" 2307
"../../../Engine/Shaders/Private/SpecularProfile.usf" 2308
"../../../Engine/Shaders/Private/Nanite/NaniteStreaming.usf" 2309
"../../../Engine/Shaders/Private/Nanite/NaniteStreaming.ush" 2310
"../../../Engine/Shaders/Private/Nanite/NaniteTranscode.usf" 2311
"../../../Engine/Shaders/Private/VolumetricLightmapStreaming.usf" 2312
"../../../Engine/Shaders/Private/PhysicsFieldReset.usf" 2313
"../../../Engine/Shaders/Private/PhysicsFieldBuilder.usf" 2314
"../../../Engine/Shaders/Private/PhysicsFieldEval.ush" 2315
"../../../Engine/Shaders/Private/ParticleSortKeyGen.usf" 2316
"../../../Engine/Shaders/Private/ParticleBoundsShader.usf" 2317
"../../../Engine/Shaders/Private/ParticleSimVisualizeShader.usf" 2318
"../../../Engine/Shaders/Private/ParticleInjectionShader.usf" 2319
"../../../Engine/Shaders/Private/ParticleSimulationShader.usf" 2320
"../../../Engine/Shaders/Private/ParticleCurveInjectionShader.usf" 2321
"../../../Engine/Shaders/Private/CopyUIntBuffer.usf" 2322
"../../../Engine/Shaders/Private/RadixSortShaders.usf" 2323
"../../../Engine/Shaders/Private/RecomputeTangentsPerVertexPass.usf" 2324
"../../../Engine/Shaders/Private/RecomputeTangentsCommon.ush" 2325
"../../../Engine/Shaders/Private/RecomputeTangentsPerTrianglePass.usf" 2326
"../../../Engine/Shaders/Private/GpuSkinCacheComputeShader.usf" 2327
"../../../Engine/Shaders/Private/HeightFieldAtlasManagement.usf" 2328
"../../../Engine/Shaders/Private/Landscape/LandscapeEditLayersUtils.usf" 2329
"../../../Engine/Shaders/Private/Landscape/LandscapeCommon.ush" 2330
"../../../Engine/Shaders/Private/Landscape/LandscapeEditLayersWeightmaps.usf" 2331
"../../../Engine/Shaders/Private/Landscape/LandscapeEditLayersHeightmaps.usf" 2332
"../../../Engine/Shaders/Private/Landscape/LandscapeLayersWeightmapsPS.usf" 2333
"../../../Engine/Shaders/Private/Landscape/LandscapeLayersHeightmapsPS.usf" 2334
"../../../Engine/Shaders/Private/LandscapeLayersCS.usf" 2335
"../../../Engine/Shaders/Private/LandscapeLayersPS.usf" 2336
"../../../Engine/Shaders/Private/LandscapeLayersVS.usf" 2337
"../../../Engine/Shaders/Private/LandscapePhysicalMaterial.usf" 2338
"../../../Engine/Shaders/Private/LandscapeGrassWeight.usf" 2339
"../../../Engine/Shaders/Private/Landscape/LandscapeCulling.usf" 2340
"../../../Engine/Shaders/Private/Nanite/NaniteHZBCull.ush" 2341
"../../../Engine/Shaders/Private/HZB.ush" 2342
"../../../Engine/Shaders/Private/Landscape/LandscapeMergeTexturesPS.usf" 2343
"../../../Engine/Shaders/Private/WideCustomResolveShaders.usf" 2344
"../../../Engine/Shaders/Private/WideCustomResolve_Wide.ush" 2345
"../../../Engine/Shaders/Private/WideCustomResolve_Wider.ush" 2346
"../../../Engine/Shaders/Private/WideCustomResolve_Widest.ush" 2347
"../../../Engine/Shaders/Private/WaterInfoTextureBlur.usf" 2348
"../../../Engine/Shaders/Private/WaterInfoTextureMerge.usf" 2349
"../../../Engine/Shaders/Private/PageTableUpdate.usf" 2350
"../../../Engine/Shaders/Private/VirtualTextureCompress.usf" 2351
"../../../Engine/Shaders/Private/ASTCCompressionCommon.ush" 2352
"../../../Engine/Shaders/Private/IntegerSequenceEncoding.ush" 2353
"../../../Engine/Shaders/Private/ETCCompressionCommon.ush" 2354
"../../../Engine/Shaders/Private/VirtualTextureMaterial.usf" 2355
"../../../Engine/Shaders/Private/PixelShaderOutputCommon.ush" 2356
"../../../Engine/Shaders/Private/ShaderOutputCommon.ush" 2357
"../../../Engine/Shaders/Private/VolumetricRenderTarget.usf" 2358
"../../../Engine/Shaders/Private/HeightFogCommon.ush" 2359
"../../../Engine/Shaders/Private/LocalFogVolumes/LocalFogVolumeCommon.ush" 2360
"../../../Engine/Shaders/Private/ReflectionEnvironmentShared.ush" 2361
"../../../Engine/Shaders/Private/VolumetricFogVoxelization.usf" 2362
"../../../Engine/Shaders/Private/VolumetricCloudMaterialPixelCommon.ush" 2363
"../../../Engine/Shaders/Private/VolumetricFogLightFunction.usf" 2364
"../../../Engine/Shaders/Private/LightFunctionCommon.ush" 2365
"../../../Engine/Shaders/Private/VolumetricFog.usf" 2366
"../../../Engine/Shaders/Private/DeferredLightingCommon.ush" 2367
"../../../Engine/Shaders/Private/DynamicLightingCommon.ush" 2368
"../../../Engine/Shaders/Private/CapsuleLightIntegrate.ush" 2369
"../../../Engine/Shaders/Private/CapsuleLightSampling.ush" 2370
"../../../Engine/Shaders/Private/RectLightIntegrate.ush" 2371
"../../../Engine/Shaders/Private/ScreenSpaceShadowRayCast.ush" 2372
"../../../Engine/Shaders/Private/LightFunctionAtlas/LightFunctionAtlasCommon.usf" 2373
"../../../Engine/Shaders/Private/HeterogeneousVolumes/HeterogeneousVolumesAdaptiveVolumetricShadowMapSampling.ush" 2374
"../../../Engine/Shaders/Private/HeterogeneousVolumes/HeterogeneousVolumesAdaptiveVolumetricShadowMapUtils.ush" 2375
"../../../Engine/Shaders/Private/HeterogeneousVolumes/HeterogeneousVolumesRayMarchingUtils.ush" 2376
"../../../Engine/Shaders/Private/HeterogeneousVolumes/HeterogeneousVolumesRayMarchingTypes.ush" 2377
"../../../Engine/Shaders/Private/PathTracing/Utilities/PathTracingRandomSequence.ush" 2378
"../../../Engine/Shaders/Private/HeterogeneousVolumes/HeterogeneousVolumesTracingUtils.ush" 2379
"../../../Engine/Shaders/Private/VelocityCommon.ush" 2380
"../../../Engine/Shaders/Private/HeterogeneousVolumes/HeterogeneousVolumesTransmittanceVolumeUtils.ush" 2381
"../../../Engine/Shaders/Private/ForwardShadowingCommon.ush" 2382
"../../../Engine/Shaders/Private/ShadowFilteringCommon.ush" 2383
"../../../Engine/Shaders/Private/PixelQuadMessagePassing.ush" 2384
"../../../Engine/Shaders/Private/VolumeLightingCommon.ush" 2385
"../../../Engine/Shaders/Private/ShadowProjectionCommon.ush" 2386
"../../../Engine/Shaders/Private/VolumeLightingCommonSampling.ush" 2387
"../../../Engine/Shaders/Private/Lumen/LumenTranslucencyVolumeShared.ush" 2388
"../../../Engine/Shaders/Private/Lumen/LumenRadianceCacheInterpolation.ush" 2389
"../../../Engine/Shaders/Private/HeterogeneousVolumes/HeterogeneousVolumesAdaptiveVolumetricShadowMapSampler.ush" 2390
"../../../Engine/Shaders/Private/LightGridCommon.ush" 2391
"../../../Engine/Shaders/Private/DistanceFieldAOShared.ush" 2392
"../../../Engine/Shaders/Private/IntersectionUtils.ush" 2393
"../../../Engine/Shaders/Private/VolumetricLightmapShared.ush" 2394
"../../../Engine/Shaders/Private/LightDataUniforms.ush" 2395
"../../../Engine/Shaders/Private/VirtualShadowMaps/VirtualShadowMapProjectionCommon.ush" 2396
"../../../Engine/Shaders/Private/VirtualShadowMaps/VirtualShadowMapPageAccessCommon.ush" 2397
"../../../Engine/Shaders/Shared/VirtualShadowMapDefinitions.h" 2398
"../../../Engine/Shaders/Shared/HLSLMathAliases.h" 2399
"../../../Engine/Shaders/Private/VirtualShadowMaps/VirtualShadowMapProjectionStructs.ush" 2400
"../../../Engine/Shaders/Private/VolumetricCloudCommon.ush" 2401
"../../../Engine/Shaders/Private/VolumetricCloud.usf" 2402
"../../../Engine/Shaders/Private/VisualizeVolumetricLightmap.usf" 2403
"../../../Engine/Shaders/Private/VirtualShadowMaps/VirtualShadowMapProjectionComposite.usf" 2404
"../../../Engine/Shaders/Private/LightShaderParameters.ush" 2405
"../../../Engine/Shaders/Private/VirtualShadowMaps/VirtualShadowMapMaskBitsCommon.ush" 2406
"../../../Engine/Shaders/Private/VirtualShadowMaps/VirtualShadowMapLightGrid.ush" 2407
"../../../Engine/Shaders/Private/VirtualShadowMaps/VirtualShadowMapProjection.usf" 2408
"../../../Engine/Shaders/Private/Visualization.ush" 2409
"../../../Engine/Shaders/Private/VirtualShadowMaps/VirtualShadowMapProjectionFilter.ush" 2410
"../../../Engine/Shaders/Private/VirtualShadowMaps/VirtualShadowMapProjectionDirectional.ush" 2411
"../../../Engine/Shaders/Private/VirtualShadowMaps/VirtualShadowMapSMRTCommon.ush" 2412
"../../../Engine/Shaders/Private/VirtualShadowMaps/VirtualShadowMapSMRTTemplate.ush" 2413
"../../../Engine/Shaders/Private/VirtualShadowMaps/VirtualShadowMapProjectionSpot.ush" 2414
"../../../Engine/Shaders/Private/VirtualShadowMaps/VirtualShadowMapTransmissionCommon.ush" 2415
"../../../Engine/Shaders/Private/VirtualShadowMaps/VirtualShadowMapScreenRayTrace.ush" 2416
"../../../Engine/Shaders/Private/VirtualShadowMaps/VirtualShadowMapStats.ush" 2417
"../../../Engine/Shaders/Private/HairStrands/HairStrandsVoxelPageCommon.ush" 2418
"../../../Engine/Shaders/Private/HairStrands/HairStrandsVoxelPageTraversal.ush" 2419
"../../../Engine/Shaders/Private/VirtualShadowMaps/VirtualShadowMapCacheGPUInvalidation.usf" 2420
"../../../Engine/Shaders/Private/VirtualShadowMaps/VirtualShadowMapPageCacheCommon.ush" 2421
"../../../Engine/Shaders/Private/VirtualShadowMaps/VirtualShadowMapCacheInvalidation.ush" 2422
"../../../Engine/Shaders/Private/VirtualShadowMaps/VirtualShadowMapPageOverlap.ush" 2423
"../../../Engine/Shaders/Private/ScreenSpaceDenoise/SSDDefinitions.ush" 2424
"../../../Engine/Shaders/Private/InstanceCulling/InstanceCullingLoadBalancer.ush" 2425
"../../../Engine/Shaders/Private/VirtualShadowMaps/VirtualShadowMapCacheLoadBalancer.usf" 2426
"../../../Engine/Shaders/Private/VirtualShadowMaps/VirtualShadowMapCopyStats.usf" 2427
"../../../Engine/Shaders/Private/VirtualShadowMaps/VirtualShadowMapDebug.usf" 2428
"../../../Engine/Shaders/Private/VirtualShadowMaps/Desaturate.usf" 2429
"../../../Engine/Shaders/Private/VirtualShadowMaps/VirtualShadowMapPhysicalPageManagement.usf" 2430
"../../../Engine/Shaders/Private/ReductionCommon.ush" 2431
"../../../Engine/Shaders/Private/GPUMessaging.ush" 2432
"../../../Engine/Shaders/Private/VirtualShadowMaps/VirtualShadowMapPerPageDispatch.ush" 2433
"../../../Engine/Shaders/Private/VirtualShadowMaps/VirtualShadowMapCompactViews.usf" 2434
"../../../Engine/Shaders/Shared/SceneCullingDefinitions.h" 2435
"../../../Engine/Shaders/Private/VirtualShadowMaps/VirtualShadowMapBuildPerPageDrawCommands.usf" 2436
"../../../Engine/Shaders/Private/Nanite/NaniteCullingCommon.ush" 2437
"../../../Engine/Shaders/Private/Nanite/NaniteCulling.ush" 2438
"../../../Engine/Shaders/Private/Nanite/NaniteHierarchyTraversalCommon.ush" 2439
"../../../Engine/Shaders/Private/InstanceCulling/InstanceCullingCommon.ush" 2440
"../../../Engine/Shaders/Shared/InstanceCullingDefinitions.h" 2441
"../../../Engine/Shaders/Private/VirtualShadowMaps/VirtualShadowMapPrintStats.usf" 2442
"../../../Engine/Shaders/Private/VirtualShadowMaps/VirtualShadowMapPageManagement.usf" 2443
"../../../Engine/Shaders/Private/VirtualShadowMaps/VirtualShadowMapPageMarking.usf" 2444
"../../../Engine/Shaders/Shared/SingleLayerWaterDefinitions.h" 2445
"../../../Engine/Shaders/Private/HairStrands/HairStrandsTileCommon.ush" 2446
"../../../Engine/Shaders/Private/Froxel/Froxel.ush" 2447
"../../../Engine/Shaders/Shared/FroxelDefinitions.h" 2448
"../../../Engine/Shaders/Private/DiaphragmDOF/DOFCommon.ush" 2449
"../../../Engine/Shaders/Private/VariableRateShading/VRSShadingRatePreview.usf" 2450
"../../../Engine/Shaders/Private/VariableRateShading/VRSShadingRateCommon.ush" 2451
"../../../Engine/Shaders/Private/VariableRateShading/VRSShadingRateCombine.usf" 2452
"../../../Engine/Shaders/Private/VariableRateShading/VRSShadingRateFoveated.usf" 2453
"../../../Engine/Shaders/Private/VariableRateShading/VRSShadingRateReproject.usf" 2454
"../../../Engine/Shaders/Private/VariableRateShading/VRSShadingRateCalculate.usf" 2455
"../../../Engine/Shaders/Private/TranslucencyUpsampling.usf" 2456
"../../../Engine/Shaders/Private/ComposeSeparateTranslucency.usf" 2457
"../../../Engine/Shaders/Private/SeparateTranslucency.ush" 2458
"../../../Engine/Shaders/Private/TranslucentLightInjectionShaders.usf" 2459
"../../../Engine/Shaders/Private/TranslucentShadowDepthShaders.usf" 2460
"../../../Engine/Shaders/Private/ShadowDepthCommon.ush" 2461
"../../../Engine/Shaders/Private/RayTracing/RayTracingTest.usf" 2462
"../../../Engine/Shaders/Private/PostprocessSubsurfaceTile.usf" 2463
"../../../Engine/Shaders/Private/PostProcessSubsurfaceCommon.ush" 2464
"../../../Engine/Shaders/Private/Substrate/SubstrateVisualize.usf" 2465
"../../../Engine/Shaders/Private/Substrate/SubstrateTile.ush" 2466
"../../../Engine/Shaders/Shared/SubstrateVisualizeDefinitions.h" 2467
"../../../Engine/Shaders/Private/Substrate/SubstrateVisualizeCommon.ush" 2468
"../../../Engine/Shaders/Private/SkyLightingDiffuseShared.ush" 2469
"../../../Engine/Shaders/Private/SkyLightingShared.ush" 2470
"../../../Engine/Shaders/Private/ClearCoatCommon.ush" 2471
"../../../Engine/Shaders/Private/ReflectionEnvironmentComposite.ush" 2472
"../../../Engine/Shaders/Private/Substrate/SubstrateLightingCommon.ush" 2473
"../../../Engine/Shaders/Private/Substrate/SubstrateRoughRefraction.usf" 2474
"../../../Engine/Shaders/Private/PathTracing/Material/PathTracingFresnel.ush" 2475
"../../../Engine/Shaders/Private/PathTracing/Material/PathTracingGlossy.ush" 2476
"../../../Engine/Shaders/Private/Substrate/SubstrateMaterialSampling.usf" 2477
"../../../Engine/Shaders/Private/Substrate/SubstrateMaterialSampling.ush" 2478
"../../../Engine/Shaders/Private/Lumen/LumenPosition.ush" 2479
"../../../Engine/Shaders/Private/Substrate/SubstrateTile.usf" 2480
"../../../Engine/Shaders/Private/Substrate/SubstrateMaterialClassification.usf" 2481
"../../../Engine/Shaders/Private/Substrate/SubstrateDBuffer.usf" 2482
"../../../Engine/Shaders/Private/StochasticLighting/StochasticLightingDenoising.usf" 2483
"../../../Engine/Shaders/Private/Lumen/LumenMaterial.ush" 2484
"../../../Engine/Shaders/Private/StochasticLighting/StochasticLightingCommon.ush" 2485
"../../../Engine/Shaders/Private/SplineMeshSceneTexture.usf" 2486
"../../../Engine/Shaders/Private/SparseVolumeTexture/VisualizeSparseVolumeTexture.usf" 2487
"../../../Engine/Shaders/Private/SkyAtmosphere.usf" 2488
"../../../Engine/Shaders/Private/Skinning/SkinnedMeshDebug.usf" 2489
"../../../Engine/Shaders/Private/Skinning/AnimBankEval.usf" 2490
"../../../Engine/Shaders/Private/SingleLayerWaterComposite.usf" 2491
"../../../Engine/Shaders/Private/Froxel/FroxelBuild.ush" 2492
"../../../Engine/Shaders/Private/SingleLayerWaterRefractionCulling.usf" 2493
"../../../Engine/Shaders/Private/ScreenSpaceShadows.usf" 2494
"../../../Engine/Shaders/Private/bend_sss_gpu.ush" 2495
"../../../Engine/Shaders/Private/ShadowFactorsUpsampleCommon.ush" 2496
"../../../Engine/Shaders/Private/FirstPersonSelfShadow.usf" 2497
"../../../Engine/Shaders/Private/HZBTracing.ush" 2498
"../../../Engine/Shaders/Private/ShadowProjectionVertexShader.usf" 2499
"../../../Engine/Shaders/Private/ShadowProjectionPixelShader.usf" 2500
"../../../Engine/Shaders/Private/MobileLightingCommon.ush" 2501
"../../../Engine/Shaders/Private/PlanarReflectionShared.ush" 2502
"../../../Engine/Shaders/Private/MobileSSR.ush" 2503
"../../../Engine/Shaders/Private/SSRT/SSRTRayCast.ush" 2504
"../../../Engine/Shaders/Private/ShadowPercentageCloserFiltering.ush" 2505
"../../../Engine/Shaders/Private/TransmissionThickness.ush" 2506
"../../../Engine/Shaders/Private/CopyShadowMaps.usf" 2507
"../../../Engine/Shaders/Private/ShadowDepthPixelShader.usf" 2508
"../../../Engine/Shaders/Private/ShadowDepthVertexShader.usf" 2509
"../../../Engine/Shaders/Private/ShadingEnergyConservationTable.usf" 2510
"../../../Engine/Shaders/Shared/PathTracingDefinitions.h" 2511
"../../../Engine/Shaders/Private/ShadingFurnaceTest.usf" 2512
"../../../Engine/Shaders/Private/Substrate/SubstrateDeferredLighting.ush" 2513
"../../../Engine/Shaders/Private/ShaderPrintDraw.usf" 2514
"../../../Engine/Shaders/Private/ShaderPrintDrawPrimitive.usf" 2515
"../../../Engine/Shaders/Private/DefaultSSRTiles.usf" 2516
"../../../Engine/Shaders/Private/ScreenSpaceReflectionTileCommons.ush" 2517
"../../../Engine/Shaders/Private/SSRT/SSRTDiffuseIndirect.usf" 2518
"../../../Engine/Shaders/Private/SSRT/SSRTTileClassificationBuffer.ush" 2519
"../../../Engine/Shaders/Private/SSRT/SSRTReflections.usf" 2520
"../../../Engine/Shaders/Private/ScreenSpaceDenoise/SSDPublic.ush" 2521
"../../../Engine/Shaders/Private/SSRT/SSRTTileClassification.usf" 2522
"../../../Engine/Shaders/Private/SSRT/SSRTPrevFrameReduction.usf" 2523
"../../../Engine/Shaders/Private/ScreenSpaceDenoise/SSDComposeHarmonics.usf" 2524
"../../../Engine/Shaders/Private/ScreenSpaceDenoise/SSDPublicHarmonics.ush" 2525
"../../../Engine/Shaders/Private/ScreenSpaceDenoise/SSDSignalFramework.ush" 2526
"../../../Engine/Shaders/Private/ScreenSpaceDenoise/SSDCommon.ush" 2527
"../../../Engine/Shaders/Private/SphericalGaussian.ush" 2528
"../../../Engine/Shaders/Public/WaveBroadcastIntrinsics.ush" 2529
"../../../Engine/Shaders/Private/ScreenSpaceDenoise/SSDMetadata.ush" 2530
"../../../Engine/Shaders/Private/ScreenSpaceDenoise/SSDSignalCore.ush" 2531
"../../../Engine/Shaders/Private/ScreenSpaceDenoise/DenoisingCommon.ush" 2532
"../../../Engine/Shaders/Private/ScreenSpaceDenoise/SSDSignalArray.ush" 2533
"../../../Engine/Shaders/Private/ScreenSpaceDenoise/SSDSignalBufferEncoding.ush" 2534
"../../../Engine/Shaders/Private/ScreenSpaceDenoise/SSDPublicBufferEncoding.ush" 2535
"../../../Engine/Shaders/Private/Lumen/LumenBufferEncoding.ush" 2536
"../../../Engine/Shaders/Private/ScreenSpaceDenoise/SSDTemporalAccumulation.usf" 2537
"../../../Engine/Shaders/Private/ScreenSpaceDenoise/SSDSpatialKernel.ush" 2538
"../../../Engine/Shaders/Private/ScreenSpaceDenoise/SSDSignalAccumulatorArray.ush" 2539
"../../../Engine/Shaders/Private/ScreenSpaceDenoise/SSDSignalAccumulator.ush" 2540
"../../../Engine/Shaders/Private/ScreenSpaceDenoise/SSDSignalCompression.ush" 2541
"../../../Engine/Shaders/Private/ScreenSpaceDenoise/SSDSpatialAccumulation.usf" 2542
"../../../Engine/Shaders/Private/ScreenSpaceDenoise/SSDInjest.usf" 2543
"../../../Engine/Shaders/Private/ScreenSpaceDenoise/SSDCompressMetadata.usf" 2544
"../../../Engine/Shaders/Private/DownsampleDepthPixelShader.usf" 2545
"../../../Engine/Shaders/Private/ScreenPass.usf" 2546
"../../../Engine/Shaders/Private/HZB.usf" 2547
"../../../Engine/Shaders/Private/OcclusionFeedbackShaders.usf" 2548
"../../../Engine/Shaders/Private/HZBOcclusion.usf" 2549
"../../../Engine/Shaders/Private/OcclusionQueryPixelShader.usf" 2550
"../../../Engine/Shaders/Private/OcclusionQueryVertexShader.usf" 2551
"../../../Engine/Shaders/Private/HitProxyCopy.usf" 2552
"../../../Engine/Shaders/Private/HitProxyPixelShader.usf" 2553
"../../../Engine/Shaders/Private/HitProxyVertexShader.usf" 2554
"../../../Engine/Shaders/Private/SceneCulling/SceneCullingDebugRender.usf" 2555
"../../../Engine/Shaders/Private/SceneCulling/SceneCulling.ush" 2556
"../../../Engine/Shaders/Private/SceneCulling/SceneCullingBuildExplicitBounds.usf" 2557
"../../../Engine/Shaders/Private/SceneCapturePixelShader.usf" 2558
"../../../Engine/Shaders/Private/RendererUtils.usf" 2559
"../../../Engine/Shaders/Private/RTWriteMaskDecode.usf" 2560
"../../../Engine/Shaders/Private/ReflectionEnvironmentShaders.usf" 2561
"../../../Engine/Shaders/Private/RectLightAtlas.usf" 2562
"../../../Engine/Shaders/Private/RayTracing/TraceRayInlineStatistics.usf" 2563
"../../../Engine/Shaders/Private/RayTracing/CompositeSkyLightPS.usf" 2564
"../../../Engine/Shaders/Private/RayTracing/GenerateSkyLightVisibilityRaysCS.usf" 2565
"../../../Engine/Shaders/Private/RayTracing/RayTracingSkyLightCommon.ush" 2566
"../../../Engine/Shaders/Private/RayTracing/SkyLightVisibilityRaysData.ush" 2567
"../../../Engine/Shaders/Private/Raytracing/RaytracingSkylightRGS.usf" 2568
"../../../Engine/Shaders/Private/HairStrands/HairStrandsRaytracing.ush" 2569
"../../../Engine/Shaders/Private/Raytracing/RayTracingSkyLightEvaluation.ush" 2570
"../../../Engine/Shaders/Private/Raytracing/RayTracingDeferredShadingCommon.ush" 2571
"../../../Engine/Shaders/Private/RayTracing/RayTracingOcclusionRGS.usf" 2572
"../../../Engine/Shaders/Private/RayTracing/RayTracingDirectionalLight.ush" 2573
"../../../Engine/Shaders/Private/RayTracing/RayTracingRectLight.ush" 2574
"../../../Engine/Shaders/Private/RayTracing/RayTracingSphereLight.ush" 2575
"../../../Engine/Shaders/Private/RayTracing/RayTracingCapsuleLight.ush" 2576
"../../../Engine/Shaders/Private/Raytracing/RayTracingFeedback.usf" 2577
"../../../Engine/Shaders/Shared/RayTracingDebugTypes.h" 2578
"../../../Engine/Shaders/Private/RayTracing/RayTracingPrimaryRays.usf" 2579
"../../../Engine/Shaders/Private/RayTracing/RayTracingLightingCommon.ush" 2580
"../../../Engine/Shaders/Private/RayTracing/RayTracingLightCullingCommon.ush" 2581
"../../../Engine/Shaders/Private/RayTracing/RayTracingMaterialDefaultHitShaders.usf" 2582
"../../../Engine/Shaders/Private/RayTracing/RayTracingMaterialHitShaders.usf" 2583
"../../../Engine/Shaders/Private/RayTracing/RayTracingShaderUtils.ush" 2584
"../../../Engine/Shaders/Private/RayTracing/RayTracingCalcInterpolants.ush" 2585
"../../../Engine/Shaders/Private/LightmapCommon.ush" 2586
"../../../Engine/Shaders/Private/Lumen/LumenHardwareRayTracingPayloadCommon.ush" 2587
"../../../Engine/Shaders/Shared/LumenDefinitions.h" 2588
"../../../Engine/Shaders/Private/Substrate/SubstrateExport.ush" 2589
"../../../Engine/Shaders/Private/RayTracing/RayTracingLightingMS.usf" 2590
"../../../Engine/Shaders/Private/Lumen/LumenDiffuseColorBoost.ush" 2591
"../../../Engine/Shaders/Private/RayTracing/RayTracingLightFunctionCommon.ush" 2592
"../../../Engine/Shaders/Private/RayTracing/RayTracingBuildLightGrid.usf" 2593
"../../../Engine/Shaders/Private/Raytracing/RayTracingInstanceBufferUtil.usf" 2594
"../../../Engine/Shaders/Private/RayTracing/RayTracingDynamicMesh.usf" 2595
"../../../Engine/Shaders/Private/RayTracing/RayTracingDefaultDecalHitShader.usf" 2596
"../../../Engine/Shaders/Private/RayTracing/RayTracingDecalMaterialShader.usf" 2597
"../../../Engine/Shaders/Private/PathTracing/PathTracingShaderUtils.ush" 2598
"../../../Engine/Shaders/Private/PathTracing/PathTracingCommon.ush" 2599
"../../../Engine/Shaders/Private/PathTracing/Material/PathTracingMaterialCommon.ush" 2600
"../../../Engine/Shaders/Private/PathTracing/Utilities/PathTracingRIS.ush" 2601
"../../../Engine/Shaders/Private/RayTracing/RayTracingBuildDecalGrid.usf" 2602
"../../../Engine/Shaders/Private/RayTracing/RayTracingDebugHitStatsUtils.usf" 2603
"../../../Engine/Shaders/Private/RayTracing/RayTracingDebugInstanceOverlap.usf" 2604
"../../../Engine/Shaders/Private/RayTracing/RayTracingDebugPicking.usf" 2605
"../../../Engine/Shaders/Private/RayTracing/RayTracingDebugUtils.ush" 2606
"../../../Engine/Shaders/Private/RayTracing/RayTracingDebugTraversal.usf" 2607
"../../../Engine/Shaders/Private/RayTracing/RayTracingDeferredMaterials.ush" 2608
"../../../Engine/Shaders/Shared/ThirdParty/AMD/ags_shader_intrinsics_dx12.h" 2609
"../../../Engine/Shaders/Shared/RayTracingDebugDefinitions.h" 2610
"../../../Engine/Shaders/Private/RayTracing/RayTracingDebugHitStatsCHS.usf" 2611
"../../../Engine/Shaders/Private/RayTracing/RayTracingDebugHitStats.usf" 2612
"../../../Engine/Shaders/Private/RayTracing/RayTracingDebugMS.usf" 2613
"../../../Engine/Shaders/Private/RayTracing/RayTracingDebugCHS.usf" 2614
"../../../Engine/Shaders/Private/RayTracing/RayTracingDebug.usf" 2615
"../../../Engine/Shaders/Private/RayTracing/RayTracingBuiltInShaders.usf" 2616
"../../../Engine/Shaders/Private/RayTracing/RayTracingBarycentrics.usf" 2617
"../../../Engine/Shaders/Private/RayTracing/RayTracingAmbientOcclusionRGS.usf" 2618
"../../../Engine/Shaders/Private/VisualizeShadingModels.usf" 2619
"../../../Engine/Shaders/Private/MotionBlur/VisualizeMotionVectors.usf" 2620
"../../../Engine/Shaders/Private/TemporalSuperResolution/TSRVisualize.usf" 2621
"../../../Engine/Shaders/Private/TemporalSuperResolution/TSRColorSpace.ush" 2622
"../../../Engine/Shaders/Private/TemporalSuperResolution/TSRCommon.ush" 2623
"../../../Engine/Shaders/Public/DualPixelVectorization.ush" 2624
"../../../Engine/Shaders/Private/TemporalSuperResolution/TSRReprojectionField.ush" 2625
"../../../Engine/Shaders/Private/TemporalSuperResolution/TSRResolveHistory.usf" 2626
"../../../Engine/Shaders/Private/TemporalSuperResolution/TSRConvolutionNetwork.ush" 2627
"../../../Engine/Shaders/Private/TemporalSuperResolution/TSRKernels.ush" 2628
"../../../Engine/Shaders/Public/LaneVectorization.ush" 2629
"../../../Engine/Shaders/Private/TemporalSuperResolution/TSRUpdateHistory.usf" 2630
"../../../Engine/Shaders/Private/TemporalSuperResolution/TSRSpatialAntiAliasing.ush" 2631
"../../../Engine/Shaders/Private/TemporalSuperResolution/TSRSpatialAntiAliasing.usf" 2632
"../../../Engine/Shaders/Private/TemporalSuperResolution/TSRRejectShading.usf" 2633
"../../../Engine/Shaders/Private/TemporalSuperResolution/TSRShadingAnalysis.ush" 2634
"../../../Engine/Shaders/Private/TemporalSuperResolution/TSRConvolutionNetworkPass.ush" 2635
"../../../Engine/Shaders/Private/TemporalSuperResolution/TSRDecimateHistory.usf" 2636
"../../../Engine/Shaders/Private/TemporalSuperResolution/TSRDepthVelocityAnalysis.ush" 2637
"../../../Engine/Shaders/Private/TemporalSuperResolution/TSRClosestOccluder.ush" 2638
"../../../Engine/Shaders/Private/TemporalSuperResolution/TSRWeightRelaxation.usf" 2639
"../../../Engine/Shaders/Private/TemporalSuperResolution/TSRThinGeometryCommon.ush" 2640
"../../../Engine/Shaders/Private/TemporalSuperResolution/TSRDetectThinGeometry.usf" 2641
"../../../Engine/Shaders/Private/TemporalSuperResolution/TSRDilateVelocity.usf" 2642
"../../../Engine/Shaders/Private/MotionBlur/MotionBlurVelocityFlatten.ush" 2643
"../../../Engine/Shaders/Private/MotionBlur/MotionBlurCommon.ush" 2644
"../../../Engine/Shaders/Private/TemporalSuperResolution/TSRClearPrevTextures.usf" 2645
"../../../Engine/Shaders/Private/TemporalSuperResolution/TSRMeasureCoverage.usf" 2646
"../../../Engine/Shaders/Private/TemporalSuperResolution/TSRMeasureFlickeringLuma.usf" 2647
"../../../Engine/Shaders/Private/TemporalAA.usf" 2648
"../../../Engine/Shaders/Private/FilterPixelShader.usf" 2649
"../../../Engine/Shaders/Private/FilterVertexShader.usf" 2650
"../../../Engine/Shaders/Private/VisualizeVirtualTexture.usf" 2651
"../../../Engine/Shaders/Private/PostProcessVisualizeBuffer.usf" 2652
"../../../Engine/Shaders/Private/PostProcessVisualizeLocalExposure.usf" 2653
"../../../Engine/Shaders/Private/PostProcessHistogramCommon.ush" 2654
"../../../Engine/Shaders/Private/TonemapCommon.ush" 2655
"../../../Engine/Shaders/Private/ACES/ACESCommon.ush" 2656
"../../../Engine/Shaders/Private/ACES/ACESOutputTransform.ush" 2657
"../../../Engine/Shaders/Private/ACES/ACESUtilities.ush" 2658
"../../../Engine/Shaders/Private/ACES/ACESTonescale.ush" 2659
"../../../Engine/Shaders/Private/ACES/ACESDisplayEncoding.ush" 2660
"../../../Engine/Shaders/Private/ACES/ACES_v1.3.ush" 2661
"../../../Engine/Shaders/Private/PostProcessVisualizeLevelInstance.usf" 2662
"../../../Engine/Shaders/Private/PostProcessVisualizeHDR.usf" 2663
"../../../Engine/Shaders/Private/ShaderComplexityApplyPixelShader.usf" 2664
"../../../Engine/Shaders/Private/QuadOverdraw.ush" 2665
"../../../Engine/Shaders/Private/PostProcessUpscale.usf" 2666
"../../../Engine/Shaders/Private/PostProcessTonemap.usf" 2667
"../../../Engine/Shaders/Private/PostProcessing/FilmGrainPackConstants.usf" 2668
"../../../Engine/Shaders/Private/PostProcessing/FilmGrainReduce.usf" 2669
"../../../Engine/Shaders/Private/PostProcessTestImage.usf" 2670
"../../../Engine/Shaders/Private/PostProcessSubsurface.usf" 2671
"../../../Engine/Shaders/Private/SeparableSSS.ush" 2672
"../../../Engine/Shaders/Private/SubsurfaceBurleyNormalized.ush" 2673
"../../../Engine/Shaders/Private/PostProcessSelectionOutline.usf" 2674
"../../../Engine/Shaders/Private/MotionBlur/MotionBlurVisualize.usf" 2675
"../../../Engine/Shaders/Private/MotionBlur/MotionBlurApply.usf" 2676
"../../../Engine/Shaders/Private/MotionBlur/MotionBlurFilterTileClassify.usf" 2677
"../../../Engine/Shaders/Private/MotionBlur/MotionBlurTileScatter.usf" 2678
"../../../Engine/Shaders/Private/MotionBlur/MotionBlurTileGather.usf" 2679
"../../../Engine/Shaders/Private/MotionBlur/MotionBlurVelocityFlatten.usf" 2680
"../../../Engine/Shaders/Private/PostProcessMobile.usf" 2681
"../../../Engine/Shaders/Private/PostProcessMitchellNetravali.usf" 2682
"../../../Engine/Shaders/Private/PostProcessMaterialShaders.usf" 2683
"../../../Engine/Shaders/Private/NeuralPostProcessCommon.usf" 2684
"../../../Engine/Shaders/Private/PostProcessLocalExposure.usf" 2685
"../../../Engine/Shaders/Private/PostProcessLensFlares.usf" 2686
"../../../Engine/Shaders/Private/PostProcessGBufferHints.usf" 2687
"../../../Engine/Shaders/Private/PostProcessHMD.usf" 2688
"../../../Engine/Shaders/Private/Histogram.usf" 2689
"../../../Engine/Shaders/Private/PostProcessHistogramReduce.usf" 2690
"../../../Engine/Shaders/Private/PostProcessHistogram.usf" 2691
"../../../Engine/Shaders/Private/Bloom/BloomFinalizeApplyConstants.usf" 2692
"../../../Engine/Shaders/Private/Bloom/BloomCommon.ush" 2693
"../../../Engine/Shaders/Private/Bloom/BloomResizeKernel.usf" 2694
"../../../Engine/Shaders/Private/Bloom/BloomDownsampleKernel.usf" 2695
"../../../Engine/Shaders/Private/Bloom/BloomClampKernel.usf" 2696
"../../../Engine/Shaders/Private/Bloom/BloomPackKernelConstants.usf" 2697
"../../../Engine/Shaders/Private/Bloom/BloomSumScatterDispersionEnergy.usf" 2698
"../../../Engine/Shaders/Private/Bloom/BloomReduceKernelSurvey.usf" 2699
"../../../Engine/Shaders/Private/Bloom/BloomSurveyKernelCenterEnergy.usf" 2700
"../../../Engine/Shaders/Private/Bloom/BloomSurveyMaxScatterDispersion.usf" 2701
"../../../Engine/Shaders/Private/Bloom/BloomFindKernelCenter.usf" 2702
"../../../Engine/Shaders/Private/PostProcessEyeAdaptation.usf" 2703
"../../../Engine/Shaders/Private/TranslucencyVolumeCommon.ush" 2704
"../../../Engine/Shaders/Private/PostProcessEyeAdaptationUtils.usf" 2705
"../../../Engine/Shaders/Private/PostProcessDownsample.usf" 2706
"../../../Engine/Shaders/Private/PostProcessDOF.usf" 2707
"../../../Engine/Shaders/Private/PostProcessDeviceEncodingOnly.usf" 2708
"../../../Engine/Shaders/Private/PostProcessCompositePrimitives.usf" 2709
"../../../Engine/Shaders/Private/PostProcessCombineLUTs.usf" 2710
"../../../Engine/Shaders/Private/PostProcessVisualizeDOF.usf" 2711
"../../../Engine/Shaders/Private/PostProcessBloom.usf" 2712
"../../../Engine/Shaders/Private/PostProcessAmbientOcclusionMobile.usf" 2713
"../../../Engine/Shaders/Private/PostProcessAmbientOcclusionCommon.ush" 2714
"../../../Engine/Shaders/Private/FXAAShader.usf" 2715
"../../../Engine/Shaders/Private/Fxaa3_11.ush" 2716
"../../../Engine/Shaders/Private/PaniniProjection.usf" 2717
"../../../Engine/Shaders/Private/DiaphragmDOF/DOFRecombine.usf" 2718
"../../../Engine/Shaders/Private/DiaphragmDOF/DOFHybridScatterPixelShader.usf" 2719
"../../../Engine/Shaders/Private/DiaphragmDOF/DOFHybridScatterCommon.ush" 2720
"../../../Engine/Shaders/Private/DiaphragmDOF/DOFVignetteCommon.ush" 2721
"../../../Engine/Shaders/Private/DiaphragmDOF/DOFHybridScatterVertexShader.usf" 2722
"../../../Engine/Shaders/Private/DiaphragmDOF/DOFPostfiltering.usf" 2723
"../../../Engine/Shaders/Private/DiaphragmDOF/DOFGatherTileSuggest.ush" 2724
"../../../Engine/Shaders/Private/DiaphragmDOF/DOFCocTileCommon.ush" 2725
"../../../Engine/Shaders/Private/DiaphragmDOF/DOFGatherPass.usf" 2726
"../../../Engine/Shaders/Private/DiaphragmDOF/DOFGatherCommon.ush" 2727
"../../../Engine/Shaders/Private/DiaphragmDOF/DOFGatherAccumulator.ush" 2728
"../../../Engine/Shaders/Private/DiaphragmDOF/DOFGatherKernel.ush" 2729
"../../../Engine/Shaders/Private/DiaphragmDOF/DOFBokehLUT.usf" 2730
"../../../Engine/Shaders/Private/DiaphragmDOF/DOFHybridScatterCompilation.usf" 2731
"../../../Engine/Shaders/Private/DiaphragmDOF/DOFReduce.usf" 2732
"../../../Engine/Shaders/Private/DiaphragmDOF/DOFDownsample.ush" 2733
"../../../Engine/Shaders/Private/DiaphragmDOF/DOFHybridScatterCompilation.ush" 2734
"../../../Engine/Shaders/Private/DiaphragmDOF/DOFDownsample.usf" 2735
"../../../Engine/Shaders/Private/DiaphragmDOF/DOFCocTileDilate.usf" 2736
"../../../Engine/Shaders/Private/DiaphragmDOF/DOFCocTileFlatten.usf" 2737
"../../../Engine/Shaders/Private/DiaphragmDOF/DOFSetup.usf" 2738
"../../../Engine/Shaders/Private/Tools/DebugAlphaChannel.usf" 2739
"../../../Engine/Shaders/Private/PostProcessAlphaInvert.usf" 2740
"../../../Engine/Shaders/Private/PlanarReflectionShaders.usf" 2741
"../../../Engine/Shaders/Private/PhysicsFieldVisualizer.usf" 2742
"../../../Engine/Shaders/Private/PathTracing/PathTracingSpatialTemporalDenoising.usf" 2743
"../../../Engine/Shaders/Private/ColorDifference.ush" 2744
"../../../Engine/Shaders/Private/PathTracing/PathTracingCompositingPixelShader.usf" 2745
"../../../Engine/Shaders/Private/PathTracing/PathTracingAdaptiveUtils.ush" 2746
"../../../Engine/Shaders/Private/PathTracing/PathTracingDefaultHitShader.usf" 2747
"../../../Engine/Shaders/Private/PathTracing/PathTracingGPULightmassMaterialHitShader.usf" 2748
"../../../Engine/Shaders/Private/PathTracing/PathTracingMaterialHitShader.usf" 2749
"../../../Engine/Shaders/Private/PathTracing/Material/PathTracingSubstrateCommon.ush" 2750
"../../../Engine/Shaders/Private/PathTracing/PathTracingLightingMissShader.usf" 2751
"../../../Engine/Shaders/Private/PathTracing/PathTracingMissShader.usf" 2752
"../../../Engine/Shaders/Private/PathTracing/PathTracingAdaptiveStart.usf" 2753
"../../../Engine/Shaders/Private/PathTracing/PathTracingBuildAdaptiveError.usf" 2754
"../../../Engine/Shaders/Private/PathTracing/PathTracingVolumetricCloudMaterialShader.usf" 2755
"../../../Engine/Shaders/Private/PathTracing/Volume/PathTracingCloudsMaterialCommon.ush" 2756
"../../../Engine/Shaders/Private/PathTracing/Volume/PathTracingVolumeCommon.ush" 2757
"../../../Engine/Shaders/Private/PathTracing/Volume/PathTracingCloudsCommon.ush" 2758
"../../../Engine/Shaders/Private/PathTracing/Volume/PathTracingFog.ush" 2759
"../../../Engine/Shaders/Private/PathTracing/Volume/PathTracingAtmosphere.ush" 2760
"../../../Engine/Shaders/Private/PathTracing/Volume/PathTracingAtmosphereCommon.ush" 2761
"../../../Engine/Shaders/Private/PathTracing/Volume/PathTracingVolumeSampling.ush" 2762
"../../../Engine/Shaders/Private/PathTracing/PathTracingBuildCloudAccelerationMap.usf" 2763
"../../../Engine/Shaders/Private/PathTracing/PathTracingBuildAtmosphereLUT.usf" 2764
"../../../Engine/Shaders/Private/PathTracing/PathTracingSwizzleScanlines.usf" 2765
"../../../Engine/Shaders/Private/PathTracing/PathTracingInitExtinctionCoefficient.usf" 2766
"../../../Engine/Shaders/Private/PathTracing/PathTracingCopyDepth.usf" 2767
"../../../Engine/Shaders/Private/PathTracing/PathTracingDebug.usf" 2768
"../../../Engine/Shaders/Private/RayTracing/RayTracingDecalGrid.ush" 2769
"../../../Engine/Shaders/Private/PathTracing/Material/PathTracingMaterialSampling.ush" 2770
"../../../Engine/Shaders/Private/PathTracing/Material/PathTracingLambert.ush" 2771
"../../../Engine/Shaders/Private/PathTracing/Material/PathTracingSubstrate.ush" 2772
"../../../Engine/Shaders/Private/PathTracing/Material/PathTracingSubstrateFoliage.ush" 2773
"../../../Engine/Shaders/Private/PathTracing/Material/PathTracingSubstrateSolidGlass.ush" 2774
"../../../Engine/Shaders/Private/PathTracing/Material/PathTracingSubstrateThinGlass.ush" 2775
"../../../Engine/Shaders/Private/PathTracing/Material/PathTracingSolidGlass.ush" 2776
"../../../Engine/Shaders/Private/PathTracing/Material/PathTracingEnergyConservation.ush" 2777
"../../../Engine/Shaders/Private/PathTracing/Material/PathTracingThinGlass.ush" 2778
"../../../Engine/Shaders/Private/PathTracing/Material/PathTracingDefaultLit.ush" 2779
"../../../Engine/Shaders/Private/PathTracing/Material/PathTracingClearCoat.ush" 2780
"../../../Engine/Shaders/Private/PathTracing/Material/PathTracingTwoSidedFoliage.ush" 2781
"../../../Engine/Shaders/Private/PathTracing/Material/PathTracingCloth.ush" 2782
"../../../Engine/Shaders/Private/PathTracing/Material/PathTracingSubsurfaceProfile.ush" 2783
"../../../Engine/Shaders/Private/PathTracing/Material/PathTracingEye.ush" 2784
"../../../Engine/Shaders/Private/PathTracing/Material/PathTracingHair.ush" 2785
"../../../Engine/Shaders/Private/PathTracing/Material/PathTracingMedium.ush" 2786
"../../../Engine/Shaders/Private/PathTracing/Light/PathTracingLightSampling.ush" 2787
"../../../Engine/Shaders/Private/PathTracing/Light/PathTracingLightCommon.ush" 2788
"../../../Engine/Shaders/Private/PathTracing/Light/PathTracingDirectionalLight.ush" 2789
"../../../Engine/Shaders/Private/PathTracing/Light/PathTracingPointLight.ush" 2790
"../../../Engine/Shaders/Private/PathTracing/Light/PathTracingCapsuleLight.ush" 2791
"../../../Engine/Shaders/Private/PathTracing/Light/PathTracingRectLight.ush" 2792
"../../../Engine/Shaders/Private/PathTracing/Light/PathTracingSkyLight.ush" 2793
"../../../Engine/Shaders/Private/PathTracing/Light/PathTracingLightGrid.ush" 2794
"../../../Engine/Shaders/Private/PathTracing/PathTracing.usf" 2795
"../../../Engine/Shaders/Private/PathTracing/PathTracingCore.ush" 2796
"../../../Engine/Shaders/Private/HeterogeneousVolumes/HeterogeneousVolumesVoxelGridTypes.ush" 2797
"../../../Engine/Shaders/Private/PathTracing/Volume/PathTracingVolume.ush" 2798
"../../../Engine/Shaders/Private/PathTracing/Volume/PathTracingClouds.ush" 2799
"../../../Engine/Shaders/Private/PathTracing/Volume/PathTracingHeterogeneousVolumes.ush" 2800
"../../../Engine/Shaders/Private/HeterogeneousVolumes/HeterogeneousVolumesVoxelGridTraversal.ush" 2801
"../../../Engine/Shaders/Private/HeterogeneousVolumes/HeterogeneousVolumesVoxelGridUtils.ush" 2802
"../../../Engine/Shaders/Private/HeterogeneousVolumes/HeterogeneousVolumesFrustumVoxelGridUtils.ush" 2803
"../../../Engine/Shaders/Private/PathTracing/PathTracingBuildLightGrid.usf" 2804
"../../../Engine/Shaders/Private/PathTracing/PathTracingSkylightMISCompensation.usf" 2805
"../../../Engine/Shaders/Private/PathTracing/PathTracingSkylightPrepare.usf" 2806
"../../../Engine/Shaders/Private/OIT/OITSorting.usf" 2807
"../../../Engine/Shaders/Private/OITCombine.usf" 2808
"../../../Engine/Shaders/Private/OITCommon.ush" 2809
"../../../Engine/Shaders/Private/Nanite/Voxel/RasterizeBricks.usf" 2810
"../../../Engine/Shaders/Private/Nanite/Voxel/Brick.ush" 2811
"../../../Engine/Shaders/Private/Nanite/Voxel/Voxel.ush" 2812
"../../../Engine/Shaders/Private/Nanite/Voxel/ScatterBricks.usf" 2813
"../../../Engine/Shaders/Private/Nanite/Voxel/TileBricks.usf" 2814
"../../../Engine/Shaders/Private/Nanite/Voxel/AutoVoxel.usf" 2815
"../../../Engine/Shaders/Private/Nanite/NaniteDebugViews.usf" 2816
"../../../Engine/Shaders/Private/Nanite/NaniteEditorCommon.ush" 2817
"../../../Engine/Shaders/Private/BinarySearch.ush" 2818
"../../../Engine/Shaders/Private/Nanite/NaniteDepthDecode.usf" 2819
"../../../Engine/Shaders/Private/HTileEncoding.ush" 2820
"../../../Engine/Shaders/Private/Nanite/NaniteVisualize.usf" 2821
"../../../Engine/Shaders/Private/Nanite/NaniteStreamOut.usf" 2822
"../../../Engine/Shaders/Private/Nanite/NaniteHierarchyTraversal.ush" 2823
"../../../Engine/Shaders/Private/Nanite/NaniteSkinningUpdateViewData.usf" 2824
"../../../Engine/Shaders/Private/Skinning/TransformProviders.usf" 2825
"../../../Engine/Shaders/Private/Nanite/NaniteShadeBinning.usf" 2826
"../../../Engine/Shaders/Private/Nanite/NaniteShadeCommon.ush" 2827
"../../../Engine/Shaders/Private/Nanite/NaniteFastClear.usf" 2828
"../../../Engine/Shaders/Private/Nanite/NaniteExportGBuffer.usf" 2829
"../../../Engine/Shaders/Private/Nanite/NaniteClusterCulling.usf" 2830
"../../../Engine/Shaders/Private/Nanite/NanitePrintStats.usf" 2831
"../../../Engine/Shaders/Private/Nanite/NaniteRasterizer.usf" 2832
"../../../Engine/Shaders/Private/Nanite/NaniteRasterizationCommon.ush" 2833
"../../../Engine/Shaders/Private/Nanite/NaniteRasterizer.ush" 2834
"../../../Engine/Shaders/Private/Nanite/NaniteWritePixel.ush" 2835
"../../../Engine/Shaders/Private/Nanite/NaniteTessellation.ush" 2836
"../../../Engine/Shaders/Private/WorkDistribution.ush" 2837
"../../../Engine/Shaders/Private/Nanite/NaniteDice.ush" 2838
"../../../Engine/Shaders/Private/ShaderBundleWorkGraphCommon.ush" 2839
"../../../Engine/Shaders/Public/RootConstants.ush" 2840
"../../../Engine/Shaders/Public/Platform/D3D/D3DRootConstants.ush" 2841
"../../../Engine/Shaders/Private/Nanite/NaniteSplit.usf" 2842
"../../../Engine/Shaders/Private/Nanite/NaniteRasterBinning.usf" 2843
"../../../Engine/Shaders/Private/Nanite/NaniteInstanceCulling.usf" 2844
"../../../Engine/Shaders/Private/Nanite/NaniteImposter.ush" 2845
"../../../Engine/Shaders/Private/Nanite/NaniteInstanceHierarchyCulling.usf" 2846
"../../../Engine/Shaders/Private/WorkGroupLoadBalancer.ush" 2847
"../../../Engine/Shaders/Private/Nanite/NanitePrimitiveFilter.usf" 2848
"../../../Engine/Shaders/Private/Nanite/NaniteRasterClear.usf" 2849
"../../../Engine/Shaders/Private/Nanite/NaniteDepthExport.usf" 2850
"../../../Engine/Shaders/Private/Nanite/NaniteEmitShadow.usf" 2851
"../../../Engine/Shaders/Private/MobileDeferredUtils.usf" 2852
"../../../Engine/Shaders/Private/MobileLocalLightsBuffer.usf" 2853
"../../../Engine/Shaders/Private/MobileFog.usf" 2854
"../../../Engine/Shaders/Private/DistortApplyScreenPS.usf" 2855
"../../../Engine/Shaders/Private/MobileDeferredShading.usf" 2856
"../../../Engine/Shaders/Private/MobileBasePassPixelShader.usf" 2857
"../../../Engine/Shaders/Private/MobileBasePassCommon.ush" 2858
"../../../Engine/Shaders/Private/BasePassCommon.ush" 2859
"../../../Engine/Shaders/Private/ShadingModelsMaterial.ush" 2860
"../../../Engine/Shaders/Private/ThinTranslucentCommon.ush" 2861
"../../../Engine/Shaders/Private/SingleLayerWaterShading.ush" 2862
"../../../Engine/Shaders/Private/DistortionCommon.ush" 2863
"../../../Engine/Shaders/Private/Substrate/SubstrateMobileForwardLighting.ush" 2864
"../../../Engine/Shaders/Private/MobileBasePassVertexShader.usf" 2865
"../../../Engine/Shaders/Private/MeshEdges.usf" 2866
"../../../Engine/Shaders/Private/MegaLights/MegaLightsVSMTracing.usf" 2867
"../../../Engine/Shaders/Private/MegaLights/MegaLights.ush" 2868
"../../../Engine/Shaders/Shared/MegaLightsDefinitions.h" 2869
"../../../Engine/Shaders/Private/HairStrands/HairStrandsVisibilityUtils.ush" 2870
"../../../Engine/Shaders/Private/MegaLights/MegaLightsRayTracing.ush" 2871
"../../../Engine/Shaders/Private/MegaLights/MegaLightsRayTracing.usf" 2872
"../../../Engine/Shaders/Private/DistanceField/GlobalDistanceFieldUtils.ush" 2873
"../../../Engine/Shaders/Private/Lumen/LumenScreenTracing.ush" 2874
"../../../Engine/Shaders/Private/MegaLights/MegaLightsVolumeRayTracing.usf" 2875
"../../../Engine/Shaders/Private/MegaLights/MegaLightsVolume.ush" 2876
"../../../Engine/Shaders/Private/MegaLights/MegaLightsVolumeHardwareRayTracing.usf" 2877
"../../../Engine/Shaders/Private/Lumen/LumenHardwareRayTracingCommon.ush" 2878
"../../../Engine/Shaders/Private/RayTracing/RayTracingReflectionEnvironment.ush" 2879
"../../../Engine/Shaders/Private/Lumen/LumenHardwareRayTracingPlatformCommon.ush" 2880
"../../../Engine/Shaders/Private/Lumen/LumenReflectionsCombine.ush" 2881
"../../../Engine/Shaders/Private/Lumen/LumenTracingCommon.ush" 2882
"../../../Engine/Shaders/Private/Lumen/SurfaceCache/LumenSurfaceCacheSampling.ush" 2883
"../../../Engine/Shaders/Private/Lumen/SurfaceCache/LumenSurfaceCache.ush" 2884
"../../../Engine/Shaders/Private/Lumen/LumenCardCommon.ush" 2885
"../../../Engine/Shaders/Private/Lumen/LumenCardTileShadowDownsampleFactor.ush" 2886
"../../../Engine/Shaders/Private/MegaLights/MegaLightsHardwareRayTracing.usf" 2887
"../../../Engine/Shaders/Private/MegaLights/MegaLights.usf" 2888
"../../../Engine/Shaders/Private/MegaLights/MegaLightsShading.ush" 2889
"../../../Engine/Shaders/Private/MegaLights/MegaLightsFilterVisibleLightHash.usf" 2890
"../../../Engine/Shaders/Private/MegaLights/MegaLightsDenoiserSpatial.usf" 2891
"../../../Engine/Shaders/Private/Lumen/LumenReflectionDenoiserCommon.ush" 2892
"../../../Engine/Shaders/Private/MegaLights/MegaLightsDenoiserTemporal.usf" 2893
"../../../Engine/Shaders/Private/MegaLights/MegaLightsShading.usf" 2894
"../../../Engine/Shaders/Private/StochasticLighting/StochasticLightingUpsample.ush" 2895
"../../../Engine/Shaders/Private/MegaLights/MegaLightsVisibleLightHash.usf" 2896
"../../../Engine/Shaders/Private/MegaLights/MegaLightsVolumeShading.usf" 2897
"../../../Engine/Shaders/Private/MegaLights/MegaLightsSampling.usf" 2898
"../../../Engine/Shaders/Private/MegaLights/MegaLightsSampling.ush" 2899
"../../../Engine/Shaders/Private/MegaLights/MegaLightsVolumeSampling.usf" 2900
"../../../Engine/Shaders/Private/MaterialCache/MaterialCacheABufferPages.usf" 2901
"../../../Engine/Shaders/Private/MaterialCache/MaterialCacheShade.usf" 2902
"../../../Engine/Shaders/Private/MaterialCache/MaterialCacheUnwrapNaniteShade.usf" 2903
"../../../Engine/Shaders/Private/MaterialCache/MaterialCacheUnwrapPixelShader.usf" 2904
"../../../Engine/Shaders/Private/MaterialCache/MaterialCacheUnwrapVertexShader.usf" 2905
"../../../Engine/Shaders/Private/Lumen/LumenVisualizeRadianceCache.usf" 2906
"../../../Engine/Shaders/Private/Lumen/LumenRadianceCacheCommon.ush" 2907
"../../../Engine/Shaders/Private/Lumen/LumenVisualizeHardwareRayTracing.usf" 2908
"../../../Engine/Shaders/Private/Lumen/LumenVisualize.ush" 2909
"../../../Engine/Shaders/Private/Lumen/LumenHairTracing.ush" 2910
"../../../Engine/Shaders/Private/Lumen/LumenVisualize.usf" 2911
"../../../Engine/Shaders/Private/Lumen/LumenSoftwareRayTracing.ush" 2912
"../../../Engine/Shaders/Private/DistanceField/GlobalDistanceFieldObjectGrid.ush" 2913
"../../../Engine/Shaders/Private/DistanceFieldLightingShared.ush" 2914
"../../../Engine/Shaders/Private/Lumen/LumenVisualizeTraces.ush" 2915
"../../../Engine/Shaders/Private/Lumen/LumenTranslucencyVolumeLighting.usf" 2916
"../../../Engine/Shaders/Private/Lumen/LumenRadianceCacheMarkCommon.ush" 2917
"../../../Engine/Shaders/Private/Lumen/LumenTranslucencyVolumeLightingShared.ush" 2918
"../../../Engine/Shaders/Private/Lumen/LumenScreenProbeCommon.ush" 2919
"../../../Engine/Shaders/Private/RayTracing/RayGenUtils.ush" 2920
"../../../Engine/Shaders/Private/Lumen/LumenRadianceCacheTracingCommon.ush" 2921
"../../../Engine/Shaders/Private/Lumen/LumenTranslucencyVolumeHardwareRayTracing.usf" 2922
"../../../Engine/Shaders/Private/Lumen/LumenTranslucencyRadianceCacheMarkShaders.usf" 2923
"../../../Engine/Shaders/Private/Lumen/SurfaceCache/LumenSurfaceCache.usf" 2924
"../../../Engine/Shaders/Private/Lumen/LumenShortRangeAOHardwareRayTracing.usf" 2925
"../../../Engine/Shaders/Private/Lumen/LumenScreenSpaceBentNormal.ush" 2926
"../../../Engine/Shaders/Private/Lumen/LumenScreenSpaceBentNormal.usf" 2927
"../../../Engine/Shaders/Private/Lumen/LumenScreenProbeTracing.usf" 2928
"../../../Engine/Shaders/Private/Lumen/LumenScreenProbeTracingCommon.ush" 2929
"../../../Engine/Shaders/Private/Lumen/LumenFloatQuantization.ush" 2930
"../../../Engine/Shaders/Private/Lumen/LumenScreenProbeImportanceSampling.usf" 2931
"../../../Engine/Shaders/Private/Lumen/LumenScreenProbeImportanceSamplingShared.ush" 2932
"../../../Engine/Shaders/Private/Lumen/LumenScreenProbeHardwareRayTracing.usf" 2933
"../../../Engine/Shaders/Private/Lumen/LumenScreenProbeDebug.usf" 2934
"../../../Engine/Shaders/Private/Lumen/LumenScreenProbeGather.usf" 2935
"../../../Engine/Shaders/Private/Lumen/LumenScreenProbeGatherTemporal.usf" 2936
"../../../Engine/Shaders/Private/Lumen/LumenScreenProbeFiltering.usf" 2937
"../../../Engine/Shaders/Private/Lumen/LumenSceneLighting.usf" 2938
"../../../Engine/Shaders/Private/Lumen/LumenCardTile.ush" 2939
"../../../Engine/Shaders/Private/Lumen/LumenSceneLighting.ush" 2940
"../../../Engine/Shaders/Private/Lumen/Radiosity/LumenRadiosity.ush" 2941
"../../../Engine/Shaders/Private/Lumen/LumenSceneLightingDebug.usf" 2942
"../../../Engine/Shaders/Private/Lumen/LumenScene.usf" 2943
"../../../Engine/Shaders/Private/Lumen/LumenSceneDirectLightingHardwareRayTracing.usf" 2944
"../../../Engine/Shaders/Private/Lumen/LumenSceneDirectLightingStochastic.ush" 2945
"../../../Engine/Shaders/Private/Lumen/LumenReflectionCommon.ush" 2946
"../../../Engine/Shaders/Private/Lumen/LumenSceneDirectLighting.ush" 2947
"../../../Engine/Shaders/Private/Lumen/LumenSceneDebugHardwareRayTracing.usf" 2948
"../../../Engine/Shaders/Private/Lumen/LumenSceneDirectLightingStochastic.usf" 2949
"../../../Engine/Shaders/Private/Lumen/LumenSceneDirectLightingSoftwareRayTracing.usf" 2950
"../../../Engine/Shaders/Private/DistanceFieldShadowingShared.ush" 2951
"../../../Engine/Shaders/Private/Lumen/LumenSceneDirectLightingPerLightShadowCommon.ush" 2952
"../../../Engine/Shaders/Private/Lumen/LumenSceneDirectLightingShadowMask.usf" 2953
"../../../Engine/Shaders/Private/Lumen/LumenSceneDirectLighting.usf" 2954
"../../../Engine/Shaders/Private/Lumen/LumenSceneDirectLightingCulling.usf" 2955
"../../../Engine/Shaders/Private/Lumen/LumenCardComputeShader.usf" 2956
"../../../Engine/Shaders/Private/Lumen/LumenCardBasePass.ush" 2957
"../../../Engine/Shaders/Private/Lumen/LumenCardPixelShader.usf" 2958
"../../../Engine/Shaders/Private/Lumen/LumenCardVertexShader.usf" 2959
"../../../Engine/Shaders/Private/Lumen/LumenReSTIRGather.usf" 2960
"../../../Engine/Shaders/Private/Lumen/LumenReflectionTracing.usf" 2961
"../../../Engine/Shaders/Private/Lumen/LumenReflectionDenoiserSpatial.usf" 2962
"../../../Engine/Shaders/Private/Lumen/LumenReflectionDenoiserClear.usf" 2963
"../../../Engine/Shaders/Private/Lumen/LumenReflectionDenoiserTemporal.usf" 2964
"../../../Engine/Shaders/Private/Lumen/LumenReflectionResolve.usf" 2965
"../../../Engine/Shaders/Private/Lumen/LumenReflections.usf" 2966
"../../../Engine/Shaders/Private/Lumen/RayTracedTranslucency.usf" 2967
"../../../Engine/Shaders/Private/Lumen/LumenReflectionHardwareRayTracing.usf" 2968
"../../../Engine/Shaders/Private/Lumen/Radiosity/LumenVisualizeRadiosityProbes.usf" 2969
"../../../Engine/Shaders/Private/Lumen/Radiosity/LumenRadiosity.usf" 2970
"../../../Engine/Shaders/Private/Lumen/Radiosity/LumenRadiosityHardwareRayTracing.usf" 2971
"../../../Engine/Shaders/Private/Lumen/Radiosity/LumenRadiosityCulling.usf" 2972
"../../../Engine/Shaders/Private/Lumen/LumenRadianceCacheHardwareRayTracing.usf" 2973
"../../../Engine/Shaders/Private/Lumen/LumenRadianceCache.usf" 2974
"../../../Engine/Shaders/Private/Lumen/LumenRadianceCacheUpdate.ush" 2975
"../../../Engine/Shaders/Private/Lumen/LumenRadianceCacheDebug.usf" 2976
"../../../Engine/Shaders/Private/Lumen/LumenRadianceCacheUpdate.usf" 2977
"../../../Engine/Shaders/Private/Lumen/LumenMeshSDFCulling.usf" 2978
"../../../Engine/Shaders/Private/HybridIndirectLighting.ush" 2979
"../../../Engine/Shaders/Private/MeshDistanceFieldCommon.ush" 2980
"../../../Engine/Shaders/Private/Lumen/LumenIrradianceFieldGather.usf" 2981
"../../../Engine/Shaders/Private/Lumen/LumenHardwareRayTracingMaterials.usf" 2982
"../../../Engine/Shaders/Private/Lumen/LumenFrontLayerTranslucency.usf" 2983
"../../../Engine/Shaders/Private/LocalFogVolumes/LocalFogVolumeSplat.usf" 2984
"../../../Engine/Shaders/Private/LocalFogVolumes/LocalFogVolumeTiledCulling.usf" 2985
"../../../Engine/Shaders/Private/LightShaftShader.usf" 2986
"../../../Engine/Shaders/Private/StationaryLightOverlapShaders.usf" 2987
"../../../Engine/Shaders/Private/DeferredLightPixelShaders.usf" 2988
"../../../Engine/Shaders/Private/DeferredLightVertexShaders.usf" 2989
"../../../Engine/Shaders/Private/LightMapDensityShader.usf" 2990
"../../../Engine/Shaders/Private/LightGridInjection.usf" 2991
"../../../Engine/Shaders/Shared/LightGridDefinitions.h" 2992
"../../../Engine/Shaders/Private/LightFunctionPixelShader.usf" 2993
"../../../Engine/Shaders/Private/LightFunctionVertexShader.usf" 2994
"../../../Engine/Shaders/Private/LightFunctionAtlas/LightFunctionAtlasRender.usf" 2995
"../../../Engine/Shaders/Private/InstanceCulling/InstanceCullingOcclusionQuery.usf" 2996
"../../../Engine/Shaders/Private/InstanceCulling/InstanceCullingSetup.ush" 2997
"../../../Engine/Shaders/Private/InstanceCulling/BuildInstanceDrawCommands.usf" 2998
"../../../Engine/Shaders/Private/InstanceCulling/InstanceCompactionCommon.ush" 2999
"../../../Engine/Shaders/Private/SceneDataMobileWriter.ush" 3000
"../../../Engine/Shaders/Private/InstanceCulling/CompactVisibleInstances.usf" 3001
"../../../Engine/Shaders/Private/ReflectionEnvironmentPixelShader.usf" 3002
"../../../Engine/Shaders/Private/AmbientCubemapComposite.usf" 3003
"../../../Engine/Shaders/Private/DiffuseIndirectComposite.usf" 3004
"../../../Engine/Shaders/Private/IESAtlas.usf" 3005
"../../../Engine/Shaders/Private/HeterogeneousVolumes/HeterogeneousVolumesVoxelGridShadows.usf" 3006
"../../../Engine/Shaders/Private/HeterogeneousVolumes/HeterogeneousVolumesStochasticFiltering.ush" 3007
"../../../Engine/Shaders/Private/HeterogeneousVolumes/HeterogeneousVolumesVoxelGridRenderingUtils.ush" 3008
"../../../Engine/Shaders/Private/HeterogeneousVolumes/HeterogeneousVolumesLightingUtils.ush" 3009
"../../../Engine/Shaders/Private/HeterogeneousVolumes/HeterogeneousVolumesVoxelGridRendering.usf" 3010
"../../../Engine/Shaders/Private/HeterogeneousVolumes/HeterogeneousVolumesVoxelGridPipeline.usf" 3011
"../../../Engine/Shaders/Private/HeterogeneousVolumes/HeterogeneousVolumesMaterialBakingPipeline.usf" 3012
"../../../Engine/Shaders/Private/HeterogeneousVolumes/HeterogeneousVolumesLiveShadingUtils.ush" 3013
"../../../Engine/Shaders/Private/HeterogeneousVolumes/HeterogeneousVolumesFrustumVoxelGrid.usf" 3014
"../../../Engine/Shaders/Private/HeterogeneousVolumes/HeterogeneousVolumesSparseVoxelPipeline.usf" 3015
"../../../Engine/Shaders/Private/HeterogeneousVolumes/HeterogeneousVolumesSparseVoxelUtils.ush" 3016
"../../../Engine/Shaders/Private/HeterogeneousVolumes/HeterogeneousVolumesSparseVoxelUniformBufferUtils.ush" 3017
"../../../Engine/Shaders/Private/HeterogeneousVolumes/HeterogeneousVolumesPreshadingPipeline.usf" 3018
"../../../Engine/Shaders/Private/HeterogeneousVolumes/HeterogeneousVolumesLiveShadingShadows.usf" 3019
"../../../Engine/Shaders/Private/HeterogeneousVolumes/HeterogeneousVolumesLiveShadingGlobalPipeline.usf" 3020
"../../../Engine/Shaders/Private/HeterogeneousVolumes/HeterogeneousVolumesLiveShadingPipeline.usf" 3021
"../../../Engine/Shaders/Private/HeterogeneousVolumes/HeterogeneousVolumesHardwareRayTracing.usf" 3022
"../../../Engine/Shaders/Private/HeterogeneousVolumes/HeterogeneousVolumesAmbientOcclusionPipeline.usf" 3023
"../../../Engine/Shaders/Private/HeterogeneousVolumes/HeterogeneousVolumesComposite.usf" 3024
"../../../Engine/Shaders/Private/HdrCustomResolveShaders.usf" 3025
"../../../Engine/Shaders/Private/HairStrands/RenderCurveRaster.usf" 3026
"../../../Engine/Shaders/Private/HairStrands/HairStrandsVoxelRasterCompute.usf" 3027
"../../../Engine/Shaders/Private/HairStrands/HairStrandsHitProxy.usf" 3028
"../../../Engine/Shaders/Private/HairStrands/HairStrandsVisibilityRasterComputeNaive.usf" 3029
"../../../Engine/Shaders/Private/HairStrands/HairStrandsVisibilityRasterHW.usf" 3030
"../../../Engine/Shaders/Private/HairStrands/HairStrandsVisibilityRasterCompute.usf" 3031
"../../../Engine/Shaders/Private/HairStrands/HairStrandsVisibilityRasterClassification.usf" 3032
"../../../Engine/Shaders/Private/HairStrands/HairStrandsCoverage.usf" 3033
"../../../Engine/Shaders/Private/HairStrands/HairStrandsVisibilityDepthPS.usf" 3034
"../../../Engine/Shaders/Private/HairStrands/HairStrandsVisibilityTransmittanceDepthPS.usf" 3035
"../../../Engine/Shaders/Private/HairStrands/HairStrandsVisibilityFillOpaqueDepthPS.usf" 3036
"../../../Engine/Shaders/Private/HairStrands/HairStrandsVisibilityCompactionComputeRaster.usf" 3037
"../../../Engine/Shaders/Private/HairStrands/HairStrandsVisibilityCompaction.usf" 3038
"../../../Engine/Shaders/Private/HairStrands/HairStrandsVisibilityCopyIndirectArg.usf" 3039
"../../../Engine/Shaders/Private/HairStrands/HairStrandsVisibilityClearPS.usf" 3040
"../../../Engine/Shaders/Private/HairStrands/HairStrandsVisibilityPS.usf" 3041
"../../../Engine/Shaders/Private/HairStrands/HairStrandsVisibilityVS.usf" 3042
"../../../Engine/Shaders/Private/HairStrands/HairStrandsVelocity.usf" 3043
"../../../Engine/Shaders/Private/HairStrands/HairStrandsVisibilityComputeSampleCoverage.usf" 3044
"../../../Engine/Shaders/Private/HairStrands/HairStrandsMaterialPS.usf" 3045
"../../../Engine/Shaders/Private/HairStrands/HairStrandsMaterialCommon.ush" 3046
"../../../Engine/Shaders/Private/HairStrands/HairStrandsMaterialVS.usf" 3047
"../../../Engine/Shaders/Private/HairStrands/HairStrandsLightSample.usf" 3048
"../../../Engine/Shaders/Private/HairStrands/HairStrandsDeepShadowMask.usf" 3049
"../../../Engine/Shaders/Private/HairStrands/HairStrandsDeepTransmittanceMask.usf" 3050
"../../../Engine/Shaders/Private/HairStrands/HairStrandsVisibilityTile.usf" 3051
"../../../Engine/Shaders/Private/HairStrands/HairStrandsDeepShadowPS.usf" 3052
"../../../Engine/Shaders/Private/HairStrands/HairStrandsDeepShadowVS.usf" 3053
"../../../Engine/Shaders/Private/HairStrands/HairStrandsAABB.usf" 3054
"../../../Engine/Shaders/Private/HairStrands/HairStrandsLUT.usf" 3055
"../../../Engine/Shaders/Private/HairStrands/HairStrandsForwardRaster.usf" 3056
"../../../Engine/Shaders/Private/HairStrands/HairStrandsForwardCulling.usf" 3057
"../../../Engine/Shaders/Private/HairStrands/HairStrandsEnvironmentLighting.usf" 3058
"../../../Engine/Shaders/Private/HairStrands/HairStrandsEnvironmentAO.usf" 3059
"../../../Engine/Shaders/Private/HairStrands/HairStrandsDeepShadowAllocation.usf" 3060
"../../../Engine/Shaders/Private/HairStrands/HairStrandsVoxelDebug.usf" 3061
"../../../Engine/Shaders/Private/HairStrands/HairStrandsComposition.usf" 3062
"../../../Engine/Shaders/Private/HairStrands/HairStrandsGBufferCommon.ush" 3063
"../../../Engine/Shaders/Private/GPUScene/GPUSceneDataManagement.usf" 3064
"../../../Engine/Shaders/Private/GPUSceneDebugRender.usf" 3065
"../../../Engine/Shaders/Private/GPUFeedbackCompaction.usf" 3066
"../../../Engine/Shaders/Private/GPUFastFourierTransform.usf" 3067
"../../../Engine/Shaders/Private/GPUFastFourierTransform2DCore.ush" 3068
"../../../Engine/Shaders/Private/GPUFastFourierTransformCore.ush" 3069
"../../../Engine/Shaders/Private/GPUBenchmark.usf" 3070
"../../../Engine/Shaders/Private/DistanceField/GlobalDistanceFieldDebug.usf" 3071
"../../../Engine/Shaders/Private/DistanceField/GlobalDistanceFieldUpdate.ush" 3072
"../../../Engine/Shaders/Private/DistanceField/GlobalDistanceFieldMip.usf" 3073
"../../../Engine/Shaders/Private/DistanceField/GlobalDistanceField.usf" 3074
"../../../Engine/Shaders/Private/DistanceField/GlobalDistanceFieldCompositeObjects.usf" 3075
"../../../Engine/Shaders/Private/DistanceField/GlobalDistanceFieldHeightfields.usf" 3076
"../../../Engine/Shaders/Private/HeightfieldLightingShared.ush" 3077
"../../../Engine/Shaders/Private/GenerateConservativeDepth.usf" 3078
"../../../Engine/Shaders/Private/HeightFogPixelShader.usf" 3079
"../../../Engine/Shaders/Private/HeightFogVertexShader.usf" 3080
"../../../Engine/Shaders/Private/DistortFiltering.usf" 3081
"../../../Engine/Shaders/Private/DistortAccumulatePS.usf" 3082
"../../../Engine/Shaders/Private/DistortAccumulateVS.usf" 3083
"../../../Engine/Shaders/Private/DistanceFieldVisualization.usf" 3084
"../../../Engine/Shaders/Private/DistanceFieldStreaming.usf" 3085
"../../../Engine/Shaders/Private/DistanceFieldShadowing.usf" 3086
"../../../Engine/Shaders/Private/DistanceFieldScreenGridLighting.usf" 3087
"../../../Engine/Shaders/Private/DistanceFieldObjectCulling.usf" 3088
"../../../Engine/Shaders/Private/DistanceFieldLightingPost.usf" 3089
"../../../Engine/Shaders/Private/DitheredTransitionStencil.usf" 3090
"../../../Engine/Shaders/Private/CopyDepthTexture.usf" 3091
"../../../Engine/Shaders/Private/CopyDepthTextureCS.usf" 3092
"../../../Engine/Shaders/Private/DeferredDecal.usf" 3093
"../../../Engine/Shaders/Private/DecalCommon.ush" 3094
"../../../Engine/Shaders/Private/DebugViewModeVertexShader.usf" 3095
"../../../Engine/Shaders/Private/DebugViewModeCommon.ush" 3096
"../../../Engine/Shaders/Private/DebugViewModePixelShader.usf" 3097
"../../../Engine/Shaders/Private/DebugProbes.usf" 3098
"../../../Engine/Shaders/Private/MeshDecals.usf" 3099
"../../../Engine/Shaders/Private/PostProcessAmbientOcclusion.usf" 3100
"../../../Engine/Shaders/Private/ClusteredDeferredShadingPixelShader.usf" 3101
"../../../Engine/Shaders/Private/ClusteredDeferredShadingVertexShader.usf" 3102
"../../../Engine/Shaders/Private/CapsuleShadowShaders.usf" 3103
"../../../Engine/Shaders/Private/BasePassPixelShader.usf" 3104
"../../../Engine/Shaders/Private/ForwardLightingCommon.ush" 3105
"../../../Engine/Shaders/Private/Substrate/SubstrateForwardLighting.ush" 3106
"../../../Engine/Shaders/Private/ComputeShaderOutputCommon.ush" 3107
"../../../Engine/Shaders/Private/BasePassVertexShader.usf" 3108
"../../../Engine/Shaders/Private/BasePassVertexCommon.ush" 3109
"../../../Engine/Shaders/Private/SimpleElementVolumeTexturePreviewPixelShader.usf" 3110
"../../../Engine/Shaders/Private/SimpleElementTexture2DPreviewPixelShader.usf" 3111
"../../../Engine/Shaders/Private/meshpaintdilatepixelshader.usf" 3112
"../../../Engine/Shaders/Private/meshpaintdilatevertexshader.usf" 3113
"../../../Engine/Shaders/Private/MeshPaintPixelShader.usf" 3114
"../../../Engine/Shaders/Private/MeshPaintVertexShader.usf" 3115
"../../../Engine/Shaders/Private/SlateElementPixelShader.usf" 3116
"../../../Engine/Shaders/Private/SlateShaderCommon.ush" 3117
"../../../Engine/Shaders/Private/SlateMaskingShader.usf" 3118
"../../../Engine/Shaders/Private/SlateVertexShader.usf" 3119
"../../../Engine/Shaders/Private/CompositeUIPixelShader.usf" 3120
"../../../Engine/Shaders/Private/ColorDeficiency.ush" 3121
"../../../Engine/Shaders/Private/SlatePostProcessColorDeficiencyPixelShader.usf" 3122
"../../../Engine/Shaders/Private/SlatePostProcessPixelShader.usf" 3123
"../../../Engine/Shaders/Private/Tools/VisualizeTexture.usf" 3124
"../../../Engine/Shaders/Private/UpdateDescriptorHandle.usf" 3125
"../../../Engine/Shaders/Private/ByteBuffer.usf" 3126
"../../../Engine/Shaders/Private/ShaderBundleWorkGraphDispatch.usf" 3127
"../../../Engine/Shaders/Private/ShaderBundleDispatch.usf" 3128
"../../../Engine/Shaders/Private/ResolveVertexShader.usf" 3129
"../../../Engine/Shaders/Private/ResolvePixelShader.usf" 3130
"../../../Engine/Shaders/Private/Tools/SetupIndirectArgs.usf" 3131
"../../../Engine/Shaders/Private/ClearReplacementShaders.usf" 3132
"../../../Engine/Shaders/Private/Tools/DrawTexture.usf" 3133
"../../../Engine/Shaders/Private/RayTracing/RayTracingValidation.usf" 3134
"../../../Engine/Shaders/Private/RenderGraphUtilities.usf" 3135
"../../../Engine/Shaders/Private/OneColorShader.usf" 3136
"../../../Engine/Shaders/Private/OculusShaders.usf" 3137
"../../../Engine/Shaders/Private/MediaShaders.usf" 3138
"../../../Engine/Shaders/Private/GPUMessaging.usf" 3139
"../../../Engine/Shaders/Private/Tools/GPUDebugCrashUtils.usf" 3140
"../../../Engine/Shaders/Private/NullPixelShader.usf" 3141
"../../../Engine/Shaders/Private/ComputeGenerateMips.usf" 3142
"../../../Engine/Shaders/Private/Tools/DumpTexture.usf" 3143
"../../../Engine/Shaders/Private/CopyTextureShaders.usf" 3144
"../../../Engine/Shaders/Private/Tools/FullscreenVertexShader.usf" 3145
"../../../Engine/Shaders/Private/RayTracing/RayTracingDispatchDesc.usf" 3146
"../../../Engine/Shaders/Private/Bink.usf" 3147
"../../../Engine/Shaders/Private/VelocityShader.usf" 3148
"../../../Engine/Shaders/Private/DepthOnlyPixelShader.usf" 3149
"../../../Engine/Shaders/Private/PositionOnlyDepthVertexShader.usf" 3150
"../../../Engine/Shaders/Private/DepthOnlyVertexShader.usf" 3151
"../../../Engine/Shaders/Private/AnisotropyPassShader.usf" 3152
"C:/Users/andre/OneDrive/Documents/Unreal Projects/Artkana_Project/Content/Variant_SideScroller/Blueprints/Checkpoint.uasset" 3153
"C:/Users/andre/OneDrive/Documents/Unreal Projects/Artkana_Project/Content/Variant_SideScroller/Blueprints/SlashHitbox.uasset" 3154
"/Engine/EngineResources/WhiteSquareTexture" 3155
"../../../Engine/Content/EngineResources/WhiteSquareTexture.uasset" 3156
"/Engine/EngineResources/GradientTexture0" 3157
"../../../Engine/Content/EngineResources/GradientTexture0.uasset" 3158
"/Engine/EngineResources/Black" 3159
"../../../Engine/Content/EngineResources/Black.uasset" 3160
"/Engine/EditorResources/S_Actor" 3161
"../../../Engine/Content/EditorResources/S_Actor.uasset" 3162
"/Engine/EngineFonts/RobotoDistanceField" 3163
"../../../Engine/Content/EngineFonts/RobotoDistanceField.uasset" 3164
"/Engine/EngineMaterials/DefaultTextMaterialOpaque" 3165
"../../../Engine/Content/EngineMaterials/DefaultTextMaterialOpaque.uasset" 3166
"/Engine/Functions/Engine_MaterialFunctions01/Shading/PowerToRoughness" 3167
"../../../Engine/Content/Functions/Engine_MaterialFunctions01/Shading/PowerToRoughness.uasset" 3168
"/Engine/Functions/Engine_MaterialFunctions01/Shading/ConvertFromDiffSpec" 3169
"../../../Engine/Content/Functions/Engine_MaterialFunctions01/Shading/ConvertFromDiffSpec.uasset" 3170
"/Engine/EngineMaterials/WorldGridMaterial" 3171
"../../../Engine/Content/EngineMaterials/WorldGridMaterial.uasset" 3172
"../../../Engine/Content/Functions/Engine_MaterialFunctions01/Opacity/CameraDepthFade.uasset" 3173
"../../../Engine/Content/EngineMaterials/T_Default_Material_Grid_M.uasset" 3174
"../../../Engine/Content/EngineMaterials/T_Default_Material_Grid_N.uasset" 3175
"/Engine/EngineMaterials/DefaultDeferredDecalMaterial" 3176
"../../../Engine/Content/EngineMaterials/DefaultDeferredDecalMaterial.uasset" 3177
"../../../Engine/Content/EngineMaterials/DefaultDiffuse.uasset" 3178
"/Engine/EngineMaterials/DefaultLightFunctionMaterial" 3179
"../../../Engine/Content/EngineMaterials/DefaultLightFunctionMaterial.uasset" 3180
"/Engine/EngineMaterials/DefaultPostProcessMaterial" 3181
"../../../Engine/Content/EngineMaterials/DefaultPostProcessMaterial.uasset" 3182
"../../../Engine/Content/Functions/Engine_MaterialFunctions02/Utility/BreakOutFloat2Components.uasset" 3183
"/Engine/EditorResources/S_Trigger" 3184
"../../../Engine/Content/EditorResources/S_Trigger.uasset" 3185
"/Engine/EditorResources/S_BoxReflectionCapture" 3186
"../../../Engine/Content/EditorResources/S_BoxReflectionCapture.uasset" 3187
"/Engine/EngineResources/DefaultTexture" 3188
"../../../Engine/Content/EngineResources/DefaultTexture.uasset" 3189
"/Engine/EditorResources/S_TriggerBox" 3190
"../../../Engine/Content/EditorResources/S_TriggerBox.uasset" 3191
"/Engine/EditorResources/S_TriggerCapsule" 3192
"../../../Engine/Content/EditorResources/S_TriggerCapsule.uasset" 3193
"/Engine/EditorResources/S_TriggerSphere" 3194
"../../../Engine/Content/EditorResources/S_TriggerSphere.uasset" 3195
"/Engine/EngineDamageTypes/DmgTypeBP_Environmental" 3196
"../../../Engine/Content/EngineDamageTypes/DmgTypeBP_Environmental.uasset" 3197
"/Engine/EngineMeshes/Sphere" 3198
"../../../Engine/Content/EngineMeshes/Sphere.uasset" 3199
"/Engine/EngineResources/DefaultTextureCube" 3200
"../../../Engine/Content/EngineResources/DefaultTextureCube.uasset" 3201
"/Engine/EngineResources/DefaultVolumeTexture" 3202
"../../../Engine/Content/EngineResources/DefaultVolumeTexture.uasset" 3203
"../../../Engine/Content/EngineResources/DefaultVolumeTexture2D.uasset" 3204
"/Engine/VREditor/TransformGizmo/SM_Sequencer_Node" 3205
"../../../Engine/Content/VREditor/TransformGizmo/SM_Sequencer_Node.uasset" 3206
"../../../Engine/Content/VREditor/TransformGizmo/Main.uasset" 3207
"../../../Engine/Content/VREditor/TransformGizmo/Xray.uasset" 3208
"/Engine/EditorResources/S_Solver" 3209
"../../../Engine/Content/EditorResources/S_Solver.uasset" 3210
"/Engine/EngineDebugMaterials/VolumeToRender" 3211
"../../../Engine/Content/EngineDebugMaterials/VolumeToRender.uasset" 3212
"/Engine/EngineDebugMaterials/M_VolumeRenderSphereTracePP" 3213
"../../../Engine/Content/EngineDebugMaterials/M_VolumeRenderSphereTracePP.uasset" 3214
"../../../Engine/Content/Functions/Engine_MaterialFunctions02/Utility/CameraDirectionVector.uasset" 3215
"/Engine/EditorMeshes/Camera/SM_CraneRig_Base" 3216
"../../../Engine/Content/EditorMeshes/Camera/SM_CraneRig_Base.uasset" 3217
"../../../Engine/Content/EditorMaterials/Camera/MI_CineMat_Rig.uasset" 3218
"../../../Engine/Content/EditorMaterials/Camera/CineMat.uasset" 3219
"/Engine/EditorMeshes/Camera/SM_CraneRig_Arm" 3220
"../../../Engine/Content/EditorMeshes/Camera/SM_CraneRig_Arm.uasset" 3221
"/Engine/EditorMeshes/Camera/SM_CraneRig_Mount" 3222
"../../../Engine/Content/EditorMeshes/Camera/SM_CraneRig_Mount.uasset" 3223
"/Engine/EditorMeshes/Camera/SM_CraneRig_Body" 3224
"../../../Engine/Content/EditorMeshes/Camera/SM_CraneRig_Body.uasset" 3225
"/Engine/EditorMeshes/Camera/SM_RailRig_Track" 3226
"../../../Engine/Content/EditorMeshes/Camera/SM_RailRig_Track.uasset" 3227
"/Engine/EditorMeshes/Camera/SM_RailRig_Mount" 3228
"../../../Engine/Content/EditorMeshes/Camera/SM_RailRig_Mount.uasset" 3229
"/Engine/EditorLandscapeResources/SplineEditorMesh" 3230
"../../../Engine/Content/EditorLandscapeResources/SplineEditorMesh.uasset" 3231
"../../../Engine/Content/EditorLandscapeResources/SplineEditorMeshMat.uasset" 3232
"/HairStrands/Materials/HairDebugMaterial" 3233
"../../Plugins/Runtime/HairStrands/Content/Materials/HairDebugMaterial.uasset" 3234
"../../../Engine/Content/Functions/Engine_MaterialFunctions02/Utility/MakeFloat2.uasset" 3235
"../../../Engine/Content/Functions/Engine_MaterialFunctions02/Utility/MakeFloat3.uasset" 3236
"../../../Engine/Content/EngineMaterials/HairColorMap.uasset" 3237
"../../../Engine/Content/EngineMaterials/HairDebugColor.uasset" 3238
"../../Plugins/Runtime/HairStrands/Content/Materials/HairGroupColors.uasset" 3239
"/HairStrands/Materials/HairDefaultMaterial" 3240
"../../Plugins/Runtime/HairStrands/Content/Materials/HairDefaultMaterial.uasset" 3241
"/HairStrands/Materials/HairCardsDefaultMaterial" 3242
"../../Plugins/Runtime/HairStrands/Content/Materials/HairCardsDefaultMaterial.uasset" 3243
"/HairStrands/Materials/HairMeshesDefaultMaterial" 3244
"../../Plugins/Runtime/HairStrands/Content/Materials/HairMeshesDefaultMaterial.uasset" 3245
"/Engine/BasicShapes/Cube" 3246
"../../../Engine/Content/BasicShapes/Cube.uasset" 3247
"/CameraCalibrationCore/Materials/M_DefaultOddSquare" 3248
"../../Plugins/VirtualProduction/CameraCalibrationCore/Content/Materials/M_DefaultOddSquare.uasset" 3249
"/CameraCalibrationCore/Materials/M_DefaultEvenSquare" 3250
"../../Plugins/VirtualProduction/CameraCalibrationCore/Content/Materials/M_DefaultEvenSquare.uasset" 3251
"/Engine/EngineMaterials/Widget3DPassThrough_Translucent" 3252
"../../../Engine/Content/EngineMaterials/Widget3DPassThrough_Translucent.uasset" 3253
"../../../Engine/Content/EngineMaterials/Widget3DPassThrough.uasset" 3254
"/Engine/EngineMaterials/Widget3DPassThrough_Translucent_OneSided" 3255
"../../../Engine/Content/EngineMaterials/Widget3DPassThrough_Translucent_OneSided.uasset" 3256
"/Engine/EngineMaterials/Widget3DPassThrough_Opaque" 3257
"../../../Engine/Content/EngineMaterials/Widget3DPassThrough_Opaque.uasset" 3258
"/Engine/EngineMaterials/Widget3DPassThrough_Opaque_OneSided" 3259
"../../../Engine/Content/EngineMaterials/Widget3DPassThrough_Opaque_OneSided.uasset" 3260
"/Engine/EngineMaterials/Widget3DPassThrough_Masked" 3261
"../../../Engine/Content/EngineMaterials/Widget3DPassThrough_Masked.uasset" 3262
"/Engine/EngineMaterials/Widget3DPassThrough_Masked_OneSided" 3263
"../../../Engine/Content/EngineMaterials/Widget3DPassThrough_Masked_OneSided.uasset" 3264
"/Engine/VREditor/ViewportInteractionAssetContainerData" 3265
"../../../Engine/Content/VREditor/ViewportInteractionAssetContainerData.uasset" 3266
"../../../Engine/Content/VREditor/SnapGrid/SnapGridMaterial.uasset" 3267
"../../../Engine/Content/VREditor/TransformGizmo/TransformGizmoMaterial_Inst.uasset" 3268
"../../../Engine/Content/VREditor/TransformGizmo/TranslucentTransformGizmoMaterial_Inst.uasset" 3269
"../../../Engine/Content/VREditor/SnapGrid/SnapGridPlaneMesh.uasset" 3270
"../../../Engine/Content/VREditor/Sounds/UI/Drop_Item_From_ContentBrowser.uasset" 3271
"../../../Engine/Content/VREditor/Sounds/UI/Gizmo_Handle_Clicked.uasset" 3272
"../../../Engine/Content/VREditor/Sounds/UI/Object_PickUp.uasset" 3273
"../../../Engine/Content/VREditor/Sounds/UI/Object_Snaps_To_Another_Actor.uasset" 3274
"../../../Engine/Content/VREditor/Sounds/UI/Object_Snaps_To_Grid.uasset" 3275
"../../../Engine/Content/VREditor/Sounds/UI/Scaling_Down.uasset" 3276
"../../../Engine/Content/VREditor/Sounds/UI/Scaling_Up.uasset" 3277
"../../../Engine/Content/VREditor/Sounds/UI/Selection_Changes.uasset" 3278
"../../../Engine/Content/VREditor/TransformGizmo/PlaneTranslationHandle.uasset" 3279
"../../../Engine/Content/VREditor/TransformGizmo/RotationHandleFull.uasset" 3280
"../../../Engine/Content/VREditor/TransformGizmo/RotationHandleIndicator.uasset" 3281
"../../../Engine/Content/VREditor/TransformGizmo/RotationHandleQuarter.uasset" 3282
"../../../Engine/Content/VREditor/TransformGizmo/StartRotationHandleIndicator.uasset" 3283
"../../../Engine/Content/VREditor/TransformGizmo/TransformGizmoFreeRotation.uasset" 3284
"../../../Engine/Content/VREditor/TransformGizmo/TranslateArrowHandle.uasset" 3285
"../../../Engine/Content/VREditor/TransformGizmo/UniformScaleHandle.uasset" 3286
"../../../Engine/Content/Functions/Engine_MaterialFunctions02/Math/Transform3x3Matrix.uasset" 3287
"../../../Engine/Content/Functions/Engine_MaterialFunctions02/SplitComponents.uasset" 3288
"../../../Engine/Content/VREditor/TransformGizmo/TransformGizmoMaterial.uasset" 3289
"../../../Engine/Content/VREditor/TransformGizmo/TranslucentTransformGizmoMaterial.uasset" 3290
"../../../Engine/Content/Functions/Engine_MaterialFunctions02/Utility/BreakOutFloat3Components.uasset" 3291
"../../../Engine/Content/VREditor/LaserPointer/VR_LaserPower_01.uasset" 3292
"/Engine/VREditor/TransformGizmo/BoundingBoxCorner" 3293
"../../../Engine/Content/VREditor/TransformGizmo/BoundingBoxCorner.uasset" 3294
"/Engine/VREditor/TransformGizmo/BoundingBoxEdge" 3295
"../../../Engine/Content/VREditor/TransformGizmo/BoundingBoxEdge.uasset" 3296
"/Engine/ArtTools/RenderToTexture/Meshes/S_1_Unit_Plane" 3297
"../../../Engine/Content/ArtTools/RenderToTexture/Meshes/S_1_Unit_Plane.uasset" 3298
"/Engine/EngineDebugMaterials/M_SimpleUnlitTranslucent" 3299
"../../../Engine/Content/EngineDebugMaterials/M_SimpleUnlitTranslucent.uasset" 3300
"/Engine/EngineFonts/Roboto" 3301
"../../../Engine/Content/EngineFonts/Roboto.uasset" 3302
"../../../Engine/Content/EngineFonts/Faces/DroidSansFallback.uasset" 3303
"../../../Engine/Content/EngineFonts/Faces/RobotoBold.uasset" 3304
"../../../Engine/Content/EngineFonts/Faces/RobotoBoldItalic.uasset" 3305
"../../../Engine/Content/EngineFonts/Faces/RobotoItalic.uasset" 3306
"../../../Engine/Content/EngineFonts/Faces/RobotoLight.uasset" 3307
"../../../Engine/Content/EngineFonts/Faces/RobotoRegular.uasset" 3308
"/Engine/EditorMaterials/ParticleSystems/PSysThumbnail_NoImage" 3309
"../../../Engine/Content/EditorMaterials/ParticleSystems/PSysThumbnail_NoImage.uasset" 3310
"/Engine/EditorMaterials/ParticleSystems/PSysThumbnail_OOD" 3311
"../../../Engine/Content/EditorMaterials/ParticleSystems/PSysThumbnail_OOD.uasset" 3312
"/Engine/EngineResources/LandscapeVisibilityLayerInfo" 3313
"../../../Engine/Content/EngineResources/LandscapeVisibilityLayerInfo.uasset" 3314
"/ACLPlugin/ACLAnimBoneCompressionSettings" 3315
"../../Plugins/Animation/ACLPlugin/Content/ACLAnimBoneCompressionSettings.uasset" 3316
"/Engine/Animation/DefaultRecorderBoneCompression" 3317
"../../../Engine/Content/Animation/DefaultRecorderBoneCompression.uasset" 3318
"/ACLPlugin/ACLAnimCurveCompressionSettings" 3319
"../../Plugins/Animation/ACLPlugin/Content/ACLAnimCurveCompressionSettings.uasset" 3320
"/Engine/Animation/DefaultVariableFrameStrippingSettings" 3321
"../../../Engine/Content/Animation/DefaultVariableFrameStrippingSettings.uasset" 3322
"/ControlRig/Controls/ControlRigXRayMaterial" 3323
"../../Plugins/Animation/ControlRig/Content/Controls/ControlRigXRayMaterial.uasset" 3324
"/ControlRig/Controls/DefaultGizmoLibraryNormalized" 3325
"../../Plugins/Animation/ControlRig/Content/Controls/DefaultGizmoLibraryNormalized.uasset" 3326
"/AudioWidgets/Resources/ScrubHandleDown_Clamped" 3327
"../../Plugins/Runtime/AudioWidgets/Content/Resources/ScrubHandleDown_Clamped.uasset" 3328
"/Paper2D/MaskedUnlitSpriteMaterial" 3329
"../../Plugins/2D/Paper2D/Content/MaskedUnlitSpriteMaterial.uasset" 3330
"../../Plugins/2D/Paper2D/Content/DefaultSpriteMaterial.uasset" 3331
"../../Plugins/2D/Paper2D/Content/PlaceholderTextures/DummySpriteTexture.uasset" 3332
"/Paper2D/OpaqueUnlitSpriteMaterial" 3333
"../../Plugins/2D/Paper2D/Content/OpaqueUnlitSpriteMaterial.uasset" 3334
"/Paper2D/DefaultPaperTerrainMaterial" 3335
"../../Plugins/2D/Paper2D/Content/DefaultPaperTerrainMaterial.uasset" 3336
"../../Plugins/2D/Paper2D/Content/DummySprite.uasset" 3337
"/ControlRig/M_Manip" 3338
"../../Plugins/Animation/ControlRig/Content/M_Manip.uasset" 3339
"../../../Engine/Content/Functions/Engine_MaterialFunctions02/WorldPositionOffset/CameraOffset.uasset" 3340
"../../../Engine/Intermediate/ProjectFiles/PrimaryProjectPath.txt" 3341
"/SpeedTreeImporter/SpeedTree9/SpeedTreeMaster" 3342
"../../Plugins/Editor/SpeedTreeImporter/Content/SpeedTree9/SpeedTreeMaster.uasset" 3343
"../../../Engine/Content/Functions/Engine_MaterialFunctions02/ObjectLocalBounds.uasset" 3344
"../../../Engine/Content/Functions/Engine_MaterialFunctions02/SafeNormalize.uasset" 3345
"../../../Engine/Content/Functions/Engine_MaterialFunctions02/Utility/VectorLength.uasset" 3346
"../../../Engine/Content/Functions/Engine_MaterialFunctions02/UVs/BoundingBoxBased_0-1_UVW.uasset" 3347
"../../../Engine/Content/Functions/Engine_MaterialFunctions02/WorldPositionOffset/ObjectScale.uasset" 3348
"../../Plugins/Editor/SpeedTreeImporter/Content/SpeedTree9/SpeedTreeBranchMotion.uasset" 3349
"../../Plugins/Editor/SpeedTreeImporter/Content/SpeedTree9/SpeedTreeCameraFacing.uasset" 3350
"../../Plugins/Editor/SpeedTreeImporter/Content/SpeedTree9/SpeedTreeWind.uasset" 3351
"../../Plugins/Editor/SpeedTreeImporter/Content/SpeedTree9/SpeedTreeWindMotion.uasset" 3352
"../../Plugins/Editor/SpeedTreeImporter/Content/SpeedTree9/UnpackDirection.uasset" 3353
"../../Plugins/Editor/SpeedTreeImporter/Content/SpeedTree9/UnpackInteger3.uasset" 3354
"../../Plugins/Editor/SpeedTreeImporter/Content/SpeedTree9/Empty.uasset" 3355
"../../Plugins/Editor/SpeedTreeImporter/Content/SpeedTree9/EmptyNormal.uasset" 3356
"../../Plugins/Editor/SpeedTreeImporter/Content/SpeedTree9/game_wind_noise.uasset" 3357
"/SpeedTreeImporter/SpeedTree9/SpeedTreeBillboardMaster" 3358
"../../Plugins/Editor/SpeedTreeImporter/Content/SpeedTree9/SpeedTreeBillboardMaster.uasset" 3359
"../../Plugins/Editor/SpeedTreeImporter/Content/SpeedTree9/SpeedTreeBillboard.uasset" 3360
"/MediaPlate/SM_MediaPlateScreen" 3361
"../../Plugins/Media/MediaPlate/Content/SM_MediaPlateScreen.uasset" 3362
"/Engine/BasicShapes/BasicShapeMaterial" 3363
"../../../Engine/Content/BasicShapes/BasicShapeMaterial.uasset" 3364
"/Engine/EditorMaterials/Dataflow/DataflowVertexMaterial" 3365
"../../../Engine/Content/EditorMaterials/Dataflow/DataflowVertexMaterial.uasset" 3366
"/Engine/EditorMaterials/Dataflow/DataflowTwoSidedVertexMaterial" 3367
"../../../Engine/Content/EditorMaterials/Dataflow/DataflowTwoSidedVertexMaterial.uasset" 3368
"/Engine/EditorLandscapeResources/LayerVisMaterial" 3369
"../../../Engine/Content/EditorLandscapeResources/LayerVisMaterial.uasset" 3370
"../../../Engine/Content/EditorLandscapeResources/WhiteSquareTexture.uasset" 3371
"/Engine/EditorLandscapeResources/SelectBrushMaterial_Selected" 3372
"../../../Engine/Content/EditorLandscapeResources/SelectBrushMaterial_Selected.uasset" 3373
"../../../Engine/Content/EditorLandscapeResources/SelectBrushMaterial.uasset" 3374
"../../../Engine/Content/Functions/Engine_MaterialFunctions03/Math/WithinRangeFloat2.uasset" 3375
"../../../Engine/Content/EditorLandscapeResources/DefaultAlphaTexture.uasset" 3376
"/Engine/EditorLandscapeResources/SelectBrushMaterial_SelectedRegion" 3377
"../../../Engine/Content/EditorLandscapeResources/SelectBrushMaterial_SelectedRegion.uasset" 3378
"/Engine/EditorLandscapeResources/MaskBrushMaterial_MaskedRegion" 3379
"../../../Engine/Content/EditorLandscapeResources/MaskBrushMaterial_MaskedRegion.uasset" 3380
"../../../Engine/Content/EditorLandscapeResources/MaskBrushMaterial.uasset" 3381
"/Engine/EditorLandscapeResources/ColorMaskBrushMaterial_MaskedRegion" 3382
"../../../Engine/Content/EditorLandscapeResources/ColorMaskBrushMaterial_MaskedRegion.uasset" 3383
"../../../Engine/Content/EditorLandscapeResources/ColorMaskBrushMaterial.uasset" 3384
"/Engine/EditorLandscapeResources/LandscapeDirtyMaterial" 3385
"../../../Engine/Content/EditorLandscapeResources/LandscapeDirtyMaterial.uasset" 3386
"/Engine/EditorLandscapeResources/LandscapeLayerUsageMaterial" 3387
"../../../Engine/Content/EditorLandscapeResources/LandscapeLayerUsageMaterial.uasset" 3388
"../../../Engine/Content/Functions/Engine_MaterialFunctions01/Debug/DebugIntValues.uasset" 3389
"../../../Engine/Content/Functions/Engine_MaterialFunctions01/Texturing/ScaleUVsByCenter.uasset" 3390
"../../../Engine/Content/Functions/Engine_MaterialFunctions02/WorldPositionOffset/LocalPosition.uasset" 3391
"../../../Engine/Content/Functions/Engine_MaterialFunctions01/Texturing/TextureCropping.uasset" 3392
"../../../Engine/Content/Functions/Engine_MaterialFunctions02/ExampleContent/DebugNumberStrip.uasset" 3393
"C:/Users/andre/AppData/Local/UnrealEngine/Editor/UInteractiveToolsPresetCollectionAsset_DefaultCollection.json" 3394
"/Engine/EngineMaterials/NaniteHiddenSectionMaterial" 3395
"../../../Engine/Content/EngineMaterials/NaniteHiddenSectionMaterial.uasset" 3396
"/Engine/EngineMaterials/RemoveSurfaceMaterial" 3397
"../../../Engine/Content/EngineMaterials/RemoveSurfaceMaterial.uasset" 3398
"/Engine/EngineDebugMaterials/DebugMeshMaterial" 3399
"../../../Engine/Content/EngineDebugMaterials/DebugMeshMaterial.uasset" 3400
"/Engine/EngineMaterials/EmissiveMeshMaterial" 3401
"../../../Engine/Content/EngineMaterials/EmissiveMeshMaterial.uasset" 3402
"../../../Engine/Content/EngineMaterials/DefaultWhiteGrid_Low.uasset" 3403
"/Engine/EngineMaterials/M_InvalidLightmapSettings" 3404
"../../../Engine/Content/EngineMaterials/M_InvalidLightmapSettings.uasset" 3405
"../../../Engine/Content/EngineMaterials/InvalidLightmapSettings.uasset" 3406
"/Engine/EngineMaterials/GizmoMaterial" 3407
"../../../Engine/Content/EngineMaterials/GizmoMaterial.uasset" 3408
"/Engine/EngineMaterials/PhAT_JointLimitMaterial" 3409
"../../../Engine/Content/EngineMaterials/PhAT_JointLimitMaterial.uasset" 3410
"/Engine/EngineMaterials/FlattenMaterial" 3411
"../../../Engine/Content/EngineMaterials/FlattenMaterial.uasset" 3412
"../../../Engine/Content/EngineMaterials/BaseFlattenDiffuseMap.uasset" 3413
"../../../Engine/Content/EngineMaterials/BaseFlattenEmissiveMap.uasset" 3414
"../../../Engine/Content/EngineMaterials/BaseFlattenGrayscaleMap.uasset" 3415
"../../../Engine/Content/EngineMaterials/BaseFlattenLinearColor.uasset" 3416
"../../../Engine/Content/EngineMaterials/BaseFlattenNormalMap.uasset" 3417
"../../../Engine/Content/Functions/Engine_MaterialFunctions02/PivotPainter2/Black_1x1_EXR_Texture.uasset" 3418
"/Engine/EngineMaterials/FlattenMaterial_VT" 3419
"../../../Engine/Content/EngineMaterials/FlattenMaterial_VT.uasset" 3420
"../../../Engine/Content/EngineMaterials/BaseFlattenDiffuseMap_VT.uasset" 3421
"../../../Engine/Content/EngineMaterials/BaseFlattenEmissiveMap_VT.uasset" 3422
"../../../Engine/Content/EngineMaterials/BaseFlattenGrayscaleMap_VT.uasset" 3423
"../../../Engine/Content/EngineMaterials/BaseFlattenLinearColor_VT.uasset" 3424
"../../../Engine/Content/EngineMaterials/BaseFlattenNormalMap_VT.uasset" 3425
"../../../Engine/Content/EngineMaterials/Black_1x1_EXR_Texture_VT.uasset" 3426
"/Engine/EngineMaterials/FlattenMaterial_WS_Normal_VT" 3427
"../../../Engine/Content/EngineMaterials/FlattenMaterial_WS_Normal_VT.uasset" 3428
"/Engine/EngineMaterials/Good64x64TilingNoiseHighFreq" 3429
"../../../Engine/Content/EngineMaterials/Good64x64TilingNoiseHighFreq.uasset" 3430
"/Engine/EngineMaterials/DefaultBokeh" 3431
"../../../Engine/Content/EngineMaterials/DefaultBokeh.uasset" 3432
"/Engine/EngineMaterials/MiniFont" 3433
"../../../Engine/Content/EngineMaterials/MiniFont.uasset" 3434
"/Engine/EngineMaterials/WeightMapPlaceholderTexture" 3435
"../../../Engine/Content/EngineMaterials/WeightMapPlaceholderTexture.uasset" 3436
"/Engine/EngineMaterials/WeightMapArrayPlaceholderTexture" 3437
"../../../Engine/Content/EngineMaterials/WeightMapArrayPlaceholderTexture.uasset" 3438
"/Engine/EngineMaterials/DefaultWhiteGrid" 3439
"../../../Engine/Content/EngineMaterials/DefaultWhiteGrid.uasset" 3440
"/Engine/EngineMaterials/PreintegratedSkinBRDF" 3441
"../../../Engine/Content/EngineMaterials/PreintegratedSkinBRDF.uasset" 3442
"/Engine/EngineMaterials/LTC/GGX_LTCAmp" 3443
"../../../Engine/Content/EngineMaterials/LTC/GGX_LTCAmp.uasset" 3444
"/Engine/EngineMaterials/LTC/GGX_LTCMat" 3445
"../../../Engine/Content/EngineMaterials/LTC/GGX_LTCMat.uasset" 3446
"/Engine/EngineMaterials/EnergyConservation/GGX_ReflectionEnergy" 3447
"../../../Engine/Content/EngineMaterials/EnergyConservation/GGX_ReflectionEnergy.uasset" 3448
"/Engine/EngineMaterials/EnergyConservation/GGX_TransmissionEnergyArray" 3449
"../../../Engine/Content/EngineMaterials/EnergyConservation/GGX_TransmissionEnergyArray.uasset" 3450
"/Engine/EngineMaterials/EnergyConservation/SheenLegacy_Energy" 3451
"../../../Engine/Content/EngineMaterials/EnergyConservation/SheenLegacy_Energy.uasset" 3452
"/Engine/EngineMaterials/DefaultPhysicalMaterial" 3453
"../../../Engine/Content/EngineMaterials/DefaultPhysicalMaterial.uasset" 3454
"/Engine/EngineMaterials/DefaultDestructiblePhysicalMaterial" 3455
"../../../Engine/Content/EngineMaterials/DefaultDestructiblePhysicalMaterial.uasset" 3456
"C:/Users/andre/AppData/Local/UnrealEngine/Editor/ProjectEditorRecords.json" 3457
"/Niagara/ParameterDefinitions/SpriteRenderer" 3458
"../../Plugins/FX/Niagara/Content/ParameterDefinitions/SpriteRenderer.uasset" 3459
"/Niagara/ParameterDefinitions/RibbonRenderer" 3460
"../../Plugins/FX/Niagara/Content/ParameterDefinitions/RibbonRenderer.uasset" 3461
"/Niagara/ParameterDefinitions/MeshRenderer" 3462
"../../Plugins/FX/Niagara/Content/ParameterDefinitions/MeshRenderer.uasset" 3463
"/Niagara/ParameterDefinitions/LightRenderer" 3464
"../../Plugins/FX/Niagara/Content/ParameterDefinitions/LightRenderer.uasset" 3465
"/Niagara/ParameterDefinitions/DecalRenderer" 3466
"../../Plugins/FX/Niagara/Content/ParameterDefinitions/DecalRenderer.uasset" 3467
"/Niagara/ParameterDefinitions/CoreParameters" 3468
"../../Plugins/FX/Niagara/Content/ParameterDefinitions/CoreParameters.uasset" 3469
"/DeformerGraph/Deformers/DG_LinearBlendSkin_Morph_Cloth" 3470
"../../Plugins/Animation/DeformerGraph/Content/Deformers/DG_LinearBlendSkin_Morph_Cloth.uasset" 3471
"../../Plugins/Animation/DeformerGraph/Content/DeformerFunctions/DG_Function_LinearBlendSkin_Morph_Cloth.uasset" 3472
"/DeformerGraph/Deformers/DG_LinearBlendSkin_Morph_Cloth_RecomputeNormals" 3473
"../../Plugins/Animation/DeformerGraph/Content/Deformers/DG_LinearBlendSkin_Morph_Cloth_RecomputeNormals.uasset" 3474
"../../Plugins/Animation/DeformerGraph/Content/DeformerFunctions/DG_Function_ComputeNormalsTangents.uasset" 3475
"../../Plugins/Animation/DeformerGraph/Content/DeformerFunctions/DG_Function_LinearBlendSkin_Morph_Cloth_PositionOnly.uasset" 3476
"/Engine/BasicShapes/Sphere" 3477
"../../../Engine/Content/BasicShapes/Sphere.uasset" 3478
"../../../Engine/Content/EngineMaterials/DefaultMaterial.uasset" 3479
"/Engine/BasicShapes/Cylinder" 3480
"../../../Engine/Content/BasicShapes/Cylinder.uasset" 3481
"/Engine/BasicShapes/Cone" 3482
"../../../Engine/Content/BasicShapes/Cone.uasset" 3483
"/Engine/BasicShapes/Plane" 3484
"../../../Engine/Content/BasicShapes/Plane.uasset" 3485
"../../../Engine/Documentation/Source/Shared/Types/ABrush/ABrush.INT.udn" 3486
"../../../Engine/Content/Internationalization/icudt64l/brkitr/en_US.res" 3487
"../../../Engine/Content/Internationalization/icudt64l/brkitr/en.res" 3488
"../../../Engine/Content/Internationalization/icudt64l/brkitr/root.res" 3489
"../../../Engine/Content/Internationalization/icudt64l/brkitr/char.brk" 3490
"../../../Engine/Content/Internationalization/icudt64l/brkitr/word.brk" 3491
"/Engine/EditorResources/SequenceRecorder/Countdown" 3492
"../../../Engine/Content/EditorResources/SequenceRecorder/Countdown.uasset" 3493
"/Engine/EditorResources/SequenceRecorder/RecordingIndicator" 3494
"../../../Engine/Content/EditorResources/SequenceRecorder/RecordingIndicator.uasset" 3495
"/Engine/EditorMaterials/PhAT_UnselectedMaterial" 3496
"../../../Engine/Content/EditorMaterials/PhAT_UnselectedMaterial.uasset" 3497
"/Engine/EditorMaterials/PhAT_NoCollisionMaterial" 3498
"../../../Engine/Content/EditorMaterials/PhAT_NoCollisionMaterial.uasset" 3499
"/Engine/EngineFonts/DroidSansMono" 3500
"../../../Engine/Content/EngineFonts/DroidSansMono.uasset" 3501
"../../../Engine/Content/EngineFonts/Faces/DroidSansMono.uasset" 3502
"/Engine/EditorResources/S_Terrain" 3503
"../../../Engine/Content/EditorResources/S_Terrain.uasset" 3504
"../../../Engine/Plugins/FX/Niagara/Shaders/Private/NiagaraDataInterfaceTexture2DArrayTemplate.ush" 3505
"../../../Engine/Plugins/FX/Niagara/Shaders/Private/NiagaraDataInterfaceActorComponentTemplate.ush" 3506
"../../../Engine/Plugins/FX/Niagara/Shaders/Private/NiagaraDataInterfaceArrayTemplate.ush" 3507
"../../../Engine/Plugins/FX/Niagara/Shaders/Private/NiagaraDataInterfaceArrayRWTemplate.ush" 3508
"../../../Engine/Plugins/FX/Niagara/Shaders/Private/NiagaraDataInterfaceAsyncGpuTrace.ush" 3509
"../../../Engine/Plugins/FX/Niagara/Shaders/Private/NiagaraDataInterfaceAsyncGpuTraceTemplate.ush" 3510
"../../../Engine/Plugins/FX/Niagara/Shaders/Private/NiagaraDataInterfaceCamera.ush" 3511
"../../../Engine/Plugins/Experimental/ChaosNiagara/Shaders/NiagaraDataInterfaceChaosDestruction.ush" 3512
"../../../Engine/Plugins/FX/Niagara/Shaders/Private/NiagaraDataInterfaceCollisionQuery.ush" 3513
"C:/Users/andre/OneDrive/Documents/Unreal Projects/Artkana_Project/Intermediate/ShaderAutogen/PCD3D_SM5/AutogenShaderHeaders.ush" 3514
"../../../Engine/Plugins/FX/Niagara/Shaders/Private/NiagaraDataInterfaceCollisionQueryTemplate.ush" 3515
"../../../Engine/Plugins/FX/Niagara/Shaders/Private/NiagaraDataInterfaceCurveTemplate.ush" 3516
"../../../Engine/Plugins/FX/Niagara/Shaders/Private/NiagaraDataInterfaceCubeTextureTemplate.ush" 3517
"../../../Engine/Plugins/FX/Niagara/Shaders/Private/DataChannel/NiagaraDataInterfaceDataChannelCommon.ush" 3518
"../../../Engine/Plugins/FX/Niagara/Shaders/Private/DataChannel/NiagaraDataInterfaceDataChannelTemplateCommon.ush" 3519
"../../../Engine/Plugins/FX/Niagara/Shaders/Private/DataChannel/NiagaraDataInterfaceDataChannelTemplateReadCommon.ush" 3520
"../../../Engine/Plugins/FX/Niagara/Shaders/Private/DataChannel/NiagaraDataInterfaceDataChannelTemplate_Read.ush" 3521
"../../../Engine/Plugins/FX/Niagara/Shaders/Private/DataChannel/NiagaraDataInterfaceDataChannelTemplate_Consume.ush" 3522
"../../../Engine/Plugins/FX/Niagara/Shaders/Private/DataChannel/NiagaraDataInterfaceDataChannelTemplateWriteCommon.ush" 3523
"../../../Engine/Plugins/FX/Niagara/Shaders/Private/DataChannel/NiagaraDataInterfaceDataChannelTemplate_Append.ush" 3524
"../../../Engine/Plugins/FX/Niagara/Shaders/Private/NiagaraDataInterfaceDataTableTemplate.ush" 3525
"../../../Engine/Plugins/FX/Niagara/Shaders/Private/NiagaraDataInterfaceDebugDraw.ush" 3526
"../../../Engine/Plugins/FX/Niagara/Shaders/Private/NiagaraDataInterfaceDebugDrawTemplate.ush" 3527
"../../../Engine/Plugins/FX/Niagara/Shaders/Private/NiagaraDataInterfaceDynamicMeshTemplate.ush" 3528
"../../../Engine/Plugins/FX/Niagara/Shaders/Private/NiagaraDataInterfaceEmitterPropertiesTemplate.ush" 3529
"../../../Engine/Plugins/FX/Niagara/Shaders/Private/NiagaraDataInterfaceExportTemplate.ush" 3530
"../../../Engine/Plugins/FX/Niagara/Shaders/Private/NiagaraDataInterfaceGBufferTemplate.ush" 3531
"../../../Engine/Plugins/Experimental/ChaosNiagara/Shaders/NiagaraDataInterfaceGeometryCollection.ush" 3532
"../../../Engine/Plugins/FX/Niagara/Shaders/Private/NiagaraTransformUtils.ush" 3533
"../../../Engine/Plugins/Runtime/HairStrands/Shaders/Private/NiagaraStrandsExternalForce.ush" 3534
"../../../Engine/Plugins/Runtime/HairStrands/Shaders/Private/NiagaraHookeSpringMaterial.ush" 3535
"../../../Engine/Plugins/Runtime/HairStrands/Shaders/Private/NiagaraAngularSpringMaterial.ush" 3536
"../../../Engine/Plugins/Runtime/HairStrands/Shaders/Private/NiagaraConstantVolumeMaterial.ush" 3537
"../../../Engine/Plugins/Runtime/HairStrands/Shaders/Private/NiagaraCosseratRodMaterial.ush" 3538
"../../../Engine/Plugins/Runtime/HairStrands/Shaders/Private/NiagaraStaticCollisionConstraint.ush" 3539
"../../../Engine/Plugins/Runtime/HairStrands/Shaders/Private/NiagaraDataInterfaceHairStrands.ush" 3540
"../../../Engine/Plugins/Runtime/HairStrands/Shaders/Private/NiagaraDataInterfaceHairStrandsTemplate.ush" 3541
"../../../Engine/Plugins/FX/Niagara/Shaders/Private/NiagaraDataInterfaceIntRenderTarget2D.ush" 3542
"../../../Engine/Plugins/FX/Niagara/Shaders/Private/NiagaraDataInterfaceLandscape.ush" 3543
"../../../Engine/Plugins/FX/Niagara/Shaders/Private/NiagaraDataInterfaceMemoryBufferTemplate.ush" 3544
"../../../Engine/Plugins/FX/Niagara/Shaders/Private/NiagaraDataInterfaceMeshRendererInfoTemplate.ush" 3545
"../../../Engine/Plugins/FX/Niagara/Shaders/Private/NiagaraDataInterfaceOcclusion.ush" 3546
"../../../Engine/Plugins/FX/Niagara/Shaders/Private/NiagaraDataInterfacePhysicsAsset.ush" 3547
"../../../Engine/Plugins/Experimental/ChaosNiagara/Shaders/NiagaraDataInterfacePhysicsField.ush" 3548
"../../../Engine/Plugins/FX/Niagara/Shaders/Private/NiagaraDataInterfacePlatformSetTemplate.ush" 3549
"../../../Engine/Plugins/Runtime/HairStrands/Shaders/Private/NiagaraDataInterfaceVelocityGrid.ush" 3550
"../../../Engine/Plugins/Runtime/HairStrands/Shaders/Private/NiagaraDataInterfaceVelocityGridTemplate.ush" 3551
"../../../Engine/Plugins/Runtime/HairStrands/Shaders/Private/NiagaraDataInterfacePressureGrid.ush" 3552
"../../../Engine/Plugins/Runtime/HairStrands/Shaders/Private/NiagaraDataInterfacePressureGridTemplate.ush" 3553
"../../../Engine/Plugins/FX/Niagara/Shaders/Private/NiagaraDataInterfaceRenderTarget2DTemplate.ush" 3554
"../../../Engine/Plugins/FX/Niagara/Shaders/Private/NiagaraDataInterfaceRenderTarget2DArrayTemplate.ush" 3555
"../../../Engine/Plugins/FX/Niagara/Shaders/Private/NiagaraDataInterfaceRenderTargetCubeTemplate.ush" 3556
"../../../Engine/Plugins/FX/Niagara/Shaders/Private/NiagaraDataInterfaceRenderTargetVolumeTemplate.ush" 3557
"../../../Engine/Plugins/FX/Niagara/Shaders/Private/NiagaraDataInterfaceRigidMeshCollisionQuery.ush" 3558
"../../../Engine/Plugins/FX/Niagara/Shaders/Private/NiagaraDistanceFieldQueries.ush" 3559
"../../../Engine/Plugins/FX/Niagara/Shaders/Private/NiagaraDataInterfaceSceneCapture2DTemplate.ush" 3560
"../../../Engine/Plugins/FX/Niagara/Shaders/Private/NiagaraDataInterfaceSimCacheReaderTemplate.ush" 3561
"../../../Engine/Plugins/FX/Niagara/Shaders/Private/NiagaraDataInterfaceSimpleCounterTemplate.ush" 3562
"../../../Engine/Plugins/FX/Niagara/Shaders/Private/NiagaraDataInterfaceSkeletalMesh.ush" 3563
"../../../Engine/Plugins/FX/Niagara/Shaders/Private/NiagaraBaryCentricUtils.ush" 3564
"../../../Engine/Plugins/FX/Niagara/Shaders/Private/NiagaraDataInterfaceSkeletalMeshTemplate.ush" 3565
"../../../Engine/Plugins/FX/Niagara/Shaders/Private/NiagaraDataInterfaceSocketReaderTemplate.ush" 3566
"../../../Engine/Plugins/FX/Niagara/Shaders/Private/NiagaraDataInterfaceSparseVolumeTextureTemplate.ush" 3567
"../../../Engine/Plugins/FX/Niagara/Shaders/Private/NiagaraDataInterfaceSplineTemplate.ush" 3568
"../../../Engine/Plugins/FX/Niagara/Shaders/Private/NiagaraDataInterfaceSpriteRendererInfoTemplate.ush" 3569
"../../../Engine/Plugins/FX/Niagara/Shaders/Private/NiagaraDataInterfaceStaticMeshTemplate.ush" 3570
"../../../Engine/Plugins/FX/Niagara/Shaders/Private/NiagaraDataInterfaceTextureTemplate.ush" 3571
"../../../Engine/Plugins/FX/Niagara/Shaders/Private/NiagaraDataInterfaceVirtualTexture.ush" 3572
"../../../Engine/Plugins/FX/Niagara/Shaders/Private/NiagaraDataInterfaceVirtualTextureTemplate.ush" 3573
"../../../Engine/Plugins/FX/Niagara/Shaders/Private/NiagaraDataInterfaceVolumeCache.ush" 3574
"../../../Engine/Plugins/FX/Niagara/Shaders/Private/NiagaraDataInterfaceVolumeTextureTemplate.ush" 3575
"C:/Users/andre/OneDrive/Documents/Unreal Projects/Artkana_Project/Binaries/Win64/UnrealEditor-Artkana_Project.dll" 3576
"C:/Users/andre/OneDrive/Documents/Unreal Projects/Artkana_Project/Content/LevelPrototyping/2D_Art/Background/Level2/citay.uasset" 3577
"C:/Users/andre/OneDrive/Documents/Unreal Projects/Artkana_Project/Content/UI/InGameMenus/Level2_Select.uasset" 3578
"C:/Users/andre/OneDrive/Documents/Unreal Projects/Artkana_Project/Content/UI/InGameMenus/StarStore.uasset" 3579
"C:/Users/andre/OneDrive/Documents/Unreal Projects/Artkana_Project/Content/UI/Fonts/MyFont-Regular_Font.uasset" 3580
"C:/Users/andre/OneDrive/Documents/Unreal Projects/Artkana_Project/Content/UI/Fonts/MyFont-Regular.uasset" 3581
"C:/Users/andre/OneDrive/Documents/Unreal Projects/Artkana_Project/Content/UI/InGameMenus/Level_Select.uasset" 3582
"C:/Users/andre/OneDrive/Documents/Unreal Projects/Artkana_Project/Content/UI/InGameMenus/spells/Shop_PiercingRose.uasset" 3583
"C:/Users/andre/OneDrive/Documents/Unreal Projects/Artkana_Project/Content/UI/InGameMenus/spells/Shop_AbilityBase.uasset" 3584
"C:/Users/andre/OneDrive/Documents/Unreal Projects/Artkana_Project/Content/UI/InGameMenus/spells/Shop_SakuraShift.uasset" 3585
"C:/Users/andre/OneDrive/Documents/Unreal Projects/Artkana_Project/Content/UI/InGameMenus/gradient.uasset" 3586
"C:/Users/andre/OneDrive/Documents/Unreal Projects/Artkana_Project/Content/Variant_SideScroller/Blueprints/GameData.uasset" 3587
"/Game/LevelPrototyping/2D_Art/Background/Level2/citay" 3588
"C:/Users/andre/OneDrive/Documents/Unreal Projects/Artkana_Project/Content/UI/InGameMenus/InGame.umap" 3589
"C:/Users/andre/OneDrive/Documents/Unreal Projects/Artkana_Project/Content/UI/AbilitySelect.uasset" 3590
"../../../Engine/Content/EditorBlueprintResources/StandardMacros.uasset" 3591
"C:/Users/andre/OneDrive/Documents/Unreal Projects/Artkana_Project/Content/UI/InGameMenus/InGameMenu-Controller.uasset" 3592
"C:/Users/andre/OneDrive/Documents/Unreal Projects/Artkana_Project/Content/UI/InGameMenus/ingamemenu-mode.uasset" 3593
"C:/Users/andre/OneDrive/Documents/Unreal Projects/Artkana_Project/Content/UI/InGameMenus/spells/Shop_VerdantVortex.uasset" 3594
"C:/Users/andre/OneDrive/Documents/Unreal Projects/Artkana_Project/Content/UI/InGameMenus/spells/Shop_BronzeBullet.uasset" 3595
"C:/Users/andre/OneDrive/Documents/Unreal Projects/Artkana_Project/Content/Audio/Music/MasterMusicClass.uasset" 3596
"C:/Users/andre/OneDrive/Documents/Unreal Projects/Artkana_Project/Content/Audio/Music/Blown_Away.uasset" 3597
"C:/Users/andre/OneDrive/Documents/Unreal Projects/Artkana_Project/Content/UI/Buttons/PaintOnly/main_screen/credits_paint.uasset" 3598
"C:/Users/andre/OneDrive/Documents/Unreal Projects/Artkana_Project/Content/UI/Buttons/PaintOnly/main_screen/quit_paint.uasset" 3599
"C:/Users/andre/OneDrive/Documents/Unreal Projects/Artkana_Project/Content/UI/Buttons/PaintOnly/playSection/new_game_paint__1_.uasset" 3600
"C:/Users/andre/OneDrive/Documents/Unreal Projects/Artkana_Project/Content/UI/MainMenu/PlaySection.uasset" 3601
"C:/Users/andre/OneDrive/Documents/Unreal Projects/Artkana_Project/Content/UI/MainMenu/optionsmenu.uasset" 3602
"C:/Users/andre/OneDrive/Documents/Unreal Projects/Artkana_Project/Content/UI/Buttons/PaintOnly/playSection/back_paint.uasset" 3603
"C:/Users/andre/OneDrive/Documents/Unreal Projects/Artkana_Project/Content/LevelPrototyping/PostProcessMATs/CelShading_MAT.uasset" 3604
"C:/Users/andre/OneDrive/Documents/Unreal Projects/Artkana_Project/Content/LevelPrototyping/PostProcessMATs/CelShading_MAT_Inst.uasset" 3605
"C:/Users/andre/OneDrive/Documents/Unreal Projects/Artkana_Project/Content/UI/Buttons/PaintOnly/playSection/continue_paint.uasset" 3606
"C:/Users/andre/OneDrive/Documents/Unreal Projects/Artkana_Project/Content/UI/Buttons/PaintOnly/main_screen/options_paint.uasset" 3607
"C:/Users/andre/OneDrive/Documents/Unreal Projects/Artkana_Project/Content/UI/MainMenu/MainMenu.uasset" 3608
"C:/Users/andre/OneDrive/Documents/Unreal Projects/Artkana_Project/Content/UI/Buttons/PaintOnly/main_screen/start_paint.uasset" 3609
"C:/Users/andre/OneDrive/Documents/Unreal Projects/Artkana_Project/Content/LevelPrototyping/Materials/Menu/M_Wall.uasset" 3610
"/Game/UI/AbilitySelect" 3611
"/Game/UI/InGameMenus/InGameMenu-Controller" 3612
"/Game/UI/InGameMenus/ingamemenu-mode" 3613
"/Game/UI/InGameMenus/InGame" 3614
"/Game/Audio/Music/MasterMusicClass" 3615
"/Game/Audio/Music/Blown_Away" 3616
"/Game/UI/Buttons/PaintOnly/main_screen/credits_paint" 3617
"/Game/UI/Buttons/PaintOnly/main_screen/options_paint" 3618
"/Game/UI/Buttons/PaintOnly/main_screen/quit_paint" 3619
"/Game/UI/Buttons/PaintOnly/main_screen/start_paint" 3620
"/Game/UI/MainMenu/optionsmenu" 3621
"C:/Users/andre/OneDrive/Documents/Unreal Projects/Artkana_Project/Content/UI/MainMenu/MenuPlayerController.uasset" 3622
"C:/Users/andre/OneDrive/Documents/Unreal Projects/Artkana_Project/Content/UI/MainMenu/MainMenuCamera.uasset" 3623
"C:/Users/andre/OneDrive/Documents/Unreal Projects/Artkana_Project/Content/UI/MainMenu/OptionsMenuCamera.uasset" 3624
"C:/Users/andre/OneDrive/Documents/Unreal Projects/Artkana_Project/Content/UI/MainMenu/StartMenuCam.uasset" 3625
"/Game/LevelPrototyping/PostProcessMATs/CelShading_MAT" 3626
"/Game/LevelPrototyping/PostProcessMATs/CelShading_MAT_Inst" 3627
"C:/Users/andre/OneDrive/Documents/Unreal Projects/Artkana_Project/Content/LevelPrototyping/Textures/Wall_Texture/openPBR_shader1_Metallic.uasset" 3628
"C:/Users/andre/OneDrive/Documents/Unreal Projects/Artkana_Project/Content/LevelPrototyping/Textures/Wall_Texture/openPBR_shader1_Base_color.uasset" 3629
"C:/Users/andre/OneDrive/Documents/Unreal Projects/Artkana_Project/Content/UI/MainMenu/menugamemode.uasset" 3630
"C:/Users/andre/OneDrive/Documents/Unreal Projects/Artkana_Project/Content/LevelPrototyping/Textures/Wall_Texture/openPBR_shader1_Roughness.uasset" 3631
"C:/Users/andre/OneDrive/Documents/Unreal Projects/Artkana_Project/Content/LevelPrototyping/Materials/Instances/MI_Wall.uasset" 3632
"C:/Users/andre/OneDrive/Documents/Unreal Projects/Artkana_Project/Content/LevelPrototyping/Meshes/Menu/wall.uasset" 3633
"C:/Users/andre/OneDrive/Documents/Unreal Projects/Artkana_Project/Content/LevelPrototyping/Textures/Wall_Texture/openPBR_shader1_Normal.uasset" 3634
"../../../Engine/Content/Functions/Engine_MaterialFunctions01/Units/Km-to-Cm.uasset" 3635
"/Game/LevelPrototyping/Textures/Wall_Texture/openPBR_shader1_Metallic" 3636
"../../../Engine/Content/EngineSky/VolumetricClouds/VT_Lightning.uasset" 3637
"../../../Engine/Content/EngineSky/M_SimpleSkyDome.uasset" 3638
"../../../Engine/Content/Functions/Engine_MaterialFunctions02/Utility/BreakOutFloat4Components.uasset" 3639
"../../../Engine/Content/Functions/Engine_MaterialFunctions02/Utility/MakeFloat4.uasset" 3640
"../../../Engine/Content/EngineSky/VolumetricClouds/m_SimpleVolumetricCloud.uasset" 3641
"../../../Engine/Content/EngineSky/T_Sky_Blue.uasset" 3642
"../../../Engine/Content/EngineSky/SM_SkySphere.uasset" 3643
"../../../Engine/Content/EngineSky/T_Sky_Stars.uasset" 3644
"../../../Engine/Content/EngineSky/M_Sky_Panning_Clouds2.uasset" 3645
"../../../Engine/Content/EngineSky/T_Sky_Clouds_M.uasset" 3646
"C:/Users/andre/OneDrive/Documents/Unreal Projects/Artkana_Project/Content/UI/Mainmenulevel.umap" 3647
"C:/Users/andre/OneDrive/Documents/Unreal Projects/Artkana_Project/Content/Variant_SideScroller/Blueprints/Items/BP_PickUp.uasset" 3648
"C:/Users/andre/OneDrive/Documents/Unreal Projects/Artkana_Project/Content/__ExternalActors__/Variant_SideScroller/Lvl_LowerCity/1/4H/2NOM0UNESK999O6P910PN9.uasset" 3649
"../../../Engine/Content/EngineSky/VolumetricClouds/T_CloudMask.uasset" 3650
"../../../Engine/Content/EngineSky/VolumetricClouds/T_CloudPattern.uasset" 3651
"../../../Engine/Content/EngineSky/VolumetricClouds/T_Profile_08.uasset" 3652
"../../../Engine/Content/EngineSky/VolumetricClouds/VT_PerlinWorley_Balanced.uasset" 3653
"C:/Users/andre/OneDrive/Documents/Unreal Projects/Artkana_Project/Content/Variant_SideScroller/Input/IMC_SideScroller.uasset" 3654
"C:/Users/andre/OneDrive/Documents/Unreal Projects/Artkana_Project/Content/Variant_SideScroller/Input/UI_TouchInterface_SideScrolling.uasset" 3655
"../../../Engine/Content/EngineSky/VolumetricClouds/m_SimpleVolumetricCloud_Inst.uasset" 3656
"C:/Users/andre/OneDrive/Documents/Unreal Projects/Artkana_Project/Content/Input/Touch/UI_Thumbstick.uasset" 3657
"../../../Engine/Content/MobileResources/HUD/VirtualJoystick_Background.uasset" 3658
"../../../Engine/Content/MobileResources/HUD/VirtualJoystick_Thumb.uasset" 3659
"/Game/LevelPrototyping/Textures/Wall_Texture/openPBR_shader1_Base_color" 3660
"C:/Users/andre/OneDrive/Documents/Unreal Projects/Artkana_Project/Content/Input/Actions/IA_MouseLook.uasset" 3661
"C:/Users/andre/OneDrive/Documents/Unreal Projects/Artkana_Project/Content/Input/IMC_MouseLook.uasset" 3662
"/Game/LevelPrototyping/Materials/Menu/M_Wall" 3663
"/Game/Variant_SideScroller/Input/IMC_SideScroller" 3664
"C:/Users/andre/OneDrive/Documents/Unreal Projects/Artkana_Project/Content/Input/Actions/IA_Jump.uasset" 3665
"C:/Users/andre/OneDrive/Documents/Unreal Projects/Artkana_Project/Content/Input/Actions/IA_Move.uasset" 3666
"C:/Users/andre/OneDrive/Documents/Unreal Projects/Artkana_Project/Content/Variant_SideScroller/Input/Actions/IA_Ability1.uasset" 3667
"C:/Users/andre/OneDrive/Documents/Unreal Projects/Artkana_Project/Content/Variant_SideScroller/Input/Actions/IA_Ability2.uasset" 3668
"C:/Users/andre/OneDrive/Documents/Unreal Projects/Artkana_Project/Content/Variant_SideScroller/Input/Actions/IA_Crouch.uasset" 3669
"C:/Users/andre/OneDrive/Documents/Unreal Projects/Artkana_Project/Content/Variant_SideScroller/Input/Actions/IA_Drop.uasset" 3670
"/Game/Variant_SideScroller/Blueprints/Items/BP_PickUp" 3671
"C:/Users/andre/OneDrive/Documents/Unreal Projects/Artkana_Project/Content/Variant_SideScroller/Blueprints/BPI_SideScrolling.uasset" 3672
"/Game/__ExternalActors__/Variant_SideScroller/Lvl_LowerCity/1/4H/2NOM0UNESK999O6P910PN9" 3673
"C:/Users/andre/OneDrive/Documents/Unreal Projects/Artkana_Project/Content/Variant_SideScroller/Lvl_LowerCity.umap" 3674
"C:/Users/andre/OneDrive/Documents/Unreal Projects/Artkana_Project/Content/Variant_SideScroller/Blueprints/BP_SideScrollingCharacter.uasset" 3675
"C:/Users/andre/OneDrive/Documents/Unreal Projects/Artkana_Project/Content/Variant_SideScroller/Blueprints/BP_SideScrollingGameMode.uasset" 3676
"C:/Users/andre/OneDrive/Documents/Unreal Projects/Artkana_Project/Content/Variant_SideScroller/Blueprints/LevelClear.uasset" 3677
"C:/Users/andre/OneDrive/Documents/Unreal Projects/Artkana_Project/Content/Variant_SideScroller/Anims/ABP_Manny_SideScroller.uasset" 3678
"C:/Users/andre/OneDrive/Documents/Unreal Projects/Artkana_Project/Content/Slash.uasset" 3679
"C:/Users/andre/OneDrive/Documents/Unreal Projects/Artkana_Project/Content/Variant_SideScroller/Blueprints/Abilities/BP_AbilityBase.uasset" 3680
"C:/Users/andre/OneDrive/Documents/Unreal Projects/Artkana_Project/Content/Variant_SideScroller/Blueprints/Abilities/BP_BronzeBulletAbility.uasset" 3681
"C:/Users/andre/OneDrive/Documents/Unreal Projects/Artkana_Project/Content/Variant_SideScroller/Blueprints/Abilities/BP_DashAbility.uasset" 3682
"C:/Users/andre/OneDrive/Documents/Unreal Projects/Artkana_Project/Content/Variant_SideScroller/Blueprints/Abilities/BP_DoubleJumpAbility.uasset" 3683
"C:/Users/andre/OneDrive/Documents/Unreal Projects/Artkana_Project/Content/Variant_SideScroller/Blueprints/Abilities/BP_PiercingRose.uasset" 3684
"C:/Users/andre/OneDrive/Documents/Unreal Projects/Artkana_Project/Content/Variant_SideScroller/Blueprints/Abilities/BP_SakuraShiftAbility.uasset" 3685
"C:/Users/andre/OneDrive/Documents/Unreal Projects/Artkana_Project/Content/Variant_SideScroller/Blueprints/Abilities/BP_SlashAbility.uasset" 3686
"C:/Users/andre/OneDrive/Documents/Unreal Projects/Artkana_Project/Content/Variant_SideScroller/Blueprints/BP_SideScrollingCameraManager.uasset" 3687
"C:/Users/andre/OneDrive/Documents/Unreal Projects/Artkana_Project/Content/Variant_SideScroller/Blueprints/BPC_RailGrind.uasset" 3688
"C:/Users/andre/OneDrive/Documents/Unreal Projects/Artkana_Project/Content/Variant_SideScroller/Blueprints/Enemies/EnemyBase.uasset" 3689
"C:/Users/andre/OneDrive/Documents/Unreal Projects/Artkana_Project/Content/Variant_SideScroller/Input/BPI_TouchInterface_SideScrolling.uasset" 3690
"C:/Users/andre/OneDrive/Documents/Unreal Projects/Artkana_Project/Content/Variant_SideScroller/Input/Actions/IA_Interact.uasset" 3691
"C:/Users/andre/OneDrive/Documents/Unreal Projects/Artkana_Project/Content/Characters/Mannequins/kanaRigged.uasset" 3692
"C:/Users/andre/OneDrive/Documents/Unreal Projects/Artkana_Project/Content/GeneralAssets/SpellVFX-Dylan/CyanSlash/CyanSlashAnim.uasset" 3693
"C:/Users/andre/OneDrive/Documents/Unreal Projects/Artkana_Project/Content/GeneralAssets/SpellVFX-Dylan/PiercingRose/PiercingRoseAnim.uasset" 3694
"C:/Users/andre/OneDrive/Documents/Unreal Projects/Artkana_Project/Content/GeneralAssets/SpellVFX-Dylan/VerdantVortex/VerdantVortexAnim.uasset" 3695
"C:/Users/andre/OneDrive/Documents/Unreal Projects/Artkana_Project/Content/UI/InGameMenus/EndScreen.uasset" 3696
"C:/Users/andre/OneDrive/Documents/Unreal Projects/Artkana_Project/Content/UI/mana/INGAME_UI.uasset" 3697
"C:/Users/andre/OneDrive/Documents/Unreal Projects/Artkana_Project/Content/UI/SecondarySelect.uasset" 3698
"C:/Users/andre/OneDrive/Documents/Unreal Projects/Artkana_Project/Content/Variant_SideScroller/Blueprints/BP_SideScrollingPlayerController.uasset" 3699
"C:/Users/andre/OneDrive/Documents/Unreal Projects/Artkana_Project/Content/Variant_SideScroller/UI/UI_PickupCount.uasset" 3700
"C:/Users/andre/OneDrive/Documents/Unreal Projects/Artkana_Project/Content/Variant_SideScroller/Anims/ABP_Sliding.uasset" 3701
"C:/Users/andre/OneDrive/Documents/Unreal Projects/Artkana_Project/Content/Characters/Mannequins/Anims/Kana/KanaCrouch_Anim.uasset" 3702
"C:/Users/andre/OneDrive/Documents/Unreal Projects/Artkana_Project/Content/Characters/Mannequins/Anims/Kana/KanaGrind_Anim.uasset" 3703
"C:/Users/andre/OneDrive/Documents/Unreal Projects/Artkana_Project/Content/Characters/Mannequins/Anims/Kana/KanaIdle_Anim.uasset" 3704
"C:/Users/andre/OneDrive/Documents/Unreal Projects/Artkana_Project/Content/Characters/Mannequins/Anims/Kana/KanaJump_Anim.uasset" 3705
"C:/Users/andre/OneDrive/Documents/Unreal Projects/Artkana_Project/Content/Characters/Mannequins/Anims/Kana/KanaJumpAnimFall_Anim.uasset" 3706
"C:/Users/andre/OneDrive/Documents/Unreal Projects/Artkana_Project/Content/Characters/Mannequins/Anims/Kana/KanaRunStart_Anim.uasset" 3707
"C:/Users/andre/OneDrive/Documents/Unreal Projects/Artkana_Project/Content/Characters/Mannequins/Anims/Unarmed/Jump/MM_Fall_Loop.uasset" 3708
"C:/Users/andre/OneDrive/Documents/Unreal Projects/Artkana_Project/Content/Characters/Mannequins/Anims/Unarmed/Jump/MM_Jump.uasset" 3709
"C:/Users/andre/OneDrive/Documents/Unreal Projects/Artkana_Project/Content/Characters/Mannequins/Anims/Unarmed/Jump/MM_Land.uasset" 3710
"C:/Users/andre/OneDrive/Documents/Unreal Projects/Artkana_Project/Content/Characters/Mannequins/Anims/Unarmed/Jump/MM_WallJump.uasset" 3711
"C:/Users/andre/OneDrive/Documents/Unreal Projects/Artkana_Project/Content/Characters/Mannequins/Anims/Unarmed/BS_Idle_Walk_Run.uasset" 3712
"C:/Users/andre/OneDrive/Documents/Unreal Projects/Artkana_Project/Content/Characters/Mannequins/Rigs/CR_Mannequin_FootIK.uasset" 3713
"C:/Users/andre/OneDrive/Documents/Unreal Projects/Artkana_Project/Content/Characters/Mannequins/kanaRigged_Skeleton.uasset" 3714
"C:/Users/andre/OneDrive/Documents/Unreal Projects/Artkana_Project/Content/Sword_And_Shield_Slash_Anim.uasset" 3715
"C:/Users/andre/OneDrive/Documents/Unreal Projects/Artkana_Project/Content/Characters/Mannequins/Meshes/SK_Mannequin.uasset" 3716
"C:/Users/andre/OneDrive/Documents/Unreal Projects/Artkana_Project/Content/Variant_SideScroller/Blueprints/Fireball.uasset" 3717
"C:/Users/andre/OneDrive/Documents/Unreal Projects/Artkana_Project/Content/Variant_SideScroller/Blueprints/BP_GrindRailSpline.uasset" 3718
"C:/Users/andre/OneDrive/Documents/Unreal Projects/Artkana_Project/Content/Characters/Mannequins/lambert1.uasset" 3719
"C:/Users/andre/OneDrive/Documents/Unreal Projects/Artkana_Project/Content/Characters/Mannequins/lambert4.uasset" 3720
"C:/Users/andre/OneDrive/Documents/Unreal Projects/Artkana_Project/Content/Characters/Mannequins/lambert5.uasset" 3721
"C:/Users/andre/OneDrive/Documents/Unreal Projects/Artkana_Project/Content/Characters/Mannequins/lambert6.uasset" 3722
"C:/Users/andre/OneDrive/Documents/Unreal Projects/Artkana_Project/Content/Characters/Mannequins/standardSurface1.uasset" 3723
"C:/Users/andre/OneDrive/Documents/Unreal Projects/Artkana_Project/Content/Characters/Mannequins/standardSurface2.uasset" 3724
"C:/Users/andre/OneDrive/Documents/Unreal Projects/Artkana_Project/Content/Characters/Mannequins/kanaRigged_PhysicsAsset.uasset" 3725
"C:/Users/andre/OneDrive/Documents/Unreal Projects/Artkana_Project/Content/GeneralAssets/SpellVFX-Dylan/CyanSlash/slash-0_Sprite.uasset" 3726
"C:/Users/andre/OneDrive/Documents/Unreal Projects/Artkana_Project/Content/GeneralAssets/SpellVFX-Dylan/CyanSlash/slash-10_Sprite.uasset" 3727
"C:/Users/andre/OneDrive/Documents/Unreal Projects/Artkana_Project/Content/GeneralAssets/SpellVFX-Dylan/CyanSlash/slash-11_Sprite.uasset" 3728
"C:/Users/andre/OneDrive/Documents/Unreal Projects/Artkana_Project/Content/GeneralAssets/SpellVFX-Dylan/CyanSlash/slash-1_Sprite.uasset" 3729
"C:/Users/andre/OneDrive/Documents/Unreal Projects/Artkana_Project/Content/GeneralAssets/SpellVFX-Dylan/CyanSlash/slash-2_Sprite.uasset" 3730
"C:/Users/andre/OneDrive/Documents/Unreal Projects/Artkana_Project/Content/GeneralAssets/SpellVFX-Dylan/CyanSlash/slash-3_Sprite.uasset" 3731
"C:/Users/andre/OneDrive/Documents/Unreal Projects/Artkana_Project/Content/GeneralAssets/SpellVFX-Dylan/CyanSlash/slash-4_Sprite.uasset" 3732
"C:/Users/andre/OneDrive/Documents/Unreal Projects/Artkana_Project/Content/GeneralAssets/SpellVFX-Dylan/CyanSlash/slash-5_Sprite.uasset" 3733
"C:/Users/andre/OneDrive/Documents/Unreal Projects/Artkana_Project/Content/GeneralAssets/SpellVFX-Dylan/CyanSlash/slash-6_Sprite.uasset" 3734
"C:/Users/andre/OneDrive/Documents/Unreal Projects/Artkana_Project/Content/GeneralAssets/SpellVFX-Dylan/CyanSlash/slash-7_Sprite.uasset" 3735
"C:/Users/andre/OneDrive/Documents/Unreal Projects/Artkana_Project/Content/GeneralAssets/SpellVFX-Dylan/CyanSlash/slash-8_Sprite.uasset" 3736
"C:/Users/andre/OneDrive/Documents/Unreal Projects/Artkana_Project/Content/GeneralAssets/SpellVFX-Dylan/CyanSlash/slash-9_Sprite.uasset" 3737
"C:/Users/andre/OneDrive/Documents/Unreal Projects/Artkana_Project/Content/GeneralAssets/SpellVFX-Dylan/PiercingRose/Piercing_rose-0_Sprite.uasset" 3738
"C:/Users/andre/OneDrive/Documents/Unreal Projects/Artkana_Project/Content/GeneralAssets/SpellVFX-Dylan/PiercingRose/Piercing_rose-1_Sprite.uasset" 3739
"C:/Users/andre/OneDrive/Documents/Unreal Projects/Artkana_Project/Content/GeneralAssets/SpellVFX-Dylan/PiercingRose/Piercing_rose-2_Sprite.uasset" 3740
"C:/Users/andre/OneDrive/Documents/Unreal Projects/Artkana_Project/Content/GeneralAssets/SpellVFX-Dylan/PiercingRose/Piercing_rose-3_Sprite.uasset" 3741
"C:/Users/andre/OneDrive/Documents/Unreal Projects/Artkana_Project/Content/GeneralAssets/SpellVFX-Dylan/VerdantVortex/vortex-0_Sprite.uasset" 3742
"C:/Users/andre/OneDrive/Documents/Unreal Projects/Artkana_Project/Content/GeneralAssets/SpellVFX-Dylan/VerdantVortex/vortex-10_Sprite.uasset" 3743
"C:/Users/andre/OneDrive/Documents/Unreal Projects/Artkana_Project/Content/GeneralAssets/SpellVFX-Dylan/VerdantVortex/vortex-11_Sprite.uasset" 3744
"C:/Users/andre/OneDrive/Documents/Unreal Projects/Artkana_Project/Content/GeneralAssets/SpellVFX-Dylan/VerdantVortex/vortex-12_Sprite.uasset" 3745
"C:/Users/andre/OneDrive/Documents/Unreal Projects/Artkana_Project/Content/GeneralAssets/SpellVFX-Dylan/VerdantVortex/vortex-13_Sprite.uasset" 3746
"C:/Users/andre/OneDrive/Documents/Unreal Projects/Artkana_Project/Content/GeneralAssets/SpellVFX-Dylan/VerdantVortex/vortex-14_Sprite.uasset" 3747
"C:/Users/andre/OneDrive/Documents/Unreal Projects/Artkana_Project/Content/GeneralAssets/SpellVFX-Dylan/VerdantVortex/vortex-15_Sprite.uasset" 3748
"C:/Users/andre/OneDrive/Documents/Unreal Projects/Artkana_Project/Content/GeneralAssets/SpellVFX-Dylan/VerdantVortex/vortex-16_Sprite.uasset" 3749
"C:/Users/andre/OneDrive/Documents/Unreal Projects/Artkana_Project/Content/GeneralAssets/SpellVFX-Dylan/VerdantVortex/vortex-17_Sprite.uasset" 3750
"C:/Users/andre/OneDrive/Documents/Unreal Projects/Artkana_Project/Content/GeneralAssets/SpellVFX-Dylan/VerdantVortex/vortex-18_Sprite.uasset" 3751
"C:/Users/andre/OneDrive/Documents/Unreal Projects/Artkana_Project/Content/GeneralAssets/SpellVFX-Dylan/VerdantVortex/vortex-19_Sprite.uasset" 3752
"C:/Users/andre/OneDrive/Documents/Unreal Projects/Artkana_Project/Content/GeneralAssets/SpellVFX-Dylan/VerdantVortex/vortex-1_Sprite.uasset" 3753
"C:/Users/andre/OneDrive/Documents/Unreal Projects/Artkana_Project/Content/GeneralAssets/SpellVFX-Dylan/VerdantVortex/vortex-20_Sprite.uasset" 3754
"C:/Users/andre/OneDrive/Documents/Unreal Projects/Artkana_Project/Content/GeneralAssets/SpellVFX-Dylan/VerdantVortex/vortex-21_Sprite.uasset" 3755
"C:/Users/andre/OneDrive/Documents/Unreal Projects/Artkana_Project/Content/GeneralAssets/SpellVFX-Dylan/VerdantVortex/vortex-22_Sprite.uasset" 3756
"C:/Users/andre/OneDrive/Documents/Unreal Projects/Artkana_Project/Content/GeneralAssets/SpellVFX-Dylan/VerdantVortex/vortex-23_Sprite.uasset" 3757
"C:/Users/andre/OneDrive/Documents/Unreal Projects/Artkana_Project/Content/GeneralAssets/SpellVFX-Dylan/VerdantVortex/vortex-24_Sprite.uasset" 3758
"C:/Users/andre/OneDrive/Documents/Unreal Projects/Artkana_Project/Content/GeneralAssets/SpellVFX-Dylan/VerdantVortex/vortex-25_Sprite.uasset" 3759
"C:/Users/andre/OneDrive/Documents/Unreal Projects/Artkana_Project/Content/GeneralAssets/SpellVFX-Dylan/VerdantVortex/vortex-26_Sprite.uasset" 3760
"C:/Users/andre/OneDrive/Documents/Unreal Projects/Artkana_Project/Content/GeneralAssets/SpellVFX-Dylan/VerdantVortex/vortex-27_Sprite.uasset" 3761
"C:/Users/andre/OneDrive/Documents/Unreal Projects/Artkana_Project/Content/GeneralAssets/SpellVFX-Dylan/VerdantVortex/vortex-28_Sprite.uasset" 3762
"C:/Users/andre/OneDrive/Documents/Unreal Projects/Artkana_Project/Content/GeneralAssets/SpellVFX-Dylan/VerdantVortex/vortex-29_Sprite.uasset" 3763
"C:/Users/andre/OneDrive/Documents/Unreal Projects/Artkana_Project/Content/GeneralAssets/SpellVFX-Dylan/VerdantVortex/vortex-2_Sprite.uasset" 3764
"C:/Users/andre/OneDrive/Documents/Unreal Projects/Artkana_Project/Content/GeneralAssets/SpellVFX-Dylan/VerdantVortex/vortex-30_Sprite.uasset" 3765
"C:/Users/andre/OneDrive/Documents/Unreal Projects/Artkana_Project/Content/GeneralAssets/SpellVFX-Dylan/VerdantVortex/vortex-31_Sprite.uasset" 3766
"C:/Users/andre/OneDrive/Documents/Unreal Projects/Artkana_Project/Content/GeneralAssets/SpellVFX-Dylan/VerdantVortex/vortex-32_Sprite.uasset" 3767
"C:/Users/andre/OneDrive/Documents/Unreal Projects/Artkana_Project/Content/GeneralAssets/SpellVFX-Dylan/VerdantVortex/vortex-33_Sprite.uasset" 3768
"C:/Users/andre/OneDrive/Documents/Unreal Projects/Artkana_Project/Content/GeneralAssets/SpellVFX-Dylan/VerdantVortex/vortex-34_Sprite.uasset" 3769
"C:/Users/andre/OneDrive/Documents/Unreal Projects/Artkana_Project/Content/GeneralAssets/SpellVFX-Dylan/VerdantVortex/vortex-35_Sprite.uasset" 3770
"C:/Users/andre/OneDrive/Documents/Unreal Projects/Artkana_Project/Content/GeneralAssets/SpellVFX-Dylan/VerdantVortex/vortex-36_Sprite.uasset" 3771
"C:/Users/andre/OneDrive/Documents/Unreal Projects/Artkana_Project/Content/GeneralAssets/SpellVFX-Dylan/VerdantVortex/vortex-37_Sprite.uasset" 3772
"C:/Users/andre/OneDrive/Documents/Unreal Projects/Artkana_Project/Content/GeneralAssets/SpellVFX-Dylan/VerdantVortex/vortex-38_Sprite.uasset" 3773
"C:/Users/andre/OneDrive/Documents/Unreal Projects/Artkana_Project/Content/GeneralAssets/SpellVFX-Dylan/VerdantVortex/vortex-39_Sprite.uasset" 3774
"C:/Users/andre/OneDrive/Documents/Unreal Projects/Artkana_Project/Content/GeneralAssets/SpellVFX-Dylan/VerdantVortex/vortex-3_Sprite.uasset" 3775
"C:/Users/andre/OneDrive/Documents/Unreal Projects/Artkana_Project/Content/GeneralAssets/SpellVFX-Dylan/VerdantVortex/vortex-40_Sprite.uasset" 3776
"C:/Users/andre/OneDrive/Documents/Unreal Projects/Artkana_Project/Content/GeneralAssets/SpellVFX-Dylan/VerdantVortex/vortex-41_Sprite.uasset" 3777
"C:/Users/andre/OneDrive/Documents/Unreal Projects/Artkana_Project/Content/GeneralAssets/SpellVFX-Dylan/VerdantVortex/vortex-42_Sprite.uasset" 3778
"C:/Users/andre/OneDrive/Documents/Unreal Projects/Artkana_Project/Content/GeneralAssets/SpellVFX-Dylan/VerdantVortex/vortex-43_Sprite.uasset" 3779
"C:/Users/andre/OneDrive/Documents/Unreal Projects/Artkana_Project/Content/GeneralAssets/SpellVFX-Dylan/VerdantVortex/vortex-44_Sprite.uasset" 3780
"C:/Users/andre/OneDrive/Documents/Unreal Projects/Artkana_Project/Content/GeneralAssets/SpellVFX-Dylan/VerdantVortex/vortex-45_Sprite.uasset" 3781
"C:/Users/andre/OneDrive/Documents/Unreal Projects/Artkana_Project/Content/GeneralAssets/SpellVFX-Dylan/VerdantVortex/vortex-46_Sprite.uasset" 3782
"C:/Users/andre/OneDrive/Documents/Unreal Projects/Artkana_Project/Content/GeneralAssets/SpellVFX-Dylan/VerdantVortex/vortex-47_Sprite.uasset" 3783
"C:/Users/andre/OneDrive/Documents/Unreal Projects/Artkana_Project/Content/GeneralAssets/SpellVFX-Dylan/VerdantVortex/vortex-48_Sprite.uasset" 3784
"C:/Users/andre/OneDrive/Documents/Unreal Projects/Artkana_Project/Content/GeneralAssets/SpellVFX-Dylan/VerdantVortex/vortex-49_Sprite.uasset" 3785
"C:/Users/andre/OneDrive/Documents/Unreal Projects/Artkana_Project/Content/GeneralAssets/SpellVFX-Dylan/VerdantVortex/vortex-4_Sprite.uasset" 3786
"C:/Users/andre/OneDrive/Documents/Unreal Projects/Artkana_Project/Content/GeneralAssets/SpellVFX-Dylan/VerdantVortex/vortex-50_Sprite.uasset" 3787
"C:/Users/andre/OneDrive/Documents/Unreal Projects/Artkana_Project/Content/GeneralAssets/SpellVFX-Dylan/VerdantVortex/vortex-51_Sprite.uasset" 3788
"C:/Users/andre/OneDrive/Documents/Unreal Projects/Artkana_Project/Content/GeneralAssets/SpellVFX-Dylan/VerdantVortex/vortex-52_Sprite.uasset" 3789
"C:/Users/andre/OneDrive/Documents/Unreal Projects/Artkana_Project/Content/GeneralAssets/SpellVFX-Dylan/VerdantVortex/vortex-53_Sprite.uasset" 3790
"C:/Users/andre/OneDrive/Documents/Unreal Projects/Artkana_Project/Content/GeneralAssets/SpellVFX-Dylan/VerdantVortex/vortex-54_Sprite.uasset" 3791
"C:/Users/andre/OneDrive/Documents/Unreal Projects/Artkana_Project/Content/GeneralAssets/SpellVFX-Dylan/VerdantVortex/vortex-55_Sprite.uasset" 3792
"C:/Users/andre/OneDrive/Documents/Unreal Projects/Artkana_Project/Content/GeneralAssets/SpellVFX-Dylan/VerdantVortex/vortex-56_Sprite.uasset" 3793
"C:/Users/andre/OneDrive/Documents/Unreal Projects/Artkana_Project/Content/GeneralAssets/SpellVFX-Dylan/VerdantVortex/vortex-57_Sprite.uasset" 3794
"C:/Users/andre/OneDrive/Documents/Unreal Projects/Artkana_Project/Content/GeneralAssets/SpellVFX-Dylan/VerdantVortex/vortex-58_Sprite.uasset" 3795
"C:/Users/andre/OneDrive/Documents/Unreal Projects/Artkana_Project/Content/GeneralAssets/SpellVFX-Dylan/VerdantVortex/vortex-59_Sprite.uasset" 3796
"C:/Users/andre/OneDrive/Documents/Unreal Projects/Artkana_Project/Content/GeneralAssets/SpellVFX-Dylan/VerdantVortex/vortex-5_Sprite.uasset" 3797
"C:/Users/andre/OneDrive/Documents/Unreal Projects/Artkana_Project/Content/GeneralAssets/SpellVFX-Dylan/VerdantVortex/vortex-60_Sprite.uasset" 3798
"C:/Users/andre/OneDrive/Documents/Unreal Projects/Artkana_Project/Content/GeneralAssets/SpellVFX-Dylan/VerdantVortex/vortex-61_Sprite.uasset" 3799
"C:/Users/andre/OneDrive/Documents/Unreal Projects/Artkana_Project/Content/GeneralAssets/SpellVFX-Dylan/VerdantVortex/vortex-62_Sprite.uasset" 3800
"C:/Users/andre/OneDrive/Documents/Unreal Projects/Artkana_Project/Content/GeneralAssets/SpellVFX-Dylan/VerdantVortex/vortex-63_Sprite.uasset" 3801
"C:/Users/andre/OneDrive/Documents/Unreal Projects/Artkana_Project/Content/GeneralAssets/SpellVFX-Dylan/VerdantVortex/vortex-64_Sprite.uasset" 3802
"C:/Users/andre/OneDrive/Documents/Unreal Projects/Artkana_Project/Content/GeneralAssets/SpellVFX-Dylan/VerdantVortex/vortex-65_Sprite.uasset" 3803
"C:/Users/andre/OneDrive/Documents/Unreal Projects/Artkana_Project/Content/GeneralAssets/SpellVFX-Dylan/VerdantVortex/vortex-66_Sprite.uasset" 3804
"C:/Users/andre/OneDrive/Documents/Unreal Projects/Artkana_Project/Content/GeneralAssets/SpellVFX-Dylan/VerdantVortex/vortex-67_Sprite.uasset" 3805
"C:/Users/andre/OneDrive/Documents/Unreal Projects/Artkana_Project/Content/GeneralAssets/SpellVFX-Dylan/VerdantVortex/vortex-68_Sprite.uasset" 3806
"C:/Users/andre/OneDrive/Documents/Unreal Projects/Artkana_Project/Content/GeneralAssets/SpellVFX-Dylan/VerdantVortex/vortex-69_Sprite.uasset" 3807
"C:/Users/andre/OneDrive/Documents/Unreal Projects/Artkana_Project/Content/GeneralAssets/SpellVFX-Dylan/VerdantVortex/vortex-6_Sprite.uasset" 3808
"C:/Users/andre/OneDrive/Documents/Unreal Projects/Artkana_Project/Content/GeneralAssets/SpellVFX-Dylan/VerdantVortex/vortex-70_Sprite.uasset" 3809
"C:/Users/andre/OneDrive/Documents/Unreal Projects/Artkana_Project/Content/GeneralAssets/SpellVFX-Dylan/VerdantVortex/vortex-71_Sprite.uasset" 3810
"C:/Users/andre/OneDrive/Documents/Unreal Projects/Artkana_Project/Content/GeneralAssets/SpellVFX-Dylan/VerdantVortex/vortex-72_Sprite.uasset" 3811
"C:/Users/andre/OneDrive/Documents/Unreal Projects/Artkana_Project/Content/GeneralAssets/SpellVFX-Dylan/VerdantVortex/vortex-73_Sprite.uasset" 3812
"C:/Users/andre/OneDrive/Documents/Unreal Projects/Artkana_Project/Content/GeneralAssets/SpellVFX-Dylan/VerdantVortex/vortex-74_Sprite.uasset" 3813
"C:/Users/andre/OneDrive/Documents/Unreal Projects/Artkana_Project/Content/GeneralAssets/SpellVFX-Dylan/VerdantVortex/vortex-75_Sprite.uasset" 3814
"C:/Users/andre/OneDrive/Documents/Unreal Projects/Artkana_Project/Content/GeneralAssets/SpellVFX-Dylan/VerdantVortex/vortex-76_Sprite.uasset" 3815
"C:/Users/andre/OneDrive/Documents/Unreal Projects/Artkana_Project/Content/GeneralAssets/SpellVFX-Dylan/VerdantVortex/vortex-77_Sprite.uasset" 3816
"C:/Users/andre/OneDrive/Documents/Unreal Projects/Artkana_Project/Content/GeneralAssets/SpellVFX-Dylan/VerdantVortex/vortex-78_Sprite.uasset" 3817
"C:/Users/andre/OneDrive/Documents/Unreal Projects/Artkana_Project/Content/GeneralAssets/SpellVFX-Dylan/VerdantVortex/vortex-79_Sprite.uasset" 3818
"C:/Users/andre/OneDrive/Documents/Unreal Projects/Artkana_Project/Content/GeneralAssets/SpellVFX-Dylan/VerdantVortex/vortex-7_Sprite.uasset" 3819
"C:/Users/andre/OneDrive/Documents/Unreal Projects/Artkana_Project/Content/GeneralAssets/SpellVFX-Dylan/VerdantVortex/vortex-80_Sprite.uasset" 3820
"C:/Users/andre/OneDrive/Documents/Unreal Projects/Artkana_Project/Content/GeneralAssets/SpellVFX-Dylan/VerdantVortex/vortex-81_Sprite.uasset" 3821
"C:/Users/andre/OneDrive/Documents/Unreal Projects/Artkana_Project/Content/GeneralAssets/SpellVFX-Dylan/VerdantVortex/vortex-82_Sprite.uasset" 3822
"C:/Users/andre/OneDrive/Documents/Unreal Projects/Artkana_Project/Content/GeneralAssets/SpellVFX-Dylan/VerdantVortex/vortex-83_Sprite.uasset" 3823
"C:/Users/andre/OneDrive/Documents/Unreal Projects/Artkana_Project/Content/GeneralAssets/SpellVFX-Dylan/VerdantVortex/vortex-84_Sprite.uasset" 3824
"C:/Users/andre/OneDrive/Documents/Unreal Projects/Artkana_Project/Content/GeneralAssets/SpellVFX-Dylan/VerdantVortex/vortex-85_Sprite.uasset" 3825
"C:/Users/andre/OneDrive/Documents/Unreal Projects/Artkana_Project/Content/GeneralAssets/SpellVFX-Dylan/VerdantVortex/vortex-86_Sprite.uasset" 3826
"C:/Users/andre/OneDrive/Documents/Unreal Projects/Artkana_Project/Content/GeneralAssets/SpellVFX-Dylan/VerdantVortex/vortex-87_Sprite.uasset" 3827
"C:/Users/andre/OneDrive/Documents/Unreal Projects/Artkana_Project/Content/GeneralAssets/SpellVFX-Dylan/VerdantVortex/vortex-88_Sprite.uasset" 3828
"C:/Users/andre/OneDrive/Documents/Unreal Projects/Artkana_Project/Content/GeneralAssets/SpellVFX-Dylan/VerdantVortex/vortex-89_Sprite.uasset" 3829
"C:/Users/andre/OneDrive/Documents/Unreal Projects/Artkana_Project/Content/GeneralAssets/SpellVFX-Dylan/VerdantVortex/vortex-8_Sprite.uasset" 3830
"C:/Users/andre/OneDrive/Documents/Unreal Projects/Artkana_Project/Content/GeneralAssets/SpellVFX-Dylan/VerdantVortex/vortex-90_Sprite.uasset" 3831
"C:/Users/andre/OneDrive/Documents/Unreal Projects/Artkana_Project/Content/GeneralAssets/SpellVFX-Dylan/VerdantVortex/vortex-91_Sprite.uasset" 3832
"C:/Users/andre/OneDrive/Documents/Unreal Projects/Artkana_Project/Content/GeneralAssets/SpellVFX-Dylan/VerdantVortex/vortex-92_Sprite.uasset" 3833
"C:/Users/andre/OneDrive/Documents/Unreal Projects/Artkana_Project/Content/GeneralAssets/SpellVFX-Dylan/VerdantVortex/vortex-93_Sprite.uasset" 3834
"C:/Users/andre/OneDrive/Documents/Unreal Projects/Artkana_Project/Content/GeneralAssets/SpellVFX-Dylan/VerdantVortex/vortex-94_Sprite.uasset" 3835
"C:/Users/andre/OneDrive/Documents/Unreal Projects/Artkana_Project/Content/GeneralAssets/SpellVFX-Dylan/VerdantVortex/vortex-95_Sprite.uasset" 3836
"C:/Users/andre/OneDrive/Documents/Unreal Projects/Artkana_Project/Content/GeneralAssets/SpellVFX-Dylan/VerdantVortex/vortex-96_Sprite.uasset" 3837
"C:/Users/andre/OneDrive/Documents/Unreal Projects/Artkana_Project/Content/GeneralAssets/SpellVFX-Dylan/VerdantVortex/vortex-9_Sprite.uasset" 3838
"C:/Users/andre/OneDrive/Documents/Unreal Projects/Artkana_Project/Content/UI/mana/12_SET_BACK.uasset" 3839
"C:/Users/andre/OneDrive/Documents/Unreal Projects/Artkana_Project/Content/UI/mana/12_SET_FILLCOLOR.uasset" 3840
"C:/Users/andre/OneDrive/Documents/Unreal Projects/Artkana_Project/Content/UI/mana/12_SET_OUTLINE.uasset" 3841
"C:/Users/andre/OneDrive/Documents/Unreal Projects/Artkana_Project/Content/UI/mana/ui_bar_base.uasset" 3842
"C:/Users/andre/OneDrive/Documents/Unreal Projects/Artkana_Project/Content/UI/mana/ui_bar_fill_region.uasset" 3843
"C:/Users/andre/OneDrive/Documents/Unreal Projects/Artkana_Project/Content/UI/mana/ui_bar_frame.uasset" 3844
"C:/Users/andre/OneDrive/Documents/Unreal Projects/Artkana_Project/Content/UI/mana/ui_load_out_backdrop.uasset" 3845
"C:/Users/andre/OneDrive/Documents/Unreal Projects/Artkana_Project/Content/UI/mana/ui_loadout.uasset" 3846
"C:/Users/andre/OneDrive/Documents/Unreal Projects/Artkana_Project/Content/UI/mana/ui_rose_can.uasset" 3847
"C:/Users/andre/OneDrive/Documents/Unreal Projects/Artkana_Project/Content/Characters/Mannequins/Anims/Kana/KanaSlide_Anim.uasset" 3848
"../../../Engine/Content/Animation/DefaultAnimBoneCompressionSettings.uasset" 3849
"../../../Engine/Content/Animation/DefaultAnimCurveCompressionSettings.uasset" 3850
"C:/Users/andre/OneDrive/Documents/Unreal Projects/Artkana_Project/Content/Characters/Mannequins/Anims/Unarmed/Jog/MF_Unarmed_Jog_Bwd.uasset" 3851
"C:/Users/andre/OneDrive/Documents/Unreal Projects/Artkana_Project/Content/Characters/Mannequins/Anims/Unarmed/Jog/MF_Unarmed_Jog_Bwd_Left.uasset" 3852
"C:/Users/andre/OneDrive/Documents/Unreal Projects/Artkana_Project/Content/Characters/Mannequins/Anims/Unarmed/Jog/MF_Unarmed_Jog_Bwd_Right.uasset" 3853
"C:/Users/andre/OneDrive/Documents/Unreal Projects/Artkana_Project/Content/Characters/Mannequins/Anims/Unarmed/Jog/MF_Unarmed_Jog_Fwd.uasset" 3854
"C:/Users/andre/OneDrive/Documents/Unreal Projects/Artkana_Project/Content/Characters/Mannequins/Anims/Unarmed/Jog/MF_Unarmed_Jog_Fwd_Left.uasset" 3855
"C:/Users/andre/OneDrive/Documents/Unreal Projects/Artkana_Project/Content/Characters/Mannequins/Anims/Unarmed/Jog/MF_Unarmed_Jog_Fwd_Right.uasset" 3856
"C:/Users/andre/OneDrive/Documents/Unreal Projects/Artkana_Project/Content/Characters/Mannequins/Anims/Unarmed/Jog/MF_Unarmed_Jog_Left.uasset" 3857
"C:/Users/andre/OneDrive/Documents/Unreal Projects/Artkana_Project/Content/Characters/Mannequins/Anims/Unarmed/Jog/MF_Unarmed_Jog_Right.uasset" 3858
"C:/Users/andre/OneDrive/Documents/Unreal Projects/Artkana_Project/Content/Characters/Mannequins/Anims/Unarmed/MM_Idle.uasset" 3859
"C:/Users/andre/OneDrive/Documents/Unreal Projects/Artkana_Project/Content/Characters/Mannequins/Anims/Unarmed/Walk/MF_Unarmed_Walk_Bwd.uasset" 3860
"C:/Users/andre/OneDrive/Documents/Unreal Projects/Artkana_Project/Content/Characters/Mannequins/Anims/Unarmed/Walk/MF_Unarmed_Walk_Bwd_Left.uasset" 3861
"C:/Users/andre/OneDrive/Documents/Unreal Projects/Artkana_Project/Content/Characters/Mannequins/Anims/Unarmed/Walk/MF_Unarmed_Walk_Bwd_Right.uasset" 3862
"C:/Users/andre/OneDrive/Documents/Unreal Projects/Artkana_Project/Content/Characters/Mannequins/Anims/Unarmed/Walk/MF_Unarmed_Walk_Fwd.uasset" 3863
"C:/Users/andre/OneDrive/Documents/Unreal Projects/Artkana_Project/Content/Characters/Mannequins/Anims/Unarmed/Walk/MF_Unarmed_Walk_Fwd_Left.uasset" 3864
"C:/Users/andre/OneDrive/Documents/Unreal Projects/Artkana_Project/Content/Characters/Mannequins/Anims/Unarmed/Walk/MF_Unarmed_Walk_Fwd_Right.uasset" 3865
"C:/Users/andre/OneDrive/Documents/Unreal Projects/Artkana_Project/Content/Characters/Mannequins/Anims/Unarmed/Walk/MF_Unarmed_Walk_Left.uasset" 3866
"C:/Users/andre/OneDrive/Documents/Unreal Projects/Artkana_Project/Content/Characters/Mannequins/Anims/Unarmed/Walk/MF_Unarmed_Walk_Right.uasset" 3867
"C:/Users/andre/OneDrive/Documents/Unreal Projects/Artkana_Project/Content/Variant_SideScroller/Blueprints/Enemies/Enemy.uasset" 3868
"C:/Users/andre/OneDrive/Documents/Unreal Projects/Artkana_Project/Content/LevelPrototyping/Platform_Assets/Collision_mat.uasset" 3869
"C:/Users/andre/OneDrive/Documents/Unreal Projects/Artkana_Project/Content/GeneralAssets/SpellVFX-Dylan/CyanSlash/slash-0.uasset" 3870
"C:/Users/andre/OneDrive/Documents/Unreal Projects/Artkana_Project/Content/GeneralAssets/SpellVFX-Dylan/CyanSlash/slash-10.uasset" 3871
"C:/Users/andre/OneDrive/Documents/Unreal Projects/Artkana_Project/Content/GeneralAssets/SpellVFX-Dylan/CyanSlash/slash-11.uasset" 3872
"C:/Users/andre/OneDrive/Documents/Unreal Projects/Artkana_Project/Content/GeneralAssets/SpellVFX-Dylan/CyanSlash/slash-1.uasset" 3873
"C:/Users/andre/OneDrive/Documents/Unreal Projects/Artkana_Project/Content/GeneralAssets/SpellVFX-Dylan/CyanSlash/slash-2.uasset" 3874
"C:/Users/andre/OneDrive/Documents/Unreal Projects/Artkana_Project/Content/GeneralAssets/SpellVFX-Dylan/CyanSlash/slash-3.uasset" 3875
"C:/Users/andre/OneDrive/Documents/Unreal Projects/Artkana_Project/Content/GeneralAssets/SpellVFX-Dylan/CyanSlash/slash-4.uasset" 3876
"C:/Users/andre/OneDrive/Documents/Unreal Projects/Artkana_Project/Content/GeneralAssets/SpellVFX-Dylan/CyanSlash/slash-5.uasset" 3877
"C:/Users/andre/OneDrive/Documents/Unreal Projects/Artkana_Project/Content/GeneralAssets/SpellVFX-Dylan/CyanSlash/slash-6.uasset" 3878
"C:/Users/andre/OneDrive/Documents/Unreal Projects/Artkana_Project/Content/GeneralAssets/SpellVFX-Dylan/CyanSlash/slash-7.uasset" 3879
"C:/Users/andre/OneDrive/Documents/Unreal Projects/Artkana_Project/Content/GeneralAssets/SpellVFX-Dylan/CyanSlash/slash-8.uasset" 3880
"C:/Users/andre/OneDrive/Documents/Unreal Projects/Artkana_Project/Content/GeneralAssets/SpellVFX-Dylan/CyanSlash/slash-9.uasset" 3881
"C:/Users/andre/OneDrive/Documents/Unreal Projects/Artkana_Project/Content/GeneralAssets/SpellVFX-Dylan/PiercingRose/Piercing_rose-0.uasset" 3882
"C:/Users/andre/OneDrive/Documents/Unreal Projects/Artkana_Project/Content/GeneralAssets/SpellVFX-Dylan/PiercingRose/Piercing_rose-1.uasset" 3883
"C:/Users/andre/OneDrive/Documents/Unreal Projects/Artkana_Project/Content/GeneralAssets/SpellVFX-Dylan/PiercingRose/Piercing_rose-2.uasset" 3884
"C:/Users/andre/OneDrive/Documents/Unreal Projects/Artkana_Project/Content/GeneralAssets/SpellVFX-Dylan/PiercingRose/Piercing_rose-3.uasset" 3885
"C:/Users/andre/OneDrive/Documents/Unreal Projects/Artkana_Project/Content/GeneralAssets/SpellVFX-Dylan/VerdantVortex/vortex-0.uasset" 3886
"C:/Users/andre/OneDrive/Documents/Unreal Projects/Artkana_Project/Content/GeneralAssets/SpellVFX-Dylan/VerdantVortex/vortex-10.uasset" 3887
"C:/Users/andre/OneDrive/Documents/Unreal Projects/Artkana_Project/Content/GeneralAssets/SpellVFX-Dylan/VerdantVortex/vortex-11.uasset" 3888
"C:/Users/andre/OneDrive/Documents/Unreal Projects/Artkana_Project/Content/GeneralAssets/SpellVFX-Dylan/VerdantVortex/vortex-12.uasset" 3889
"C:/Users/andre/OneDrive/Documents/Unreal Projects/Artkana_Project/Content/GeneralAssets/SpellVFX-Dylan/VerdantVortex/vortex-13.uasset" 3890
"C:/Users/andre/OneDrive/Documents/Unreal Projects/Artkana_Project/Content/GeneralAssets/SpellVFX-Dylan/VerdantVortex/vortex-14.uasset" 3891
"C:/Users/andre/OneDrive/Documents/Unreal Projects/Artkana_Project/Content/GeneralAssets/SpellVFX-Dylan/VerdantVortex/vortex-15.uasset" 3892
"C:/Users/andre/OneDrive/Documents/Unreal Projects/Artkana_Project/Content/GeneralAssets/SpellVFX-Dylan/VerdantVortex/vortex-16.uasset" 3893
"C:/Users/andre/OneDrive/Documents/Unreal Projects/Artkana_Project/Content/GeneralAssets/SpellVFX-Dylan/VerdantVortex/vortex-17.uasset" 3894
"C:/Users/andre/OneDrive/Documents/Unreal Projects/Artkana_Project/Content/GeneralAssets/SpellVFX-Dylan/VerdantVortex/vortex-18.uasset" 3895
"C:/Users/andre/OneDrive/Documents/Unreal Projects/Artkana_Project/Content/GeneralAssets/SpellVFX-Dylan/VerdantVortex/vortex-19.uasset" 3896
"C:/Users/andre/OneDrive/Documents/Unreal Projects/Artkana_Project/Content/GeneralAssets/SpellVFX-Dylan/VerdantVortex/vortex-1.uasset" 3897
"C:/Users/andre/OneDrive/Documents/Unreal Projects/Artkana_Project/Content/GeneralAssets/SpellVFX-Dylan/VerdantVortex/vortex-20.uasset" 3898
"C:/Users/andre/OneDrive/Documents/Unreal Projects/Artkana_Project/Content/GeneralAssets/SpellVFX-Dylan/VerdantVortex/vortex-21.uasset" 3899
"C:/Users/andre/OneDrive/Documents/Unreal Projects/Artkana_Project/Content/GeneralAssets/SpellVFX-Dylan/VerdantVortex/vortex-22.uasset" 3900
"C:/Users/andre/OneDrive/Documents/Unreal Projects/Artkana_Project/Content/GeneralAssets/SpellVFX-Dylan/VerdantVortex/vortex-23.uasset" 3901
"C:/Users/andre/OneDrive/Documents/Unreal Projects/Artkana_Project/Content/GeneralAssets/SpellVFX-Dylan/VerdantVortex/vortex-24.uasset" 3902
"C:/Users/andre/OneDrive/Documents/Unreal Projects/Artkana_Project/Content/GeneralAssets/SpellVFX-Dylan/VerdantVortex/vortex-25.uasset" 3903
"C:/Users/andre/OneDrive/Documents/Unreal Projects/Artkana_Project/Content/GeneralAssets/SpellVFX-Dylan/VerdantVortex/vortex-26.uasset" 3904
"C:/Users/andre/OneDrive/Documents/Unreal Projects/Artkana_Project/Content/GeneralAssets/SpellVFX-Dylan/VerdantVortex/vortex-27.uasset" 3905
"C:/Users/andre/OneDrive/Documents/Unreal Projects/Artkana_Project/Content/GeneralAssets/SpellVFX-Dylan/VerdantVortex/vortex-28.uasset" 3906
"C:/Users/andre/OneDrive/Documents/Unreal Projects/Artkana_Project/Content/GeneralAssets/SpellVFX-Dylan/VerdantVortex/vortex-29.uasset" 3907
"C:/Users/andre/OneDrive/Documents/Unreal Projects/Artkana_Project/Content/GeneralAssets/SpellVFX-Dylan/VerdantVortex/vortex-2.uasset" 3908
"C:/Users/andre/OneDrive/Documents/Unreal Projects/Artkana_Project/Content/GeneralAssets/SpellVFX-Dylan/VerdantVortex/vortex-30.uasset" 3909
"C:/Users/andre/OneDrive/Documents/Unreal Projects/Artkana_Project/Content/GeneralAssets/SpellVFX-Dylan/VerdantVortex/vortex-31.uasset" 3910
"C:/Users/andre/OneDrive/Documents/Unreal Projects/Artkana_Project/Content/GeneralAssets/SpellVFX-Dylan/VerdantVortex/vortex-32.uasset" 3911
"C:/Users/andre/OneDrive/Documents/Unreal Projects/Artkana_Project/Content/GeneralAssets/SpellVFX-Dylan/VerdantVortex/vortex-33.uasset" 3912
"C:/Users/andre/OneDrive/Documents/Unreal Projects/Artkana_Project/Content/GeneralAssets/SpellVFX-Dylan/VerdantVortex/vortex-34.uasset" 3913
"C:/Users/andre/OneDrive/Documents/Unreal Projects/Artkana_Project/Content/GeneralAssets/SpellVFX-Dylan/VerdantVortex/vortex-35.uasset" 3914
"C:/Users/andre/OneDrive/Documents/Unreal Projects/Artkana_Project/Content/GeneralAssets/SpellVFX-Dylan/VerdantVortex/vortex-36.uasset" 3915
"C:/Users/andre/OneDrive/Documents/Unreal Projects/Artkana_Project/Content/GeneralAssets/SpellVFX-Dylan/VerdantVortex/vortex-37.uasset" 3916
"C:/Users/andre/OneDrive/Documents/Unreal Projects/Artkana_Project/Content/GeneralAssets/SpellVFX-Dylan/VerdantVortex/vortex-38.uasset" 3917
"C:/Users/andre/OneDrive/Documents/Unreal Projects/Artkana_Project/Content/GeneralAssets/SpellVFX-Dylan/VerdantVortex/vortex-39.uasset" 3918
"C:/Users/andre/OneDrive/Documents/Unreal Projects/Artkana_Project/Content/GeneralAssets/SpellVFX-Dylan/VerdantVortex/vortex-3.uasset" 3919
"C:/Users/andre/OneDrive/Documents/Unreal Projects/Artkana_Project/Content/GeneralAssets/SpellVFX-Dylan/VerdantVortex/vortex-40.uasset" 3920
"C:/Users/andre/OneDrive/Documents/Unreal Projects/Artkana_Project/Content/GeneralAssets/SpellVFX-Dylan/VerdantVortex/vortex-41.uasset" 3921
"C:/Users/andre/OneDrive/Documents/Unreal Projects/Artkana_Project/Content/GeneralAssets/SpellVFX-Dylan/VerdantVortex/vortex-42.uasset" 3922
"C:/Users/andre/OneDrive/Documents/Unreal Projects/Artkana_Project/Content/GeneralAssets/SpellVFX-Dylan/VerdantVortex/vortex-43.uasset" 3923
"C:/Users/andre/OneDrive/Documents/Unreal Projects/Artkana_Project/Content/GeneralAssets/SpellVFX-Dylan/VerdantVortex/vortex-44.uasset" 3924
"C:/Users/andre/OneDrive/Documents/Unreal Projects/Artkana_Project/Content/GeneralAssets/SpellVFX-Dylan/VerdantVortex/vortex-45.uasset" 3925
"C:/Users/andre/OneDrive/Documents/Unreal Projects/Artkana_Project/Content/GeneralAssets/SpellVFX-Dylan/VerdantVortex/vortex-46.uasset" 3926
"C:/Users/andre/OneDrive/Documents/Unreal Projects/Artkana_Project/Content/GeneralAssets/SpellVFX-Dylan/VerdantVortex/vortex-47.uasset" 3927
"C:/Users/andre/OneDrive/Documents/Unreal Projects/Artkana_Project/Content/GeneralAssets/SpellVFX-Dylan/VerdantVortex/vortex-48.uasset" 3928
"C:/Users/andre/OneDrive/Documents/Unreal Projects/Artkana_Project/Content/GeneralAssets/SpellVFX-Dylan/VerdantVortex/vortex-49.uasset" 3929
"C:/Users/andre/OneDrive/Documents/Unreal Projects/Artkana_Project/Content/GeneralAssets/SpellVFX-Dylan/VerdantVortex/vortex-4.uasset" 3930
"C:/Users/andre/OneDrive/Documents/Unreal Projects/Artkana_Project/Content/GeneralAssets/SpellVFX-Dylan/VerdantVortex/vortex-50.uasset" 3931
"C:/Users/andre/OneDrive/Documents/Unreal Projects/Artkana_Project/Content/GeneralAssets/SpellVFX-Dylan/VerdantVortex/vortex-51.uasset" 3932
"C:/Users/andre/OneDrive/Documents/Unreal Projects/Artkana_Project/Content/GeneralAssets/SpellVFX-Dylan/VerdantVortex/vortex-52.uasset" 3933
"C:/Users/andre/OneDrive/Documents/Unreal Projects/Artkana_Project/Content/GeneralAssets/SpellVFX-Dylan/VerdantVortex/vortex-53.uasset" 3934
"C:/Users/andre/OneDrive/Documents/Unreal Projects/Artkana_Project/Content/GeneralAssets/SpellVFX-Dylan/VerdantVortex/vortex-54.uasset" 3935
"C:/Users/andre/OneDrive/Documents/Unreal Projects/Artkana_Project/Content/GeneralAssets/SpellVFX-Dylan/VerdantVortex/vortex-55.uasset" 3936
"C:/Users/andre/OneDrive/Documents/Unreal Projects/Artkana_Project/Content/GeneralAssets/SpellVFX-Dylan/VerdantVortex/vortex-56.uasset" 3937
"C:/Users/andre/OneDrive/Documents/Unreal Projects/Artkana_Project/Content/GeneralAssets/SpellVFX-Dylan/VerdantVortex/vortex-57.uasset" 3938
"C:/Users/andre/OneDrive/Documents/Unreal Projects/Artkana_Project/Content/GeneralAssets/SpellVFX-Dylan/VerdantVortex/vortex-58.uasset" 3939
"C:/Users/andre/OneDrive/Documents/Unreal Projects/Artkana_Project/Content/GeneralAssets/SpellVFX-Dylan/VerdantVortex/vortex-59.uasset" 3940
"C:/Users/andre/OneDrive/Documents/Unreal Projects/Artkana_Project/Content/GeneralAssets/SpellVFX-Dylan/VerdantVortex/vortex-5.uasset" 3941
"C:/Users/andre/OneDrive/Documents/Unreal Projects/Artkana_Project/Content/GeneralAssets/SpellVFX-Dylan/VerdantVortex/vortex-60.uasset" 3942
"C:/Users/andre/OneDrive/Documents/Unreal Projects/Artkana_Project/Content/GeneralAssets/SpellVFX-Dylan/VerdantVortex/vortex-61.uasset" 3943
"C:/Users/andre/OneDrive/Documents/Unreal Projects/Artkana_Project/Content/GeneralAssets/SpellVFX-Dylan/VerdantVortex/vortex-62.uasset" 3944
"C:/Users/andre/OneDrive/Documents/Unreal Projects/Artkana_Project/Content/GeneralAssets/SpellVFX-Dylan/VerdantVortex/vortex-63.uasset" 3945
"C:/Users/andre/OneDrive/Documents/Unreal Projects/Artkana_Project/Content/GeneralAssets/SpellVFX-Dylan/VerdantVortex/vortex-64.uasset" 3946
"C:/Users/andre/OneDrive/Documents/Unreal Projects/Artkana_Project/Content/GeneralAssets/SpellVFX-Dylan/VerdantVortex/vortex-65.uasset" 3947
"C:/Users/andre/OneDrive/Documents/Unreal Projects/Artkana_Project/Content/GeneralAssets/SpellVFX-Dylan/VerdantVortex/vortex-66.uasset" 3948
"C:/Users/andre/OneDrive/Documents/Unreal Projects/Artkana_Project/Content/GeneralAssets/SpellVFX-Dylan/VerdantVortex/vortex-67.uasset" 3949
"C:/Users/andre/OneDrive/Documents/Unreal Projects/Artkana_Project/Content/GeneralAssets/SpellVFX-Dylan/VerdantVortex/vortex-68.uasset" 3950
"C:/Users/andre/OneDrive/Documents/Unreal Projects/Artkana_Project/Content/GeneralAssets/SpellVFX-Dylan/VerdantVortex/vortex-69.uasset" 3951
"C:/Users/andre/OneDrive/Documents/Unreal Projects/Artkana_Project/Content/GeneralAssets/SpellVFX-Dylan/VerdantVortex/vortex-6.uasset" 3952
"C:/Users/andre/OneDrive/Documents/Unreal Projects/Artkana_Project/Content/GeneralAssets/SpellVFX-Dylan/VerdantVortex/vortex-70.uasset" 3953
"C:/Users/andre/OneDrive/Documents/Unreal Projects/Artkana_Project/Content/GeneralAssets/SpellVFX-Dylan/VerdantVortex/vortex-71.uasset" 3954
"C:/Users/andre/OneDrive/Documents/Unreal Projects/Artkana_Project/Content/GeneralAssets/SpellVFX-Dylan/VerdantVortex/vortex-72.uasset" 3955
"C:/Users/andre/OneDrive/Documents/Unreal Projects/Artkana_Project/Content/GeneralAssets/SpellVFX-Dylan/VerdantVortex/vortex-73.uasset" 3956
"C:/Users/andre/OneDrive/Documents/Unreal Projects/Artkana_Project/Content/GeneralAssets/SpellVFX-Dylan/VerdantVortex/vortex-74.uasset" 3957
"C:/Users/andre/OneDrive/Documents/Unreal Projects/Artkana_Project/Content/GeneralAssets/SpellVFX-Dylan/VerdantVortex/vortex-75.uasset" 3958
"C:/Users/andre/OneDrive/Documents/Unreal Projects/Artkana_Project/Content/GeneralAssets/SpellVFX-Dylan/VerdantVortex/vortex-76.uasset" 3959
"C:/Users/andre/OneDrive/Documents/Unreal Projects/Artkana_Project/Content/GeneralAssets/SpellVFX-Dylan/VerdantVortex/vortex-77.uasset" 3960
"C:/Users/andre/OneDrive/Documents/Unreal Projects/Artkana_Project/Content/GeneralAssets/SpellVFX-Dylan/VerdantVortex/vortex-78.uasset" 3961
"C:/Users/andre/OneDrive/Documents/Unreal Projects/Artkana_Project/Content/GeneralAssets/SpellVFX-Dylan/VerdantVortex/vortex-79.uasset" 3962
"C:/Users/andre/OneDrive/Documents/Unreal Projects/Artkana_Project/Content/GeneralAssets/SpellVFX-Dylan/VerdantVortex/vortex-7.uasset" 3963
"C:/Users/andre/OneDrive/Documents/Unreal Projects/Artkana_Project/Content/GeneralAssets/SpellVFX-Dylan/VerdantVortex/vortex-80.uasset" 3964
"C:/Users/andre/OneDrive/Documents/Unreal Projects/Artkana_Project/Content/GeneralAssets/SpellVFX-Dylan/VerdantVortex/vortex-81.uasset" 3965
"C:/Users/andre/OneDrive/Documents/Unreal Projects/Artkana_Project/Content/GeneralAssets/SpellVFX-Dylan/VerdantVortex/vortex-82.uasset" 3966
"C:/Users/andre/OneDrive/Documents/Unreal Projects/Artkana_Project/Content/GeneralAssets/SpellVFX-Dylan/VerdantVortex/vortex-83.uasset" 3967
"C:/Users/andre/OneDrive/Documents/Unreal Projects/Artkana_Project/Content/GeneralAssets/SpellVFX-Dylan/VerdantVortex/vortex-84.uasset" 3968
"C:/Users/andre/OneDrive/Documents/Unreal Projects/Artkana_Project/Content/GeneralAssets/SpellVFX-Dylan/VerdantVortex/vortex-85.uasset" 3969
"C:/Users/andre/OneDrive/Documents/Unreal Projects/Artkana_Project/Content/GeneralAssets/SpellVFX-Dylan/VerdantVortex/vortex-86.uasset" 3970
"C:/Users/andre/OneDrive/Documents/Unreal Projects/Artkana_Project/Content/GeneralAssets/SpellVFX-Dylan/VerdantVortex/vortex-87.uasset" 3971
"C:/Users/andre/OneDrive/Documents/Unreal Projects/Artkana_Project/Content/GeneralAssets/SpellVFX-Dylan/VerdantVortex/vortex-88.uasset" 3972
"C:/Users/andre/OneDrive/Documents/Unreal Projects/Artkana_Project/Content/GeneralAssets/SpellVFX-Dylan/VerdantVortex/vortex-89.uasset" 3973
"C:/Users/andre/OneDrive/Documents/Unreal Projects/Artkana_Project/Content/GeneralAssets/SpellVFX-Dylan/VerdantVortex/vortex-8.uasset" 3974
"C:/Users/andre/OneDrive/Documents/Unreal Projects/Artkana_Project/Content/GeneralAssets/SpellVFX-Dylan/VerdantVortex/vortex-90.uasset" 3975
"C:/Users/andre/OneDrive/Documents/Unreal Projects/Artkana_Project/Content/GeneralAssets/SpellVFX-Dylan/VerdantVortex/vortex-91.uasset" 3976
"C:/Users/andre/OneDrive/Documents/Unreal Projects/Artkana_Project/Content/GeneralAssets/SpellVFX-Dylan/VerdantVortex/vortex-92.uasset" 3977
"C:/Users/andre/OneDrive/Documents/Unreal Projects/Artkana_Project/Content/GeneralAssets/SpellVFX-Dylan/VerdantVortex/vortex-93.uasset" 3978
"C:/Users/andre/OneDrive/Documents/Unreal Projects/Artkana_Project/Content/GeneralAssets/SpellVFX-Dylan/VerdantVortex/vortex-94.uasset" 3979
"C:/Users/andre/OneDrive/Documents/Unreal Projects/Artkana_Project/Content/GeneralAssets/SpellVFX-Dylan/VerdantVortex/vortex-95.uasset" 3980
"C:/Users/andre/OneDrive/Documents/Unreal Projects/Artkana_Project/Content/GeneralAssets/SpellVFX-Dylan/VerdantVortex/vortex-96.uasset" 3981
"C:/Users/andre/OneDrive/Documents/Unreal Projects/Artkana_Project/Content/GeneralAssets/SpellVFX-Dylan/VerdantVortex/vortex-9.uasset" 3982
"C:/Users/andre/OneDrive/Documents/Unreal Projects/Artkana_Project/Content/Characters/Enemies/Drone/m_3hpRobot.uasset" 3983
"C:/Users/andre/OneDrive/Documents/Unreal Projects/Artkana_Project/Content/Characters/Enemies/Drone/Robot_enemy.uasset" 3984
"C:/Users/andre/OneDrive/Documents/Unreal Projects/Artkana_Project/Content/Characters/Enemies/Drone/Robot_enemy_lambert1_BaseColor_sRGB.uasset" 3985
"C:/Users/andre/OneDrive/Documents/Unreal Projects/Artkana_Project/Content/Characters/Enemies/Drone/Robot_enemy_lambert1_Emissive_sRGB.uasset" 3986
"C:/Users/andre/OneDrive/Documents/Unreal Projects/Artkana_Project/Content/Characters/Enemies/Drone/Robot_enemy_lambert1_Normal_Raw.uasset" 3987
"C:/Users/andre/OneDrive/Documents/Unreal Projects/Artkana_Project/Content/Characters/Enemies/Drone/Robot_enemy_lambert1_OcclusionRoughnessMetallic_Raw.uasset" 3988
"C:/Users/andre/OneDrive/Documents/Unreal Projects/Artkana_Project/Content/Characters/Enemies/Drone/lambert1.uasset" 3989
"/Game/UI/Mainmenulevel" 3990
"../../../Engine/Content/EngineSounds/Submixes/MasterEQSubmixDefault.uasset" 3991
"../../../Engine/Content/EngineSounds/Submixes/MasterEQEffectPreset.uasset" 3992
"../../../Engine/Content/EngineSounds/Submixes/MasterReverbSubmixDefault.uasset" 3993
"../../../Engine/Content/EngineSounds/Submixes/MasterReverbEffectPreset.uasset" 3994
"../../../Engine/Content/EngineSounds/Submixes/MasterSubmixDefault.uasset" 3995
"/Engine/EditorResources/EmptyActor" 3996
"../../../Engine/Content/EditorResources/EmptyActor.uasset" 3997
"/Engine/EditorResources/AudioIcons/S_AudioComponent_AutoActivate" 3998
"../../../Engine/Content/EditorResources/AudioIcons/S_AudioComponent_AutoActivate.uasset" 3999
"/Engine/EngineSounds/Submixes/MasterReverbEffectPreset" 4000
"/Engine/EngineSounds/Submixes/MasterEQEffectPreset" 4001
"/Engine/EngineSounds/Submixes/MasterEQSubmixDefault" 4002
"../../../Engine/Plugins/Interchange/Assets/Content/gltf/Textures/T_Anisotropy_Direction_Linear.uasset" 4003
"../../../Engine/Plugins/Interchange/Assets/Content/gltf/MaterialBodies/MF_ClearCoat_Body.uasset" 4004
"../../../Engine/Plugins/Interchange/Assets/Content/gltf/Textures/T_Generic_N.uasset" 4005
"../../../Engine/Content/Functions/Engine_MaterialFunctions01/Texturing/FlattenNormal.uasset" 4006
"../../../Engine/Plugins/Interchange/Assets/Content/gltf/Textures/T_White_Linear.uasset" 4007
"../../../Engine/Plugins/Interchange/Assets/Content/gltf/MaterialFunctions/MF_Clearcoat.uasset" 4008
"../../../Engine/Plugins/Interchange/Assets/Content/Functions/MF_IridescenceNoLUT.uasset" 4009
"../../../Engine/Plugins/Interchange/Assets/Content/gltf/MaterialFunctions/MF_Emissive.uasset" 4010
"../../../Engine/Plugins/Interchange/Assets/Content/gltf/MaterialFunctions/MF_SpecularAnisotropy.uasset" 4011
"../../../Engine/Plugins/Interchange/Assets/Content/gltf/MaterialFunctions/MF_Occlusion.uasset" 4012
"../../../Engine/Plugins/Interchange/Assets/Content/gltf/MaterialFunctions/MF_Specular.uasset" 4013
"../../../Engine/Plugins/Interchange/Assets/Content/gltf/MaterialFunctions/MF_Normals.uasset" 4014
"../../../Engine/Plugins/Interchange/Assets/Content/gltf/Textures/T_White_srgb.uasset" 4015
"../../../Engine/Plugins/Interchange/Assets/Content/gltf/MaterialFunctions/MF_MetallicRoughness.uasset" 4016
"../../../Engine/Plugins/Interchange/Assets/Content/gltf/MaterialFunctions/MF_RotateNormals_TS.uasset" 4017
"../../../Engine/Plugins/Interchange/Assets/Content/Functions/MF_Iridescence.uasset" 4018
"../../../Engine/Content/Functions/Engine_MaterialFunctions03/Math/RemapValueRange.uasset" 4019
"../../../Engine/Plugins/Interchange/Assets/Content/gltf/MaterialFunctions/MF_Iridescence.uasset" 4020
"../../../Engine/Plugins/Interchange/Assets/Content/gltf/MaterialFunctions/MF_IOR.uasset" 4021
"../../../Engine/Plugins/Interchange/Assets/Content/Utilities/New_LUT.uasset" 4022
"../../../Engine/Plugins/Interchange/Assets/Content/gltf/MaterialFunctions/MF_RotateV2.uasset" 4023
"../../../Engine/Plugins/Interchange/Assets/Content/gltf/MaterialFunctions/MF_TransformUVs.uasset" 4024
"../../../Engine/Plugins/Interchange/Assets/Content/gltf/MaterialFunctions/MF_ScaleNormal.uasset" 4025
"../../../Engine/Plugins/Interchange/Assets/Content/gltf/M_ClearCoat.uasset" 4026
"../../../Engine/Plugins/Interchange/Assets/Content/gltf/MaterialFunctions/MF_BaseColor.uasset" 4027
"../../../Engine/Plugins/Interchange/Assets/Content/gltf/MaterialInstances/MI_ClearCoat_Opaque.uasset" 4028
"../../../Engine/Plugins/Interchange/Assets/Content/gltf/MaterialInstances/MI_ClearCoat_Mask.uasset" 4029
"../../../Engine/Plugins/Interchange/Assets/Content/gltf/MaterialBodies/MF_Default_Body.uasset" 4030
"../../../Engine/Plugins/Interchange/Assets/Content/gltf/MaterialInstances/MI_ClearCoat_Blend.uasset" 4031
"../../../Engine/Plugins/Interchange/Assets/Content/gltf/MaterialInstances/MI_ClearCoat_Opaque_DS.uasset" 4032
"../../../Engine/Plugins/Interchange/Assets/Content/gltf/MaterialInstances/MI_ClearCoat_Blend_DS.uasset" 4033
"../../../Engine/Plugins/Interchange/Assets/Content/gltf/MaterialInstances/MI_ClearCoat_Mask_DS.uasset" 4034
"/InterchangeAssets/gltf/MaterialBodies/MF_Default_Body" 4035
"/Game/__ExternalActors__/Variant_SideScroller/Lvl_LowerCity/0/09/K3IIX0FOYC73E0KWJXJXS5" 4036
"C:/Users/andre/OneDrive/Documents/Unreal Projects/Artkana_Project/Content/__ExternalActors__/Variant_SideScroller/Lvl_LowerCity/0/09/K3IIX0FOYC73E0KWJXJXS5.uasset" 4037
"C:/Users/andre/OneDrive/Documents/Unreal Projects/Artkana_Project/Content/LevelPrototyping/Platform_Assets/NewTextures/bralt1/Building_Rounded_Alternate_1_Textures/m_bralt1.uasset" 4038
"C:/Users/andre/OneDrive/Documents/Unreal Projects/Artkana_Project/Content/LevelPrototyping/Platform_Assets/building_rounded_redo.uasset" 4039
"C:/Users/andre/OneDrive/Documents/Unreal Projects/Artkana_Project/Content/LevelPrototyping/Platform_Assets/NewTextures/bralt1/Building_Rounded_Alternate_1_Textures/dx11_allic.uasset" 4040
"C:/Users/andre/OneDrive/Documents/Unreal Projects/Artkana_Project/Content/LevelPrototyping/Platform_Assets/NewTextures/bralt1/Building_Rounded_Alternate_1_Textures/dx11_color.uasset" 4041
"C:/Users/andre/OneDrive/Documents/Unreal Projects/Artkana_Project/Content/LevelPrototyping/Platform_Assets/NewTextures/bralt1/Building_Rounded_Alternate_1_Textures/dx11_hness.uasset" 4042
"C:/Users/andre/OneDrive/Documents/Unreal Projects/Artkana_Project/Content/LevelPrototyping/Platform_Assets/NewTextures/bralt1/Building_Rounded_Alternate_1_Textures/dx11_ormal.uasset" 4043
"C:/Users/andre/OneDrive/Documents/Unreal Projects/Artkana_Project/Content/LevelPrototyping/Platform_Assets/dx11Shader4.uasset" 4044
"/Game/__ExternalActors__/Variant_SideScroller/Lvl_LowerCity/0/33/3ZEM5RXP7DDO4NDO6WFSSB" 4045
"C:/Users/andre/OneDrive/Documents/Unreal Projects/Artkana_Project/Content/__ExternalActors__/Variant_SideScroller/Lvl_LowerCity/0/33/3ZEM5RXP7DDO4NDO6WFSSB.uasset" 4046
"C:/Users/andre/OneDrive/Documents/Unreal Projects/Artkana_Project/Content/LevelPrototyping/Materials/Stage2/concrete1_Base_Color_Mat.uasset" 4047
"C:/Users/andre/OneDrive/Documents/Unreal Projects/Artkana_Project/Content/LevelPrototyping/Platform_Assets/road.uasset" 4048
"C:/Users/andre/OneDrive/Documents/Unreal Projects/Artkana_Project/Content/LevelPrototyping/Textures/Concrete_Textures/concrete1_Base_Color.uasset" 4049
"C:/Users/andre/OneDrive/Documents/Unreal Projects/Artkana_Project/Content/LevelPrototyping/Platform_Assets/dx11Shader1.uasset" 4050
"/Game/__ExternalActors__/Variant_SideScroller/Lvl_LowerCity/0/4N/GJMOZ1E3S9YY3W1P6BH4RZ" 4051
"C:/Users/andre/OneDrive/Documents/Unreal Projects/Artkana_Project/Content/__ExternalActors__/Variant_SideScroller/Lvl_LowerCity/0/4N/GJMOZ1E3S9YY3W1P6BH4RZ.uasset" 4052
"C:/Users/andre/OneDrive/Documents/Unreal Projects/Artkana_Project/Content/LevelPrototyping/Platform_Assets/NewTextures/br/Building_Rounded_Textures/br.uasset" 4053
"C:/Users/andre/OneDrive/Documents/Unreal Projects/Artkana_Project/Content/LevelPrototyping/Platform_Assets/NewTextures/br/Building_Rounded_Textures/building_rounded_er4_Emissive_sRGB.uasset" 4054
"C:/Users/andre/OneDrive/Documents/Unreal Projects/Artkana_Project/Content/LevelPrototyping/Platform_Assets/NewTextures/br/Building_Rounded_Textures/building_rounded_hader4_Normal_Raw.uasset" 4055
"C:/Users/andre/OneDrive/Documents/Unreal Projects/Artkana_Project/Content/LevelPrototyping/Platform_Assets/NewTextures/br/Building_Rounded_Textures/building_rounded_hnessMetallic_Raw.uasset" 4056
"C:/Users/andre/OneDrive/Documents/Unreal Projects/Artkana_Project/Content/LevelPrototyping/Platform_Assets/NewTextures/br/Building_Rounded_Textures/building_rounded_r4_BaseColor_sRGB.uasset" 4057
"/Game/__ExternalActors__/Variant_SideScroller/Lvl_LowerCity/0/6Y/7UPTC45AY7AN1DEAFOQG3P" 4058
"C:/Users/andre/OneDrive/Documents/Unreal Projects/Artkana_Project/Content/__ExternalActors__/Variant_SideScroller/Lvl_LowerCity/0/6Y/7UPTC45AY7AN1DEAFOQG3P.uasset" 4059
"C:/Users/andre/OneDrive/Documents/Unreal Projects/Artkana_Project/Content/LevelPrototyping/Platform_Assets/NewTextures/bmg/Buildings_Line_Midground_Textures/m_bmg.uasset" 4060
"C:/Users/andre/OneDrive/Documents/Unreal Projects/Artkana_Project/Content/LevelPrototyping/Platform_Assets/polySurface4.uasset" 4061
"C:/Users/andre/OneDrive/Documents/Unreal Projects/Artkana_Project/Content/LevelPrototyping/Platform_Assets/NewTextures/bmg/Buildings_Line_Midground_Textures/buildings_line_standardSurface1_BaseColor_sRGB.uasset" 4062
"C:/Users/andre/OneDrive/Documents/Unreal Projects/Artkana_Project/Content/LevelPrototyping/Platform_Assets/NewTextures/bmg/Buildings_Line_Midground_Textures/buildings_line_standardSurface1_Emissive_sRGB.uasset" 4063
"C:/Users/andre/OneDrive/Documents/Unreal Projects/Artkana_Project/Content/LevelPrototyping/Platform_Assets/NewTextures/bmg/Buildings_Line_Midground_Textures/buildings_line_standardSurface1_Normal_Raw.uasset" 4064
"C:/Users/andre/OneDrive/Documents/Unreal Projects/Artkana_Project/Content/LevelPrototyping/Platform_Assets/NewTextures/bmg/Buildings_Line_Midground_Textures/buildings_line_standardSurface1_OcclusionRoughnessMetallic_Raw.uasset" 4065
"C:/Users/andre/OneDrive/Documents/Unreal Projects/Artkana_Project/Content/LevelPrototyping/Platform_Assets/standardSurface1.uasset" 4066
"/Game/__ExternalActors__/Variant_SideScroller/Lvl_LowerCity/0/9B/OKLL8A81W9WASKQ6BUU11S" 4067
"C:/Users/andre/OneDrive/Documents/Unreal Projects/Artkana_Project/Content/__ExternalActors__/Variant_SideScroller/Lvl_LowerCity/0/9B/OKLL8A81W9WASKQ6BUU11S.uasset" 4068
"/Game/__ExternalActors__/Variant_SideScroller/Lvl_LowerCity/0/9H/X42LLMX6WT24T1LIYRWH9E" 4069
"C:/Users/andre/OneDrive/Documents/Unreal Projects/Artkana_Project/Content/__ExternalActors__/Variant_SideScroller/Lvl_LowerCity/0/9H/X42LLMX6WT24T1LIYRWH9E.uasset" 4070
"/Game/__ExternalActors__/Variant_SideScroller/Lvl_LowerCity/0/B8/0UBDXBSHICTV2DV99ZGQBF" 4071
"C:/Users/andre/OneDrive/Documents/Unreal Projects/Artkana_Project/Content/__ExternalActors__/Variant_SideScroller/Lvl_LowerCity/0/B8/0UBDXBSHICTV2DV99ZGQBF.uasset" 4072
"/Game/__ExternalActors__/Variant_SideScroller/Lvl_LowerCity/0/C5/GLW4AGR90HWFEZ0BDOC6T2" 4073
"C:/Users/andre/OneDrive/Documents/Unreal Projects/Artkana_Project/Content/__ExternalActors__/Variant_SideScroller/Lvl_LowerCity/0/C5/GLW4AGR90HWFEZ0BDOC6T2.uasset" 4074
"C:/Users/andre/OneDrive/Documents/Unreal Projects/Artkana_Project/Content/LevelPrototyping/Materials/M_RoofPlat.uasset" 4075
"C:/Users/andre/OneDrive/Documents/Unreal Projects/Artkana_Project/Content/LevelPrototyping/Platform_Assets/pCube4.uasset" 4076
"C:/Users/andre/OneDrive/Documents/Unreal Projects/Artkana_Project/Content/LevelPrototyping/Textures/RoofPlat_Textures/RoofPlat_low_standardSurface1_BaseColor_sRGB.uasset" 4077
"C:/Users/andre/OneDrive/Documents/Unreal Projects/Artkana_Project/Content/LevelPrototyping/Textures/RoofPlat_Textures/RoofPlat_low_standardSurface1_Normal_Raw.uasset" 4078
"C:/Users/andre/OneDrive/Documents/Unreal Projects/Artkana_Project/Content/LevelPrototyping/Textures/RoofPlat_Textures/RoofPlat_low_standardSurface1_OcclusionRoughnessMetallic_Raw.uasset" 4079
"/Game/__ExternalActors__/Variant_SideScroller/Lvl_LowerCity/0/DC/WFOKVEB2HZ2YBE4RHQGWWE" 4080
"C:/Users/andre/OneDrive/Documents/Unreal Projects/Artkana_Project/Content/__ExternalActors__/Variant_SideScroller/Lvl_LowerCity/0/DC/WFOKVEB2HZ2YBE4RHQGWWE.uasset" 4081
"C:/Users/andre/OneDrive/Documents/Unreal Projects/Artkana_Project/Content/LevelPrototyping/Platform_Assets/Ramp.uasset" 4082
"/Game/__ExternalActors__/Variant_SideScroller/Lvl_LowerCity/0/DH/N20KAKSGH0DWRJXE8VTUFE" 4083
"C:/Users/andre/OneDrive/Documents/Unreal Projects/Artkana_Project/Content/__ExternalActors__/Variant_SideScroller/Lvl_LowerCity/0/DH/N20KAKSGH0DWRJXE8VTUFE.uasset" 4084
"/Game/__ExternalActors__/Variant_SideScroller/Lvl_LowerCity/0/EC/9P4X1AI606AG2O4KJEXKYS" 4085
"C:/Users/andre/OneDrive/Documents/Unreal Projects/Artkana_Project/Content/__ExternalActors__/Variant_SideScroller/Lvl_LowerCity/0/EC/9P4X1AI606AG2O4KJEXKYS.uasset" 4086
"/Game/__ExternalActors__/Variant_SideScroller/Lvl_LowerCity/0/G0/V2RPQR49QPG1QBOIA6AOHS" 4087
"C:/Users/andre/OneDrive/Documents/Unreal Projects/Artkana_Project/Content/__ExternalActors__/Variant_SideScroller/Lvl_LowerCity/0/G0/V2RPQR49QPG1QBOIA6AOHS.uasset" 4088
"/Game/__ExternalActors__/Variant_SideScroller/Lvl_LowerCity/0/I9/4RWMO1UMY6CDX1M9HYOBP6" 4089
"C:/Users/andre/OneDrive/Documents/Unreal Projects/Artkana_Project/Content/__ExternalActors__/Variant_SideScroller/Lvl_LowerCity/0/I9/4RWMO1UMY6CDX1M9HYOBP6.uasset" 4090
"C:/Users/andre/OneDrive/Documents/Unreal Projects/Artkana_Project/Content/LevelPrototyping/Platform_Assets/NewTextures/bnralt2/Building_Not_Rounded_Alternate_2_Textures/m_bnralt2.uasset" 4091
"C:/Users/andre/OneDrive/Documents/Unreal Projects/Artkana_Project/Content/LevelPrototyping/Platform_Assets/building_not_rounded_redo.uasset" 4092
"C:/Users/andre/OneDrive/Documents/Unreal Projects/Artkana_Project/Content/LevelPrototyping/Platform_Assets/NewTextures/bnralt2/Building_Not_Rounded_Alternate_2_Textures/dx11Shader2_Base_color.uasset" 4093
"C:/Users/andre/OneDrive/Documents/Unreal Projects/Artkana_Project/Content/LevelPrototyping/Platform_Assets/NewTextures/bnralt2/Building_Not_Rounded_Alternate_2_Textures/dx11Shader2_Metallic.uasset" 4094
"C:/Users/andre/OneDrive/Documents/Unreal Projects/Artkana_Project/Content/LevelPrototyping/Platform_Assets/NewTextures/bnralt2/Building_Not_Rounded_Alternate_2_Textures/dx11Shader2_Normal.uasset" 4095
"C:/Users/andre/OneDrive/Documents/Unreal Projects/Artkana_Project/Content/LevelPrototyping/Platform_Assets/NewTextures/bnralt2/Building_Not_Rounded_Alternate_2_Textures/dx11Shader2_Roughness.uasset" 4096
"C:/Users/andre/OneDrive/Documents/Unreal Projects/Artkana_Project/Content/LevelPrototyping/Platform_Assets/dx11Shader2.uasset" 4097
"/Game/__ExternalActors__/Variant_SideScroller/Lvl_LowerCity/0/LM/U748K2S8AOIGTKAA4Z6K8B" 4098
"C:/Users/andre/OneDrive/Documents/Unreal Projects/Artkana_Project/Content/__ExternalActors__/Variant_SideScroller/Lvl_LowerCity/0/LM/U748K2S8AOIGTKAA4Z6K8B.uasset" 4099
"/Game/__ExternalActors__/Variant_SideScroller/Lvl_LowerCity/0/PH/ZKLF3R9Q0STU2KZAAK85HF" 4100
"C:/Users/andre/OneDrive/Documents/Unreal Projects/Artkana_Project/Content/__ExternalActors__/Variant_SideScroller/Lvl_LowerCity/0/PH/ZKLF3R9Q0STU2KZAAK85HF.uasset" 4101
"/Game/__ExternalActors__/Variant_SideScroller/Lvl_LowerCity/0/PV/TK4TXF9P5QOY0D3R8JPVWN" 4102
"C:/Users/andre/OneDrive/Documents/Unreal Projects/Artkana_Project/Content/__ExternalActors__/Variant_SideScroller/Lvl_LowerCity/0/PV/TK4TXF9P5QOY0D3R8JPVWN.uasset" 4103
"/Game/__ExternalActors__/Variant_SideScroller/Lvl_LowerCity/0/RL/15BDQVQGNBHI33ZS9PUVRI" 4104
"C:/Users/andre/OneDrive/Documents/Unreal Projects/Artkana_Project/Content/__ExternalActors__/Variant_SideScroller/Lvl_LowerCity/0/RL/15BDQVQGNBHI33ZS9PUVRI.uasset" 4105
"/Game/__ExternalActors__/Variant_SideScroller/Lvl_LowerCity/0/SS/AZZ1CB8FLSJXL33UO7KPNZ" 4106
"C:/Users/andre/OneDrive/Documents/Unreal Projects/Artkana_Project/Content/__ExternalActors__/Variant_SideScroller/Lvl_LowerCity/0/SS/AZZ1CB8FLSJXL33UO7KPNZ.uasset" 4107
"C:/Users/andre/OneDrive/Documents/Unreal Projects/Artkana_Project/Content/LevelPrototyping/Meshes/SM_Ramp.uasset" 4108
"C:/Users/andre/OneDrive/Documents/Unreal Projects/Artkana_Project/Content/LevelPrototyping/Materials/MI_PrototypeGrid_Gray.uasset" 4109
"C:/Users/andre/OneDrive/Documents/Unreal Projects/Artkana_Project/Content/LevelPrototyping/Materials/M_PrototypeGrid.uasset" 4110
"../../../Engine/Content/Functions/Engine_MaterialFunctions01/Gradient/LinearGradient.uasset" 4111
"../../../Engine/Content/Functions/Engine_MaterialFunctions01/ImageAdjustment/CheapContrast.uasset" 4112
"C:/Users/andre/OneDrive/Documents/Unreal Projects/Artkana_Project/Content/LevelPrototyping/Materials/MF_ProcGrid.uasset" 4113
"C:/Users/andre/OneDrive/Documents/Unreal Projects/Artkana_Project/Content/LevelPrototyping/Textures/T_GridChecker_A.uasset" 4114
"/Game/__ExternalActors__/Variant_SideScroller/Lvl_LowerCity/0/TO/OGHJOVQP3HTCDKRDZJSLXW" 4115
"C:/Users/andre/OneDrive/Documents/Unreal Projects/Artkana_Project/Content/__ExternalActors__/Variant_SideScroller/Lvl_LowerCity/0/TO/OGHJOVQP3HTCDKRDZJSLXW.uasset" 4116
"C:/Users/andre/OneDrive/Documents/Unreal Projects/Artkana_Project/Content/LevelPrototyping/Meshes/Stage2/DuraRamp.uasset" 4117
"C:/Users/andre/OneDrive/Documents/Unreal Projects/Artkana_Project/Content/LevelPrototyping/Materials/Instances/MI_DuraRamp.uasset" 4118
"C:/Users/andre/OneDrive/Documents/Unreal Projects/Artkana_Project/Content/LevelPrototyping/Materials/M_DuraRamp.uasset" 4119
"C:/Users/andre/OneDrive/Documents/Unreal Projects/Artkana_Project/Content/LevelPrototyping/Textures/DuraRamp_Textures/DuraRamp_low_standardSurface1_BaseColor_sRGB.uasset" 4120
"C:/Users/andre/OneDrive/Documents/Unreal Projects/Artkana_Project/Content/LevelPrototyping/Textures/DuraRamp_Textures/DuraRamp_low_standardSurface1_Normal_Raw.uasset" 4121
"C:/Users/andre/OneDrive/Documents/Unreal Projects/Artkana_Project/Content/LevelPrototyping/Textures/DuraRamp_Textures/DuraRamp_low_standardSurface1_OcclusionRoughnessMetallic_Raw.uasset" 4122
"/Game/__ExternalActors__/Variant_SideScroller/Lvl_LowerCity/0/UW/OPGO2YMMVFRBXKIJ0TGMU9" 4123
"C:/Users/andre/OneDrive/Documents/Unreal Projects/Artkana_Project/Content/__ExternalActors__/Variant_SideScroller/Lvl_LowerCity/0/UW/OPGO2YMMVFRBXKIJ0TGMU9.uasset" 4124
"C:/Users/andre/OneDrive/Documents/Unreal Projects/Artkana_Project/Content/Variant_SideScroller/Blueprints/Enemies/DroneEnemy.uasset" 4125
"C:/Users/andre/OneDrive/Documents/Unreal Projects/Artkana_Project/Content/Characters/Enemies/Drone/drone.uasset" 4126
"C:/Users/andre/OneDrive/Documents/Unreal Projects/Artkana_Project/Content/Characters/Enemies/Drone/standardSurface1.uasset" 4127
"/Game/__ExternalActors__/Variant_SideScroller/Lvl_LowerCity/0/Z8/YNJN3WPX7YN6EE6QJNNZI2" 4128
"C:/Users/andre/OneDrive/Documents/Unreal Projects/Artkana_Project/Content/__ExternalActors__/Variant_SideScroller/Lvl_LowerCity/0/Z8/YNJN3WPX7YN6EE6QJNNZI2.uasset" 4129
"C:/Users/andre/OneDrive/Documents/Unreal Projects/Artkana_Project/Content/LevelPrototyping/Platform_Assets/polySurface5.uasset" 4130
"/Game/__ExternalActors__/Variant_SideScroller/Lvl_LowerCity/1/11/37VVS0LRSJUXQ2ONM358HT" 4131
"C:/Users/andre/OneDrive/Documents/Unreal Projects/Artkana_Project/Content/__ExternalActors__/Variant_SideScroller/Lvl_LowerCity/1/11/37VVS0LRSJUXQ2ONM358HT.uasset" 4132
"C:/Users/andre/OneDrive/Documents/Unreal Projects/Artkana_Project/Content/LevelPrototyping/Meshes/Stage2/RoofPlat.uasset" 4133
"C:/Users/andre/OneDrive/Documents/Unreal Projects/Artkana_Project/Content/LevelPrototyping/Materials/Instances/MI_RoofPlat.uasset" 4134
"/Game/__ExternalActors__/Variant_SideScroller/Lvl_LowerCity/1/12/DOJTE42R02CBB1W7DTO0SP" 4135
"C:/Users/andre/OneDrive/Documents/Unreal Projects/Artkana_Project/Content/__ExternalActors__/Variant_SideScroller/Lvl_LowerCity/1/12/DOJTE42R02CBB1W7DTO0SP.uasset" 4136
"/Game/__ExternalActors__/Variant_SideScroller/Lvl_LowerCity/1/1C/R9NML64JR47ZAN71VM7SFP" 4137
"C:/Users/andre/OneDrive/Documents/Unreal Projects/Artkana_Project/Content/__ExternalActors__/Variant_SideScroller/Lvl_LowerCity/1/1C/R9NML64JR47ZAN71VM7SFP.uasset" 4138
"C:/Users/andre/OneDrive/Documents/Unreal Projects/Artkana_Project/Content/Audio/Music/Stage_2_Music__1_.uasset" 4139
"/Game/__ExternalActors__/Variant_SideScroller/Lvl_LowerCity/1/32/M1RK6YKDDH311AMF8DPFPO" 4140
"C:/Users/andre/OneDrive/Documents/Unreal Projects/Artkana_Project/Content/__ExternalActors__/Variant_SideScroller/Lvl_LowerCity/1/32/M1RK6YKDDH311AMF8DPFPO.uasset" 4141
"/Game/__ExternalActors__/Variant_SideScroller/Lvl_LowerCity/1/32/VH4OMN0GPTRV5G3DCY2UDE" 4142
"C:/Users/andre/OneDrive/Documents/Unreal Projects/Artkana_Project/Content/__ExternalActors__/Variant_SideScroller/Lvl_LowerCity/1/32/VH4OMN0GPTRV5G3DCY2UDE.uasset" 4143
"C:/Users/andre/OneDrive/Documents/Unreal Projects/Artkana_Project/Content/LevelPrototyping/Platform_Assets/NewTextures/bralt2/Building_Rounded_Alternate_2_Textures/m_bralt2.uasset" 4144
"C:/Users/andre/OneDrive/Documents/Unreal Projects/Artkana_Project/Content/LevelPrototyping/Platform_Assets/NewTextures/bralt2/Building_Rounded_Alternate_2_Textures/dx11_allic.uasset" 4145
"C:/Users/andre/OneDrive/Documents/Unreal Projects/Artkana_Project/Content/LevelPrototyping/Platform_Assets/NewTextures/bralt2/Building_Rounded_Alternate_2_Textures/dx11_color.uasset" 4146
"C:/Users/andre/OneDrive/Documents/Unreal Projects/Artkana_Project/Content/LevelPrototyping/Platform_Assets/NewTextures/bralt2/Building_Rounded_Alternate_2_Textures/dx11_hness.uasset" 4147
"C:/Users/andre/OneDrive/Documents/Unreal Projects/Artkana_Project/Content/LevelPrototyping/Platform_Assets/NewTextures/bralt2/Building_Rounded_Alternate_2_Textures/dx11_ormal.uasset" 4148
"/Game/__ExternalActors__/Variant_SideScroller/Lvl_LowerCity/1/39/DLCL3K10UEQIRVYLF4AACT" 4149
"C:/Users/andre/OneDrive/Documents/Unreal Projects/Artkana_Project/Content/__ExternalActors__/Variant_SideScroller/Lvl_LowerCity/1/39/DLCL3K10UEQIRVYLF4AACT.uasset" 4150
"C:/Users/andre/OneDrive/Documents/Unreal Projects/Artkana_Project/Content/LevelPrototyping/Platform_Assets/NewTextures/bnr/Building_Not_Rounded_Textures/m_bnr.uasset" 4151
"C:/Users/andre/OneDrive/Documents/Unreal Projects/Artkana_Project/Content/LevelPrototyping/Platform_Assets/NewTextures/bnr/Building_Not_Rounded_Textures/building_not_aseColor_sRGB.uasset" 4152
"C:/Users/andre/OneDrive/Documents/Unreal Projects/Artkana_Project/Content/LevelPrototyping/Platform_Assets/NewTextures/bnr/Building_Not_Rounded_Textures/building_not_Emissive_sRGB.uasset" 4153
"C:/Users/andre/OneDrive/Documents/Unreal Projects/Artkana_Project/Content/LevelPrototyping/Platform_Assets/NewTextures/bnr/Building_Not_Rounded_Textures/building_not_r2_Normal_Raw.uasset" 4154
"C:/Users/andre/OneDrive/Documents/Unreal Projects/Artkana_Project/Content/LevelPrototyping/Platform_Assets/NewTextures/bnr/Building_Not_Rounded_Textures/building_not_sMetallic_Raw.uasset" 4155
"/Game/__ExternalActors__/Variant_SideScroller/Lvl_LowerCity/1/3Q/5HLJM98PH6XF0EE0HV4YDM" 4156
"C:/Users/andre/OneDrive/Documents/Unreal Projects/Artkana_Project/Content/__ExternalActors__/Variant_SideScroller/Lvl_LowerCity/1/3Q/5HLJM98PH6XF0EE0HV4YDM.uasset" 4157
"C:/Users/andre/OneDrive/Documents/Unreal Projects/Artkana_Project/Content/LevelPrototyping/Meshes/SM_Cube.uasset" 4158
"/Game/__ExternalActors__/Variant_SideScroller/Lvl_LowerCity/1/40/ZHUYNLZEQETAKJ6JFPWF5K" 4159
"C:/Users/andre/OneDrive/Documents/Unreal Projects/Artkana_Project/Content/__ExternalActors__/Variant_SideScroller/Lvl_LowerCity/1/40/ZHUYNLZEQETAKJ6JFPWF5K.uasset" 4160
"/Game/__ExternalActors__/Variant_SideScroller/Lvl_LowerCity/1/4O/RIOLGL1CB00V45JETQKG47" 4161
"C:/Users/andre/OneDrive/Documents/Unreal Projects/Artkana_Project/Content/__ExternalActors__/Variant_SideScroller/Lvl_LowerCity/1/4O/RIOLGL1CB00V45JETQKG47.uasset" 4162
"/Game/__ExternalActors__/Variant_SideScroller/Lvl_LowerCity/1/6S/QBBD6WDOG8UY6L50SK26IM" 4163
"C:/Users/andre/OneDrive/Documents/Unreal Projects/Artkana_Project/Content/__ExternalActors__/Variant_SideScroller/Lvl_LowerCity/1/6S/QBBD6WDOG8UY6L50SK26IM.uasset" 4164
"/Game/__ExternalActors__/Variant_SideScroller/Lvl_LowerCity/1/B2/83M722V1Z9S780GU9TPMLN" 4165
"C:/Users/andre/OneDrive/Documents/Unreal Projects/Artkana_Project/Content/__ExternalActors__/Variant_SideScroller/Lvl_LowerCity/1/B2/83M722V1Z9S780GU9TPMLN.uasset" 4166
"/Game/__ExternalActors__/Variant_SideScroller/Lvl_LowerCity/1/EU/IBZLQGATAUY28OPO2QF8XE" 4167
"C:/Users/andre/OneDrive/Documents/Unreal Projects/Artkana_Project/Content/__ExternalActors__/Variant_SideScroller/Lvl_LowerCity/1/EU/IBZLQGATAUY28OPO2QF8XE.uasset" 4168
"/Game/__ExternalActors__/Variant_SideScroller/Lvl_LowerCity/1/EV/ZIN46N16BSXHWBL6VS2KP2" 4169
"C:/Users/andre/OneDrive/Documents/Unreal Projects/Artkana_Project/Content/__ExternalActors__/Variant_SideScroller/Lvl_LowerCity/1/EV/ZIN46N16BSXHWBL6VS2KP2.uasset" 4170
"/Game/__ExternalActors__/Variant_SideScroller/Lvl_LowerCity/1/FX/VLL9J1RIPL9UV3H1QMB40Y" 4171
"C:/Users/andre/OneDrive/Documents/Unreal Projects/Artkana_Project/Content/__ExternalActors__/Variant_SideScroller/Lvl_LowerCity/1/FX/VLL9J1RIPL9UV3H1QMB40Y.uasset" 4172
"/Game/__ExternalActors__/Variant_SideScroller/Lvl_LowerCity/1/GH/JM9FHLKUY9O6OELDM31EKL" 4173
"C:/Users/andre/OneDrive/Documents/Unreal Projects/Artkana_Project/Content/__ExternalActors__/Variant_SideScroller/Lvl_LowerCity/1/GH/JM9FHLKUY9O6OELDM31EKL.uasset" 4174
"/Game/__ExternalActors__/Variant_SideScroller/Lvl_LowerCity/1/I2/3KR2IFFRSVHB82UCKZ3I0I" 4175
"C:/Users/andre/OneDrive/Documents/Unreal Projects/Artkana_Project/Content/__ExternalActors__/Variant_SideScroller/Lvl_LowerCity/1/I2/3KR2IFFRSVHB82UCKZ3I0I.uasset" 4176
"/Game/__ExternalActors__/Variant_SideScroller/Lvl_LowerCity/1/I3/OMAGBJDJ1K5MDR3VLD94Q4" 4177
"C:/Users/andre/OneDrive/Documents/Unreal Projects/Artkana_Project/Content/__ExternalActors__/Variant_SideScroller/Lvl_LowerCity/1/I3/OMAGBJDJ1K5MDR3VLD94Q4.uasset" 4178
"/Game/__ExternalActors__/Variant_SideScroller/Lvl_LowerCity/1/IG/3HWAJTITGFGHLL18FWYZZL" 4179
"C:/Users/andre/OneDrive/Documents/Unreal Projects/Artkana_Project/Content/__ExternalActors__/Variant_SideScroller/Lvl_LowerCity/1/IG/3HWAJTITGFGHLL18FWYZZL.uasset" 4180
"/Game/__ExternalActors__/Variant_SideScroller/Lvl_LowerCity/1/KO/G88GVM7YUHMQ104RUG543F" 4181
"C:/Users/andre/OneDrive/Documents/Unreal Projects/Artkana_Project/Content/__ExternalActors__/Variant_SideScroller/Lvl_LowerCity/1/KO/G88GVM7YUHMQ104RUG543F.uasset" 4182
"/Game/__ExternalActors__/Variant_SideScroller/Lvl_LowerCity/1/L5/FRWBV9GSQN3QSZ74CVV2CF" 4183
"C:/Users/andre/OneDrive/Documents/Unreal Projects/Artkana_Project/Content/__ExternalActors__/Variant_SideScroller/Lvl_LowerCity/1/L5/FRWBV9GSQN3QSZ74CVV2CF.uasset" 4184
"/Game/__ExternalActors__/Variant_SideScroller/Lvl_LowerCity/1/L9/CJWF6FRD0O95SDU261WSXT" 4185
"C:/Users/andre/OneDrive/Documents/Unreal Projects/Artkana_Project/Content/__ExternalActors__/Variant_SideScroller/Lvl_LowerCity/1/L9/CJWF6FRD0O95SDU261WSXT.uasset" 4186
"/Game/__ExternalActors__/Variant_SideScroller/Lvl_LowerCity/1/NW/39EW8B6QSU6VMRLD79QNR3" 4187
"C:/Users/andre/OneDrive/Documents/Unreal Projects/Artkana_Project/Content/__ExternalActors__/Variant_SideScroller/Lvl_LowerCity/1/NW/39EW8B6QSU6VMRLD79QNR3.uasset" 4188
"/Game/__ExternalActors__/Variant_SideScroller/Lvl_LowerCity/1/PQ/JUEEWEC9YT47NLU4BLVGHO" 4189
"C:/Users/andre/OneDrive/Documents/Unreal Projects/Artkana_Project/Content/__ExternalActors__/Variant_SideScroller/Lvl_LowerCity/1/PQ/JUEEWEC9YT47NLU4BLVGHO.uasset" 4190
"/Game/__ExternalActors__/Variant_SideScroller/Lvl_LowerCity/1/Q8/TI5HASLKRKW4YZY7Q8JU9K" 4191
"C:/Users/andre/OneDrive/Documents/Unreal Projects/Artkana_Project/Content/__ExternalActors__/Variant_SideScroller/Lvl_LowerCity/1/Q8/TI5HASLKRKW4YZY7Q8JU9K.uasset" 4192
"/Game/__ExternalActors__/Variant_SideScroller/Lvl_LowerCity/1/T4/ZPWAGLZMZFS4X869162GZ8" 4193
"C:/Users/andre/OneDrive/Documents/Unreal Projects/Artkana_Project/Content/__ExternalActors__/Variant_SideScroller/Lvl_LowerCity/1/T4/ZPWAGLZMZFS4X869162GZ8.uasset" 4194
"/Game/__ExternalActors__/Variant_SideScroller/Lvl_LowerCity/1/VL/MJUNRB0ALD6I1Q11D85EIX" 4195
"C:/Users/andre/OneDrive/Documents/Unreal Projects/Artkana_Project/Content/__ExternalActors__/Variant_SideScroller/Lvl_LowerCity/1/VL/MJUNRB0ALD6I1Q11D85EIX.uasset" 4196
"/Game/__ExternalActors__/Variant_SideScroller/Lvl_LowerCity/1/VR/61TJD7SIDII8MQFA8ALFIH" 4197
"C:/Users/andre/OneDrive/Documents/Unreal Projects/Artkana_Project/Content/__ExternalActors__/Variant_SideScroller/Lvl_LowerCity/1/VR/61TJD7SIDII8MQFA8ALFIH.uasset" 4198
"/Game/__ExternalActors__/Variant_SideScroller/Lvl_LowerCity/1/ZG/CJQ1E5A1QR9NRBJVD0G8JE" 4199
"C:/Users/andre/OneDrive/Documents/Unreal Projects/Artkana_Project/Content/__ExternalActors__/Variant_SideScroller/Lvl_LowerCity/1/ZG/CJQ1E5A1QR9NRBJVD0G8JE.uasset" 4200
"C:/Users/andre/OneDrive/Documents/Unreal Projects/Artkana_Project/Content/GeneralAssets/Kana/Mesh/KanaMesh.uasset" 4201
"C:/Users/andre/OneDrive/Documents/Unreal Projects/Artkana_Project/Content/GeneralAssets/Kana/Mesh/lambert1.uasset" 4202
"C:/Users/andre/OneDrive/Documents/Unreal Projects/Artkana_Project/Content/GeneralAssets/Kana/Mesh/lambert10.uasset" 4203
"C:/Users/andre/OneDrive/Documents/Unreal Projects/Artkana_Project/Content/GeneralAssets/Kana/Mesh/lambert11.uasset" 4204
"C:/Users/andre/OneDrive/Documents/Unreal Projects/Artkana_Project/Content/GeneralAssets/Kana/Mesh/lambert3.uasset" 4205
"C:/Users/andre/OneDrive/Documents/Unreal Projects/Artkana_Project/Content/GeneralAssets/Kana/Mesh/lambert4.uasset" 4206
"C:/Users/andre/OneDrive/Documents/Unreal Projects/Artkana_Project/Content/GeneralAssets/Kana/Mesh/lambert5.uasset" 4207
"C:/Users/andre/OneDrive/Documents/Unreal Projects/Artkana_Project/Content/GeneralAssets/Kana/Mesh/lambert6.uasset" 4208
"C:/Users/andre/OneDrive/Documents/Unreal Projects/Artkana_Project/Content/GeneralAssets/Kana/Mesh/lambert7.uasset" 4209
"C:/Users/andre/OneDrive/Documents/Unreal Projects/Artkana_Project/Content/GeneralAssets/Kana/Mesh/lambert8.uasset" 4210
"C:/Users/andre/OneDrive/Documents/Unreal Projects/Artkana_Project/Content/GeneralAssets/Kana/Mesh/lambert9.uasset" 4211
"C:/Users/andre/OneDrive/Documents/Unreal Projects/Artkana_Project/Content/GeneralAssets/Kana/Mesh/standardSurface1.uasset" 4212
"C:/Users/andre/OneDrive/Documents/Unreal Projects/Artkana_Project/Content/GeneralAssets/Kana/Mesh/KanaMesh_Skeleton.uasset" 4213
"/Game/__ExternalActors__/Variant_SideScroller/Lvl_LowerCity/1/ZX/EEVI1ZM7CLK8N37IZQIBOY" 4214
"C:/Users/andre/OneDrive/Documents/Unreal Projects/Artkana_Project/Content/__ExternalActors__/Variant_SideScroller/Lvl_LowerCity/1/ZX/EEVI1ZM7CLK8N37IZQIBOY.uasset" 4215
"/Game/__ExternalActors__/Variant_SideScroller/Lvl_LowerCity/2/3L/O7NRV76I13PR2O2XHDJX4D" 4216
"C:/Users/andre/OneDrive/Documents/Unreal Projects/Artkana_Project/Content/__ExternalActors__/Variant_SideScroller/Lvl_LowerCity/2/3L/O7NRV76I13PR2O2XHDJX4D.uasset" 4217
"/Game/__ExternalActors__/Variant_SideScroller/Lvl_LowerCity/2/77/UACBS6HX25IFLSQZ7BJVWW" 4218
"C:/Users/andre/OneDrive/Documents/Unreal Projects/Artkana_Project/Content/__ExternalActors__/Variant_SideScroller/Lvl_LowerCity/2/77/UACBS6HX25IFLSQZ7BJVWW.uasset" 4219
"/Game/__ExternalActors__/Variant_SideScroller/Lvl_LowerCity/2/7M/E1WO12ZYR3K0QE6XR13TNG" 4220
"C:/Users/andre/OneDrive/Documents/Unreal Projects/Artkana_Project/Content/__ExternalActors__/Variant_SideScroller/Lvl_LowerCity/2/7M/E1WO12ZYR3K0QE6XR13TNG.uasset" 4221
"C:/Users/andre/OneDrive/Documents/Unreal Projects/Artkana_Project/Content/LevelPrototyping/Platform_Assets/pCube1.uasset" 4222
"C:/Users/andre/OneDrive/Documents/Unreal Projects/Artkana_Project/Content/LevelPrototyping/Platform_Assets/sm_grindrail_straightshort.uasset" 4223
"C:/Users/andre/OneDrive/Documents/Unreal Projects/Artkana_Project/Content/LevelPrototyping/Platform_Assets/lambert10.uasset" 4224
"C:/Users/andre/OneDrive/Documents/Unreal Projects/Artkana_Project/Content/LevelPrototyping/Platform_Assets/lambert11.uasset" 4225
"/Game/__ExternalActors__/Variant_SideScroller/Lvl_LowerCity/2/9S/PM7W07ICZKQEU5KNVH3P83" 4226
"C:/Users/andre/OneDrive/Documents/Unreal Projects/Artkana_Project/Content/__ExternalActors__/Variant_SideScroller/Lvl_LowerCity/2/9S/PM7W07ICZKQEU5KNVH3P83.uasset" 4227
"/Game/__ExternalActors__/Variant_SideScroller/Lvl_LowerCity/2/AQ/6WNLJ1LJPFLTV861R45W4E" 4228
"C:/Users/andre/OneDrive/Documents/Unreal Projects/Artkana_Project/Content/__ExternalActors__/Variant_SideScroller/Lvl_LowerCity/2/AQ/6WNLJ1LJPFLTV861R45W4E.uasset" 4229
"/Game/__ExternalActors__/Variant_SideScroller/Lvl_LowerCity/2/B4/0QL8KE22X6JC83Q51RZJ23" 4230
"C:/Users/andre/OneDrive/Documents/Unreal Projects/Artkana_Project/Content/__ExternalActors__/Variant_SideScroller/Lvl_LowerCity/2/B4/0QL8KE22X6JC83Q51RZJ23.uasset" 4231
"/Game/__ExternalActors__/Variant_SideScroller/Lvl_LowerCity/2/E7/KG1CJD5WOIHIH7BHO9D1SW" 4232
"C:/Users/andre/OneDrive/Documents/Unreal Projects/Artkana_Project/Content/__ExternalActors__/Variant_SideScroller/Lvl_LowerCity/2/E7/KG1CJD5WOIHIH7BHO9D1SW.uasset" 4233
"/Game/__ExternalActors__/Variant_SideScroller/Lvl_LowerCity/2/EV/20AGUFDD01OCLXDRO1ZIOM" 4234
"C:/Users/andre/OneDrive/Documents/Unreal Projects/Artkana_Project/Content/__ExternalActors__/Variant_SideScroller/Lvl_LowerCity/2/EV/20AGUFDD01OCLXDRO1ZIOM.uasset" 4235
"/Game/__ExternalActors__/Variant_SideScroller/Lvl_LowerCity/2/KU/LJQTZCKB6E8CHHYDO2R05R" 4236
"C:/Users/andre/OneDrive/Documents/Unreal Projects/Artkana_Project/Content/__ExternalActors__/Variant_SideScroller/Lvl_LowerCity/2/KU/LJQTZCKB6E8CHHYDO2R05R.uasset" 4237
"/Game/__ExternalActors__/Variant_SideScroller/Lvl_LowerCity/2/NC/YQ9CLO0M7GT7CPAYUCPKQ0" 4238
"C:/Users/andre/OneDrive/Documents/Unreal Projects/Artkana_Project/Content/__ExternalActors__/Variant_SideScroller/Lvl_LowerCity/2/NC/YQ9CLO0M7GT7CPAYUCPKQ0.uasset" 4239
"C:/Users/andre/OneDrive/Documents/Unreal Projects/Artkana_Project/Content/LevelPrototyping/Textures/DuraRamp_Textures/DuraRamp_var2.uasset" 4240
"C:/Users/andre/OneDrive/Documents/Unreal Projects/Artkana_Project/Content/LevelPrototyping/Meshes/Stage2/DuraRamp_Var2_low.uasset" 4241
"C:/Users/andre/OneDrive/Documents/Unreal Projects/Artkana_Project/Content/LevelPrototyping/Textures/DuraRamp_Textures/DuraRamp_Var2_low_standardSurface1_BaseColor_sRGB.uasset" 4242
"C:/Users/andre/OneDrive/Documents/Unreal Projects/Artkana_Project/Content/LevelPrototyping/Textures/DuraRamp_Textures/DuraRamp_Var2_low_standardSurface1_Normal_Raw.uasset" 4243
"C:/Users/andre/OneDrive/Documents/Unreal Projects/Artkana_Project/Content/LevelPrototyping/Textures/DuraRamp_Textures/DuraRamp_Var2_low_standardSurface1_OcclusionRoughnessMetallic_Raw.uasset" 4244
"C:/Users/andre/OneDrive/Documents/Unreal Projects/Artkana_Project/Content/LevelPrototyping/Meshes/Stage2/standardSurface1.uasset" 4245
"/Game/__ExternalActors__/Variant_SideScroller/Lvl_LowerCity/2/NR/NRP6Y2VX4NGV0XSV7FSTKX" 4246
"C:/Users/andre/OneDrive/Documents/Unreal Projects/Artkana_Project/Content/__ExternalActors__/Variant_SideScroller/Lvl_LowerCity/2/NR/NRP6Y2VX4NGV0XSV7FSTKX.uasset" 4247
"/Game/__ExternalActors__/Variant_SideScroller/Lvl_LowerCity/2/RP/EKDKSOZGQJZCSKN57PHQT2" 4248
"C:/Users/andre/OneDrive/Documents/Unreal Projects/Artkana_Project/Content/__ExternalActors__/Variant_SideScroller/Lvl_LowerCity/2/RP/EKDKSOZGQJZCSKN57PHQT2.uasset" 4249
"/Game/__ExternalActors__/Variant_SideScroller/Lvl_LowerCity/2/W6/BKRFKK5EI1HFKBZG6OSIHF" 4250
"C:/Users/andre/OneDrive/Documents/Unreal Projects/Artkana_Project/Content/__ExternalActors__/Variant_SideScroller/Lvl_LowerCity/2/W6/BKRFKK5EI1HFKBZG6OSIHF.uasset" 4251
"/Game/__ExternalActors__/Variant_SideScroller/Lvl_LowerCity/2/XS/CWTLX7HT7JVII7CMVG46FJ" 4252
"C:/Users/andre/OneDrive/Documents/Unreal Projects/Artkana_Project/Content/__ExternalActors__/Variant_SideScroller/Lvl_LowerCity/2/XS/CWTLX7HT7JVII7CMVG46FJ.uasset" 4253
"/Game/__ExternalActors__/Variant_SideScroller/Lvl_LowerCity/2/Z6/WO3HNIFJSO1DLW5OMNWQLU" 4254
"C:/Users/andre/OneDrive/Documents/Unreal Projects/Artkana_Project/Content/__ExternalActors__/Variant_SideScroller/Lvl_LowerCity/2/Z6/WO3HNIFJSO1DLW5OMNWQLU.uasset" 4255
"/Game/__ExternalActors__/Variant_SideScroller/Lvl_LowerCity/2/Z8/6ETJRNJ3DQ1Y3GW38DHZSB" 4256
"C:/Users/andre/OneDrive/Documents/Unreal Projects/Artkana_Project/Content/__ExternalActors__/Variant_SideScroller/Lvl_LowerCity/2/Z8/6ETJRNJ3DQ1Y3GW38DHZSB.uasset" 4257
"/Game/__ExternalActors__/Variant_SideScroller/Lvl_LowerCity/3/06/OGH3BMIAIK91M06HPCYP78" 4258
"C:/Users/andre/OneDrive/Documents/Unreal Projects/Artkana_Project/Content/__ExternalActors__/Variant_SideScroller/Lvl_LowerCity/3/06/OGH3BMIAIK91M06HPCYP78.uasset" 4259
"/Game/__ExternalActors__/Variant_SideScroller/Lvl_LowerCity/3/09/VMJLXKEP77U075WU37S7XO" 4260
"C:/Users/andre/OneDrive/Documents/Unreal Projects/Artkana_Project/Content/__ExternalActors__/Variant_SideScroller/Lvl_LowerCity/3/09/VMJLXKEP77U075WU37S7XO.uasset" 4261
"/Game/__ExternalActors__/Variant_SideScroller/Lvl_LowerCity/3/49/5FFT4J3KAIJ3VMG5UO9WLF" 4262
"C:/Users/andre/OneDrive/Documents/Unreal Projects/Artkana_Project/Content/__ExternalActors__/Variant_SideScroller/Lvl_LowerCity/3/49/5FFT4J3KAIJ3VMG5UO9WLF.uasset" 4263
"/Game/__ExternalActors__/Variant_SideScroller/Lvl_LowerCity/3/4B/UHVGCMYYRMH934A5VMAEWA" 4264
"C:/Users/andre/OneDrive/Documents/Unreal Projects/Artkana_Project/Content/__ExternalActors__/Variant_SideScroller/Lvl_LowerCity/3/4B/UHVGCMYYRMH934A5VMAEWA.uasset" 4265
"/Game/__ExternalActors__/Variant_SideScroller/Lvl_LowerCity/3/4N/G37JQ2IMOJI5Y2KXXDS8EM" 4266
"C:/Users/andre/OneDrive/Documents/Unreal Projects/Artkana_Project/Content/__ExternalActors__/Variant_SideScroller/Lvl_LowerCity/3/4N/G37JQ2IMOJI5Y2KXXDS8EM.uasset" 4267
"/Game/__ExternalActors__/Variant_SideScroller/Lvl_LowerCity/3/73/WCIAX8LB8AYBVN5X6ETF0P" 4268
"C:/Users/andre/OneDrive/Documents/Unreal Projects/Artkana_Project/Content/__ExternalActors__/Variant_SideScroller/Lvl_LowerCity/3/73/WCIAX8LB8AYBVN5X6ETF0P.uasset" 4269
"/Game/__ExternalActors__/Variant_SideScroller/Lvl_LowerCity/3/7L/C5COANH1YAA3XT9DRCP2PN" 4270
"C:/Users/andre/OneDrive/Documents/Unreal Projects/Artkana_Project/Content/__ExternalActors__/Variant_SideScroller/Lvl_LowerCity/3/7L/C5COANH1YAA3XT9DRCP2PN.uasset" 4271
"/Game/__ExternalActors__/Variant_SideScroller/Lvl_LowerCity/3/7U/5BLGEGJ243ACG6QXDCB0AU" 4272
"C:/Users/andre/OneDrive/Documents/Unreal Projects/Artkana_Project/Content/__ExternalActors__/Variant_SideScroller/Lvl_LowerCity/3/7U/5BLGEGJ243ACG6QXDCB0AU.uasset" 4273
"C:/Users/andre/OneDrive/Documents/Unreal Projects/Artkana_Project/Content/LevelPrototyping/Platform_Assets/Buildings_Line_Midground_Textures/building_line.uasset" 4274
"C:/Users/andre/OneDrive/Documents/Unreal Projects/Artkana_Project/Content/LevelPrototyping/Platform_Assets/Buildings_Line_Midground_Textures/buildings_line_standardSurface1_BaseColor_sRGB_1001.uasset" 4275
"C:/Users/andre/OneDrive/Documents/Unreal Projects/Artkana_Project/Content/LevelPrototyping/Platform_Assets/Buildings_Line_Midground_Textures/buildings_line_standardSurface1_Emissive_sRGB_1001.uasset" 4276
"C:/Users/andre/OneDrive/Documents/Unreal Projects/Artkana_Project/Content/LevelPrototyping/Platform_Assets/Buildings_Line_Midground_Textures/buildings_line_standardSurface1_Normal_Raw_1001.uasset" 4277
"C:/Users/andre/OneDrive/Documents/Unreal Projects/Artkana_Project/Content/LevelPrototyping/Platform_Assets/Buildings_Line_Midground_Textures/buildings_line_standardSurface1_OcclusionRoughnessMetallic_Raw_1001.uasset" 4278
"/Game/__ExternalActors__/Variant_SideScroller/Lvl_LowerCity/3/BR/0OT5K6CO9DMV47FCEBSL0P" 4279
"C:/Users/andre/OneDrive/Documents/Unreal Projects/Artkana_Project/Content/__ExternalActors__/Variant_SideScroller/Lvl_LowerCity/3/BR/0OT5K6CO9DMV47FCEBSL0P.uasset" 4280
"/Game/__ExternalActors__/Variant_SideScroller/Lvl_LowerCity/3/EO/11GZNAOER7823OEP60INT0" 4281
"C:/Users/andre/OneDrive/Documents/Unreal Projects/Artkana_Project/Content/__ExternalActors__/Variant_SideScroller/Lvl_LowerCity/3/EO/11GZNAOER7823OEP60INT0.uasset" 4282
"/Game/__ExternalActors__/Variant_SideScroller/Lvl_LowerCity/3/FC/P2AZH8FTLDZFLZBR6HOU6B" 4283
"C:/Users/andre/OneDrive/Documents/Unreal Projects/Artkana_Project/Content/__ExternalActors__/Variant_SideScroller/Lvl_LowerCity/3/FC/P2AZH8FTLDZFLZBR6HOU6B.uasset" 4284
"/Game/__ExternalActors__/Variant_SideScroller/Lvl_LowerCity/3/FI/QVXG1DJHGKNE6EH7PX6J0C" 4285
"C:/Users/andre/OneDrive/Documents/Unreal Projects/Artkana_Project/Content/__ExternalActors__/Variant_SideScroller/Lvl_LowerCity/3/FI/QVXG1DJHGKNE6EH7PX6J0C.uasset" 4286
"/Game/__ExternalActors__/Variant_SideScroller/Lvl_LowerCity/3/I2/72P686QXQ8U71L8KURFIN3" 4287
"C:/Users/andre/OneDrive/Documents/Unreal Projects/Artkana_Project/Content/__ExternalActors__/Variant_SideScroller/Lvl_LowerCity/3/I2/72P686QXQ8U71L8KURFIN3.uasset" 4288
"/Game/__ExternalActors__/Variant_SideScroller/Lvl_LowerCity/3/J4/R3QUE59LZ7G8VOXTYUZWRW" 4289
"C:/Users/andre/OneDrive/Documents/Unreal Projects/Artkana_Project/Content/__ExternalActors__/Variant_SideScroller/Lvl_LowerCity/3/J4/R3QUE59LZ7G8VOXTYUZWRW.uasset" 4290
"/Game/__ExternalActors__/Variant_SideScroller/Lvl_LowerCity/3/JY/ZT60GFRQ7BHXP1BZV0RMHN" 4291
"C:/Users/andre/OneDrive/Documents/Unreal Projects/Artkana_Project/Content/__ExternalActors__/Variant_SideScroller/Lvl_LowerCity/3/JY/ZT60GFRQ7BHXP1BZV0RMHN.uasset" 4292
"/Game/__ExternalActors__/Variant_SideScroller/Lvl_LowerCity/3/KX/MC2I3AAJTXBMHMIUFJ9OPH" 4293
"C:/Users/andre/OneDrive/Documents/Unreal Projects/Artkana_Project/Content/__ExternalActors__/Variant_SideScroller/Lvl_LowerCity/3/KX/MC2I3AAJTXBMHMIUFJ9OPH.uasset" 4294
"/Game/__ExternalActors__/Variant_SideScroller/Lvl_LowerCity/3/L1/IWYLO5CTWXLV9LSN50ENFF" 4295
"C:/Users/andre/OneDrive/Documents/Unreal Projects/Artkana_Project/Content/__ExternalActors__/Variant_SideScroller/Lvl_LowerCity/3/L1/IWYLO5CTWXLV9LSN50ENFF.uasset" 4296
"/Game/__ExternalActors__/Variant_SideScroller/Lvl_LowerCity/3/OE/9V5JI2EK0ID9LRDHIFW36G" 4297
"C:/Users/andre/OneDrive/Documents/Unreal Projects/Artkana_Project/Content/__ExternalActors__/Variant_SideScroller/Lvl_LowerCity/3/OE/9V5JI2EK0ID9LRDHIFW36G.uasset" 4298
"/Game/__ExternalActors__/Variant_SideScroller/Lvl_LowerCity/3/PO/W86T88SNH4D5C94K8YXQV5" 4299
"C:/Users/andre/OneDrive/Documents/Unreal Projects/Artkana_Project/Content/__ExternalActors__/Variant_SideScroller/Lvl_LowerCity/3/PO/W86T88SNH4D5C94K8YXQV5.uasset" 4300
"/Game/__ExternalActors__/Variant_SideScroller/Lvl_LowerCity/3/R1/O6U5EYF9R537R8GXRP1IQY" 4301
"C:/Users/andre/OneDrive/Documents/Unreal Projects/Artkana_Project/Content/__ExternalActors__/Variant_SideScroller/Lvl_LowerCity/3/R1/O6U5EYF9R537R8GXRP1IQY.uasset" 4302
"/Game/__ExternalActors__/Variant_SideScroller/Lvl_LowerCity/3/TR/SBWHJZEI47JJ6BILRHI3BE" 4303
"C:/Users/andre/OneDrive/Documents/Unreal Projects/Artkana_Project/Content/__ExternalActors__/Variant_SideScroller/Lvl_LowerCity/3/TR/SBWHJZEI47JJ6BILRHI3BE.uasset" 4304
"/Game/__ExternalActors__/Variant_SideScroller/Lvl_LowerCity/3/UG/FAX870AB8BZ0R44OFA5QYR" 4305
"C:/Users/andre/OneDrive/Documents/Unreal Projects/Artkana_Project/Content/__ExternalActors__/Variant_SideScroller/Lvl_LowerCity/3/UG/FAX870AB8BZ0R44OFA5QYR.uasset" 4306
"/Game/__ExternalActors__/Variant_SideScroller/Lvl_LowerCity/3/WC/HTGMTAU5XJZOPZ1G7RE44V" 4307
"C:/Users/andre/OneDrive/Documents/Unreal Projects/Artkana_Project/Content/__ExternalActors__/Variant_SideScroller/Lvl_LowerCity/3/WC/HTGMTAU5XJZOPZ1G7RE44V.uasset" 4308
"/Game/__ExternalActors__/Variant_SideScroller/Lvl_LowerCity/3/XM/C9O3HG6Q5A4IBLUH4WCC5V" 4309
"C:/Users/andre/OneDrive/Documents/Unreal Projects/Artkana_Project/Content/__ExternalActors__/Variant_SideScroller/Lvl_LowerCity/3/XM/C9O3HG6Q5A4IBLUH4WCC5V.uasset" 4310
"/Game/__ExternalActors__/Variant_SideScroller/Lvl_LowerCity/3/Y6/IK5FTO8AE8ZWTRC341DMRJ" 4311
"C:/Users/andre/OneDrive/Documents/Unreal Projects/Artkana_Project/Content/__ExternalActors__/Variant_SideScroller/Lvl_LowerCity/3/Y6/IK5FTO8AE8ZWTRC341DMRJ.uasset" 4312
"C:/Users/andre/OneDrive/Documents/Unreal Projects/Artkana_Project/Content/Characters/Enemies/sniper/sniper.uasset" 4313
"C:/Users/andre/OneDrive/Documents/Unreal Projects/Artkana_Project/Content/Characters/Enemies/sniper/sniper_texture.uasset" 4314
"C:/Users/andre/OneDrive/Documents/Unreal Projects/Artkana_Project/Content/Characters/Enemies/sniper/sniper_standardSurface2_BaseColor.uasset" 4315
"C:/Users/andre/OneDrive/Documents/Unreal Projects/Artkana_Project/Content/Characters/Enemies/sniper/sniper_standardSurface2_Normal.uasset" 4316
"C:/Users/andre/OneDrive/Documents/Unreal Projects/Artkana_Project/Content/Characters/Enemies/sniper/sniper_standardSurface2_OcclusionRoughnessMetallic.uasset" 4317
"/Game/__ExternalActors__/Variant_SideScroller/Lvl_LowerCity/3/YK/7U4YUYV218YPWWA6VN4R5Z" 4318
"C:/Users/andre/OneDrive/Documents/Unreal Projects/Artkana_Project/Content/__ExternalActors__/Variant_SideScroller/Lvl_LowerCity/3/YK/7U4YUYV218YPWWA6VN4R5Z.uasset" 4319
"/Game/__ExternalActors__/Variant_SideScroller/Lvl_LowerCity/3/YO/F0MXXBHNHE7FDRTIBVPBQ7" 4320
"C:/Users/andre/OneDrive/Documents/Unreal Projects/Artkana_Project/Content/__ExternalActors__/Variant_SideScroller/Lvl_LowerCity/3/YO/F0MXXBHNHE7FDRTIBVPBQ7.uasset" 4321
"/Game/__ExternalActors__/Variant_SideScroller/Lvl_LowerCity/3/Z4/6DQQSHI4MWWJGP89WBHNKS" 4322
"C:/Users/andre/OneDrive/Documents/Unreal Projects/Artkana_Project/Content/__ExternalActors__/Variant_SideScroller/Lvl_LowerCity/3/Z4/6DQQSHI4MWWJGP89WBHNKS.uasset" 4323
"/Game/__ExternalActors__/Variant_SideScroller/Lvl_LowerCity/4/0W/GJ4YZY877I203UMY05LF4F" 4324
"C:/Users/andre/OneDrive/Documents/Unreal Projects/Artkana_Project/Content/__ExternalActors__/Variant_SideScroller/Lvl_LowerCity/4/0W/GJ4YZY877I203UMY05LF4F.uasset" 4325
"/Game/__ExternalActors__/Variant_SideScroller/Lvl_LowerCity/4/3O/AC8JXOVPE4CM6HBJFMQB0B" 4326
"C:/Users/andre/OneDrive/Documents/Unreal Projects/Artkana_Project/Content/__ExternalActors__/Variant_SideScroller/Lvl_LowerCity/4/3O/AC8JXOVPE4CM6HBJFMQB0B.uasset" 4327
"/Game/__ExternalActors__/Variant_SideScroller/Lvl_LowerCity/4/3X/Z2EL0OTUQQEH2ZPHG57C9F" 4328
"C:/Users/andre/OneDrive/Documents/Unreal Projects/Artkana_Project/Content/__ExternalActors__/Variant_SideScroller/Lvl_LowerCity/4/3X/Z2EL0OTUQQEH2ZPHG57C9F.uasset" 4329
"/Game/__ExternalActors__/Variant_SideScroller/Lvl_LowerCity/4/7Z/20SO8FEGQHMNQ9IH0DM3EV" 4330
"C:/Users/andre/OneDrive/Documents/Unreal Projects/Artkana_Project/Content/__ExternalActors__/Variant_SideScroller/Lvl_LowerCity/4/7Z/20SO8FEGQHMNQ9IH0DM3EV.uasset" 4331
"/Game/__ExternalActors__/Variant_SideScroller/Lvl_LowerCity/4/88/E73ROFKLVBYTLKC3WHX5CQ" 4332
"C:/Users/andre/OneDrive/Documents/Unreal Projects/Artkana_Project/Content/__ExternalActors__/Variant_SideScroller/Lvl_LowerCity/4/88/E73ROFKLVBYTLKC3WHX5CQ.uasset" 4333
"/Game/__ExternalActors__/Variant_SideScroller/Lvl_LowerCity/4/8O/VW4UQYDNF111N3NGGOYRSN" 4334
"C:/Users/andre/OneDrive/Documents/Unreal Projects/Artkana_Project/Content/__ExternalActors__/Variant_SideScroller/Lvl_LowerCity/4/8O/VW4UQYDNF111N3NGGOYRSN.uasset" 4335
"/Game/__ExternalActors__/Variant_SideScroller/Lvl_LowerCity/4/9A/3ER7VYVK7P1OV9WAPVT2P2" 4336
"C:/Users/andre/OneDrive/Documents/Unreal Projects/Artkana_Project/Content/__ExternalActors__/Variant_SideScroller/Lvl_LowerCity/4/9A/3ER7VYVK7P1OV9WAPVT2P2.uasset" 4337
"/Game/__ExternalActors__/Variant_SideScroller/Lvl_LowerCity/4/9B/VFRP0UPJTVC93AB8G3U6NP" 4338
"C:/Users/andre/OneDrive/Documents/Unreal Projects/Artkana_Project/Content/__ExternalActors__/Variant_SideScroller/Lvl_LowerCity/4/9B/VFRP0UPJTVC93AB8G3U6NP.uasset" 4339
"/Game/__ExternalActors__/Variant_SideScroller/Lvl_LowerCity/4/AZ/ZQDUAEJ06TTWNNQ9BL9L0W" 4340
"C:/Users/andre/OneDrive/Documents/Unreal Projects/Artkana_Project/Content/__ExternalActors__/Variant_SideScroller/Lvl_LowerCity/4/AZ/ZQDUAEJ06TTWNNQ9BL9L0W.uasset" 4341
"/Game/__ExternalActors__/Variant_SideScroller/Lvl_LowerCity/4/BV/5HB21CVRMEQU7DYZFDXZF5" 4342
"C:/Users/andre/OneDrive/Documents/Unreal Projects/Artkana_Project/Content/__ExternalActors__/Variant_SideScroller/Lvl_LowerCity/4/BV/5HB21CVRMEQU7DYZFDXZF5.uasset" 4343
"/Game/__ExternalActors__/Variant_SideScroller/Lvl_LowerCity/4/GD/YWDV5O0LGFT5FLEZPJ2U57" 4344
"C:/Users/andre/OneDrive/Documents/Unreal Projects/Artkana_Project/Content/__ExternalActors__/Variant_SideScroller/Lvl_LowerCity/4/GD/YWDV5O0LGFT5FLEZPJ2U57.uasset" 4345
"/Game/__ExternalActors__/Variant_SideScroller/Lvl_LowerCity/4/HF/AXWPNQH8DB05R6SBEHW0MK" 4346
"C:/Users/andre/OneDrive/Documents/Unreal Projects/Artkana_Project/Content/__ExternalActors__/Variant_SideScroller/Lvl_LowerCity/4/HF/AXWPNQH8DB05R6SBEHW0MK.uasset" 4347
"/Game/__ExternalActors__/Variant_SideScroller/Lvl_LowerCity/4/JZ/M7L08Q05XCDB9EMKBK0OD8" 4348
"C:/Users/andre/OneDrive/Documents/Unreal Projects/Artkana_Project/Content/__ExternalActors__/Variant_SideScroller/Lvl_LowerCity/4/JZ/M7L08Q05XCDB9EMKBK0OD8.uasset" 4349
"/Game/__ExternalActors__/Variant_SideScroller/Lvl_LowerCity/4/L2/SLANH818YEKIXMLI6W1JZD" 4350
"C:/Users/andre/OneDrive/Documents/Unreal Projects/Artkana_Project/Content/__ExternalActors__/Variant_SideScroller/Lvl_LowerCity/4/L2/SLANH818YEKIXMLI6W1JZD.uasset" 4351
"/Game/__ExternalActors__/Variant_SideScroller/Lvl_LowerCity/4/LA/SMX4B71OWWMLGO9F4VC8LY" 4352
"C:/Users/andre/OneDrive/Documents/Unreal Projects/Artkana_Project/Content/__ExternalActors__/Variant_SideScroller/Lvl_LowerCity/4/LA/SMX4B71OWWMLGO9F4VC8LY.uasset" 4353
"/Game/__ExternalActors__/Variant_SideScroller/Lvl_LowerCity/4/M8/3B347EPG3R2OR7NO8Z2KN3" 4354
"C:/Users/andre/OneDrive/Documents/Unreal Projects/Artkana_Project/Content/__ExternalActors__/Variant_SideScroller/Lvl_LowerCity/4/M8/3B347EPG3R2OR7NO8Z2KN3.uasset" 4355
"/Game/__ExternalActors__/Variant_SideScroller/Lvl_LowerCity/4/MU/22RM68FO53OEVMQ6JPESMQ" 4356
"C:/Users/andre/OneDrive/Documents/Unreal Projects/Artkana_Project/Content/__ExternalActors__/Variant_SideScroller/Lvl_LowerCity/4/MU/22RM68FO53OEVMQ6JPESMQ.uasset" 4357
"/Game/__ExternalActors__/Variant_SideScroller/Lvl_LowerCity/4/N5/RKCSSTBJLE5GPQOSGXBF6I" 4358
"C:/Users/andre/OneDrive/Documents/Unreal Projects/Artkana_Project/Content/__ExternalActors__/Variant_SideScroller/Lvl_LowerCity/4/N5/RKCSSTBJLE5GPQOSGXBF6I.uasset" 4359
"/Game/__ExternalActors__/Variant_SideScroller/Lvl_LowerCity/4/O3/Y92E5RBZ6R5ZO2IKGJXOYR" 4360
"C:/Users/andre/OneDrive/Documents/Unreal Projects/Artkana_Project/Content/__ExternalActors__/Variant_SideScroller/Lvl_LowerCity/4/O3/Y92E5RBZ6R5ZO2IKGJXOYR.uasset" 4361
"/Game/__ExternalActors__/Variant_SideScroller/Lvl_LowerCity/4/QQ/WWGFZ2ORJLW9TV6MPSRHBN" 4362
"C:/Users/andre/OneDrive/Documents/Unreal Projects/Artkana_Project/Content/__ExternalActors__/Variant_SideScroller/Lvl_LowerCity/4/QQ/WWGFZ2ORJLW9TV6MPSRHBN.uasset" 4363
"/Game/__ExternalActors__/Variant_SideScroller/Lvl_LowerCity/4/R3/10W0587ULD1FEV825XBC5S" 4364
"C:/Users/andre/OneDrive/Documents/Unreal Projects/Artkana_Project/Content/__ExternalActors__/Variant_SideScroller/Lvl_LowerCity/4/R3/10W0587ULD1FEV825XBC5S.uasset" 4365
"C:/Users/andre/OneDrive/Documents/Unreal Projects/Artkana_Project/Content/Characters/Enemies/stray/stray.uasset" 4366
"C:/Users/andre/OneDrive/Documents/Unreal Projects/Artkana_Project/Content/Characters/Enemies/stray/stray_texture.uasset" 4367
"C:/Users/andre/OneDrive/Documents/Unreal Projects/Artkana_Project/Content/Characters/Enemies/stray/stray_standardSurface1_BaseColor.uasset" 4368
"C:/Users/andre/OneDrive/Documents/Unreal Projects/Artkana_Project/Content/Characters/Enemies/stray/stray_standardSurface1_Emissive.uasset" 4369
"C:/Users/andre/OneDrive/Documents/Unreal Projects/Artkana_Project/Content/Characters/Enemies/stray/stray_standardSurface1_Normal.uasset" 4370
"C:/Users/andre/OneDrive/Documents/Unreal Projects/Artkana_Project/Content/Characters/Enemies/stray/stray_standardSurface1_OcclusionRoughnessMetallic.uasset" 4371
"/Game/__ExternalActors__/Variant_SideScroller/Lvl_LowerCity/4/R6/06QC83AFDVGM8UC5WR28S6" 4372
"C:/Users/andre/OneDrive/Documents/Unreal Projects/Artkana_Project/Content/__ExternalActors__/Variant_SideScroller/Lvl_LowerCity/4/R6/06QC83AFDVGM8UC5WR28S6.uasset" 4373
"/Game/__ExternalActors__/Variant_SideScroller/Lvl_LowerCity/4/R9/B7Y4GOCU13FRR1Y5URIJY7" 4374
"C:/Users/andre/OneDrive/Documents/Unreal Projects/Artkana_Project/Content/__ExternalActors__/Variant_SideScroller/Lvl_LowerCity/4/R9/B7Y4GOCU13FRR1Y5URIJY7.uasset" 4375
"/Game/__ExternalActors__/Variant_SideScroller/Lvl_LowerCity/4/RX/3G7ABGLNOTJWSF468RDYH5" 4376
"C:/Users/andre/OneDrive/Documents/Unreal Projects/Artkana_Project/Content/__ExternalActors__/Variant_SideScroller/Lvl_LowerCity/4/RX/3G7ABGLNOTJWSF468RDYH5.uasset" 4377
"/Game/__ExternalActors__/Variant_SideScroller/Lvl_LowerCity/4/UV/RGMB9H1FWDVQN5G6W3F599" 4378
"C:/Users/andre/OneDrive/Documents/Unreal Projects/Artkana_Project/Content/__ExternalActors__/Variant_SideScroller/Lvl_LowerCity/4/UV/RGMB9H1FWDVQN5G6W3F599.uasset" 4379
"/Game/__ExternalActors__/Variant_SideScroller/Lvl_LowerCity/4/XY/BZ5RCPPLQTACHJ0IQY9VKQ" 4380
"C:/Users/andre/OneDrive/Documents/Unreal Projects/Artkana_Project/Content/__ExternalActors__/Variant_SideScroller/Lvl_LowerCity/4/XY/BZ5RCPPLQTACHJ0IQY9VKQ.uasset" 4381
"/Game/__ExternalActors__/Variant_SideScroller/Lvl_LowerCity/4/YI/86308VX8TCV90HKFGOO254" 4382
"C:/Users/andre/OneDrive/Documents/Unreal Projects/Artkana_Project/Content/__ExternalActors__/Variant_SideScroller/Lvl_LowerCity/4/YI/86308VX8TCV90HKFGOO254.uasset" 4383
"/Game/__ExternalActors__/Variant_SideScroller/Lvl_LowerCity/5/0Q/GEN0H58UN2WZEXCXT2GCU7" 4384
"C:/Users/andre/OneDrive/Documents/Unreal Projects/Artkana_Project/Content/__ExternalActors__/Variant_SideScroller/Lvl_LowerCity/5/0Q/GEN0H58UN2WZEXCXT2GCU7.uasset" 4385
"C:/Users/andre/OneDrive/Documents/Unreal Projects/Artkana_Project/Content/LevelPrototyping/Platform_Assets/NewTextures/bnralt1/Building_Not_Rounded_Alternate_1_Textures/m_bnralt1.uasset" 4386
"C:/Users/andre/OneDrive/Documents/Unreal Projects/Artkana_Project/Content/LevelPrototyping/Platform_Assets/NewTextures/bnralt1/Building_Not_Rounded_Alternate_1_Textures/dx11Shader2_Base_color.uasset" 4387
"C:/Users/andre/OneDrive/Documents/Unreal Projects/Artkana_Project/Content/LevelPrototyping/Platform_Assets/NewTextures/bnralt1/Building_Not_Rounded_Alternate_1_Textures/dx11Shader2_Metallic.uasset" 4388
"C:/Users/andre/OneDrive/Documents/Unreal Projects/Artkana_Project/Content/LevelPrototyping/Platform_Assets/NewTextures/bnralt1/Building_Not_Rounded_Alternate_1_Textures/dx11Shader2_Normal.uasset" 4389
"C:/Users/andre/OneDrive/Documents/Unreal Projects/Artkana_Project/Content/LevelPrototyping/Platform_Assets/NewTextures/bnralt1/Building_Not_Rounded_Alternate_1_Textures/dx11Shader2_Roughness.uasset" 4390
"/Game/__ExternalActors__/Variant_SideScroller/Lvl_LowerCity/5/21/TNEOE062V1RRAI6SFN5M8X" 4391
"C:/Users/andre/OneDrive/Documents/Unreal Projects/Artkana_Project/Content/__ExternalActors__/Variant_SideScroller/Lvl_LowerCity/5/21/TNEOE062V1RRAI6SFN5M8X.uasset" 4392
"/Game/__ExternalActors__/Variant_SideScroller/Lvl_LowerCity/5/2Z/H3SYQW6WX649KYA0TSY25Z" 4393
"C:/Users/andre/OneDrive/Documents/Unreal Projects/Artkana_Project/Content/__ExternalActors__/Variant_SideScroller/Lvl_LowerCity/5/2Z/H3SYQW6WX649KYA0TSY25Z.uasset" 4394
"/Game/__ExternalActors__/Variant_SideScroller/Lvl_LowerCity/5/32/5RVCWNBEAH870FMOBUO7JE" 4395
"C:/Users/andre/OneDrive/Documents/Unreal Projects/Artkana_Project/Content/__ExternalActors__/Variant_SideScroller/Lvl_LowerCity/5/32/5RVCWNBEAH870FMOBUO7JE.uasset" 4396
"/Game/__ExternalActors__/Variant_SideScroller/Lvl_LowerCity/5/4H/BCQ447UT1C32TW6UIK7ER8" 4397
"C:/Users/andre/OneDrive/Documents/Unreal Projects/Artkana_Project/Content/__ExternalActors__/Variant_SideScroller/Lvl_LowerCity/5/4H/BCQ447UT1C32TW6UIK7ER8.uasset" 4398
"/Game/__ExternalActors__/Variant_SideScroller/Lvl_LowerCity/5/5Q/8OJ2HWXPY056P4W4T8I2EQ" 4399
"C:/Users/andre/OneDrive/Documents/Unreal Projects/Artkana_Project/Content/__ExternalActors__/Variant_SideScroller/Lvl_LowerCity/5/5Q/8OJ2HWXPY056P4W4T8I2EQ.uasset" 4400
"/Game/__ExternalActors__/Variant_SideScroller/Lvl_LowerCity/5/6D/TEITBP7SJPMKOLJ02B7LYW" 4401
"C:/Users/andre/OneDrive/Documents/Unreal Projects/Artkana_Project/Content/__ExternalActors__/Variant_SideScroller/Lvl_LowerCity/5/6D/TEITBP7SJPMKOLJ02B7LYW.uasset" 4402
"/Game/__ExternalActors__/Variant_SideScroller/Lvl_LowerCity/5/8Q/XYA18YK88D6OG53L081ZFP" 4403
"C:/Users/andre/OneDrive/Documents/Unreal Projects/Artkana_Project/Content/__ExternalActors__/Variant_SideScroller/Lvl_LowerCity/5/8Q/XYA18YK88D6OG53L081ZFP.uasset" 4404
"/Game/__ExternalActors__/Variant_SideScroller/Lvl_LowerCity/5/9H/SUCGJ7WN7T54CA9QN9V4FS" 4405
"C:/Users/andre/OneDrive/Documents/Unreal Projects/Artkana_Project/Content/__ExternalActors__/Variant_SideScroller/Lvl_LowerCity/5/9H/SUCGJ7WN7T54CA9QN9V4FS.uasset" 4406
"/Game/__ExternalActors__/Variant_SideScroller/Lvl_LowerCity/5/BW/RKI07Q4CKM7BU7QBQXAIDK" 4407
"C:/Users/andre/OneDrive/Documents/Unreal Projects/Artkana_Project/Content/__ExternalActors__/Variant_SideScroller/Lvl_LowerCity/5/BW/RKI07Q4CKM7BU7QBQXAIDK.uasset" 4408
"C:/Users/andre/OneDrive/Documents/Unreal Projects/Artkana_Project/Content/LevelPrototyping/Meshes/Stage2/floating_platform.uasset" 4409
"C:/Users/andre/OneDrive/Documents/Unreal Projects/Artkana_Project/Content/LevelPrototyping/Materials/Instances/Stage2/MI_FloatPlatform.uasset" 4410
"C:/Users/andre/OneDrive/Documents/Unreal Projects/Artkana_Project/Content/LevelPrototyping/Materials/Stage2/M_FloatPlatform.uasset" 4411
"C:/Users/andre/OneDrive/Documents/Unreal Projects/Artkana_Project/Content/LevelPrototyping/Textures/FloatPlatform_Textures/floating_platform_dx11Shader1_BaseColor_sRGB.uasset" 4412
"C:/Users/andre/OneDrive/Documents/Unreal Projects/Artkana_Project/Content/LevelPrototyping/Textures/FloatPlatform_Textures/floating_platform_dx11Shader1_Normal_Raw.uasset" 4413
"C:/Users/andre/OneDrive/Documents/Unreal Projects/Artkana_Project/Content/LevelPrototyping/Textures/FloatPlatform_Textures/floating_platform_dx11Shader1_OcclusionRoughnessMetallic_Raw.uasset" 4414
"C:/Users/andre/OneDrive/Documents/Unreal Projects/Artkana_Project/Content/LevelPrototyping/Textures/FloatPlatform_Textures/floating_platform_dx11Shader1_Emissive_sRGB.uasset" 4415
"/Game/__ExternalActors__/Variant_SideScroller/Lvl_LowerCity/5/EB/S63EQMQAZ8YPRJM9OIPOVW" 4416
"C:/Users/andre/OneDrive/Documents/Unreal Projects/Artkana_Project/Content/__ExternalActors__/Variant_SideScroller/Lvl_LowerCity/5/EB/S63EQMQAZ8YPRJM9OIPOVW.uasset" 4417
"/Game/__ExternalActors__/Variant_SideScroller/Lvl_LowerCity/5/H8/7TAQQ80TVDC591SQVW0DWH" 4418
"C:/Users/andre/OneDrive/Documents/Unreal Projects/Artkana_Project/Content/__ExternalActors__/Variant_SideScroller/Lvl_LowerCity/5/H8/7TAQQ80TVDC591SQVW0DWH.uasset" 4419
"/Game/__ExternalActors__/Variant_SideScroller/Lvl_LowerCity/5/HC/F34REDZ54P13WW1LYW0FNJ" 4420
"C:/Users/andre/OneDrive/Documents/Unreal Projects/Artkana_Project/Content/__ExternalActors__/Variant_SideScroller/Lvl_LowerCity/5/HC/F34REDZ54P13WW1LYW0FNJ.uasset" 4421
"/Game/__ExternalActors__/Variant_SideScroller/Lvl_LowerCity/5/J3/HNGRCS5R1JTXHDNR6RQIA0" 4422
"C:/Users/andre/OneDrive/Documents/Unreal Projects/Artkana_Project/Content/__ExternalActors__/Variant_SideScroller/Lvl_LowerCity/5/J3/HNGRCS5R1JTXHDNR6RQIA0.uasset" 4423
"/Game/__ExternalActors__/Variant_SideScroller/Lvl_LowerCity/5/JA/IQWP1G4956VWEOG5PCAJCQ" 4424
"C:/Users/andre/OneDrive/Documents/Unreal Projects/Artkana_Project/Content/__ExternalActors__/Variant_SideScroller/Lvl_LowerCity/5/JA/IQWP1G4956VWEOG5PCAJCQ.uasset" 4425
"/Game/__ExternalActors__/Variant_SideScroller/Lvl_LowerCity/5/JE/JIMZLZC6QHLCAY57IYX38N" 4426
"C:/Users/andre/OneDrive/Documents/Unreal Projects/Artkana_Project/Content/__ExternalActors__/Variant_SideScroller/Lvl_LowerCity/5/JE/JIMZLZC6QHLCAY57IYX38N.uasset" 4427
"/Game/__ExternalActors__/Variant_SideScroller/Lvl_LowerCity/5/JN/66666OLKALUT4D2OBTY5FP" 4428
"C:/Users/andre/OneDrive/Documents/Unreal Projects/Artkana_Project/Content/__ExternalActors__/Variant_SideScroller/Lvl_LowerCity/5/JN/66666OLKALUT4D2OBTY5FP.uasset" 4429
"/Game/__ExternalActors__/Variant_SideScroller/Lvl_LowerCity/5/LC/RZ5P76OLGS9P6N00GO1U7E" 4430
"C:/Users/andre/OneDrive/Documents/Unreal Projects/Artkana_Project/Content/__ExternalActors__/Variant_SideScroller/Lvl_LowerCity/5/LC/RZ5P76OLGS9P6N00GO1U7E.uasset" 4431
"/Game/__ExternalActors__/Variant_SideScroller/Lvl_LowerCity/5/NC/4BF84U7EN21ZPPAFN64QXE" 4432
"C:/Users/andre/OneDrive/Documents/Unreal Projects/Artkana_Project/Content/__ExternalActors__/Variant_SideScroller/Lvl_LowerCity/5/NC/4BF84U7EN21ZPPAFN64QXE.uasset" 4433
"/Game/__ExternalActors__/Variant_SideScroller/Lvl_LowerCity/5/O0/XWT53NXR26AA9F7NYG3J5R" 4434
"C:/Users/andre/OneDrive/Documents/Unreal Projects/Artkana_Project/Content/__ExternalActors__/Variant_SideScroller/Lvl_LowerCity/5/O0/XWT53NXR26AA9F7NYG3J5R.uasset" 4435
"/Game/__ExternalActors__/Variant_SideScroller/Lvl_LowerCity/5/QP/66IBJ864LP92A8QKQA12KF" 4436
"C:/Users/andre/OneDrive/Documents/Unreal Projects/Artkana_Project/Content/__ExternalActors__/Variant_SideScroller/Lvl_LowerCity/5/QP/66IBJ864LP92A8QKQA12KF.uasset" 4437
"/Game/__ExternalActors__/Variant_SideScroller/Lvl_LowerCity/5/QR/URJNHR8A9JYUIKNXL5YIR6" 4438
"C:/Users/andre/OneDrive/Documents/Unreal Projects/Artkana_Project/Content/__ExternalActors__/Variant_SideScroller/Lvl_LowerCity/5/QR/URJNHR8A9JYUIKNXL5YIR6.uasset" 4439
"/Game/__ExternalActors__/Variant_SideScroller/Lvl_LowerCity/5/SU/0A9H6ANWKOWE86JOLE0PXG" 4440
"C:/Users/andre/OneDrive/Documents/Unreal Projects/Artkana_Project/Content/__ExternalActors__/Variant_SideScroller/Lvl_LowerCity/5/SU/0A9H6ANWKOWE86JOLE0PXG.uasset" 4441
"/Game/__ExternalActors__/Variant_SideScroller/Lvl_LowerCity/5/V2/4F6H9T1OZHQ69M3DGO8JV3" 4442
"C:/Users/andre/OneDrive/Documents/Unreal Projects/Artkana_Project/Content/__ExternalActors__/Variant_SideScroller/Lvl_LowerCity/5/V2/4F6H9T1OZHQ69M3DGO8JV3.uasset" 4443
"/Game/__ExternalActors__/Variant_SideScroller/Lvl_LowerCity/5/V7/KR2LI5NKU15OHOGRF90SI4" 4444
"C:/Users/andre/OneDrive/Documents/Unreal Projects/Artkana_Project/Content/__ExternalActors__/Variant_SideScroller/Lvl_LowerCity/5/V7/KR2LI5NKU15OHOGRF90SI4.uasset" 4445
"/Game/__ExternalActors__/Variant_SideScroller/Lvl_LowerCity/5/VA/GWUCXYIVUYL8KVBR3GJIFI" 4446
"C:/Users/andre/OneDrive/Documents/Unreal Projects/Artkana_Project/Content/__ExternalActors__/Variant_SideScroller/Lvl_LowerCity/5/VA/GWUCXYIVUYL8KVBR3GJIFI.uasset" 4447
"C:/Users/andre/OneDrive/Documents/Unreal Projects/Artkana_Project/Content/LevelPrototyping/Textures/DuraRamp_Textures/m_durarampvar3.uasset" 4448
"C:/Users/andre/OneDrive/Documents/Unreal Projects/Artkana_Project/Content/LevelPrototyping/Meshes/Stage2/DuraRamp_Var3_low.uasset" 4449
"C:/Users/andre/OneDrive/Documents/Unreal Projects/Artkana_Project/Content/LevelPrototyping/Textures/DuraRamp_Textures/DuraRamp_Var3_low_standardSurface1_BaseColor_sRGB.uasset" 4450
"C:/Users/andre/OneDrive/Documents/Unreal Projects/Artkana_Project/Content/LevelPrototyping/Textures/DuraRamp_Textures/DuraRamp_Var3_low_standardSurface1_Normal_Raw.uasset" 4451
"C:/Users/andre/OneDrive/Documents/Unreal Projects/Artkana_Project/Content/LevelPrototyping/Textures/DuraRamp_Textures/DuraRamp_Var3_low_standardSurface1_OcclusionRoughnessMetallic_Raw.uasset" 4452
"/Game/__ExternalActors__/Variant_SideScroller/Lvl_LowerCity/5/VA/TQPCTYJEK2AVOXK5SIF1HP" 4453
"C:/Users/andre/OneDrive/Documents/Unreal Projects/Artkana_Project/Content/__ExternalActors__/Variant_SideScroller/Lvl_LowerCity/5/VA/TQPCTYJEK2AVOXK5SIF1HP.uasset" 4454
"/Game/__ExternalActors__/Variant_SideScroller/Lvl_LowerCity/5/VL/RD1IIEMUAZIZFHAUDDVHJ3" 4455
"C:/Users/andre/OneDrive/Documents/Unreal Projects/Artkana_Project/Content/__ExternalActors__/Variant_SideScroller/Lvl_LowerCity/5/VL/RD1IIEMUAZIZFHAUDDVHJ3.uasset" 4456
"/Game/__ExternalActors__/Variant_SideScroller/Lvl_LowerCity/5/XP/0DQB5IK1JNKW42OHPTQTSM" 4457
"C:/Users/andre/OneDrive/Documents/Unreal Projects/Artkana_Project/Content/__ExternalActors__/Variant_SideScroller/Lvl_LowerCity/5/XP/0DQB5IK1JNKW42OHPTQTSM.uasset" 4458
"/Game/__ExternalActors__/Variant_SideScroller/Lvl_LowerCity/5/XW/P1V0ZASQSZPQV3G6VA7UXT" 4459
"C:/Users/andre/OneDrive/Documents/Unreal Projects/Artkana_Project/Content/__ExternalActors__/Variant_SideScroller/Lvl_LowerCity/5/XW/P1V0ZASQSZPQV3G6VA7UXT.uasset" 4460
"/Game/__ExternalActors__/Variant_SideScroller/Lvl_LowerCity/6/2F/WJPCLBURMYYTTXYO45YT5W" 4461
"C:/Users/andre/OneDrive/Documents/Unreal Projects/Artkana_Project/Content/__ExternalActors__/Variant_SideScroller/Lvl_LowerCity/6/2F/WJPCLBURMYYTTXYO45YT5W.uasset" 4462
"/Game/__ExternalActors__/Variant_SideScroller/Lvl_LowerCity/6/6T/4T7H6P545EUPVGU35X8WWU" 4463
"C:/Users/andre/OneDrive/Documents/Unreal Projects/Artkana_Project/Content/__ExternalActors__/Variant_SideScroller/Lvl_LowerCity/6/6T/4T7H6P545EUPVGU35X8WWU.uasset" 4464
"/Game/__ExternalActors__/Variant_SideScroller/Lvl_LowerCity/6/EF/NMAGW8RD5DT83A4PYJ1YWD" 4465
"C:/Users/andre/OneDrive/Documents/Unreal Projects/Artkana_Project/Content/__ExternalActors__/Variant_SideScroller/Lvl_LowerCity/6/EF/NMAGW8RD5DT83A4PYJ1YWD.uasset" 4466
"/Game/__ExternalActors__/Variant_SideScroller/Lvl_LowerCity/6/FI/3OMDGUY9F8UA86FJS4CMF2" 4467
"C:/Users/andre/OneDrive/Documents/Unreal Projects/Artkana_Project/Content/__ExternalActors__/Variant_SideScroller/Lvl_LowerCity/6/FI/3OMDGUY9F8UA86FJS4CMF2.uasset" 4468
"/Game/__ExternalActors__/Variant_SideScroller/Lvl_LowerCity/6/FP/SGTV0G2QWEWLZZ5ZJDJ785" 4469
"C:/Users/andre/OneDrive/Documents/Unreal Projects/Artkana_Project/Content/__ExternalActors__/Variant_SideScroller/Lvl_LowerCity/6/FP/SGTV0G2QWEWLZZ5ZJDJ785.uasset" 4470
"/Game/__ExternalActors__/Variant_SideScroller/Lvl_LowerCity/6/GZ/U0GVL1ITODCB5GDE4LIY8S" 4471
"C:/Users/andre/OneDrive/Documents/Unreal Projects/Artkana_Project/Content/__ExternalActors__/Variant_SideScroller/Lvl_LowerCity/6/GZ/U0GVL1ITODCB5GDE4LIY8S.uasset" 4472
"/Game/__ExternalActors__/Variant_SideScroller/Lvl_LowerCity/6/H3/2ALOL8R6IV8IB6OGAQQG07" 4473
"C:/Users/andre/OneDrive/Documents/Unreal Projects/Artkana_Project/Content/__ExternalActors__/Variant_SideScroller/Lvl_LowerCity/6/H3/2ALOL8R6IV8IB6OGAQQG07.uasset" 4474
"/Game/__ExternalActors__/Variant_SideScroller/Lvl_LowerCity/6/JU/7ZWQ6W1YKDMQSD4HYJEPYB" 4475
"C:/Users/andre/OneDrive/Documents/Unreal Projects/Artkana_Project/Content/__ExternalActors__/Variant_SideScroller/Lvl_LowerCity/6/JU/7ZWQ6W1YKDMQSD4HYJEPYB.uasset" 4476
"/Game/__ExternalActors__/Variant_SideScroller/Lvl_LowerCity/6/JW/3M035N8NVKJL3GN7CERIVO" 4477
"C:/Users/andre/OneDrive/Documents/Unreal Projects/Artkana_Project/Content/__ExternalActors__/Variant_SideScroller/Lvl_LowerCity/6/JW/3M035N8NVKJL3GN7CERIVO.uasset" 4478
"/Game/__ExternalActors__/Variant_SideScroller/Lvl_LowerCity/6/LO/O0MP3D9AJOBVL4HQTXRHT8" 4479
"C:/Users/andre/OneDrive/Documents/Unreal Projects/Artkana_Project/Content/__ExternalActors__/Variant_SideScroller/Lvl_LowerCity/6/LO/O0MP3D9AJOBVL4HQTXRHT8.uasset" 4480
"/Game/__ExternalActors__/Variant_SideScroller/Lvl_LowerCity/6/MF/CZW23LB1R0HUAKQWGMYGGO" 4481
"C:/Users/andre/OneDrive/Documents/Unreal Projects/Artkana_Project/Content/__ExternalActors__/Variant_SideScroller/Lvl_LowerCity/6/MF/CZW23LB1R0HUAKQWGMYGGO.uasset" 4482
"/Game/__ExternalActors__/Variant_SideScroller/Lvl_LowerCity/6/MH/ONOF4O73AUP5EDWW7EG6A7" 4483
"C:/Users/andre/OneDrive/Documents/Unreal Projects/Artkana_Project/Content/__ExternalActors__/Variant_SideScroller/Lvl_LowerCity/6/MH/ONOF4O73AUP5EDWW7EG6A7.uasset" 4484
"/Game/__ExternalActors__/Variant_SideScroller/Lvl_LowerCity/6/OB/0J85CFT6Q7HP8KN3LR2LCZ" 4485
"C:/Users/andre/OneDrive/Documents/Unreal Projects/Artkana_Project/Content/__ExternalActors__/Variant_SideScroller/Lvl_LowerCity/6/OB/0J85CFT6Q7HP8KN3LR2LCZ.uasset" 4486
"/Game/__ExternalActors__/Variant_SideScroller/Lvl_LowerCity/6/OE/4P9HNHT09PDXBIWJJ6J7P2" 4487
"C:/Users/andre/OneDrive/Documents/Unreal Projects/Artkana_Project/Content/__ExternalActors__/Variant_SideScroller/Lvl_LowerCity/6/OE/4P9HNHT09PDXBIWJJ6J7P2.uasset" 4488
"/Game/__ExternalActors__/Variant_SideScroller/Lvl_LowerCity/6/PF/2RZX2KMFABK6BGSLCQ15N4" 4489
"C:/Users/andre/OneDrive/Documents/Unreal Projects/Artkana_Project/Content/__ExternalActors__/Variant_SideScroller/Lvl_LowerCity/6/PF/2RZX2KMFABK6BGSLCQ15N4.uasset" 4490
"/Game/__ExternalActors__/Variant_SideScroller/Lvl_LowerCity/6/Q0/TN6KDS2ID5AU237OWLWHA0" 4491
"C:/Users/andre/OneDrive/Documents/Unreal Projects/Artkana_Project/Content/__ExternalActors__/Variant_SideScroller/Lvl_LowerCity/6/Q0/TN6KDS2ID5AU237OWLWHA0.uasset" 4492
"/Game/__ExternalActors__/Variant_SideScroller/Lvl_LowerCity/6/Q7/2RGFUSW9BXGV5B82EU1LQL" 4493
"C:/Users/andre/OneDrive/Documents/Unreal Projects/Artkana_Project/Content/__ExternalActors__/Variant_SideScroller/Lvl_LowerCity/6/Q7/2RGFUSW9BXGV5B82EU1LQL.uasset" 4494
"/Game/__ExternalActors__/Variant_SideScroller/Lvl_LowerCity/6/RE/381F3286E76U58MDFKT9QE" 4495
"C:/Users/andre/OneDrive/Documents/Unreal Projects/Artkana_Project/Content/__ExternalActors__/Variant_SideScroller/Lvl_LowerCity/6/RE/381F3286E76U58MDFKT9QE.uasset" 4496
"/Game/__ExternalActors__/Variant_SideScroller/Lvl_LowerCity/6/RO/RC7QPPCBND1YQ5F0Q33G3E" 4497
"C:/Users/andre/OneDrive/Documents/Unreal Projects/Artkana_Project/Content/__ExternalActors__/Variant_SideScroller/Lvl_LowerCity/6/RO/RC7QPPCBND1YQ5F0Q33G3E.uasset" 4498
"/Game/__ExternalActors__/Variant_SideScroller/Lvl_LowerCity/6/VP/WT0GZRATVQKE2ECA72Q4IO" 4499
"C:/Users/andre/OneDrive/Documents/Unreal Projects/Artkana_Project/Content/__ExternalActors__/Variant_SideScroller/Lvl_LowerCity/6/VP/WT0GZRATVQKE2ECA72Q4IO.uasset" 4500
"/Game/__ExternalActors__/Variant_SideScroller/Lvl_LowerCity/6/WA/2PNN2935WK4JNLY2IIHTKP" 4501
"C:/Users/andre/OneDrive/Documents/Unreal Projects/Artkana_Project/Content/__ExternalActors__/Variant_SideScroller/Lvl_LowerCity/6/WA/2PNN2935WK4JNLY2IIHTKP.uasset" 4502
"/Game/__ExternalActors__/Variant_SideScroller/Lvl_LowerCity/7/08/HCEANGNBLF84NDB9OIGOME" 4503
"C:/Users/andre/OneDrive/Documents/Unreal Projects/Artkana_Project/Content/__ExternalActors__/Variant_SideScroller/Lvl_LowerCity/7/08/HCEANGNBLF84NDB9OIGOME.uasset" 4504
"/Game/__ExternalActors__/Variant_SideScroller/Lvl_LowerCity/7/1C/0NVH7EY3PHOAUYZEBQLMAY" 4505
"C:/Users/andre/OneDrive/Documents/Unreal Projects/Artkana_Project/Content/__ExternalActors__/Variant_SideScroller/Lvl_LowerCity/7/1C/0NVH7EY3PHOAUYZEBQLMAY.uasset" 4506
"/Game/__ExternalActors__/Variant_SideScroller/Lvl_LowerCity/7/75/WDRLCP74AVTJRZTHJUVDJH" 4507
"C:/Users/andre/OneDrive/Documents/Unreal Projects/Artkana_Project/Content/__ExternalActors__/Variant_SideScroller/Lvl_LowerCity/7/75/WDRLCP74AVTJRZTHJUVDJH.uasset" 4508
"/Game/__ExternalActors__/Variant_SideScroller/Lvl_LowerCity/7/7L/TERGR1H6A05QMZDXBU1Q3Y" 4509
"C:/Users/andre/OneDrive/Documents/Unreal Projects/Artkana_Project/Content/__ExternalActors__/Variant_SideScroller/Lvl_LowerCity/7/7L/TERGR1H6A05QMZDXBU1Q3Y.uasset" 4510
"/Game/__ExternalActors__/Variant_SideScroller/Lvl_LowerCity/7/7Y/NU3HOG8VVKE15VBBWD8ZHX" 4511
"C:/Users/andre/OneDrive/Documents/Unreal Projects/Artkana_Project/Content/__ExternalActors__/Variant_SideScroller/Lvl_LowerCity/7/7Y/NU3HOG8VVKE15VBBWD8ZHX.uasset" 4512
"/Game/__ExternalActors__/Variant_SideScroller/Lvl_LowerCity/7/BC/U844N375GVPOD8SFI153FH" 4513
"C:/Users/andre/OneDrive/Documents/Unreal Projects/Artkana_Project/Content/__ExternalActors__/Variant_SideScroller/Lvl_LowerCity/7/BC/U844N375GVPOD8SFI153FH.uasset" 4514
"/Game/__ExternalActors__/Variant_SideScroller/Lvl_LowerCity/7/DS/MPHBPL1MYULKEDEICHK3E2" 4515
"C:/Users/andre/OneDrive/Documents/Unreal Projects/Artkana_Project/Content/__ExternalActors__/Variant_SideScroller/Lvl_LowerCity/7/DS/MPHBPL1MYULKEDEICHK3E2.uasset" 4516
"/Game/__ExternalActors__/Variant_SideScroller/Lvl_LowerCity/7/FD/YO7EA9WEX9ARX369A7571W" 4517
"C:/Users/andre/OneDrive/Documents/Unreal Projects/Artkana_Project/Content/__ExternalActors__/Variant_SideScroller/Lvl_LowerCity/7/FD/YO7EA9WEX9ARX369A7571W.uasset" 4518
"/Game/__ExternalActors__/Variant_SideScroller/Lvl_LowerCity/7/FH/SU20NTBK7O6NOE36VLQ1WK" 4519
"C:/Users/andre/OneDrive/Documents/Unreal Projects/Artkana_Project/Content/__ExternalActors__/Variant_SideScroller/Lvl_LowerCity/7/FH/SU20NTBK7O6NOE36VLQ1WK.uasset" 4520
"/Game/__ExternalActors__/Variant_SideScroller/Lvl_LowerCity/7/FI/BFCEDE0FZFJIX3URVXB170" 4521
"C:/Users/andre/OneDrive/Documents/Unreal Projects/Artkana_Project/Content/__ExternalActors__/Variant_SideScroller/Lvl_LowerCity/7/FI/BFCEDE0FZFJIX3URVXB170.uasset" 4522
"/Game/__ExternalActors__/Variant_SideScroller/Lvl_LowerCity/7/G1/0WZRBRKFA3021JVJR4L0I6" 4523
"C:/Users/andre/OneDrive/Documents/Unreal Projects/Artkana_Project/Content/__ExternalActors__/Variant_SideScroller/Lvl_LowerCity/7/G1/0WZRBRKFA3021JVJR4L0I6.uasset" 4524
"/Game/__ExternalActors__/Variant_SideScroller/Lvl_LowerCity/7/H1/3CV9PKSM74E2W74AHFRE9S" 4525
"C:/Users/andre/OneDrive/Documents/Unreal Projects/Artkana_Project/Content/__ExternalActors__/Variant_SideScroller/Lvl_LowerCity/7/H1/3CV9PKSM74E2W74AHFRE9S.uasset" 4526
"/Game/__ExternalActors__/Variant_SideScroller/Lvl_LowerCity/7/IU/AM770X2V1TEVE3CYA8NCTP" 4527
"C:/Users/andre/OneDrive/Documents/Unreal Projects/Artkana_Project/Content/__ExternalActors__/Variant_SideScroller/Lvl_LowerCity/7/IU/AM770X2V1TEVE3CYA8NCTP.uasset" 4528
"/Game/__ExternalActors__/Variant_SideScroller/Lvl_LowerCity/7/LP/9VRM49DB18Z0I6QJIZ9QXC" 4529
"C:/Users/andre/OneDrive/Documents/Unreal Projects/Artkana_Project/Content/__ExternalActors__/Variant_SideScroller/Lvl_LowerCity/7/LP/9VRM49DB18Z0I6QJIZ9QXC.uasset" 4530
"/Game/__ExternalActors__/Variant_SideScroller/Lvl_LowerCity/7/Q4/O0B2IPY25BRI561T7BXY1G" 4531
"C:/Users/andre/OneDrive/Documents/Unreal Projects/Artkana_Project/Content/__ExternalActors__/Variant_SideScroller/Lvl_LowerCity/7/Q4/O0B2IPY25BRI561T7BXY1G.uasset" 4532
"/Game/__ExternalActors__/Variant_SideScroller/Lvl_LowerCity/7/QW/U5KK2KR78IWJKI06SS42LJ" 4533
"C:/Users/andre/OneDrive/Documents/Unreal Projects/Artkana_Project/Content/__ExternalActors__/Variant_SideScroller/Lvl_LowerCity/7/QW/U5KK2KR78IWJKI06SS42LJ.uasset" 4534
"/Game/__ExternalActors__/Variant_SideScroller/Lvl_LowerCity/7/RL/CDBY92V98QA5VQZ61I1J6S" 4535
"C:/Users/andre/OneDrive/Documents/Unreal Projects/Artkana_Project/Content/__ExternalActors__/Variant_SideScroller/Lvl_LowerCity/7/RL/CDBY92V98QA5VQZ61I1J6S.uasset" 4536
"/Game/__ExternalActors__/Variant_SideScroller/Lvl_LowerCity/7/SG/P3H0NCZSY68GHGW6GVPKSW" 4537
"C:/Users/andre/OneDrive/Documents/Unreal Projects/Artkana_Project/Content/__ExternalActors__/Variant_SideScroller/Lvl_LowerCity/7/SG/P3H0NCZSY68GHGW6GVPKSW.uasset" 4538
"/Game/__ExternalActors__/Variant_SideScroller/Lvl_LowerCity/7/UL/MQX7SO52Z0VTDT10KT3J6W" 4539
"C:/Users/andre/OneDrive/Documents/Unreal Projects/Artkana_Project/Content/__ExternalActors__/Variant_SideScroller/Lvl_LowerCity/7/UL/MQX7SO52Z0VTDT10KT3J6W.uasset" 4540
"/Game/__ExternalActors__/Variant_SideScroller/Lvl_LowerCity/7/VQ/0G2FRQDJAEWK4GICRNZJNC" 4541
"C:/Users/andre/OneDrive/Documents/Unreal Projects/Artkana_Project/Content/__ExternalActors__/Variant_SideScroller/Lvl_LowerCity/7/VQ/0G2FRQDJAEWK4GICRNZJNC.uasset" 4542
"/Game/__ExternalActors__/Variant_SideScroller/Lvl_LowerCity/7/W8/87Z0894KGASUUZHZWHWM5D" 4543
"C:/Users/andre/OneDrive/Documents/Unreal Projects/Artkana_Project/Content/__ExternalActors__/Variant_SideScroller/Lvl_LowerCity/7/W8/87Z0894KGASUUZHZWHWM5D.uasset" 4544
"/Game/__ExternalActors__/Variant_SideScroller/Lvl_LowerCity/7/Y8/TZARR7NEGSOX5I2GSSULKG" 4545
"C:/Users/andre/OneDrive/Documents/Unreal Projects/Artkana_Project/Content/__ExternalActors__/Variant_SideScroller/Lvl_LowerCity/7/Y8/TZARR7NEGSOX5I2GSSULKG.uasset" 4546
"/Game/__ExternalActors__/Variant_SideScroller/Lvl_LowerCity/8/0Y/GP4964ZC2PJHNKLWFPPBG3" 4547
"C:/Users/andre/OneDrive/Documents/Unreal Projects/Artkana_Project/Content/__ExternalActors__/Variant_SideScroller/Lvl_LowerCity/8/0Y/GP4964ZC2PJHNKLWFPPBG3.uasset" 4548
"/Game/__ExternalActors__/Variant_SideScroller/Lvl_LowerCity/8/19/ZSHSKHBH03643HOI8KDJZZ" 4549
"C:/Users/andre/OneDrive/Documents/Unreal Projects/Artkana_Project/Content/__ExternalActors__/Variant_SideScroller/Lvl_LowerCity/8/19/ZSHSKHBH03643HOI8KDJZZ.uasset" 4550
"/Game/__ExternalActors__/Variant_SideScroller/Lvl_LowerCity/8/1R/RGVQAQH6WGFBWM0GHDHDXI" 4551
"C:/Users/andre/OneDrive/Documents/Unreal Projects/Artkana_Project/Content/__ExternalActors__/Variant_SideScroller/Lvl_LowerCity/8/1R/RGVQAQH6WGFBWM0GHDHDXI.uasset" 4552
"/Game/__ExternalActors__/Variant_SideScroller/Lvl_LowerCity/8/3I/HLVJZ2W4W4I3PM29X86ZHB" 4553
"C:/Users/andre/OneDrive/Documents/Unreal Projects/Artkana_Project/Content/__ExternalActors__/Variant_SideScroller/Lvl_LowerCity/8/3I/HLVJZ2W4W4I3PM29X86ZHB.uasset" 4554
"/Game/__ExternalActors__/Variant_SideScroller/Lvl_LowerCity/8/5N/D224ZSVBS5YO5OSDPE31LP" 4555
"C:/Users/andre/OneDrive/Documents/Unreal Projects/Artkana_Project/Content/__ExternalActors__/Variant_SideScroller/Lvl_LowerCity/8/5N/D224ZSVBS5YO5OSDPE31LP.uasset" 4556
"/Game/__ExternalActors__/Variant_SideScroller/Lvl_LowerCity/8/5N/OI3Y4GKO6LYNV4QW83JXGX" 4557
"C:/Users/andre/OneDrive/Documents/Unreal Projects/Artkana_Project/Content/__ExternalActors__/Variant_SideScroller/Lvl_LowerCity/8/5N/OI3Y4GKO6LYNV4QW83JXGX.uasset" 4558
"/Game/__ExternalActors__/Variant_SideScroller/Lvl_LowerCity/8/7X/QUUAMTQ81UDAMFBRZHRNX5" 4559
"C:/Users/andre/OneDrive/Documents/Unreal Projects/Artkana_Project/Content/__ExternalActors__/Variant_SideScroller/Lvl_LowerCity/8/7X/QUUAMTQ81UDAMFBRZHRNX5.uasset" 4560
"/Game/__ExternalActors__/Variant_SideScroller/Lvl_LowerCity/8/86/DOWK3XYVZ94N9KXD76SF4D" 4561
"C:/Users/andre/OneDrive/Documents/Unreal Projects/Artkana_Project/Content/__ExternalActors__/Variant_SideScroller/Lvl_LowerCity/8/86/DOWK3XYVZ94N9KXD76SF4D.uasset" 4562
"/Game/__ExternalActors__/Variant_SideScroller/Lvl_LowerCity/8/8R/WJC99B4AZZ3K4GRQZH7IGX" 4563
"C:/Users/andre/OneDrive/Documents/Unreal Projects/Artkana_Project/Content/__ExternalActors__/Variant_SideScroller/Lvl_LowerCity/8/8R/WJC99B4AZZ3K4GRQZH7IGX.uasset" 4564
"/Game/__ExternalActors__/Variant_SideScroller/Lvl_LowerCity/8/B1/E53NPZLFYF9GU1A63BNIZ2" 4565
"C:/Users/andre/OneDrive/Documents/Unreal Projects/Artkana_Project/Content/__ExternalActors__/Variant_SideScroller/Lvl_LowerCity/8/B1/E53NPZLFYF9GU1A63BNIZ2.uasset" 4566
"/Game/__ExternalActors__/Variant_SideScroller/Lvl_LowerCity/8/BW/HONM7PQ25ZV8AC2TW3FDDQ" 4567
"C:/Users/andre/OneDrive/Documents/Unreal Projects/Artkana_Project/Content/__ExternalActors__/Variant_SideScroller/Lvl_LowerCity/8/BW/HONM7PQ25ZV8AC2TW3FDDQ.uasset" 4568
"/Game/__ExternalActors__/Variant_SideScroller/Lvl_LowerCity/8/F7/7GOPZKA3EZBRKEXUEHDL2Y" 4569
"C:/Users/andre/OneDrive/Documents/Unreal Projects/Artkana_Project/Content/__ExternalActors__/Variant_SideScroller/Lvl_LowerCity/8/F7/7GOPZKA3EZBRKEXUEHDL2Y.uasset" 4570
"/Game/__ExternalActors__/Variant_SideScroller/Lvl_LowerCity/8/GH/BK6B6RWH3ETB6K5KD8FY3G" 4571
"C:/Users/andre/OneDrive/Documents/Unreal Projects/Artkana_Project/Content/__ExternalActors__/Variant_SideScroller/Lvl_LowerCity/8/GH/BK6B6RWH3ETB6K5KD8FY3G.uasset" 4572
"/Game/__ExternalActors__/Variant_SideScroller/Lvl_LowerCity/8/J3/3NHWHZ2RMLMYHE87CVP1YK" 4573
"C:/Users/andre/OneDrive/Documents/Unreal Projects/Artkana_Project/Content/__ExternalActors__/Variant_SideScroller/Lvl_LowerCity/8/J3/3NHWHZ2RMLMYHE87CVP1YK.uasset" 4574
"/Game/__ExternalActors__/Variant_SideScroller/Lvl_LowerCity/8/J3/KLX7IFZCYBMWPFS39CUIO2" 4575
"C:/Users/andre/OneDrive/Documents/Unreal Projects/Artkana_Project/Content/__ExternalActors__/Variant_SideScroller/Lvl_LowerCity/8/J3/KLX7IFZCYBMWPFS39CUIO2.uasset" 4576
"/Game/__ExternalActors__/Variant_SideScroller/Lvl_LowerCity/8/JA/ROTXL7YKYJ7CYC50RR0YCF" 4577
"C:/Users/andre/OneDrive/Documents/Unreal Projects/Artkana_Project/Content/__ExternalActors__/Variant_SideScroller/Lvl_LowerCity/8/JA/ROTXL7YKYJ7CYC50RR0YCF.uasset" 4578
"/Game/__ExternalActors__/Variant_SideScroller/Lvl_LowerCity/8/JQ/91X896B60P9ATCVGTW10BR" 4579
"C:/Users/andre/OneDrive/Documents/Unreal Projects/Artkana_Project/Content/__ExternalActors__/Variant_SideScroller/Lvl_LowerCity/8/JQ/91X896B60P9ATCVGTW10BR.uasset" 4580
"/Game/__ExternalActors__/Variant_SideScroller/Lvl_LowerCity/8/K3/SAFLRXEWNJEERLTVY27KK2" 4581
"C:/Users/andre/OneDrive/Documents/Unreal Projects/Artkana_Project/Content/__ExternalActors__/Variant_SideScroller/Lvl_LowerCity/8/K3/SAFLRXEWNJEERLTVY27KK2.uasset" 4582
"/Game/__ExternalActors__/Variant_SideScroller/Lvl_LowerCity/8/N8/I369Q6L5AYSPRZ7H6QLMGI" 4583
"C:/Users/andre/OneDrive/Documents/Unreal Projects/Artkana_Project/Content/__ExternalActors__/Variant_SideScroller/Lvl_LowerCity/8/N8/I369Q6L5AYSPRZ7H6QLMGI.uasset" 4584
"/Game/__ExternalActors__/Variant_SideScroller/Lvl_LowerCity/8/O1/GYNJCPAYB8B5PGB7K240HL" 4585
"C:/Users/andre/OneDrive/Documents/Unreal Projects/Artkana_Project/Content/__ExternalActors__/Variant_SideScroller/Lvl_LowerCity/8/O1/GYNJCPAYB8B5PGB7K240HL.uasset" 4586
"/Game/__ExternalActors__/Variant_SideScroller/Lvl_LowerCity/8/O3/6GT3ZWUVQSJ5H0QYJ7BZOZ" 4587
"C:/Users/andre/OneDrive/Documents/Unreal Projects/Artkana_Project/Content/__ExternalActors__/Variant_SideScroller/Lvl_LowerCity/8/O3/6GT3ZWUVQSJ5H0QYJ7BZOZ.uasset" 4588
"/Game/__ExternalActors__/Variant_SideScroller/Lvl_LowerCity/8/P4/PZXUMNDUVZGPTZQ20F8G9L" 4589
"C:/Users/andre/OneDrive/Documents/Unreal Projects/Artkana_Project/Content/__ExternalActors__/Variant_SideScroller/Lvl_LowerCity/8/P4/PZXUMNDUVZGPTZQ20F8G9L.uasset" 4590
"/Game/__ExternalActors__/Variant_SideScroller/Lvl_LowerCity/8/SN/SQDQBV6S9DHZC5OO02TPMV" 4591
"C:/Users/andre/OneDrive/Documents/Unreal Projects/Artkana_Project/Content/__ExternalActors__/Variant_SideScroller/Lvl_LowerCity/8/SN/SQDQBV6S9DHZC5OO02TPMV.uasset" 4592
"/Game/__ExternalActors__/Variant_SideScroller/Lvl_LowerCity/8/V2/GSA9P2FVPEZVTL2AUTWSCH" 4593
"C:/Users/andre/OneDrive/Documents/Unreal Projects/Artkana_Project/Content/__ExternalActors__/Variant_SideScroller/Lvl_LowerCity/8/V2/GSA9P2FVPEZVTL2AUTWSCH.uasset" 4594
"/Game/__ExternalActors__/Variant_SideScroller/Lvl_LowerCity/8/VD/H0V14GHPMPXP9DE1T626AB" 4595
"C:/Users/andre/OneDrive/Documents/Unreal Projects/Artkana_Project/Content/__ExternalActors__/Variant_SideScroller/Lvl_LowerCity/8/VD/H0V14GHPMPXP9DE1T626AB.uasset" 4596
"/Game/__ExternalActors__/Variant_SideScroller/Lvl_LowerCity/8/Z0/SS4RUMEM4GHFV9GCPBWT0W" 4597
"C:/Users/andre/OneDrive/Documents/Unreal Projects/Artkana_Project/Content/__ExternalActors__/Variant_SideScroller/Lvl_LowerCity/8/Z0/SS4RUMEM4GHFV9GCPBWT0W.uasset" 4598
"/Game/__ExternalActors__/Variant_SideScroller/Lvl_LowerCity/8/ZN/ZMD46BOKTYHDUSVI3L8GCB" 4599
"C:/Users/andre/OneDrive/Documents/Unreal Projects/Artkana_Project/Content/__ExternalActors__/Variant_SideScroller/Lvl_LowerCity/8/ZN/ZMD46BOKTYHDUSVI3L8GCB.uasset" 4600
"/Game/__ExternalActors__/Variant_SideScroller/Lvl_LowerCity/9/0I/JT49OOGOEMJ1LQN3YUDVX0" 4601
"C:/Users/andre/OneDrive/Documents/Unreal Projects/Artkana_Project/Content/__ExternalActors__/Variant_SideScroller/Lvl_LowerCity/9/0I/JT49OOGOEMJ1LQN3YUDVX0.uasset" 4602
"/Game/__ExternalActors__/Variant_SideScroller/Lvl_LowerCity/9/1B/AX136WODW7OKI1S2PJR10S" 4603
"C:/Users/andre/OneDrive/Documents/Unreal Projects/Artkana_Project/Content/__ExternalActors__/Variant_SideScroller/Lvl_LowerCity/9/1B/AX136WODW7OKI1S2PJR10S.uasset" 4604
"/Game/__ExternalActors__/Variant_SideScroller/Lvl_LowerCity/9/1B/O1ZCQWAK096S73S90ECBXO" 4605
"C:/Users/andre/OneDrive/Documents/Unreal Projects/Artkana_Project/Content/__ExternalActors__/Variant_SideScroller/Lvl_LowerCity/9/1B/O1ZCQWAK096S73S90ECBXO.uasset" 4606
"/Game/__ExternalActors__/Variant_SideScroller/Lvl_LowerCity/9/4Q/ABMS4JHA5KQC992RJKZVED" 4607
"C:/Users/andre/OneDrive/Documents/Unreal Projects/Artkana_Project/Content/__ExternalActors__/Variant_SideScroller/Lvl_LowerCity/9/4Q/ABMS4JHA5KQC992RJKZVED.uasset" 4608
"/Game/__ExternalActors__/Variant_SideScroller/Lvl_LowerCity/9/51/ODT9K40WORM8GYBFTFUU3R" 4609
"C:/Users/andre/OneDrive/Documents/Unreal Projects/Artkana_Project/Content/__ExternalActors__/Variant_SideScroller/Lvl_LowerCity/9/51/ODT9K40WORM8GYBFTFUU3R.uasset" 4610
"/Game/__ExternalActors__/Variant_SideScroller/Lvl_LowerCity/9/7W/F0HOTEWXCM9IXBM7BORI4Y" 4611
"C:/Users/andre/OneDrive/Documents/Unreal Projects/Artkana_Project/Content/__ExternalActors__/Variant_SideScroller/Lvl_LowerCity/9/7W/F0HOTEWXCM9IXBM7BORI4Y.uasset" 4612
"/Game/__ExternalActors__/Variant_SideScroller/Lvl_LowerCity/9/8W/G1FQXV19U8LGXAY8MUWMBX" 4613
"C:/Users/andre/OneDrive/Documents/Unreal Projects/Artkana_Project/Content/__ExternalActors__/Variant_SideScroller/Lvl_LowerCity/9/8W/G1FQXV19U8LGXAY8MUWMBX.uasset" 4614
"/Game/__ExternalActors__/Variant_SideScroller/Lvl_LowerCity/9/DX/RPF988QKNPLQLACU71ANO9" 4615
"C:/Users/andre/OneDrive/Documents/Unreal Projects/Artkana_Project/Content/__ExternalActors__/Variant_SideScroller/Lvl_LowerCity/9/DX/RPF988QKNPLQLACU71ANO9.uasset" 4616
"/Game/__ExternalActors__/Variant_SideScroller/Lvl_LowerCity/9/HS/4SI9Z9FZBXJOGJ5JYXOBKE" 4617
"C:/Users/andre/OneDrive/Documents/Unreal Projects/Artkana_Project/Content/__ExternalActors__/Variant_SideScroller/Lvl_LowerCity/9/HS/4SI9Z9FZBXJOGJ5JYXOBKE.uasset" 4618
"/Game/__ExternalActors__/Variant_SideScroller/Lvl_LowerCity/9/IH/0N7DMSSH1JJPHBAPC13XIN" 4619
"C:/Users/andre/OneDrive/Documents/Unreal Projects/Artkana_Project/Content/__ExternalActors__/Variant_SideScroller/Lvl_LowerCity/9/IH/0N7DMSSH1JJPHBAPC13XIN.uasset" 4620
"/Game/__ExternalActors__/Variant_SideScroller/Lvl_LowerCity/9/IR/3UTGU5VB9RKBVOST6KI1H5" 4621
"C:/Users/andre/OneDrive/Documents/Unreal Projects/Artkana_Project/Content/__ExternalActors__/Variant_SideScroller/Lvl_LowerCity/9/IR/3UTGU5VB9RKBVOST6KI1H5.uasset" 4622
"/Game/__ExternalActors__/Variant_SideScroller/Lvl_LowerCity/9/L4/IVEKXBGA7E2OI078DLBA33" 4623
"C:/Users/andre/OneDrive/Documents/Unreal Projects/Artkana_Project/Content/__ExternalActors__/Variant_SideScroller/Lvl_LowerCity/9/L4/IVEKXBGA7E2OI078DLBA33.uasset" 4624
"/Game/__ExternalActors__/Variant_SideScroller/Lvl_LowerCity/9/LH/2UBT6HBWSB08MAB58P3OYF" 4625
"C:/Users/andre/OneDrive/Documents/Unreal Projects/Artkana_Project/Content/__ExternalActors__/Variant_SideScroller/Lvl_LowerCity/9/LH/2UBT6HBWSB08MAB58P3OYF.uasset" 4626
"/Game/__ExternalActors__/Variant_SideScroller/Lvl_LowerCity/9/LP/2UKA31DWJ0A2RX8JJOUNXN" 4627
"C:/Users/andre/OneDrive/Documents/Unreal Projects/Artkana_Project/Content/__ExternalActors__/Variant_SideScroller/Lvl_LowerCity/9/LP/2UKA31DWJ0A2RX8JJOUNXN.uasset" 4628
"/Game/__ExternalActors__/Variant_SideScroller/Lvl_LowerCity/9/MA/WF79RRDTBWLH29W509XWLE" 4629
"C:/Users/andre/OneDrive/Documents/Unreal Projects/Artkana_Project/Content/__ExternalActors__/Variant_SideScroller/Lvl_LowerCity/9/MA/WF79RRDTBWLH29W509XWLE.uasset" 4630
"/Game/__ExternalActors__/Variant_SideScroller/Lvl_LowerCity/9/NA/3E238ISZU0BPJH36A5E865" 4631
"C:/Users/andre/OneDrive/Documents/Unreal Projects/Artkana_Project/Content/__ExternalActors__/Variant_SideScroller/Lvl_LowerCity/9/NA/3E238ISZU0BPJH36A5E865.uasset" 4632
"/Game/__ExternalActors__/Variant_SideScroller/Lvl_LowerCity/9/Q1/9MRSR1IU9QYB452O7GOCRE" 4633
"C:/Users/andre/OneDrive/Documents/Unreal Projects/Artkana_Project/Content/__ExternalActors__/Variant_SideScroller/Lvl_LowerCity/9/Q1/9MRSR1IU9QYB452O7GOCRE.uasset" 4634
"/Game/__ExternalActors__/Variant_SideScroller/Lvl_LowerCity/9/Q4/PES19PUFP1QOG4THT9HJDM" 4635
"C:/Users/andre/OneDrive/Documents/Unreal Projects/Artkana_Project/Content/__ExternalActors__/Variant_SideScroller/Lvl_LowerCity/9/Q4/PES19PUFP1QOG4THT9HJDM.uasset" 4636
"/Game/__ExternalActors__/Variant_SideScroller/Lvl_LowerCity/9/QM/SQTYNSKQKCP7PNE6NDWDXC" 4637
"C:/Users/andre/OneDrive/Documents/Unreal Projects/Artkana_Project/Content/__ExternalActors__/Variant_SideScroller/Lvl_LowerCity/9/QM/SQTYNSKQKCP7PNE6NDWDXC.uasset" 4638
"/Game/__ExternalActors__/Variant_SideScroller/Lvl_LowerCity/9/QW/SN0O7MDTRL04SFNM0I7ADA" 4639
"C:/Users/andre/OneDrive/Documents/Unreal Projects/Artkana_Project/Content/__ExternalActors__/Variant_SideScroller/Lvl_LowerCity/9/QW/SN0O7MDTRL04SFNM0I7ADA.uasset" 4640
"/Game/__ExternalActors__/Variant_SideScroller/Lvl_LowerCity/9/S5/MDKWFDARYWPGVH1ZC5Y889" 4641
"C:/Users/andre/OneDrive/Documents/Unreal Projects/Artkana_Project/Content/__ExternalActors__/Variant_SideScroller/Lvl_LowerCity/9/S5/MDKWFDARYWPGVH1ZC5Y889.uasset" 4642
"/Game/__ExternalActors__/Variant_SideScroller/Lvl_LowerCity/9/TY/1O3RRNGH0P5K3KCC30CRPC" 4643
"C:/Users/andre/OneDrive/Documents/Unreal Projects/Artkana_Project/Content/__ExternalActors__/Variant_SideScroller/Lvl_LowerCity/9/TY/1O3RRNGH0P5K3KCC30CRPC.uasset" 4644
"/Game/__ExternalActors__/Variant_SideScroller/Lvl_LowerCity/9/U8/8Y7CJ1SIJWE940466UF3K9" 4645
"C:/Users/andre/OneDrive/Documents/Unreal Projects/Artkana_Project/Content/__ExternalActors__/Variant_SideScroller/Lvl_LowerCity/9/U8/8Y7CJ1SIJWE940466UF3K9.uasset" 4646
"/Game/__ExternalActors__/Variant_SideScroller/Lvl_LowerCity/9/UE/SLRL4FWXXDEIQUDR6POUAA" 4647
"C:/Users/andre/OneDrive/Documents/Unreal Projects/Artkana_Project/Content/__ExternalActors__/Variant_SideScroller/Lvl_LowerCity/9/UE/SLRL4FWXXDEIQUDR6POUAA.uasset" 4648
"/Game/__ExternalActors__/Variant_SideScroller/Lvl_LowerCity/9/Y1/YIRYJ55KGZNTG9HFQU0UW2" 4649
"C:/Users/andre/OneDrive/Documents/Unreal Projects/Artkana_Project/Content/__ExternalActors__/Variant_SideScroller/Lvl_LowerCity/9/Y1/YIRYJ55KGZNTG9HFQU0UW2.uasset" 4650
"C:/Users/andre/OneDrive/Documents/Unreal Projects/Artkana_Project/Content/LevelPrototyping/PostProcessMATs/Outline_MAT_Inst.uasset" 4651
"C:/Users/andre/OneDrive/Documents/Unreal Projects/Artkana_Project/Content/LevelPrototyping/PostProcessMATs/Outline_MAT.uasset" 4652
"../../../Engine/Content/Functions/Engine_MaterialFunctions01/ImageAdjustment/BlurSampleOffsets.uasset" 4653
"../../../Engine/Content/Functions/Engine_MaterialFunctions02/SampleSceneDepth.uasset" 4654
"/Game/__ExternalActors__/Variant_SideScroller/Lvl_LowerCity/9/ZB/VH6VOR2F32SNWFAOWMB75N" 4655
"C:/Users/andre/OneDrive/Documents/Unreal Projects/Artkana_Project/Content/__ExternalActors__/Variant_SideScroller/Lvl_LowerCity/9/ZB/VH6VOR2F32SNWFAOWMB75N.uasset" 4656
"/Game/__ExternalActors__/Variant_SideScroller/Lvl_LowerCity/A/1Q/HGS4IABJSZPPVQGVSH3P6Q" 4657
"C:/Users/andre/OneDrive/Documents/Unreal Projects/Artkana_Project/Content/__ExternalActors__/Variant_SideScroller/Lvl_LowerCity/A/1Q/HGS4IABJSZPPVQGVSH3P6Q.uasset" 4658
"/Game/__ExternalActors__/Variant_SideScroller/Lvl_LowerCity/A/1V/OAPZPFTCCZFVSKL9X2Z3UQ" 4659
"C:/Users/andre/OneDrive/Documents/Unreal Projects/Artkana_Project/Content/__ExternalActors__/Variant_SideScroller/Lvl_LowerCity/A/1V/OAPZPFTCCZFVSKL9X2Z3UQ.uasset" 4660
"/Game/__ExternalActors__/Variant_SideScroller/Lvl_LowerCity/A/3S/NPU9038XIKJ9QF49XJIW6B" 4661
"C:/Users/andre/OneDrive/Documents/Unreal Projects/Artkana_Project/Content/__ExternalActors__/Variant_SideScroller/Lvl_LowerCity/A/3S/NPU9038XIKJ9QF49XJIW6B.uasset" 4662
"/Game/__ExternalActors__/Variant_SideScroller/Lvl_LowerCity/A/49/B2FLVRP3TNLWNMVBZKQ21T" 4663
"C:/Users/andre/OneDrive/Documents/Unreal Projects/Artkana_Project/Content/__ExternalActors__/Variant_SideScroller/Lvl_LowerCity/A/49/B2FLVRP3TNLWNMVBZKQ21T.uasset" 4664
"/Game/__ExternalActors__/Variant_SideScroller/Lvl_LowerCity/A/73/ZLDIZIRJF82Q98LLWBYZH9" 4665
"C:/Users/andre/OneDrive/Documents/Unreal Projects/Artkana_Project/Content/__ExternalActors__/Variant_SideScroller/Lvl_LowerCity/A/73/ZLDIZIRJF82Q98LLWBYZH9.uasset" 4666
"/Game/__ExternalActors__/Variant_SideScroller/Lvl_LowerCity/A/7W/8O3CQ5UC1HRL8SICDZEB1W" 4667
"C:/Users/andre/OneDrive/Documents/Unreal Projects/Artkana_Project/Content/__ExternalActors__/Variant_SideScroller/Lvl_LowerCity/A/7W/8O3CQ5UC1HRL8SICDZEB1W.uasset" 4668
"/Game/__ExternalActors__/Variant_SideScroller/Lvl_LowerCity/A/9T/U7QDF33NSS9B5U4O2OAJGW" 4669
"C:/Users/andre/OneDrive/Documents/Unreal Projects/Artkana_Project/Content/__ExternalActors__/Variant_SideScroller/Lvl_LowerCity/A/9T/U7QDF33NSS9B5U4O2OAJGW.uasset" 4670
"/Game/__ExternalActors__/Variant_SideScroller/Lvl_LowerCity/A/BK/RL4JXL77M17SPCJVEMJX17" 4671
"C:/Users/andre/OneDrive/Documents/Unreal Projects/Artkana_Project/Content/__ExternalActors__/Variant_SideScroller/Lvl_LowerCity/A/BK/RL4JXL77M17SPCJVEMJX17.uasset" 4672
"/Game/__ExternalActors__/Variant_SideScroller/Lvl_LowerCity/A/DS/WQDLMJ4V3GXYPCOJR4DG15" 4673
"C:/Users/andre/OneDrive/Documents/Unreal Projects/Artkana_Project/Content/__ExternalActors__/Variant_SideScroller/Lvl_LowerCity/A/DS/WQDLMJ4V3GXYPCOJR4DG15.uasset" 4674
"/Game/__ExternalActors__/Variant_SideScroller/Lvl_LowerCity/A/H1/BDNVNV1EU78WSFRZHSF22T" 4675
"C:/Users/andre/OneDrive/Documents/Unreal Projects/Artkana_Project/Content/__ExternalActors__/Variant_SideScroller/Lvl_LowerCity/A/H1/BDNVNV1EU78WSFRZHSF22T.uasset" 4676
"/Game/__ExternalActors__/Variant_SideScroller/Lvl_LowerCity/A/H3/3JNEGKYBBMF7UEXUEU3UMS" 4677
"C:/Users/andre/OneDrive/Documents/Unreal Projects/Artkana_Project/Content/__ExternalActors__/Variant_SideScroller/Lvl_LowerCity/A/H3/3JNEGKYBBMF7UEXUEU3UMS.uasset" 4678
"/Game/__ExternalActors__/Variant_SideScroller/Lvl_LowerCity/A/HR/291DX6GXQ01LH30861SOX3" 4679
"C:/Users/andre/OneDrive/Documents/Unreal Projects/Artkana_Project/Content/__ExternalActors__/Variant_SideScroller/Lvl_LowerCity/A/HR/291DX6GXQ01LH30861SOX3.uasset" 4680
"/Game/__ExternalActors__/Variant_SideScroller/Lvl_LowerCity/A/HT/M93HH3GOZ1P0GGOM6712AW" 4681
"C:/Users/andre/OneDrive/Documents/Unreal Projects/Artkana_Project/Content/__ExternalActors__/Variant_SideScroller/Lvl_LowerCity/A/HT/M93HH3GOZ1P0GGOM6712AW.uasset" 4682
"/Game/__ExternalActors__/Variant_SideScroller/Lvl_LowerCity/A/J1/MYBSWHHWBJ8IVHFOOOL8Y0" 4683
"C:/Users/andre/OneDrive/Documents/Unreal Projects/Artkana_Project/Content/__ExternalActors__/Variant_SideScroller/Lvl_LowerCity/A/J1/MYBSWHHWBJ8IVHFOOOL8Y0.uasset" 4684
"/Game/__ExternalActors__/Variant_SideScroller/Lvl_LowerCity/A/JR/PEW5J2UR3VYRDTNBZOTGCT" 4685
"C:/Users/andre/OneDrive/Documents/Unreal Projects/Artkana_Project/Content/__ExternalActors__/Variant_SideScroller/Lvl_LowerCity/A/JR/PEW5J2UR3VYRDTNBZOTGCT.uasset" 4686
"/Game/__ExternalActors__/Variant_SideScroller/Lvl_LowerCity/A/K6/R1C4LE7ZLAH2PKLECM8K2G" 4687
"C:/Users/andre/OneDrive/Documents/Unreal Projects/Artkana_Project/Content/__ExternalActors__/Variant_SideScroller/Lvl_LowerCity/A/K6/R1C4LE7ZLAH2PKLECM8K2G.uasset" 4688
"C:/Users/andre/OneDrive/Documents/Unreal Projects/Artkana_Project/Content/LevelPrototyping/2D_Art/Background/Level2/citay_Mat.uasset" 4689
"/Game/__ExternalActors__/Variant_SideScroller/Lvl_LowerCity/A/KM/X46RCC0U48PPWEIPAGMH13" 4690
"C:/Users/andre/OneDrive/Documents/Unreal Projects/Artkana_Project/Content/__ExternalActors__/Variant_SideScroller/Lvl_LowerCity/A/KM/X46RCC0U48PPWEIPAGMH13.uasset" 4691
"/Game/__ExternalActors__/Variant_SideScroller/Lvl_LowerCity/A/LR/ICN1QQ7C5Q64BCU1UA01F6" 4692
"C:/Users/andre/OneDrive/Documents/Unreal Projects/Artkana_Project/Content/__ExternalActors__/Variant_SideScroller/Lvl_LowerCity/A/LR/ICN1QQ7C5Q64BCU1UA01F6.uasset" 4693
"/Game/__ExternalActors__/Variant_SideScroller/Lvl_LowerCity/A/N6/1FNWB6YQZOXR4HHX29AWQ1" 4694
"C:/Users/andre/OneDrive/Documents/Unreal Projects/Artkana_Project/Content/__ExternalActors__/Variant_SideScroller/Lvl_LowerCity/A/N6/1FNWB6YQZOXR4HHX29AWQ1.uasset" 4695
"/Game/__ExternalActors__/Variant_SideScroller/Lvl_LowerCity/A/NB/S06IS5R27YLPSYN40CX51U" 4696
"C:/Users/andre/OneDrive/Documents/Unreal Projects/Artkana_Project/Content/__ExternalActors__/Variant_SideScroller/Lvl_LowerCity/A/NB/S06IS5R27YLPSYN40CX51U.uasset" 4697
"/Game/__ExternalActors__/Variant_SideScroller/Lvl_LowerCity/A/NH/XAYKVBOJWI5ZXD7VGQOYHR" 4698
"C:/Users/andre/OneDrive/Documents/Unreal Projects/Artkana_Project/Content/__ExternalActors__/Variant_SideScroller/Lvl_LowerCity/A/NH/XAYKVBOJWI5ZXD7VGQOYHR.uasset" 4699
"/Game/__ExternalActors__/Variant_SideScroller/Lvl_LowerCity/A/Q3/FABUUGY40JGGMUXKH501CA" 4700
"C:/Users/andre/OneDrive/Documents/Unreal Projects/Artkana_Project/Content/__ExternalActors__/Variant_SideScroller/Lvl_LowerCity/A/Q3/FABUUGY40JGGMUXKH501CA.uasset" 4701
"/Game/__ExternalActors__/Variant_SideScroller/Lvl_LowerCity/A/Q6/Z0FLN8EA6PB6I8YVKFM48K" 4702
"C:/Users/andre/OneDrive/Documents/Unreal Projects/Artkana_Project/Content/__ExternalActors__/Variant_SideScroller/Lvl_LowerCity/A/Q6/Z0FLN8EA6PB6I8YVKFM48K.uasset" 4703
"/Game/__ExternalActors__/Variant_SideScroller/Lvl_LowerCity/A/RN/9S3H3FIICH44ONCPEA7KM3" 4704
"C:/Users/andre/OneDrive/Documents/Unreal Projects/Artkana_Project/Content/__ExternalActors__/Variant_SideScroller/Lvl_LowerCity/A/RN/9S3H3FIICH44ONCPEA7KM3.uasset" 4705
"/Game/__ExternalActors__/Variant_SideScroller/Lvl_LowerCity/A/TV/J2E88ZADQP1II3ZS2N0P18" 4706
"C:/Users/andre/OneDrive/Documents/Unreal Projects/Artkana_Project/Content/__ExternalActors__/Variant_SideScroller/Lvl_LowerCity/A/TV/J2E88ZADQP1II3ZS2N0P18.uasset" 4707
"/Game/__ExternalActors__/Variant_SideScroller/Lvl_LowerCity/A/WF/MTOG0K964QSBSSZ0K8JZ4T" 4708
"C:/Users/andre/OneDrive/Documents/Unreal Projects/Artkana_Project/Content/__ExternalActors__/Variant_SideScroller/Lvl_LowerCity/A/WF/MTOG0K964QSBSSZ0K8JZ4T.uasset" 4709
"/Game/__ExternalActors__/Variant_SideScroller/Lvl_LowerCity/A/WS/GM3IZVNSVULN129WNAS0IZ" 4710
"C:/Users/andre/OneDrive/Documents/Unreal Projects/Artkana_Project/Content/__ExternalActors__/Variant_SideScroller/Lvl_LowerCity/A/WS/GM3IZVNSVULN129WNAS0IZ.uasset" 4711
"/Game/__ExternalActors__/Variant_SideScroller/Lvl_LowerCity/A/XM/0V9AWTPQZ601AKXYNIM9F0" 4712
"C:/Users/andre/OneDrive/Documents/Unreal Projects/Artkana_Project/Content/__ExternalActors__/Variant_SideScroller/Lvl_LowerCity/A/XM/0V9AWTPQZ601AKXYNIM9F0.uasset" 4713
"/Game/__ExternalActors__/Variant_SideScroller/Lvl_LowerCity/A/YG/0D15MLP5DHEP0ZUDD7SA6L" 4714
"C:/Users/andre/OneDrive/Documents/Unreal Projects/Artkana_Project/Content/__ExternalActors__/Variant_SideScroller/Lvl_LowerCity/A/YG/0D15MLP5DHEP0ZUDD7SA6L.uasset" 4715
"C:/Users/andre/OneDrive/Documents/Unreal Projects/Artkana_Project/Content/LevelPrototyping/Textures/Concrete_Textures/concrete1_Base_Color_Mat.uasset" 4716
"/Game/__ExternalActors__/Variant_SideScroller/Lvl_LowerCity/A/ZG/YJYS3FZ7O7MV17E1LRBVSJ" 4717
"C:/Users/andre/OneDrive/Documents/Unreal Projects/Artkana_Project/Content/__ExternalActors__/Variant_SideScroller/Lvl_LowerCity/A/ZG/YJYS3FZ7O7MV17E1LRBVSJ.uasset" 4718
"/Game/__ExternalActors__/Variant_SideScroller/Lvl_LowerCity/B/19/T914XGAYDFK4KDV4PSUCUY" 4719
"C:/Users/andre/OneDrive/Documents/Unreal Projects/Artkana_Project/Content/__ExternalActors__/Variant_SideScroller/Lvl_LowerCity/B/19/T914XGAYDFK4KDV4PSUCUY.uasset" 4720
"/Game/__ExternalActors__/Variant_SideScroller/Lvl_LowerCity/B/28/XO28THENA215RVTA8FSHQW" 4721
"C:/Users/andre/OneDrive/Documents/Unreal Projects/Artkana_Project/Content/__ExternalActors__/Variant_SideScroller/Lvl_LowerCity/B/28/XO28THENA215RVTA8FSHQW.uasset" 4722
"/Game/__ExternalActors__/Variant_SideScroller/Lvl_LowerCity/B/37/KL2OEHSPBHUQRQPQO2PQW5" 4723
"C:/Users/andre/OneDrive/Documents/Unreal Projects/Artkana_Project/Content/__ExternalActors__/Variant_SideScroller/Lvl_LowerCity/B/37/KL2OEHSPBHUQRQPQO2PQW5.uasset" 4724
"/Game/__ExternalActors__/Variant_SideScroller/Lvl_LowerCity/B/4H/51UUTZGXUHC201FIF1EACD" 4725
"C:/Users/andre/OneDrive/Documents/Unreal Projects/Artkana_Project/Content/__ExternalActors__/Variant_SideScroller/Lvl_LowerCity/B/4H/51UUTZGXUHC201FIF1EACD.uasset" 4726
"/Game/__ExternalActors__/Variant_SideScroller/Lvl_LowerCity/B/5D/XNXKXZ8466M2FDUHWBJYE0" 4727
"C:/Users/andre/OneDrive/Documents/Unreal Projects/Artkana_Project/Content/__ExternalActors__/Variant_SideScroller/Lvl_LowerCity/B/5D/XNXKXZ8466M2FDUHWBJYE0.uasset" 4728
"/Game/__ExternalActors__/Variant_SideScroller/Lvl_LowerCity/B/5K/482GPQNQBXIKHHRJU4X78H" 4729
"C:/Users/andre/OneDrive/Documents/Unreal Projects/Artkana_Project/Content/__ExternalActors__/Variant_SideScroller/Lvl_LowerCity/B/5K/482GPQNQBXIKHHRJU4X78H.uasset" 4730
"/Game/__ExternalActors__/Variant_SideScroller/Lvl_LowerCity/B/6J/F0PB3NJ8NNY9TDAH5A4EB0" 4731
"C:/Users/andre/OneDrive/Documents/Unreal Projects/Artkana_Project/Content/__ExternalActors__/Variant_SideScroller/Lvl_LowerCity/B/6J/F0PB3NJ8NNY9TDAH5A4EB0.uasset" 4732
"/Game/__ExternalActors__/Variant_SideScroller/Lvl_LowerCity/B/AS/HE2T1DO82RU1QV1BOU8CN6" 4733
"C:/Users/andre/OneDrive/Documents/Unreal Projects/Artkana_Project/Content/__ExternalActors__/Variant_SideScroller/Lvl_LowerCity/B/AS/HE2T1DO82RU1QV1BOU8CN6.uasset" 4734
"/Game/__ExternalActors__/Variant_SideScroller/Lvl_LowerCity/B/CU/EGVCI21CILNO4U3C05J0FF" 4735
"C:/Users/andre/OneDrive/Documents/Unreal Projects/Artkana_Project/Content/__ExternalActors__/Variant_SideScroller/Lvl_LowerCity/B/CU/EGVCI21CILNO4U3C05J0FF.uasset" 4736
"/Game/__ExternalActors__/Variant_SideScroller/Lvl_LowerCity/B/FJ/19KQOUBLH3S7V1JUO7LBKT" 4737
"C:/Users/andre/OneDrive/Documents/Unreal Projects/Artkana_Project/Content/__ExternalActors__/Variant_SideScroller/Lvl_LowerCity/B/FJ/19KQOUBLH3S7V1JUO7LBKT.uasset" 4738
"C:/Users/andre/OneDrive/Documents/Unreal Projects/Artkana_Project/Content/Variant_SideScroller/Blueprints/DeathBarrier.uasset" 4739
"/Game/__ExternalActors__/Variant_SideScroller/Lvl_LowerCity/B/FU/116LVPXY325LCWAAD3T825" 4740
"C:/Users/andre/OneDrive/Documents/Unreal Projects/Artkana_Project/Content/__ExternalActors__/Variant_SideScroller/Lvl_LowerCity/B/FU/116LVPXY325LCWAAD3T825.uasset" 4741
"/Game/__ExternalActors__/Variant_SideScroller/Lvl_LowerCity/B/JB/6Y04JZMIK62ILT7VAQWL2K" 4742
"C:/Users/andre/OneDrive/Documents/Unreal Projects/Artkana_Project/Content/__ExternalActors__/Variant_SideScroller/Lvl_LowerCity/B/JB/6Y04JZMIK62ILT7VAQWL2K.uasset" 4743
"/Game/__ExternalActors__/Variant_SideScroller/Lvl_LowerCity/B/JX/QBO50NH785YDYMZPF75NQS" 4744
"C:/Users/andre/OneDrive/Documents/Unreal Projects/Artkana_Project/Content/__ExternalActors__/Variant_SideScroller/Lvl_LowerCity/B/JX/QBO50NH785YDYMZPF75NQS.uasset" 4745
"/Game/__ExternalActors__/Variant_SideScroller/Lvl_LowerCity/B/NG/JFSX1H0ZFQN5GB8HK6A1C2" 4746
"C:/Users/andre/OneDrive/Documents/Unreal Projects/Artkana_Project/Content/__ExternalActors__/Variant_SideScroller/Lvl_LowerCity/B/NG/JFSX1H0ZFQN5GB8HK6A1C2.uasset" 4747
"/Game/__ExternalActors__/Variant_SideScroller/Lvl_LowerCity/B/RN/QMPGJ6J65KO4WT8UZKIKOX" 4748
"C:/Users/andre/OneDrive/Documents/Unreal Projects/Artkana_Project/Content/__ExternalActors__/Variant_SideScroller/Lvl_LowerCity/B/RN/QMPGJ6J65KO4WT8UZKIKOX.uasset" 4749
"/Game/__ExternalActors__/Variant_SideScroller/Lvl_LowerCity/B/SY/OT6JHVDF4HUAAAFU4VRGL2" 4750
"C:/Users/andre/OneDrive/Documents/Unreal Projects/Artkana_Project/Content/__ExternalActors__/Variant_SideScroller/Lvl_LowerCity/B/SY/OT6JHVDF4HUAAAFU4VRGL2.uasset" 4751
"/Game/__ExternalActors__/Variant_SideScroller/Lvl_LowerCity/B/T9/6BW38QNY6JPJUD7Y333CUA" 4752
"C:/Users/andre/OneDrive/Documents/Unreal Projects/Artkana_Project/Content/__ExternalActors__/Variant_SideScroller/Lvl_LowerCity/B/T9/6BW38QNY6JPJUD7Y333CUA.uasset" 4753
"/Game/__ExternalActors__/Variant_SideScroller/Lvl_LowerCity/B/X5/H96PBH0O3JEEEA94QBQD1N" 4754
"C:/Users/andre/OneDrive/Documents/Unreal Projects/Artkana_Project/Content/__ExternalActors__/Variant_SideScroller/Lvl_LowerCity/B/X5/H96PBH0O3JEEEA94QBQD1N.uasset" 4755
"/Game/__ExternalActors__/Variant_SideScroller/Lvl_LowerCity/B/Y4/FFF15C1LNWYF0UQOD2DT8O" 4756
"C:/Users/andre/OneDrive/Documents/Unreal Projects/Artkana_Project/Content/__ExternalActors__/Variant_SideScroller/Lvl_LowerCity/B/Y4/FFF15C1LNWYF0UQOD2DT8O.uasset" 4757
"/Game/__ExternalActors__/Variant_SideScroller/Lvl_LowerCity/B/ZE/5VLEO4RK5T1DAKUCOTP8RH" 4758
"C:/Users/andre/OneDrive/Documents/Unreal Projects/Artkana_Project/Content/__ExternalActors__/Variant_SideScroller/Lvl_LowerCity/B/ZE/5VLEO4RK5T1DAKUCOTP8RH.uasset" 4759
"/Game/__ExternalActors__/Variant_SideScroller/Lvl_LowerCity/B/ZO/TZVBJT624SBKK5WQC77QWV" 4760
"C:/Users/andre/OneDrive/Documents/Unreal Projects/Artkana_Project/Content/__ExternalActors__/Variant_SideScroller/Lvl_LowerCity/B/ZO/TZVBJT624SBKK5WQC77QWV.uasset" 4761
"C:/Users/andre/OneDrive/Documents/Unreal Projects/Artkana_Project/Content/LevelPrototyping/Meshes/floating_platform.uasset" 4762
"C:/Users/andre/OneDrive/Documents/Unreal Projects/Artkana_Project/Content/LevelPrototyping/Materials/Instances/MI_FloatPlatform.uasset" 4763
"C:/Users/andre/OneDrive/Documents/Unreal Projects/Artkana_Project/Content/LevelPrototyping/Materials/M_FloatPlatform.uasset" 4764
"/Game/__ExternalActors__/Variant_SideScroller/Lvl_LowerCity/C/0E/T5EMEZ8S0R1AEUWZAMXUH5" 4765
"C:/Users/andre/OneDrive/Documents/Unreal Projects/Artkana_Project/Content/__ExternalActors__/Variant_SideScroller/Lvl_LowerCity/C/0E/T5EMEZ8S0R1AEUWZAMXUH5.uasset" 4766
"/Game/__ExternalActors__/Variant_SideScroller/Lvl_LowerCity/C/0F/VC7VZPFAN4I4IM3PGHGAYW" 4767
"C:/Users/andre/OneDrive/Documents/Unreal Projects/Artkana_Project/Content/__ExternalActors__/Variant_SideScroller/Lvl_LowerCity/C/0F/VC7VZPFAN4I4IM3PGHGAYW.uasset" 4768
"/Game/__ExternalActors__/Variant_SideScroller/Lvl_LowerCity/C/1R/PZCMO70YDQFNSKYBHMH3F4" 4769
"C:/Users/andre/OneDrive/Documents/Unreal Projects/Artkana_Project/Content/__ExternalActors__/Variant_SideScroller/Lvl_LowerCity/C/1R/PZCMO70YDQFNSKYBHMH3F4.uasset" 4770
"/Game/__ExternalActors__/Variant_SideScroller/Lvl_LowerCity/C/2I/GMDLO2CNNRIOWTQRYMS6SE" 4771
"C:/Users/andre/OneDrive/Documents/Unreal Projects/Artkana_Project/Content/__ExternalActors__/Variant_SideScroller/Lvl_LowerCity/C/2I/GMDLO2CNNRIOWTQRYMS6SE.uasset" 4772
"/Game/__ExternalActors__/Variant_SideScroller/Lvl_LowerCity/C/5U/0US41JHE5FB9WOIDGVOJZC" 4773
"C:/Users/andre/OneDrive/Documents/Unreal Projects/Artkana_Project/Content/__ExternalActors__/Variant_SideScroller/Lvl_LowerCity/C/5U/0US41JHE5FB9WOIDGVOJZC.uasset" 4774
"/Game/__ExternalActors__/Variant_SideScroller/Lvl_LowerCity/C/65/SUVXPDXFFIRBU5W4D23QAB" 4775
"C:/Users/andre/OneDrive/Documents/Unreal Projects/Artkana_Project/Content/__ExternalActors__/Variant_SideScroller/Lvl_LowerCity/C/65/SUVXPDXFFIRBU5W4D23QAB.uasset" 4776
"/Game/__ExternalActors__/Variant_SideScroller/Lvl_LowerCity/C/9F/A7BKMEBJQFV6MWO3KFA6AR" 4777
"C:/Users/andre/OneDrive/Documents/Unreal Projects/Artkana_Project/Content/__ExternalActors__/Variant_SideScroller/Lvl_LowerCity/C/9F/A7BKMEBJQFV6MWO3KFA6AR.uasset" 4778
"/Game/__ExternalActors__/Variant_SideScroller/Lvl_LowerCity/C/C7/03OILG7V3V8S99JE5DQJBN" 4779
"C:/Users/andre/OneDrive/Documents/Unreal Projects/Artkana_Project/Content/__ExternalActors__/Variant_SideScroller/Lvl_LowerCity/C/C7/03OILG7V3V8S99JE5DQJBN.uasset" 4780
"/Game/__ExternalActors__/Variant_SideScroller/Lvl_LowerCity/C/F9/7594C5N9KQ34UPGAFL36E2" 4781
"C:/Users/andre/OneDrive/Documents/Unreal Projects/Artkana_Project/Content/__ExternalActors__/Variant_SideScroller/Lvl_LowerCity/C/F9/7594C5N9KQ34UPGAFL36E2.uasset" 4782
"/Game/__ExternalActors__/Variant_SideScroller/Lvl_LowerCity/C/I4/13PWAAK48IGFAUT93WYOTR" 4783
"C:/Users/andre/OneDrive/Documents/Unreal Projects/Artkana_Project/Content/__ExternalActors__/Variant_SideScroller/Lvl_LowerCity/C/I4/13PWAAK48IGFAUT93WYOTR.uasset" 4784
"/Game/__ExternalActors__/Variant_SideScroller/Lvl_LowerCity/C/IO/DBATNKNOSWFNGBA3OP61Z1" 4785
"C:/Users/andre/OneDrive/Documents/Unreal Projects/Artkana_Project/Content/__ExternalActors__/Variant_SideScroller/Lvl_LowerCity/C/IO/DBATNKNOSWFNGBA3OP61Z1.uasset" 4786
"/Game/__ExternalActors__/Variant_SideScroller/Lvl_LowerCity/C/IV/67641GUIKC0SLBMJJ04CJ9" 4787
"C:/Users/andre/OneDrive/Documents/Unreal Projects/Artkana_Project/Content/__ExternalActors__/Variant_SideScroller/Lvl_LowerCity/C/IV/67641GUIKC0SLBMJJ04CJ9.uasset" 4788
"/Game/__ExternalActors__/Variant_SideScroller/Lvl_LowerCity/C/L9/9TDYCTJRIZBDOB9ALHTFC4" 4789
"C:/Users/andre/OneDrive/Documents/Unreal Projects/Artkana_Project/Content/__ExternalActors__/Variant_SideScroller/Lvl_LowerCity/C/L9/9TDYCTJRIZBDOB9ALHTFC4.uasset" 4790
"/Game/__ExternalActors__/Variant_SideScroller/Lvl_LowerCity/C/M3/VMDIMC2ND3Q58LUK5Y8PIM" 4791
"C:/Users/andre/OneDrive/Documents/Unreal Projects/Artkana_Project/Content/__ExternalActors__/Variant_SideScroller/Lvl_LowerCity/C/M3/VMDIMC2ND3Q58LUK5Y8PIM.uasset" 4792
"/Game/__ExternalActors__/Variant_SideScroller/Lvl_LowerCity/C/QJ/V7N9SK5H4V3VSTKQU1ZISG" 4793
"C:/Users/andre/OneDrive/Documents/Unreal Projects/Artkana_Project/Content/__ExternalActors__/Variant_SideScroller/Lvl_LowerCity/C/QJ/V7N9SK5H4V3VSTKQU1ZISG.uasset" 4794
"/Game/__ExternalActors__/Variant_SideScroller/Lvl_LowerCity/C/R1/AKJDUEVI5H9VXCTLEOVZUM" 4795
"C:/Users/andre/OneDrive/Documents/Unreal Projects/Artkana_Project/Content/__ExternalActors__/Variant_SideScroller/Lvl_LowerCity/C/R1/AKJDUEVI5H9VXCTLEOVZUM.uasset" 4796
"/Game/__ExternalActors__/Variant_SideScroller/Lvl_LowerCity/C/S3/EI5POWP7W3MBHR0T3LV54Z" 4797
"C:/Users/andre/OneDrive/Documents/Unreal Projects/Artkana_Project/Content/__ExternalActors__/Variant_SideScroller/Lvl_LowerCity/C/S3/EI5POWP7W3MBHR0T3LV54Z.uasset" 4798
"/Game/__ExternalActors__/Variant_SideScroller/Lvl_LowerCity/C/S4/IMMH40247I0Y4BPN2ERG8Q" 4799
"C:/Users/andre/OneDrive/Documents/Unreal Projects/Artkana_Project/Content/__ExternalActors__/Variant_SideScroller/Lvl_LowerCity/C/S4/IMMH40247I0Y4BPN2ERG8Q.uasset" 4800
"/Game/__ExternalActors__/Variant_SideScroller/Lvl_LowerCity/C/S7/06A2OFW8NU789NRVDAI25C" 4801
"C:/Users/andre/OneDrive/Documents/Unreal Projects/Artkana_Project/Content/__ExternalActors__/Variant_SideScroller/Lvl_LowerCity/C/S7/06A2OFW8NU789NRVDAI25C.uasset" 4802
"/Game/__ExternalActors__/Variant_SideScroller/Lvl_LowerCity/C/TC/PWLWCDB8RU4NWVUSG6B1KN" 4803
"C:/Users/andre/OneDrive/Documents/Unreal Projects/Artkana_Project/Content/__ExternalActors__/Variant_SideScroller/Lvl_LowerCity/C/TC/PWLWCDB8RU4NWVUSG6B1KN.uasset" 4804
"/Game/__ExternalActors__/Variant_SideScroller/Lvl_LowerCity/C/TQ/AAQAJSRVJAQP1E585XXOW6" 4805
"C:/Users/andre/OneDrive/Documents/Unreal Projects/Artkana_Project/Content/__ExternalActors__/Variant_SideScroller/Lvl_LowerCity/C/TQ/AAQAJSRVJAQP1E585XXOW6.uasset" 4806
"/Game/__ExternalActors__/Variant_SideScroller/Lvl_LowerCity/C/V7/G252SOM0300P8IXK0F9OBF" 4807
"C:/Users/andre/OneDrive/Documents/Unreal Projects/Artkana_Project/Content/__ExternalActors__/Variant_SideScroller/Lvl_LowerCity/C/V7/G252SOM0300P8IXK0F9OBF.uasset" 4808
"/Game/__ExternalActors__/Variant_SideScroller/Lvl_LowerCity/C/VQ/W2XVWNOTIL4IBHRCW5GR1F" 4809
"C:/Users/andre/OneDrive/Documents/Unreal Projects/Artkana_Project/Content/__ExternalActors__/Variant_SideScroller/Lvl_LowerCity/C/VQ/W2XVWNOTIL4IBHRCW5GR1F.uasset" 4810
"/Game/__ExternalActors__/Variant_SideScroller/Lvl_LowerCity/C/VX/J14BLYY3FMR0CB7BJMQ2NT" 4811
"C:/Users/andre/OneDrive/Documents/Unreal Projects/Artkana_Project/Content/__ExternalActors__/Variant_SideScroller/Lvl_LowerCity/C/VX/J14BLYY3FMR0CB7BJMQ2NT.uasset" 4812
"/Game/__ExternalActors__/Variant_SideScroller/Lvl_LowerCity/C/X1/LQ83WMX4Q341TFQIBCAY8B" 4813
"C:/Users/andre/OneDrive/Documents/Unreal Projects/Artkana_Project/Content/__ExternalActors__/Variant_SideScroller/Lvl_LowerCity/C/X1/LQ83WMX4Q341TFQIBCAY8B.uasset" 4814
"/Game/__ExternalActors__/Variant_SideScroller/Lvl_LowerCity/C/Y9/WKKSOBPV5GBZ5HPIO4NPAM" 4815
"C:/Users/andre/OneDrive/Documents/Unreal Projects/Artkana_Project/Content/__ExternalActors__/Variant_SideScroller/Lvl_LowerCity/C/Y9/WKKSOBPV5GBZ5HPIO4NPAM.uasset" 4816
"/Game/__ExternalActors__/Variant_SideScroller/Lvl_LowerCity/C/YU/899FLWV6WDI34AP5AUDSE9" 4817
"C:/Users/andre/OneDrive/Documents/Unreal Projects/Artkana_Project/Content/__ExternalActors__/Variant_SideScroller/Lvl_LowerCity/C/YU/899FLWV6WDI34AP5AUDSE9.uasset" 4818
"/Game/__ExternalActors__/Variant_SideScroller/Lvl_LowerCity/C/Z3/O6K487CVEQOK8EH94BN1QI" 4819
"C:/Users/andre/OneDrive/Documents/Unreal Projects/Artkana_Project/Content/__ExternalActors__/Variant_SideScroller/Lvl_LowerCity/C/Z3/O6K487CVEQOK8EH94BN1QI.uasset" 4820
"/Game/__ExternalActors__/Variant_SideScroller/Lvl_LowerCity/D/0E/6X9ODKX6PCB8LIX6OWEL7H" 4821
"C:/Users/andre/OneDrive/Documents/Unreal Projects/Artkana_Project/Content/__ExternalActors__/Variant_SideScroller/Lvl_LowerCity/D/0E/6X9ODKX6PCB8LIX6OWEL7H.uasset" 4822
"/Game/__ExternalActors__/Variant_SideScroller/Lvl_LowerCity/D/2K/A529I6Y1PWTL1DSJCWNND0" 4823
"C:/Users/andre/OneDrive/Documents/Unreal Projects/Artkana_Project/Content/__ExternalActors__/Variant_SideScroller/Lvl_LowerCity/D/2K/A529I6Y1PWTL1DSJCWNND0.uasset" 4824
"/Game/__ExternalActors__/Variant_SideScroller/Lvl_LowerCity/D/80/GELQS84MZLVY8S5CVER04W" 4825
"C:/Users/andre/OneDrive/Documents/Unreal Projects/Artkana_Project/Content/__ExternalActors__/Variant_SideScroller/Lvl_LowerCity/D/80/GELQS84MZLVY8S5CVER04W.uasset" 4826
"/Game/__ExternalActors__/Variant_SideScroller/Lvl_LowerCity/D/9T/RE2BEH908YMH9GZNV5C525" 4827
"C:/Users/andre/OneDrive/Documents/Unreal Projects/Artkana_Project/Content/__ExternalActors__/Variant_SideScroller/Lvl_LowerCity/D/9T/RE2BEH908YMH9GZNV5C525.uasset" 4828
"/Game/__ExternalActors__/Variant_SideScroller/Lvl_LowerCity/D/AQ/Z7DC1PGDMFECOUOSBAXRPM" 4829
"C:/Users/andre/OneDrive/Documents/Unreal Projects/Artkana_Project/Content/__ExternalActors__/Variant_SideScroller/Lvl_LowerCity/D/AQ/Z7DC1PGDMFECOUOSBAXRPM.uasset" 4830
"/Game/__ExternalActors__/Variant_SideScroller/Lvl_LowerCity/D/B5/PAL12G0WJC5K0RWTPLV0I2" 4831
"C:/Users/andre/OneDrive/Documents/Unreal Projects/Artkana_Project/Content/__ExternalActors__/Variant_SideScroller/Lvl_LowerCity/D/B5/PAL12G0WJC5K0RWTPLV0I2.uasset" 4832
"/Game/__ExternalActors__/Variant_SideScroller/Lvl_LowerCity/D/BB/P0TD7GICN3JABPJAQBBRQ5" 4833
"C:/Users/andre/OneDrive/Documents/Unreal Projects/Artkana_Project/Content/__ExternalActors__/Variant_SideScroller/Lvl_LowerCity/D/BB/P0TD7GICN3JABPJAQBBRQ5.uasset" 4834
"/Game/__ExternalActors__/Variant_SideScroller/Lvl_LowerCity/D/BI/EDRHOJJER9XYRCENDOS3M4" 4835
"C:/Users/andre/OneDrive/Documents/Unreal Projects/Artkana_Project/Content/__ExternalActors__/Variant_SideScroller/Lvl_LowerCity/D/BI/EDRHOJJER9XYRCENDOS3M4.uasset" 4836
"/Game/__ExternalActors__/Variant_SideScroller/Lvl_LowerCity/D/E9/SGG22M0OPG6CB0C6NXV390" 4837
"C:/Users/andre/OneDrive/Documents/Unreal Projects/Artkana_Project/Content/__ExternalActors__/Variant_SideScroller/Lvl_LowerCity/D/E9/SGG22M0OPG6CB0C6NXV390.uasset" 4838
"/Game/__ExternalActors__/Variant_SideScroller/Lvl_LowerCity/D/F3/U6SKBEHC09S3Y4FLTKNVXO" 4839
"C:/Users/andre/OneDrive/Documents/Unreal Projects/Artkana_Project/Content/__ExternalActors__/Variant_SideScroller/Lvl_LowerCity/D/F3/U6SKBEHC09S3Y4FLTKNVXO.uasset" 4840
"/Game/__ExternalActors__/Variant_SideScroller/Lvl_LowerCity/D/FV/HGOOOVAL1Z49NIVQV8PAHM" 4841
"C:/Users/andre/OneDrive/Documents/Unreal Projects/Artkana_Project/Content/__ExternalActors__/Variant_SideScroller/Lvl_LowerCity/D/FV/HGOOOVAL1Z49NIVQV8PAHM.uasset" 4842
"/Game/__ExternalActors__/Variant_SideScroller/Lvl_LowerCity/D/GN/IZRBQH1NIYNQZHZWC9FN2O" 4843
"C:/Users/andre/OneDrive/Documents/Unreal Projects/Artkana_Project/Content/__ExternalActors__/Variant_SideScroller/Lvl_LowerCity/D/GN/IZRBQH1NIYNQZHZWC9FN2O.uasset" 4844
"/Game/__ExternalActors__/Variant_SideScroller/Lvl_LowerCity/D/HD/RLQ20YHI2WS4OW51WEERMT" 4845
"C:/Users/andre/OneDrive/Documents/Unreal Projects/Artkana_Project/Content/__ExternalActors__/Variant_SideScroller/Lvl_LowerCity/D/HD/RLQ20YHI2WS4OW51WEERMT.uasset" 4846
"/Game/__ExternalActors__/Variant_SideScroller/Lvl_LowerCity/D/HG/KCSZPI1A5DFUT4YGN7FT75" 4847
"C:/Users/andre/OneDrive/Documents/Unreal Projects/Artkana_Project/Content/__ExternalActors__/Variant_SideScroller/Lvl_LowerCity/D/HG/KCSZPI1A5DFUT4YGN7FT75.uasset" 4848
"/Game/__ExternalActors__/Variant_SideScroller/Lvl_LowerCity/D/I5/DPUFJBHDVFM7H6ME6RFM07" 4849
"C:/Users/andre/OneDrive/Documents/Unreal Projects/Artkana_Project/Content/__ExternalActors__/Variant_SideScroller/Lvl_LowerCity/D/I5/DPUFJBHDVFM7H6ME6RFM07.uasset" 4850
"/Game/__ExternalActors__/Variant_SideScroller/Lvl_LowerCity/D/IN/MWJWZO2IA47WS8G0MXYJ56" 4851
"C:/Users/andre/OneDrive/Documents/Unreal Projects/Artkana_Project/Content/__ExternalActors__/Variant_SideScroller/Lvl_LowerCity/D/IN/MWJWZO2IA47WS8G0MXYJ56.uasset" 4852
"/Game/__ExternalActors__/Variant_SideScroller/Lvl_LowerCity/D/JA/DGR1AXYBUQKRYTSW6CAYPO" 4853
"C:/Users/andre/OneDrive/Documents/Unreal Projects/Artkana_Project/Content/__ExternalActors__/Variant_SideScroller/Lvl_LowerCity/D/JA/DGR1AXYBUQKRYTSW6CAYPO.uasset" 4854
"/Game/__ExternalActors__/Variant_SideScroller/Lvl_LowerCity/D/LY/QDD2QA9DUQ2PP64ROOK54J" 4855
"C:/Users/andre/OneDrive/Documents/Unreal Projects/Artkana_Project/Content/__ExternalActors__/Variant_SideScroller/Lvl_LowerCity/D/LY/QDD2QA9DUQ2PP64ROOK54J.uasset" 4856
"/Game/__ExternalActors__/Variant_SideScroller/Lvl_LowerCity/D/MI/XSPDBEP0U2KVK7Q229NQHG" 4857
"C:/Users/andre/OneDrive/Documents/Unreal Projects/Artkana_Project/Content/__ExternalActors__/Variant_SideScroller/Lvl_LowerCity/D/MI/XSPDBEP0U2KVK7Q229NQHG.uasset" 4858
"/Game/__ExternalActors__/Variant_SideScroller/Lvl_LowerCity/D/MK/CVGWLSDPZZPHTSEOZMDORY" 4859
"C:/Users/andre/OneDrive/Documents/Unreal Projects/Artkana_Project/Content/__ExternalActors__/Variant_SideScroller/Lvl_LowerCity/D/MK/CVGWLSDPZZPHTSEOZMDORY.uasset" 4860
"/Game/__ExternalActors__/Variant_SideScroller/Lvl_LowerCity/D/NP/WBMRYAK4J9GCHFTQ0JR42D" 4861
"C:/Users/andre/OneDrive/Documents/Unreal Projects/Artkana_Project/Content/__ExternalActors__/Variant_SideScroller/Lvl_LowerCity/D/NP/WBMRYAK4J9GCHFTQ0JR42D.uasset" 4862
"/Game/__ExternalActors__/Variant_SideScroller/Lvl_LowerCity/D/UY/17LMKNGDE8IOAWPSV8UGGG" 4863
"C:/Users/andre/OneDrive/Documents/Unreal Projects/Artkana_Project/Content/__ExternalActors__/Variant_SideScroller/Lvl_LowerCity/D/UY/17LMKNGDE8IOAWPSV8UGGG.uasset" 4864
"/Game/__ExternalActors__/Variant_SideScroller/Lvl_LowerCity/D/XS/P9C143ZHGCM9SRRGZCZA33" 4865
"C:/Users/andre/OneDrive/Documents/Unreal Projects/Artkana_Project/Content/__ExternalActors__/Variant_SideScroller/Lvl_LowerCity/D/XS/P9C143ZHGCM9SRRGZCZA33.uasset" 4866
"/Game/__ExternalActors__/Variant_SideScroller/Lvl_LowerCity/E/09/0IH6F9HANAJNYFPW2VNR96" 4867
"C:/Users/andre/OneDrive/Documents/Unreal Projects/Artkana_Project/Content/__ExternalActors__/Variant_SideScroller/Lvl_LowerCity/E/09/0IH6F9HANAJNYFPW2VNR96.uasset" 4868
"C:/Users/andre/OneDrive/Documents/Unreal Projects/Artkana_Project/Content/LevelPrototyping/Materials/Stage2/M_NoLineRoad.uasset" 4869
"C:/Users/andre/OneDrive/Documents/Unreal Projects/Artkana_Project/Content/LevelPrototyping/Meshes/SM_Cylinder.uasset" 4870
"C:/Users/andre/OneDrive/Documents/Unreal Projects/Artkana_Project/Content/LevelPrototyping/Platform_Assets/Road_No_Lines_Textures/road_dx11Shader1_BaseColor_sRGB_1001.uasset" 4871
"C:/Users/andre/OneDrive/Documents/Unreal Projects/Artkana_Project/Content/LevelPrototyping/Platform_Assets/Road_No_Lines_Textures/road_dx11Shader1_Emissive_sRGB_1001.uasset" 4872
"C:/Users/andre/OneDrive/Documents/Unreal Projects/Artkana_Project/Content/LevelPrototyping/Platform_Assets/Road_No_Lines_Textures/road_dx11Shader1_Normal_Raw_1001.uasset" 4873
"C:/Users/andre/OneDrive/Documents/Unreal Projects/Artkana_Project/Content/LevelPrototyping/Platform_Assets/Road_No_Lines_Textures/road_dx11Shader1_OcclusionRoughnessMetallic_Raw_1001.uasset" 4874
"/Game/__ExternalActors__/Variant_SideScroller/Lvl_LowerCity/E/0Q/G272UO1L1YOJPHQZP6CBDB" 4875
"C:/Users/andre/OneDrive/Documents/Unreal Projects/Artkana_Project/Content/__ExternalActors__/Variant_SideScroller/Lvl_LowerCity/E/0Q/G272UO1L1YOJPHQZP6CBDB.uasset" 4876
"/Game/__ExternalActors__/Variant_SideScroller/Lvl_LowerCity/E/34/LBBKN3QOU1ZXY6SJFVIO12" 4877
"C:/Users/andre/OneDrive/Documents/Unreal Projects/Artkana_Project/Content/__ExternalActors__/Variant_SideScroller/Lvl_LowerCity/E/34/LBBKN3QOU1ZXY6SJFVIO12.uasset" 4878
"/Game/__ExternalActors__/Variant_SideScroller/Lvl_LowerCity/E/3G/VD7JBRSMWNGQB3YGB0SJ3O" 4879
"C:/Users/andre/OneDrive/Documents/Unreal Projects/Artkana_Project/Content/__ExternalActors__/Variant_SideScroller/Lvl_LowerCity/E/3G/VD7JBRSMWNGQB3YGB0SJ3O.uasset" 4880
"/Game/__ExternalActors__/Variant_SideScroller/Lvl_LowerCity/E/4A/L9VT76R9MOZ5XXSQVZCMY1" 4881
"C:/Users/andre/OneDrive/Documents/Unreal Projects/Artkana_Project/Content/__ExternalActors__/Variant_SideScroller/Lvl_LowerCity/E/4A/L9VT76R9MOZ5XXSQVZCMY1.uasset" 4882
"/Game/__ExternalActors__/Variant_SideScroller/Lvl_LowerCity/E/5N/YFLRSMKULRH0T67EDNIN1G" 4883
"C:/Users/andre/OneDrive/Documents/Unreal Projects/Artkana_Project/Content/__ExternalActors__/Variant_SideScroller/Lvl_LowerCity/E/5N/YFLRSMKULRH0T67EDNIN1G.uasset" 4884
"/Game/__ExternalActors__/Variant_SideScroller/Lvl_LowerCity/E/6S/U89VXDCNO3WZVHNRJ383Z5" 4885
"C:/Users/andre/OneDrive/Documents/Unreal Projects/Artkana_Project/Content/__ExternalActors__/Variant_SideScroller/Lvl_LowerCity/E/6S/U89VXDCNO3WZVHNRJ383Z5.uasset" 4886
"/Game/__ExternalActors__/Variant_SideScroller/Lvl_LowerCity/E/95/77PSVJSK7M27O2DDEBKJ8P" 4887
"C:/Users/andre/OneDrive/Documents/Unreal Projects/Artkana_Project/Content/__ExternalActors__/Variant_SideScroller/Lvl_LowerCity/E/95/77PSVJSK7M27O2DDEBKJ8P.uasset" 4888
"/Game/__ExternalActors__/Variant_SideScroller/Lvl_LowerCity/E/EZ/P4DB72408486FQ9LYAAIE8" 4889
"C:/Users/andre/OneDrive/Documents/Unreal Projects/Artkana_Project/Content/__ExternalActors__/Variant_SideScroller/Lvl_LowerCity/E/EZ/P4DB72408486FQ9LYAAIE8.uasset" 4890
"/Game/__ExternalActors__/Variant_SideScroller/Lvl_LowerCity/E/H0/L32JZMMGCCHCOEMH8PXCXX" 4891
"C:/Users/andre/OneDrive/Documents/Unreal Projects/Artkana_Project/Content/__ExternalActors__/Variant_SideScroller/Lvl_LowerCity/E/H0/L32JZMMGCCHCOEMH8PXCXX.uasset" 4892
"/Game/__ExternalActors__/Variant_SideScroller/Lvl_LowerCity/E/IC/OU5YUHG895WNQ3Y0LMJ7UC" 4893
"C:/Users/andre/OneDrive/Documents/Unreal Projects/Artkana_Project/Content/__ExternalActors__/Variant_SideScroller/Lvl_LowerCity/E/IC/OU5YUHG895WNQ3Y0LMJ7UC.uasset" 4894
"/Game/__ExternalActors__/Variant_SideScroller/Lvl_LowerCity/E/J4/B1Y6OSATL3GPE1FSKK6A03" 4895
"C:/Users/andre/OneDrive/Documents/Unreal Projects/Artkana_Project/Content/__ExternalActors__/Variant_SideScroller/Lvl_LowerCity/E/J4/B1Y6OSATL3GPE1FSKK6A03.uasset" 4896
"/Game/__ExternalActors__/Variant_SideScroller/Lvl_LowerCity/E/N7/2GSROL6LY4JUIUAY1T566W" 4897
"C:/Users/andre/OneDrive/Documents/Unreal Projects/Artkana_Project/Content/__ExternalActors__/Variant_SideScroller/Lvl_LowerCity/E/N7/2GSROL6LY4JUIUAY1T566W.uasset" 4898
"/Game/__ExternalActors__/Variant_SideScroller/Lvl_LowerCity/E/QI/341GBJHZGJ5P82EYKVLSUA" 4899
"C:/Users/andre/OneDrive/Documents/Unreal Projects/Artkana_Project/Content/__ExternalActors__/Variant_SideScroller/Lvl_LowerCity/E/QI/341GBJHZGJ5P82EYKVLSUA.uasset" 4900
"/Game/__ExternalActors__/Variant_SideScroller/Lvl_LowerCity/E/QW/KYTYGB6RNK7TDDPUGIXIP1" 4901
"C:/Users/andre/OneDrive/Documents/Unreal Projects/Artkana_Project/Content/__ExternalActors__/Variant_SideScroller/Lvl_LowerCity/E/QW/KYTYGB6RNK7TDDPUGIXIP1.uasset" 4902
"/Game/__ExternalActors__/Variant_SideScroller/Lvl_LowerCity/E/V6/CKQ47IVY5H5ZOW4ZR09AOZ" 4903
"C:/Users/andre/OneDrive/Documents/Unreal Projects/Artkana_Project/Content/__ExternalActors__/Variant_SideScroller/Lvl_LowerCity/E/V6/CKQ47IVY5H5ZOW4ZR09AOZ.uasset" 4904
"/Game/__ExternalActors__/Variant_SideScroller/Lvl_LowerCity/E/X8/Y26SCZS3JITEZK6L6FZKGH" 4905
"C:/Users/andre/OneDrive/Documents/Unreal Projects/Artkana_Project/Content/__ExternalActors__/Variant_SideScroller/Lvl_LowerCity/E/X8/Y26SCZS3JITEZK6L6FZKGH.uasset" 4906
"/Game/__ExternalActors__/Variant_SideScroller/Lvl_LowerCity/E/XI/W9HRCQ8KZGO5EVPJPWEMUE" 4907
"C:/Users/andre/OneDrive/Documents/Unreal Projects/Artkana_Project/Content/__ExternalActors__/Variant_SideScroller/Lvl_LowerCity/E/XI/W9HRCQ8KZGO5EVPJPWEMUE.uasset" 4908
"/Game/__ExternalActors__/Variant_SideScroller/Lvl_LowerCity/E/XN/C8TMJ1VO26HBUVJQT5A1QP" 4909
"C:/Users/andre/OneDrive/Documents/Unreal Projects/Artkana_Project/Content/__ExternalActors__/Variant_SideScroller/Lvl_LowerCity/E/XN/C8TMJ1VO26HBUVJQT5A1QP.uasset" 4910
"/Game/__ExternalActors__/Variant_SideScroller/Lvl_LowerCity/E/XW/4XRVVT2IX8PNAP4027I40H" 4911
"C:/Users/andre/OneDrive/Documents/Unreal Projects/Artkana_Project/Content/__ExternalActors__/Variant_SideScroller/Lvl_LowerCity/E/XW/4XRVVT2IX8PNAP4027I40H.uasset" 4912
"/Game/__ExternalActors__/Variant_SideScroller/Lvl_LowerCity/F/14/3N0G20WDAGJ3QY4CTTM01L" 4913
"C:/Users/andre/OneDrive/Documents/Unreal Projects/Artkana_Project/Content/__ExternalActors__/Variant_SideScroller/Lvl_LowerCity/F/14/3N0G20WDAGJ3QY4CTTM01L.uasset" 4914
"/Game/__ExternalActors__/Variant_SideScroller/Lvl_LowerCity/F/1D/U38G7OT7VAUAUECUWUD3O8" 4915
"C:/Users/andre/OneDrive/Documents/Unreal Projects/Artkana_Project/Content/__ExternalActors__/Variant_SideScroller/Lvl_LowerCity/F/1D/U38G7OT7VAUAUECUWUD3O8.uasset" 4916
"/Game/__ExternalActors__/Variant_SideScroller/Lvl_LowerCity/F/32/YDPOJSNUI1F82R25W55Z57" 4917
"C:/Users/andre/OneDrive/Documents/Unreal Projects/Artkana_Project/Content/__ExternalActors__/Variant_SideScroller/Lvl_LowerCity/F/32/YDPOJSNUI1F82R25W55Z57.uasset" 4918
"/Game/__ExternalActors__/Variant_SideScroller/Lvl_LowerCity/F/4T/WSJUMFVEXBVU28U86KX5S6" 4919
"C:/Users/andre/OneDrive/Documents/Unreal Projects/Artkana_Project/Content/__ExternalActors__/Variant_SideScroller/Lvl_LowerCity/F/4T/WSJUMFVEXBVU28U86KX5S6.uasset" 4920
"/Game/__ExternalActors__/Variant_SideScroller/Lvl_LowerCity/F/5A/7RSW5QFJCBYRA3DOSXTDIW" 4921
"C:/Users/andre/OneDrive/Documents/Unreal Projects/Artkana_Project/Content/__ExternalActors__/Variant_SideScroller/Lvl_LowerCity/F/5A/7RSW5QFJCBYRA3DOSXTDIW.uasset" 4922
"/InterchangeAssets/gltf/MaterialInstances/MI_ClearCoat_Blend_DS" 4923
"/InterchangeAssets/gltf/MaterialInstances/MI_ClearCoat_Mask_DS" 4924
"/InterchangeAssets/gltf/MaterialInstances/MI_ClearCoat_Opaque_DS" 4925
"/InterchangeAssets/gltf/MaterialInstances/MI_ClearCoat_Blend" 4926
"/InterchangeAssets/gltf/MaterialInstances/MI_ClearCoat_Mask" 4927
"/InterchangeAssets/gltf/MaterialInstances/MI_ClearCoat_Opaque" 4928
"../../../Engine/Plugins/Interchange/Assets/Content/gltf/MaterialFunctions/MF_Sheen.uasset" 4929
"../../../Engine/Plugins/Interchange/Assets/Content/gltf/MaterialBodies/MF_Sheen_Body.uasset" 4930
"../../../Engine/Plugins/Interchange/Assets/Content/gltf/M_Sheen.uasset" 4931
"../../../Engine/Plugins/Interchange/Assets/Content/gltf/M_Default.uasset" 4932
"../../../Engine/Plugins/Interchange/Assets/Content/gltf/MaterialInstances/MI_Default_Mask.uasset" 4933
"../../../Engine/Plugins/Interchange/Assets/Content/gltf/MaterialInstances/MI_Default_Blend.uasset" 4934
"../../../Engine/Plugins/Interchange/Assets/Content/gltf/MaterialInstances/MI_Default_Opaque.uasset" 4935
"../../../Engine/Plugins/Interchange/Assets/Content/gltf/MaterialInstances/MI_Sheen_Opaque.uasset" 4936
"../../../Engine/Plugins/Interchange/Assets/Content/gltf/MaterialFunctions/MF_Temporal_Blur.uasset" 4937
"../../../Engine/Plugins/Interchange/Assets/Content/gltf/MaterialInstances/MI_Sheen_Mask.uasset" 4938
"../../../Engine/Plugins/Interchange/Assets/Content/gltf/MaterialInstances/MI_Sheen_Blend.uasset" 4939
"../../../Engine/Plugins/Interchange/Assets/Content/gltf/MaterialInstances/MI_Sheen_Blend_DS.uasset" 4940
"../../../Engine/Plugins/Interchange/Assets/Content/gltf/MaterialInstances/MI_Sheen_Opaque_DS.uasset" 4941
"../../../Engine/Plugins/Interchange/Assets/Content/gltf/MaterialBodies/MF_Transmission_Body.uasset" 4942
"../../../Engine/Plugins/Interchange/Assets/Content/gltf/MaterialFunctions/MF_Fresnel_DS.uasset" 4943
"../../../Engine/Plugins/Interchange/Assets/Content/gltf/MaterialInstances/MI_Default_Blend_DS.uasset" 4944
"../../../Engine/Plugins/Interchange/Assets/Content/gltf/MaterialInstances/MI_Default_Opaque_DS.uasset" 4945
"../../../Engine/Plugins/Interchange/Assets/Content/gltf/M_Transmission.uasset" 4946
"../../../Engine/Plugins/Interchange/Assets/Content/gltf/MaterialInstances/MI_Sheen_Mask_DS.uasset" 4947
"../../../Engine/Plugins/Interchange/Assets/Content/gltf/MaterialInstances/MI_Default_Mask_DS.uasset" 4948
"../../../Engine/Plugins/Interchange/Assets/Content/gltf/MaterialInstances/MI_Transmission.uasset" 4949
"../../../Engine/Plugins/Interchange/Assets/Content/gltf/MaterialFunctions/MF_Transmission.uasset" 4950
"../../../Engine/Plugins/Interchange/Assets/Content/gltf/M_SpecularGlossiness.uasset" 4951
"../../../Engine/Plugins/Interchange/Assets/Content/gltf/MaterialBodies/MF_SpecularGlossiness_Body.uasset" 4952
"../../../Engine/Content/Functions/Engine_MaterialFunctions02/Texturing/ScreenAlignedPixelToPixelUVs.uasset" 4953
"../../../Engine/Content/Functions/Engine_MaterialFunctions02/Math/AddComponents.uasset" 4954
"../../../Engine/Plugins/Interchange/Assets/Content/gltf/MaterialFunctions/MF_SpecGlossToMetalRoughness.uasset" 4955
"../../../Engine/Plugins/Interchange/Assets/Content/gltf/MaterialFunctions/MF_DiffuseSpecGloss.uasset" 4956
"../../../Engine/Plugins/Interchange/Assets/Content/gltf/MaterialInstances/MI_Transmission_DS.uasset" 4957
"../../../Engine/Plugins/Interchange/Assets/Content/gltf/MaterialFunctions/MF_PerceivedBrightness.uasset" 4958
"../../../Engine/Plugins/Interchange/Assets/Content/gltf/MaterialFunctions/MF_MaxComponentValue.uasset" 4959
"../../../Engine/Plugins/Interchange/Assets/Content/gltf/MaterialInstances/MI_SpecularGlossiness_Opaque.uasset" 4960
"../../../Engine/Plugins/Interchange/Assets/Shaders/ThinFilmFunctions.usf" 4961
"/InterchangeAssets/gltf/MaterialInstances/MI_SpecularGlossiness_Opaque" 4962
"/InterchangeAssets/gltf/MaterialInstances/MI_Transmission_DS" 4963
"/InterchangeAssets/gltf/MaterialInstances/MI_Transmission" 4964
"/InterchangeAssets/gltf/MaterialInstances/MI_Sheen_Blend_DS" 4965
"/InterchangeAssets/gltf/MaterialInstances/MI_Sheen_Mask_DS" 4966
"/InterchangeAssets/gltf/MaterialInstances/MI_Sheen_Opaque_DS" 4967
"/InterchangeAssets/gltf/MaterialInstances/MI_Sheen_Blend" 4968
"/InterchangeAssets/gltf/MaterialInstances/MI_Sheen_Mask" 4969
"/InterchangeAssets/gltf/MaterialInstances/MI_Sheen_Opaque" 4970
"/InterchangeAssets/gltf/MaterialInstances/MI_Default_Blend_DS" 4971
"/InterchangeAssets/gltf/MaterialInstances/MI_Default_Mask_DS" 4972
"/InterchangeAssets/gltf/MaterialInstances/MI_Default_Opaque_DS" 4973
"/InterchangeAssets/gltf/MaterialInstances/MI_Default_Blend" 4974
"/InterchangeAssets/gltf/MaterialInstances/MI_Default_Mask" 4975
"/InterchangeAssets/gltf/MaterialInstances/MI_Default_Opaque" 4976
"../../../Engine/Content/Functions/Engine_MaterialFunctions01/Volumetrics/BeersLaw.uasset" 4977
"../../../Engine/Content/Functions/Substrate/MF_SchlickInternal.uasset" 4978
"../../../Engine/Plugins/Interchange/Assets/Content/gltf/M_Unlit.uasset" 4979
"../../../Engine/Plugins/Interchange/Assets/Content/gltf/MaterialBodies/MF_Unlit_Body.uasset" 4980
"../../../Engine/Plugins/Interchange/Assets/Content/Functions/MX_Transmission.uasset" 4981
"../../../Engine/Plugins/Interchange/Assets/Content/gltf/MaterialInstances/MI_SpecularGlossiness_Mask.uasset" 4982
"../../../Engine/Plugins/Interchange/Assets/Content/Functions/MX_StandardSurface.uasset" 4983
"../../../Engine/Plugins/Interchange/Assets/Content/gltf/MaterialInstances/MI_SpecularGlossiness_Mask_DS.uasset" 4984
"../../../Engine/Plugins/Interchange/Assets/Content/Functions/MX_OpenPBR_Translucent.uasset" 4985
"../../../Engine/Plugins/Interchange/Assets/Content/Functions/MX_TransmissionSurface.uasset" 4986
"../../../Engine/Plugins/Interchange/Assets/Content/gltf/MaterialInstances/MI_SpecularGlossiness_Blend.uasset" 4987
"../../../Engine/Plugins/Interchange/Assets/Content/gltf/MaterialInstances/MI_Unlit_Opaque.uasset" 4988
"../../../Engine/Plugins/Interchange/Assets/Content/gltf/MaterialInstances/MI_SpecularGlossiness_Blend_DS.uasset" 4989
"../../../Engine/Plugins/Interchange/Assets/Content/gltf/MaterialInstances/MI_Unlit_Mask.uasset" 4990
"../../../Engine/Plugins/Interchange/Assets/Content/Functions/MF_OrenNayerView.uasset" 4991
"../../../Engine/Plugins/Interchange/Assets/Content/gltf/MaterialInstances/MI_Unlit_Blend.uasset" 4992
"../../../Engine/Plugins/Interchange/Assets/Content/gltf/MaterialInstances/MI_Unlit_Mask_DS.uasset" 4993
"../../../Engine/Plugins/Interchange/Assets/Content/gltf/MaterialInstances/MI_Unlit_Opaque_DS.uasset" 4994
"../../../Engine/Plugins/Interchange/Assets/Content/gltf/MaterialInstances/MI_SpecularGlossiness_Opaque_DS.uasset" 4995
"../../../Engine/Plugins/Interchange/Assets/Content/gltf/MaterialInstances/MI_Unlit_Blend_DS.uasset" 4996
"/InterchangeAssets/gltf/MaterialInstances/MI_Unlit_Blend_DS" 4997
"/InterchangeAssets/gltf/MaterialInstances/MI_Unlit_Mask_DS" 4998
"/InterchangeAssets/gltf/MaterialInstances/MI_Unlit_Opaque_DS" 4999
"/InterchangeAssets/gltf/MaterialInstances/MI_Unlit_Blend" 5000
"/InterchangeAssets/gltf/MaterialInstances/MI_Unlit_Mask" 5001
"/InterchangeAssets/gltf/MaterialInstances/MI_Unlit_Opaque" 5002
"/InterchangeAssets/Functions/MX_OpenPBR_Translucent" 5003
"/InterchangeAssets/gltf/MaterialInstances/MI_SpecularGlossiness_Blend_DS" 5004
"/InterchangeAssets/gltf/MaterialInstances/MI_SpecularGlossiness_Mask_DS" 5005
"/InterchangeAssets/gltf/MaterialInstances/MI_SpecularGlossiness_Opaque_DS" 5006
"/InterchangeAssets/gltf/MaterialInstances/MI_SpecularGlossiness_Blend" 5007
"/InterchangeAssets/gltf/MaterialInstances/MI_SpecularGlossiness_Mask" 5008
"../../../Engine/Plugins/Interchange/Assets/Content/Functions/MX_OpenPBR_Opaque.uasset" 5009
"../../../Engine/Plugins/Animation/ControlRig/Content/Controls/ControlRig_Arrow2_3mm.uasset" 5010
"../../../Engine/Plugins/Animation/ControlRig/Content/Controls/ControlRig_Arrow2_1mm.uasset" 5011
"../../../Engine/Plugins/Animation/ControlRig/Content/Controls/ControlRig_Arrow2_solid.uasset" 5012
"../../../Engine/Plugins/Animation/ControlRig/Content/Controls/ControlRig_Sphere_solid.uasset" 5013
"../../../Engine/Plugins/Animation/ControlRig/Content/Controls/ControlRig_Arrow4_1mm.uasset" 5014
"../../../Engine/Plugins/Animation/ControlRig/Content/Controls/ControlRig_Arrow4_3mm.uasset" 5015
"../../../Engine/Plugins/Animation/ControlRig/Content/Controls/ControlRig_Arrow_solid.uasset" 5016
"../../../Engine/Plugins/Animation/ControlRig/Content/Controls/ControlRig_Arrow_3mm.uasset" 5017
"../../../Engine/Plugins/Animation/ControlRig/Content/Controls/ControlRig_Arrow4_solid.uasset" 5018
"../../../Engine/Plugins/Animation/ControlRig/Content/Controls/ControlRig_Circle_3mm.uasset" 5019
"../../../Engine/Plugins/Animation/ControlRig/Content/Controls/ControlRig_Circle_solid.uasset" 5020
"../../../Engine/Plugins/Animation/ControlRig/Content/Controls/ControlRig_Box_1mm.uasset" 5021
"../../../Engine/Plugins/Animation/ControlRig/Content/Controls/ControlRig_Diamond_1mm.uasset" 5022
"../../../Engine/Plugins/Animation/ControlRig/Content/Controls/ControlRig_Box_solid.uasset" 5023
"../../../Engine/Plugins/Animation/ControlRig/Content/Controls/ControlRig_Box_3mm.uasset" 5024
"../../../Engine/Plugins/Animation/ControlRig/Content/Controls/ControlRig_Arrow_1mm.uasset" 5025
"../../../Engine/Plugins/Animation/ControlRig/Content/Controls/ControlRig_Circle_1mm.uasset" 5026
"/ControlRig/Controls/ControlRig_Diamond_1mm" 5027
"/ControlRig/Controls/ControlRig_Circle_solid" 5028
"/ControlRig/Controls/ControlRig_Circle_3mm" 5029
"/ControlRig/Controls/ControlRig_Circle_1mm" 5030
"/ControlRig/Controls/ControlRig_Box_solid" 5031
"/ControlRig/Controls/ControlRig_Box_3mm" 5032
"/ControlRig/Controls/ControlRig_Box_1mm" 5033
"/ControlRig/Controls/ControlRig_Arrow_solid" 5034
"/ControlRig/Controls/ControlRig_Arrow_3mm" 5035
"/ControlRig/Controls/ControlRig_Arrow_1mm" 5036
"/ControlRig/Controls/ControlRig_Arrow4_solid" 5037
"/ControlRig/Controls/ControlRig_Arrow4_3mm" 5038
"/ControlRig/Controls/ControlRig_Arrow4_1mm" 5039
"/ControlRig/Controls/ControlRig_Arrow2_solid" 5040
"/ControlRig/Controls/ControlRig_Arrow2_3mm" 5041
"/ControlRig/Controls/ControlRig_Arrow2_1mm" 5042
"/ControlRig/Controls/ControlRig_Sphere_solid" 5043
"/InterchangeAssets/Functions/MX_OpenPBR_Opaque" 5044
"../../../Engine/Plugins/Animation/ControlRig/Content/Controls/ControlRig_HalfCircle_3mm.uasset" 5045
"../../../Engine/Plugins/Animation/ControlRig/Content/Controls/ControlRig_Diamond_solid.uasset" 5046
"../../../Engine/Plugins/Animation/ControlRig/Content/Controls/ControlRig_Diamond_3mm.uasset" 5047
"../../../Engine/Plugins/Animation/ControlRig/Content/Controls/ControlRig_HalfCircle_1mm.uasset" 5048
"../../../Engine/Plugins/Animation/ControlRig/Content/Controls/ControlRig_Hexagon_3mm.uasset" 5049
"../../../Engine/Plugins/Animation/ControlRig/Content/Controls/ControlRig_HalfCircle_solid.uasset" 5050
"../../../Engine/Plugins/Animation/ControlRig/Content/Controls/ControlRig_Hexagon_1mm.uasset" 5051
"../../../Engine/Plugins/Animation/ControlRig/Content/Controls/ControlRig_Octagon_solid.uasset" 5052
"../../../Engine/Plugins/Animation/ControlRig/Content/Controls/ControlRig_Octagon_3mm.uasset" 5053
"../../../Engine/Plugins/Animation/ControlRig/Content/Controls/ControlRig_Hexagon_solid.uasset" 5054
"../../../Engine/Plugins/Animation/ControlRig/Content/Controls/ControlRig_Pyramid_1mm.uasset" 5055
"../../../Engine/Plugins/Animation/ControlRig/Content/Controls/ControlRig_Octagon_1mm.uasset" 5056
"../../../Engine/Plugins/Animation/ControlRig/Content/Controls/ControlRig_Pyramid_3mm.uasset" 5057
"../../../Engine/Plugins/Animation/ControlRig/Content/Controls/ControlRig_Pyramid_solid.uasset" 5058
"../../../Engine/Plugins/Animation/ControlRig/Content/Controls/ControlRig_QuarterCircle_3mm.uasset" 5059
"../../../Engine/Plugins/Animation/ControlRig/Content/Controls/ControlRig_QuarterCircle_1mm.uasset" 5060
"../../../Engine/Plugins/Animation/ControlRig/Content/Controls/ControlRig_QuarterCircle_solid.uasset" 5061
"../../../Engine/Plugins/Animation/ControlRig/Content/Controls/ControlRig_RoundedSquare_1mm.uasset" 5062
"../../../Engine/Plugins/Animation/ControlRig/Content/Controls/ControlRig_RoundedSquare_3mm.uasset" 5063
"../../../Engine/Plugins/Animation/ControlRig/Content/Controls/ControlRig_RoundedSquare_solid.uasset" 5064
"../../../Engine/Plugins/Animation/ControlRig/Content/Controls/ControlRig_RoundedTriangle_1mm.uasset" 5065
"../../../Engine/Plugins/Animation/ControlRig/Content/Controls/ControlRig_RoundedTriangle_3mm.uasset" 5066
"../../../Engine/Plugins/Animation/ControlRig/Content/Controls/ControlRig_Sphere_1mm.uasset" 5067
"../../../Engine/Plugins/Animation/ControlRig/Content/Controls/ControlRig_RoundedTriangle_solid.uasset" 5068
"../../../Engine/Plugins/Animation/ControlRig/Content/Controls/ControlRig_Sphere_3mm.uasset" 5069
"../../../Engine/Plugins/Animation/ControlRig/Content/Controls/ControlRig_Square_1mm.uasset" 5070
"../../../Engine/Plugins/Animation/ControlRig/Content/Controls/ControlRig_Square_solid.uasset" 5071
"../../../Engine/Plugins/Animation/ControlRig/Content/Controls/ControlRig_Square_3mm.uasset" 5072
"../../../Engine/Plugins/Animation/ControlRig/Content/Controls/ControlRig_Star4_3mm.uasset" 5073
"../../../Engine/Plugins/Animation/ControlRig/Content/Controls/ControlRig_Star4_1mm.uasset" 5074
"../../../Engine/Plugins/Animation/ControlRig/Content/Controls/ControlRig_Triangle_1mm.uasset" 5075
"../../../Engine/Plugins/Animation/ControlRig/Content/Controls/ControlRig_Star4_solid.uasset" 5076
"/ControlRig/Controls/ControlRig_Triangle_1mm" 5077
"/ControlRig/Controls/ControlRig_Star4_solid" 5078
"/ControlRig/Controls/ControlRig_Star4_3mm" 5079
"/ControlRig/Controls/ControlRig_Star4_1mm" 5080
"/ControlRig/Controls/ControlRig_Square_solid" 5081
"/ControlRig/Controls/ControlRig_Square_3mm" 5082
"/ControlRig/Controls/ControlRig_Square_1mm" 5083
"/ControlRig/Controls/ControlRig_Sphere_3mm" 5084
"/ControlRig/Controls/ControlRig_Sphere_1mm" 5085
"/ControlRig/Controls/ControlRig_RoundedTriangle_solid" 5086
"/ControlRig/Controls/ControlRig_RoundedTriangle_3mm" 5087
"/ControlRig/Controls/ControlRig_RoundedTriangle_1mm" 5088
"/ControlRig/Controls/ControlRig_RoundedSquare_solid" 5089
"/ControlRig/Controls/ControlRig_RoundedSquare_3mm" 5090
"/ControlRig/Controls/ControlRig_RoundedSquare_1mm" 5091
"/ControlRig/Controls/ControlRig_QuarterCircle_solid" 5092
"/ControlRig/Controls/ControlRig_QuarterCircle_3mm" 5093
"/ControlRig/Controls/ControlRig_QuarterCircle_1mm" 5094
"/ControlRig/Controls/ControlRig_Pyramid_solid" 5095
"/ControlRig/Controls/ControlRig_Pyramid_3mm" 5096
"/ControlRig/Controls/ControlRig_Pyramid_1mm" 5097
"/ControlRig/Controls/ControlRig_Octagon_solid" 5098
"/ControlRig/Controls/ControlRig_Octagon_3mm" 5099
"/ControlRig/Controls/ControlRig_Octagon_1mm" 5100
"/ControlRig/Controls/ControlRig_Hexagon_solid" 5101
"/ControlRig/Controls/ControlRig_Hexagon_3mm" 5102
"/ControlRig/Controls/ControlRig_Hexagon_1mm" 5103
"/ControlRig/Controls/ControlRig_HalfCircle_solid" 5104
"/ControlRig/Controls/ControlRig_HalfCircle_3mm" 5105
"/ControlRig/Controls/ControlRig_HalfCircle_1mm" 5106
"/ControlRig/Controls/ControlRig_Diamond_solid" 5107
"/ControlRig/Controls/ControlRig_Diamond_3mm" 5108
"../../../Engine/Content/Maps/Entry_BuiltData.uasset" 5109
"../../../Engine/Plugins/Animation/ControlRig/Content/Controls/ControlRig_Wedge_1mm.uasset" 5110
"../../../Engine/Plugins/Animation/ControlRig/Content/Controls/ControlRig_Wedge_3mm.uasset" 5111
"../../../Engine/Plugins/Animation/ControlRig/Content/Controls/ControlRig_Triangle_solid.uasset" 5112
"../../../Engine/Plugins/Animation/ControlRig/Content/Controls/ControlRig_Wedge_solid.uasset" 5113
"../../../Engine/Content/Maps/Entry.umap" 5114
"../../../Engine/Plugins/Animation/ControlRig/Content/Controls/ControlRig_Triangle_3mm.uasset" 5115
"/Engine/Maps/Entry" 5116
"/ControlRig/Controls/ControlRig_Wedge_solid" 5117
"/ControlRig/Controls/ControlRig_Wedge_3mm" 5118
"/ControlRig/Controls/ControlRig_Wedge_1mm" 5119
"/ControlRig/Controls/ControlRig_Triangle_solid" 5120
"/ControlRig/Controls/ControlRig_Triangle_3mm" 5121
"../../../Engine/Content/EditorMaterials/PreviewShadowIndicatorMaterial.uasset" 5122
"../../../Engine/Content/EditorMaterials/PreviewShadowIndicator.uasset" 5123
"../../../Engine/Content/EngineMaterials/Substrate/GLints/dict_16_192_64_0p5_0p02_0000_0000.uasset" 5124
"../../../Engine/Content/EngineMaterials/Substrate/GLints/dict_16_192_64_0p5_0p02_0000_0001.uasset" 5125
"../../../Engine/Content/EngineMaterials/Substrate/GLints/dict_16_192_64_0p5_0p02_0000_0002.uasset" 5126
"../../../Engine/Content/EngineMaterials/Substrate/GLints/dict_16_192_64_0p5_0p02_0000_0003.uasset" 5127
"../../../Engine/Content/EngineMaterials/Substrate/GLints/dict_16_192_64_0p5_0p02_0000_0005.uasset" 5128
"../../../Engine/Content/EngineMaterials/Substrate/GLints/dict_16_192_64_0p5_0p02_0000_0004.uasset" 5129
"../../../Engine/Content/EngineMaterials/Substrate/GLints/dict_16_192_64_0p5_0p02_0000_0008.uasset" 5130
"../../../Engine/Content/EngineMaterials/Substrate/GLints/dict_16_192_64_0p5_0p02_0000_0006.uasset" 5131
"../../../Engine/Content/EngineMaterials/Substrate/GLints/dict_16_192_64_0p5_0p02_0000_0009.uasset" 5132
"../../../Engine/Content/EngineMaterials/Substrate/GLints/dict_16_192_64_0p5_0p02_0000_0011.uasset" 5133
"../../../Engine/Content/EngineMaterials/Substrate/GLints/dict_16_192_64_0p5_0p02_0000_0010.uasset" 5134
"../../../Engine/Content/EngineMaterials/Substrate/GLints/dict_16_192_64_0p5_0p02_0000_0007.uasset" 5135
"../../../Engine/Content/EngineMaterials/Substrate/GLints/dict_16_192_64_0p5_0p02_0000_0013.uasset" 5136
"../../../Engine/Content/EngineMaterials/Substrate/GLints/dict_16_192_64_0p5_0p02_0000_0012.uasset" 5137
"../../../Engine/Content/EngineMaterials/Substrate/GLints/dict_16_192_64_0p5_0p02_0000_0014.uasset" 5138
"../../../Engine/Content/EngineMaterials/Substrate/GLints/dict_16_192_64_0p5_0p02_0000_0015.uasset" 5139
"../../../Engine/Content/EngineMaterials/Substrate/GLints/dict_16_192_64_0p5_0p02_0001_0000.uasset" 5140
"../../../Engine/Content/EngineMaterials/Substrate/GLints/dict_16_192_64_0p5_0p02_0001_0001.uasset" 5141
"../../../Engine/Content/EngineMaterials/Substrate/GLints/dict_16_192_64_0p5_0p02_0001_0003.uasset" 5142
"../../../Engine/Content/EngineMaterials/Substrate/GLints/dict_16_192_64_0p5_0p02_0001_0002.uasset" 5143
"../../../Engine/Content/EngineMaterials/Substrate/GLints/dict_16_192_64_0p5_0p02_0001_0004.uasset" 5144
"../../../Engine/Content/EngineMaterials/Substrate/GLints/dict_16_192_64_0p5_0p02_0001_0005.uasset" 5145
"../../../Engine/Content/EngineMaterials/Substrate/GLints/dict_16_192_64_0p5_0p02_0001_0007.uasset" 5146
"../../../Engine/Content/EngineMaterials/Substrate/GLints/dict_16_192_64_0p5_0p02_0001_0008.uasset" 5147
"../../../Engine/Content/EngineMaterials/Substrate/GLints/dict_16_192_64_0p5_0p02_0001_0006.uasset" 5148
"../../../Engine/Content/EngineMaterials/Substrate/GLints/dict_16_192_64_0p5_0p02_0001_0009.uasset" 5149
"../../../Engine/Content/EngineMaterials/Substrate/GLints/dict_16_192_64_0p5_0p02_0001_0011.uasset" 5150
"../../../Engine/Content/EngineMaterials/Substrate/GLints/dict_16_192_64_0p5_0p02_0001_0013.uasset" 5151
"../../../Engine/Content/EngineMaterials/Substrate/GLints/dict_16_192_64_0p5_0p02_0001_0010.uasset" 5152
"../../../Engine/Content/EngineMaterials/Substrate/GLints/dict_16_192_64_0p5_0p02_0001_0012.uasset" 5153
"/Engine/EngineMaterials/Substrate/GLints/dict_16_192_64_0p5_0p02_0001_0013" 5154
"/Engine/EngineMaterials/Substrate/GLints/dict_16_192_64_0p5_0p02_0001_0012" 5155
"/Engine/EngineMaterials/Substrate/GLints/dict_16_192_64_0p5_0p02_0001_0011" 5156
"/Engine/EngineMaterials/Substrate/GLints/dict_16_192_64_0p5_0p02_0001_0010" 5157
"/Engine/EngineMaterials/Substrate/GLints/dict_16_192_64_0p5_0p02_0001_0009" 5158
"/Engine/EngineMaterials/Substrate/GLints/dict_16_192_64_0p5_0p02_0001_0008" 5159
"/Engine/EngineMaterials/Substrate/GLints/dict_16_192_64_0p5_0p02_0001_0007" 5160
"/Engine/EngineMaterials/Substrate/GLints/dict_16_192_64_0p5_0p02_0001_0006" 5161
"/Engine/EngineMaterials/Substrate/GLints/dict_16_192_64_0p5_0p02_0001_0005" 5162
"/Engine/EngineMaterials/Substrate/GLints/dict_16_192_64_0p5_0p02_0001_0004" 5163
"/Engine/EngineMaterials/Substrate/GLints/dict_16_192_64_0p5_0p02_0001_0003" 5164
"/Engine/EngineMaterials/Substrate/GLints/dict_16_192_64_0p5_0p02_0001_0002" 5165
"/Engine/EngineMaterials/Substrate/GLints/dict_16_192_64_0p5_0p02_0001_0001" 5166
"/Engine/EngineMaterials/Substrate/GLints/dict_16_192_64_0p5_0p02_0001_0000" 5167
"/Engine/EngineMaterials/Substrate/GLints/dict_16_192_64_0p5_0p02_0000_0015" 5168
"/Engine/EngineMaterials/Substrate/GLints/dict_16_192_64_0p5_0p02_0000_0014" 5169
"/Engine/EngineMaterials/Substrate/GLints/dict_16_192_64_0p5_0p02_0000_0013" 5170
"/Engine/EngineMaterials/Substrate/GLints/dict_16_192_64_0p5_0p02_0000_0012" 5171
"/Engine/EngineMaterials/Substrate/GLints/dict_16_192_64_0p5_0p02_0000_0011" 5172
"/Engine/EngineMaterials/Substrate/GLints/dict_16_192_64_0p5_0p02_0000_0010" 5173
"/Engine/EngineMaterials/Substrate/GLints/dict_16_192_64_0p5_0p02_0000_0009" 5174
"/Engine/EngineMaterials/Substrate/GLints/dict_16_192_64_0p5_0p02_0000_0008" 5175
"/Engine/EngineMaterials/Substrate/GLints/dict_16_192_64_0p5_0p02_0000_0007" 5176
"/Engine/EngineMaterials/Substrate/GLints/dict_16_192_64_0p5_0p02_0000_0006" 5177
"/Engine/EngineMaterials/Substrate/GLints/dict_16_192_64_0p5_0p02_0000_0005" 5178
"/Engine/EngineMaterials/Substrate/GLints/dict_16_192_64_0p5_0p02_0000_0004" 5179
"/Engine/EngineMaterials/Substrate/GLints/dict_16_192_64_0p5_0p02_0000_0003" 5180
"/Engine/EngineMaterials/Substrate/GLints/dict_16_192_64_0p5_0p02_0000_0002" 5181
"/Engine/EngineMaterials/Substrate/GLints/dict_16_192_64_0p5_0p02_0000_0001" 5182
"/Engine/EngineMaterials/Substrate/GLints/dict_16_192_64_0p5_0p02_0000_0000" 5183
"/Engine/EditorMaterials/PreviewShadowIndicatorMaterial" 5184
"../../../Engine/Content/EngineMaterials/Substrate/GLints/dict_16_192_64_0p5_0p02_0001_0014.uasset" 5185
"../../../Engine/Content/EngineMaterials/Substrate/GLints/dict_16_192_64_0p5_0p02_0001_0015.uasset" 5186
"../../../Engine/Content/EngineMaterials/Substrate/GLints/dict_16_192_64_0p5_0p02_0002_0001.uasset" 5187
"../../../Engine/Content/EngineMaterials/Substrate/GLints/dict_16_192_64_0p5_0p02_0002_0000.uasset" 5188
"../../../Engine/Content/EngineMaterials/Substrate/GLints/dict_16_192_64_0p5_0p02_0002_0002.uasset" 5189
"../../../Engine/Content/EngineMaterials/Substrate/GLints/dict_16_192_64_0p5_0p02_0002_0004.uasset" 5190
"../../../Engine/Content/EngineMaterials/Substrate/GLints/dict_16_192_64_0p5_0p02_0002_0010.uasset" 5191
"../../../Engine/Content/EngineMaterials/Substrate/GLints/dict_16_192_64_0p5_0p02_0002_0003.uasset" 5192
"../../../Engine/Content/EngineMaterials/Substrate/GLints/dict_16_192_64_0p5_0p02_0002_0009.uasset" 5193
"../../../Engine/Content/EngineMaterials/Substrate/GLints/dict_16_192_64_0p5_0p02_0002_0006.uasset" 5194
"../../../Engine/Content/EngineMaterials/Substrate/GLints/dict_16_192_64_0p5_0p02_0002_0007.uasset" 5195
"../../../Engine/Content/EngineMaterials/Substrate/GLints/dict_16_192_64_0p5_0p02_0002_0011.uasset" 5196
"../../../Engine/Content/EngineMaterials/Substrate/GLints/dict_16_192_64_0p5_0p02_0002_0012.uasset" 5197
"../../../Engine/Content/EngineMaterials/Substrate/GLints/dict_16_192_64_0p5_0p02_0002_0008.uasset" 5198
"../../../Engine/Content/EngineMaterials/Substrate/GLints/dict_16_192_64_0p5_0p02_0002_0005.uasset" 5199
"../../../Engine/Content/EngineMaterials/Substrate/GLints/dict_16_192_64_0p5_0p02_0002_0013.uasset" 5200
"../../../Engine/Content/EngineMaterials/Substrate/GLints/dict_16_192_64_0p5_0p02_0002_0014.uasset" 5201
"../../../Engine/Content/EngineMaterials/Substrate/GLints/dict_16_192_64_0p5_0p02_0002_0015.uasset" 5202
"../../../Engine/Content/EngineMaterials/Substrate/GLints/dict_16_192_64_0p5_0p02_0003_0000.uasset" 5203
"../../../Engine/Content/EngineMaterials/Substrate/GLints/dict_16_192_64_0p5_0p02_0003_0001.uasset" 5204
"../../../Engine/Content/EngineMaterials/Substrate/GLints/dict_16_192_64_0p5_0p02_0003_0003.uasset" 5205
"../../../Engine/Content/EngineMaterials/Substrate/GLints/dict_16_192_64_0p5_0p02_0003_0002.uasset" 5206
"../../../Engine/Content/EngineMaterials/Substrate/GLints/dict_16_192_64_0p5_0p02_0003_0004.uasset" 5207
"../../../Engine/Content/EngineMaterials/Substrate/GLints/dict_16_192_64_0p5_0p02_0003_0005.uasset" 5208
"../../../Engine/Content/EngineMaterials/Substrate/GLints/dict_16_192_64_0p5_0p02_0003_0006.uasset" 5209
"../../../Engine/Content/EngineMaterials/Substrate/GLints/dict_16_192_64_0p5_0p02_0003_0008.uasset" 5210
"../../../Engine/Content/EngineMaterials/Substrate/GLints/dict_16_192_64_0p5_0p02_0003_0007.uasset" 5211
"../../../Engine/Content/EngineMaterials/Substrate/GLints/dict_16_192_64_0p5_0p02_0003_0009.uasset" 5212
"../../../Engine/Content/EngineMaterials/Substrate/GLints/dict_16_192_64_0p5_0p02_0003_0010.uasset" 5213
"../../../Engine/Content/EngineMaterials/Substrate/GLints/dict_16_192_64_0p5_0p02_0003_0011.uasset" 5214
"../../../Engine/Content/EngineMaterials/Substrate/GLints/dict_16_192_64_0p5_0p02_0003_0012.uasset" 5215
"../../../Engine/Content/EngineMaterials/Substrate/GLints/dict_16_192_64_0p5_0p02_0003_0013.uasset" 5216
"../../../Engine/Plugins/Animation/DeformerGraph/Shaders/Private/DataInterfaceCustomComputeKernel.ush" 5217
"../../../Engine/Plugins/Animation/DeformerGraph/Shaders/Private/DataInterfaceCloth.ush" 5218
"../../../Engine/Plugins/Animation/DeformerGraph/Shaders/Private/DataInterfaceSkinnedMeshRead.ush" 5219
"../../../Engine/Plugins/Animation/DeformerGraph/Shaders/Private/DataInterfaceSkeleton.ush" 5220
"../../../Engine/Plugins/Animation/DeformerGraph/Shaders/Private/DataInterfaceSkeletonCommon.ush" 5221
"../../../Engine/Plugins/Animation/DeformerGraph/Shaders/Private/DataInterfaceMorphTarget.ush" 5222
"../../../Engine/Plugins/Animation/DeformerGraph/Shaders/Private/DataInterfaceSkinnedMeshWrite.ush" 5223
"../../../Engine/Plugins/Animation/DeformerGraph/Shaders/Private/DataInterfaceRawBuffer.ush" 5224
"../../../Engine/Plugins/Runtime/ComputeFramework/Shaders/Private/BufferAlias.ush" 5225
"../../../Engine/Plugins/Animation/DeformerGraph/Shaders/Private/DataInterfaceSkinnedMesh.ush" 5226
"../../../Engine/Plugins/Animation/DeformerGraph/Shaders/Private/DataInterfaceHalfEdge.ush" 5227
"/Engine/EngineMaterials/Substrate/GLints/dict_16_192_64_0p5_0p02_0003_0013" 5228
"/Engine/EngineMaterials/Substrate/GLints/dict_16_192_64_0p5_0p02_0003_0012" 5229
"/Engine/EngineMaterials/Substrate/GLints/dict_16_192_64_0p5_0p02_0003_0011" 5230
"/Engine/EngineMaterials/Substrate/GLints/dict_16_192_64_0p5_0p02_0003_0010" 5231
"/Engine/EngineMaterials/Substrate/GLints/dict_16_192_64_0p5_0p02_0003_0009" 5232
"/Engine/EngineMaterials/Substrate/GLints/dict_16_192_64_0p5_0p02_0003_0008" 5233
"/Engine/EngineMaterials/Substrate/GLints/dict_16_192_64_0p5_0p02_0003_0007" 5234
"/Engine/EngineMaterials/Substrate/GLints/dict_16_192_64_0p5_0p02_0003_0006" 5235
"/Engine/EngineMaterials/Substrate/GLints/dict_16_192_64_0p5_0p02_0003_0005" 5236
"/Engine/EngineMaterials/Substrate/GLints/dict_16_192_64_0p5_0p02_0003_0004" 5237
"/Engine/EngineMaterials/Substrate/GLints/dict_16_192_64_0p5_0p02_0003_0003" 5238
"/Engine/EngineMaterials/Substrate/GLints/dict_16_192_64_0p5_0p02_0003_0002" 5239
"/Engine/EngineMaterials/Substrate/GLints/dict_16_192_64_0p5_0p02_0003_0001" 5240
"/Engine/EngineMaterials/Substrate/GLints/dict_16_192_64_0p5_0p02_0003_0000" 5241
"/Engine/EngineMaterials/Substrate/GLints/dict_16_192_64_0p5_0p02_0002_0015" 5242
"/Engine/EngineMaterials/Substrate/GLints/dict_16_192_64_0p5_0p02_0002_0014" 5243
"/Engine/EngineMaterials/Substrate/GLints/dict_16_192_64_0p5_0p02_0002_0013" 5244
"/Engine/EngineMaterials/Substrate/GLints/dict_16_192_64_0p5_0p02_0002_0012" 5245
"/Engine/EngineMaterials/Substrate/GLints/dict_16_192_64_0p5_0p02_0002_0011" 5246
"/Engine/EngineMaterials/Substrate/GLints/dict_16_192_64_0p5_0p02_0002_0010" 5247
"/Engine/EngineMaterials/Substrate/GLints/dict_16_192_64_0p5_0p02_0002_0009" 5248
"/Engine/EngineMaterials/Substrate/GLints/dict_16_192_64_0p5_0p02_0002_0008" 5249
"/Engine/EngineMaterials/Substrate/GLints/dict_16_192_64_0p5_0p02_0002_0007" 5250
"/Engine/EngineMaterials/Substrate/GLints/dict_16_192_64_0p5_0p02_0002_0006" 5251
"/Engine/EngineMaterials/Substrate/GLints/dict_16_192_64_0p5_0p02_0002_0005" 5252
"/Engine/EngineMaterials/Substrate/GLints/dict_16_192_64_0p5_0p02_0002_0004" 5253
"/Engine/EngineMaterials/Substrate/GLints/dict_16_192_64_0p5_0p02_0002_0003" 5254
"/Engine/EngineMaterials/Substrate/GLints/dict_16_192_64_0p5_0p02_0002_0002" 5255
"/Engine/EngineMaterials/Substrate/GLints/dict_16_192_64_0p5_0p02_0002_0001" 5256
"/Engine/EngineMaterials/Substrate/GLints/dict_16_192_64_0p5_0p02_0002_0000" 5257
"/Engine/EngineMaterials/Substrate/GLints/dict_16_192_64_0p5_0p02_0001_0015" 5258
"/Engine/EngineMaterials/Substrate/GLints/dict_16_192_64_0p5_0p02_0001_0014" 5259
"../../../Engine/Content/EngineMaterials/Substrate/GLints/dict_16_192_64_0p5_0p02_0003_0014.uasset" 5260
"../../../Engine/Content/EngineMaterials/Substrate/GLints/dict_16_192_64_0p5_0p02_0004_0000.uasset" 5261
"../../../Engine/Content/EngineMaterials/Substrate/GLints/dict_16_192_64_0p5_0p02_0003_0015.uasset" 5262
"../../../Engine/Content/EngineMaterials/Substrate/GLints/dict_16_192_64_0p5_0p02_0004_0001.uasset" 5263
"../../../Engine/Content/EngineMaterials/Substrate/GLints/dict_16_192_64_0p5_0p02_0004_0002.uasset" 5264
"../../../Engine/Content/EngineMaterials/Substrate/GLints/dict_16_192_64_0p5_0p02_0004_0003.uasset" 5265
"../../../Engine/Content/EngineMaterials/Substrate/GLints/dict_16_192_64_0p5_0p02_0004_0007.uasset" 5266
"../../../Engine/Content/EngineMaterials/Substrate/GLints/dict_16_192_64_0p5_0p02_0004_0005.uasset" 5267
"../../../Engine/Content/EngineMaterials/Substrate/GLints/dict_16_192_64_0p5_0p02_0004_0008.uasset" 5268
"../../../Engine/Content/EngineMaterials/Substrate/GLints/dict_16_192_64_0p5_0p02_0004_0009.uasset" 5269
"../../../Engine/Content/EngineMaterials/Substrate/GLints/dict_16_192_64_0p5_0p02_0004_0004.uasset" 5270
"../../../Engine/Content/EngineMaterials/Substrate/GLints/dict_16_192_64_0p5_0p02_0004_0006.uasset" 5271
"../../../Engine/Content/EngineMaterials/Substrate/GLints/dict_16_192_64_0p5_0p02_0004_0010.uasset" 5272
"../../../Engine/Content/EngineMaterials/Substrate/GLints/dict_16_192_64_0p5_0p02_0004_0012.uasset" 5273
"../../../Engine/Content/EngineMaterials/Substrate/GLints/dict_16_192_64_0p5_0p02_0004_0013.uasset" 5274
"../../../Engine/Content/EngineMaterials/Substrate/GLints/dict_16_192_64_0p5_0p02_0004_0014.uasset" 5275
"../../../Engine/Content/EngineMaterials/Substrate/GLints/dict_16_192_64_0p5_0p02_0004_0015.uasset" 5276
"../../../Engine/Content/EngineMaterials/Substrate/GLints/dict_16_192_64_0p5_0p02_0004_0011.uasset" 5277
"../../../Engine/Content/EngineMaterials/Substrate/GLints/dict_16_192_64_0p5_0p02_0005_0003.uasset" 5278
"../../../Engine/Content/EngineMaterials/Substrate/GLints/dict_16_192_64_0p5_0p02_0005_0002.uasset" 5279
"../../../Engine/Content/EngineMaterials/Substrate/GLints/dict_16_192_64_0p5_0p02_0005_0005.uasset" 5280
"../../../Engine/Content/EngineMaterials/Substrate/GLints/dict_16_192_64_0p5_0p02_0005_0004.uasset" 5281
"../../../Engine/Content/EngineMaterials/Substrate/GLints/dict_16_192_64_0p5_0p02_0005_0006.uasset" 5282
"../../../Engine/Content/EngineMaterials/Substrate/GLints/dict_16_192_64_0p5_0p02_0005_0007.uasset" 5283
"../../../Engine/Content/EngineMaterials/Substrate/GLints/dict_16_192_64_0p5_0p02_0005_0008.uasset" 5284
"../../../Engine/Content/EngineMaterials/Substrate/GLints/dict_16_192_64_0p5_0p02_0005_0009.uasset" 5285
"../../../Engine/Content/EngineMaterials/Substrate/GLints/dict_16_192_64_0p5_0p02_0005_0010.uasset" 5286
"../../../Engine/Content/EngineMaterials/Substrate/GLints/dict_16_192_64_0p5_0p02_0005_0011.uasset" 5287
"../../../Engine/Content/EngineMaterials/Substrate/GLints/dict_16_192_64_0p5_0p02_0005_0012.uasset" 5288
"../../../Engine/Content/EngineMaterials/Substrate/GLints/dict_16_192_64_0p5_0p02_0005_0013.uasset" 5289
"../../../Engine/Content/EngineMaterials/Substrate/GLints/dict_16_192_64_0p5_0p02_0005_0000.uasset" 5290
"../../../Engine/Content/EngineMaterials/Substrate/GLints/dict_16_192_64_0p5_0p02_0005_0001.uasset" 5291
"/Engine/EngineMaterials/Substrate/GLints/dict_16_192_64_0p5_0p02_0005_0013" 5292
"/Engine/EngineMaterials/Substrate/GLints/dict_16_192_64_0p5_0p02_0005_0012" 5293
"/Engine/EngineMaterials/Substrate/GLints/dict_16_192_64_0p5_0p02_0005_0011" 5294
"/Engine/EngineMaterials/Substrate/GLints/dict_16_192_64_0p5_0p02_0005_0010" 5295
"/Engine/EngineMaterials/Substrate/GLints/dict_16_192_64_0p5_0p02_0005_0009" 5296
"/Engine/EngineMaterials/Substrate/GLints/dict_16_192_64_0p5_0p02_0005_0008" 5297
"/Engine/EngineMaterials/Substrate/GLints/dict_16_192_64_0p5_0p02_0005_0007" 5298
"/Engine/EngineMaterials/Substrate/GLints/dict_16_192_64_0p5_0p02_0005_0006" 5299
"/Engine/EngineMaterials/Substrate/GLints/dict_16_192_64_0p5_0p02_0005_0005" 5300
"/Engine/EngineMaterials/Substrate/GLints/dict_16_192_64_0p5_0p02_0005_0004" 5301
"/Engine/EngineMaterials/Substrate/GLints/dict_16_192_64_0p5_0p02_0005_0003" 5302
"/Engine/EngineMaterials/Substrate/GLints/dict_16_192_64_0p5_0p02_0005_0002" 5303
"/Engine/EngineMaterials/Substrate/GLints/dict_16_192_64_0p5_0p02_0005_0001" 5304
"/Engine/EngineMaterials/Substrate/GLints/dict_16_192_64_0p5_0p02_0005_0000" 5305
"/Engine/EngineMaterials/Substrate/GLints/dict_16_192_64_0p5_0p02_0004_0015" 5306
"/Engine/EngineMaterials/Substrate/GLints/dict_16_192_64_0p5_0p02_0004_0014" 5307
"/Engine/EngineMaterials/Substrate/GLints/dict_16_192_64_0p5_0p02_0004_0013" 5308
"/Engine/EngineMaterials/Substrate/GLints/dict_16_192_64_0p5_0p02_0004_0012" 5309
"/Engine/EngineMaterials/Substrate/GLints/dict_16_192_64_0p5_0p02_0004_0011" 5310
"/Engine/EngineMaterials/Substrate/GLints/dict_16_192_64_0p5_0p02_0004_0010" 5311
"/Engine/EngineMaterials/Substrate/GLints/dict_16_192_64_0p5_0p02_0004_0009" 5312
"/Engine/EngineMaterials/Substrate/GLints/dict_16_192_64_0p5_0p02_0004_0008" 5313
"/Engine/EngineMaterials/Substrate/GLints/dict_16_192_64_0p5_0p02_0004_0007" 5314
"/Engine/EngineMaterials/Substrate/GLints/dict_16_192_64_0p5_0p02_0004_0006" 5315
"/Engine/EngineMaterials/Substrate/GLints/dict_16_192_64_0p5_0p02_0004_0005" 5316
"/Engine/EngineMaterials/Substrate/GLints/dict_16_192_64_0p5_0p02_0004_0004" 5317
"/Engine/EngineMaterials/Substrate/GLints/dict_16_192_64_0p5_0p02_0004_0003" 5318
"/Engine/EngineMaterials/Substrate/GLints/dict_16_192_64_0p5_0p02_0004_0002" 5319
"/Engine/EngineMaterials/Substrate/GLints/dict_16_192_64_0p5_0p02_0004_0001" 5320
"/Engine/EngineMaterials/Substrate/GLints/dict_16_192_64_0p5_0p02_0004_0000" 5321
"/Engine/EngineMaterials/Substrate/GLints/dict_16_192_64_0p5_0p02_0003_0015" 5322
"/Engine/EngineMaterials/Substrate/GLints/dict_16_192_64_0p5_0p02_0003_0014" 5323
"../../../Engine/Content/EngineMaterials/Substrate/GLints/dict_16_192_64_0p5_0p02_0005_0014.uasset" 5324
"../../../Engine/Content/EngineMaterials/Substrate/GLints/dict_16_192_64_0p5_0p02_0005_0015.uasset" 5325
"../../../Engine/Content/EngineMaterials/Substrate/GLints/dict_16_192_64_0p5_0p02_0006_0003.uasset" 5326
"../../../Engine/Content/EngineMaterials/Substrate/GLints/dict_16_192_64_0p5_0p02_0006_0000.uasset" 5327
"../../../Engine/Content/EngineMaterials/Substrate/GLints/dict_16_192_64_0p5_0p02_0006_0004.uasset" 5328
"../../../Engine/Content/EngineMaterials/Substrate/GLints/dict_16_192_64_0p5_0p02_0006_0001.uasset" 5329
"../../../Engine/Content/EngineMaterials/Substrate/GLints/dict_16_192_64_0p5_0p02_0006_0007.uasset" 5330
"../../../Engine/Content/EngineMaterials/Substrate/GLints/dict_16_192_64_0p5_0p02_0006_0008.uasset" 5331
"../../../Engine/Content/EngineMaterials/Substrate/GLints/dict_16_192_64_0p5_0p02_0006_0005.uasset" 5332
"../../../Engine/Content/EngineMaterials/Substrate/GLints/dict_16_192_64_0p5_0p02_0006_0006.uasset" 5333
"../../../Engine/Content/EngineMaterials/Substrate/GLints/dict_16_192_64_0p5_0p02_0006_0009.uasset" 5334
"../../../Engine/Content/EngineMaterials/Substrate/GLints/dict_16_192_64_0p5_0p02_0006_0012.uasset" 5335
"../../../Engine/Content/EngineMaterials/Substrate/GLints/dict_16_192_64_0p5_0p02_0006_0014.uasset" 5336
"../../../Engine/Content/EngineMaterials/Substrate/GLints/dict_16_192_64_0p5_0p02_0006_0013.uasset" 5337
"../../../Engine/Content/EngineMaterials/Substrate/GLints/dict_16_192_64_0p5_0p02_0006_0015.uasset" 5338
"../../../Engine/Content/EngineMaterials/Substrate/GLints/dict_16_192_64_0p5_0p02_0007_0002.uasset" 5339
"../../../Engine/Content/EngineMaterials/Substrate/GLints/dict_16_192_64_0p5_0p02_0007_0004.uasset" 5340
"../../../Engine/Content/EngineMaterials/Substrate/GLints/dict_16_192_64_0p5_0p02_0006_0010.uasset" 5341
"../../../Engine/Content/EngineMaterials/Substrate/GLints/dict_16_192_64_0p5_0p02_0007_0001.uasset" 5342
"../../../Engine/Content/EngineMaterials/Substrate/GLints/dict_16_192_64_0p5_0p02_0006_0011.uasset" 5343
"../../../Engine/Content/EngineMaterials/Substrate/GLints/dict_16_192_64_0p5_0p02_0007_0006.uasset" 5344
"../../../Engine/Content/EngineMaterials/Substrate/GLints/dict_16_192_64_0p5_0p02_0007_0003.uasset" 5345
"../../../Engine/Content/EngineMaterials/Substrate/GLints/dict_16_192_64_0p5_0p02_0007_0000.uasset" 5346
"../../../Engine/Content/EngineMaterials/Substrate/GLints/dict_16_192_64_0p5_0p02_0007_0005.uasset" 5347
"../../../Engine/Content/EngineMaterials/Substrate/GLints/dict_16_192_64_0p5_0p02_0007_0008.uasset" 5348
"../../../Engine/Content/EngineMaterials/Substrate/GLints/dict_16_192_64_0p5_0p02_0007_0007.uasset" 5349
"../../../Engine/Content/EngineMaterials/Substrate/GLints/dict_16_192_64_0p5_0p02_0007_0009.uasset" 5350
"../../../Engine/Content/EngineMaterials/Substrate/GLints/dict_16_192_64_0p5_0p02_0007_0012.uasset" 5351
"../../../Engine/Content/EngineMaterials/Substrate/GLints/dict_16_192_64_0p5_0p02_0007_0010.uasset" 5352
"../../../Engine/Content/EngineMaterials/Substrate/GLints/dict_16_192_64_0p5_0p02_0007_0013.uasset" 5353
"../../../Engine/Content/EngineMaterials/Substrate/GLints/dict_16_192_64_0p5_0p02_0007_0011.uasset" 5354
"../../../Engine/Content/EngineMaterials/Substrate/GLints/dict_16_192_64_0p5_0p02_0006_0002.uasset" 5355
"/Engine/EngineMaterials/Substrate/GLints/dict_16_192_64_0p5_0p02_0007_0013" 5356
"/Engine/EngineMaterials/Substrate/GLints/dict_16_192_64_0p5_0p02_0007_0012" 5357
"/Engine/EngineMaterials/Substrate/GLints/dict_16_192_64_0p5_0p02_0007_0011" 5358
"/Engine/EngineMaterials/Substrate/GLints/dict_16_192_64_0p5_0p02_0007_0010" 5359
"/Engine/EngineMaterials/Substrate/GLints/dict_16_192_64_0p5_0p02_0007_0009" 5360
"/Engine/EngineMaterials/Substrate/GLints/dict_16_192_64_0p5_0p02_0007_0008" 5361
"/Engine/EngineMaterials/Substrate/GLints/dict_16_192_64_0p5_0p02_0007_0007" 5362
"/Engine/EngineMaterials/Substrate/GLints/dict_16_192_64_0p5_0p02_0007_0006" 5363
"/Engine/EngineMaterials/Substrate/GLints/dict_16_192_64_0p5_0p02_0007_0005" 5364
"/Engine/EngineMaterials/Substrate/GLints/dict_16_192_64_0p5_0p02_0007_0004" 5365
"/Engine/EngineMaterials/Substrate/GLints/dict_16_192_64_0p5_0p02_0007_0003" 5366
"/Engine/EngineMaterials/Substrate/GLints/dict_16_192_64_0p5_0p02_0007_0002" 5367
"/Engine/EngineMaterials/Substrate/GLints/dict_16_192_64_0p5_0p02_0007_0001" 5368
"/Engine/EngineMaterials/Substrate/GLints/dict_16_192_64_0p5_0p02_0007_0000" 5369
"/Engine/EngineMaterials/Substrate/GLints/dict_16_192_64_0p5_0p02_0006_0015" 5370
"/Engine/EngineMaterials/Substrate/GLints/dict_16_192_64_0p5_0p02_0006_0014" 5371
"/Engine/EngineMaterials/Substrate/GLints/dict_16_192_64_0p5_0p02_0006_0013" 5372
"/Engine/EngineMaterials/Substrate/GLints/dict_16_192_64_0p5_0p02_0006_0012" 5373
"/Engine/EngineMaterials/Substrate/GLints/dict_16_192_64_0p5_0p02_0006_0011" 5374
"/Engine/EngineMaterials/Substrate/GLints/dict_16_192_64_0p5_0p02_0006_0010" 5375
"/Engine/EngineMaterials/Substrate/GLints/dict_16_192_64_0p5_0p02_0006_0009" 5376
"/Engine/EngineMaterials/Substrate/GLints/dict_16_192_64_0p5_0p02_0006_0008" 5377
"/Engine/EngineMaterials/Substrate/GLints/dict_16_192_64_0p5_0p02_0006_0007" 5378
"/Engine/EngineMaterials/Substrate/GLints/dict_16_192_64_0p5_0p02_0006_0006" 5379
"/Engine/EngineMaterials/Substrate/GLints/dict_16_192_64_0p5_0p02_0006_0005" 5380
"/Engine/EngineMaterials/Substrate/GLints/dict_16_192_64_0p5_0p02_0006_0004" 5381
"/Engine/EngineMaterials/Substrate/GLints/dict_16_192_64_0p5_0p02_0006_0003" 5382
"/Engine/EngineMaterials/Substrate/GLints/dict_16_192_64_0p5_0p02_0006_0002" 5383
"/Engine/EngineMaterials/Substrate/GLints/dict_16_192_64_0p5_0p02_0006_0001" 5384
"/Engine/EngineMaterials/Substrate/GLints/dict_16_192_64_0p5_0p02_0006_0000" 5385
"/Engine/EngineMaterials/Substrate/GLints/dict_16_192_64_0p5_0p02_0005_0015" 5386
"/Engine/EngineMaterials/Substrate/GLints/dict_16_192_64_0p5_0p02_0005_0014" 5387
"../../../Engine/Content/EngineMaterials/Substrate/GLints/dict_16_192_64_0p5_0p02_0007_0014.uasset" 5388
"../../../Engine/Content/EngineMaterials/Substrate/GLints/dict_16_192_64_0p5_0p02_0007_0015.uasset" 5389
"../../../Engine/Content/EngineMaterials/Substrate/GLints/dict_16_192_64_0p5_0p02_0008_0000.uasset" 5390
"../../../Engine/Content/EngineMaterials/Substrate/GLints/dict_16_192_64_0p5_0p02_0008_0001.uasset" 5391
"../../../Engine/Content/EngineMaterials/Substrate/GLints/dict_16_192_64_0p5_0p02_0008_0002.uasset" 5392
"../../../Engine/Content/EngineMaterials/Substrate/GLints/dict_16_192_64_0p5_0p02_0008_0003.uasset" 5393
"../../../Engine/Content/EngineMaterials/Substrate/GLints/dict_16_192_64_0p5_0p02_0008_0006.uasset" 5394
"../../../Engine/Content/EngineMaterials/Substrate/GLints/dict_16_192_64_0p5_0p02_0008_0005.uasset" 5395
"../../../Engine/Content/EngineMaterials/Substrate/GLints/dict_16_192_64_0p5_0p02_0008_0009.uasset" 5396
"../../../Engine/Content/EngineMaterials/Substrate/GLints/dict_16_192_64_0p5_0p02_0008_0007.uasset" 5397
"../../../Engine/Content/EngineMaterials/Substrate/GLints/dict_16_192_64_0p5_0p02_0008_0010.uasset" 5398
"../../../Engine/Content/EngineMaterials/Substrate/GLints/dict_16_192_64_0p5_0p02_0008_0008.uasset" 5399
"../../../Engine/Content/EngineMaterials/Substrate/GLints/dict_16_192_64_0p5_0p02_0008_0004.uasset" 5400
"../../../Engine/Content/EngineMaterials/Substrate/GLints/dict_16_192_64_0p5_0p02_0008_0013.uasset" 5401
"../../../Engine/Content/EngineMaterials/Substrate/GLints/dict_16_192_64_0p5_0p02_0008_0011.uasset" 5402
"../../../Engine/Content/EngineMaterials/Substrate/GLints/dict_16_192_64_0p5_0p02_0008_0012.uasset" 5403
"../../../Engine/Content/EngineMaterials/Substrate/GLints/dict_16_192_64_0p5_0p02_0008_0014.uasset" 5404
"../../../Engine/Content/EngineMaterials/Substrate/GLints/dict_16_192_64_0p5_0p02_0008_0015.uasset" 5405
"../../../Engine/Content/EngineMaterials/Substrate/GLints/dict_16_192_64_0p5_0p02_0009_0000.uasset" 5406
"../../../Engine/Content/EngineMaterials/Substrate/GLints/dict_16_192_64_0p5_0p02_0009_0001.uasset" 5407
"../../../Engine/Content/EngineMaterials/Substrate/GLints/dict_16_192_64_0p5_0p02_0009_0002.uasset" 5408
"../../../Engine/Content/EngineMaterials/Substrate/GLints/dict_16_192_64_0p5_0p02_0009_0003.uasset" 5409
"../../../Engine/Content/EngineMaterials/Substrate/GLints/dict_16_192_64_0p5_0p02_0009_0006.uasset" 5410
"../../../Engine/Content/EngineMaterials/Substrate/GLints/dict_16_192_64_0p5_0p02_0009_0004.uasset" 5411
"../../../Engine/Content/EngineMaterials/Substrate/GLints/dict_16_192_64_0p5_0p02_0009_0007.uasset" 5412
"../../../Engine/Content/EngineMaterials/Substrate/GLints/dict_16_192_64_0p5_0p02_0009_0009.uasset" 5413
"../../../Engine/Content/EngineMaterials/Substrate/GLints/dict_16_192_64_0p5_0p02_0009_0005.uasset" 5414
"../../../Engine/Content/EngineMaterials/Substrate/GLints/dict_16_192_64_0p5_0p02_0009_0008.uasset" 5415
"../../../Engine/Content/EngineMaterials/Substrate/GLints/dict_16_192_64_0p5_0p02_0009_0010.uasset" 5416
"../../../Engine/Content/EngineMaterials/Substrate/GLints/dict_16_192_64_0p5_0p02_0009_0011.uasset" 5417
"../../../Engine/Content/EngineMaterials/Substrate/GLints/dict_16_192_64_0p5_0p02_0009_0013.uasset" 5418
"../../../Engine/Content/EngineMaterials/Substrate/GLints/dict_16_192_64_0p5_0p02_0009_0012.uasset" 5419
"/Engine/EngineMaterials/Substrate/GLints/dict_16_192_64_0p5_0p02_0009_0013" 5420
"/Engine/EngineMaterials/Substrate/GLints/dict_16_192_64_0p5_0p02_0009_0012" 5421
"/Engine/EngineMaterials/Substrate/GLints/dict_16_192_64_0p5_0p02_0009_0011" 5422
"/Engine/EngineMaterials/Substrate/GLints/dict_16_192_64_0p5_0p02_0009_0010" 5423
"/Engine/EngineMaterials/Substrate/GLints/dict_16_192_64_0p5_0p02_0009_0009" 5424
"/Engine/EngineMaterials/Substrate/GLints/dict_16_192_64_0p5_0p02_0009_0008" 5425
"/Engine/EngineMaterials/Substrate/GLints/dict_16_192_64_0p5_0p02_0009_0007" 5426
"/Engine/EngineMaterials/Substrate/GLints/dict_16_192_64_0p5_0p02_0009_0006" 5427
"/Engine/EngineMaterials/Substrate/GLints/dict_16_192_64_0p5_0p02_0009_0005" 5428
"/Engine/EngineMaterials/Substrate/GLints/dict_16_192_64_0p5_0p02_0009_0004" 5429
"/Engine/EngineMaterials/Substrate/GLints/dict_16_192_64_0p5_0p02_0009_0003" 5430
"/Engine/EngineMaterials/Substrate/GLints/dict_16_192_64_0p5_0p02_0009_0002" 5431
"/Engine/EngineMaterials/Substrate/GLints/dict_16_192_64_0p5_0p02_0009_0001" 5432
"/Engine/EngineMaterials/Substrate/GLints/dict_16_192_64_0p5_0p02_0009_0000" 5433
"/Engine/EngineMaterials/Substrate/GLints/dict_16_192_64_0p5_0p02_0008_0015" 5434
"/Engine/EngineMaterials/Substrate/GLints/dict_16_192_64_0p5_0p02_0008_0014" 5435
"/Engine/EngineMaterials/Substrate/GLints/dict_16_192_64_0p5_0p02_0008_0013" 5436
"/Engine/EngineMaterials/Substrate/GLints/dict_16_192_64_0p5_0p02_0008_0012" 5437
"/Engine/EngineMaterials/Substrate/GLints/dict_16_192_64_0p5_0p02_0008_0011" 5438
"/Engine/EngineMaterials/Substrate/GLints/dict_16_192_64_0p5_0p02_0008_0010" 5439
"/Engine/EngineMaterials/Substrate/GLints/dict_16_192_64_0p5_0p02_0008_0009" 5440
"/Engine/EngineMaterials/Substrate/GLints/dict_16_192_64_0p5_0p02_0008_0008" 5441
"/Engine/EngineMaterials/Substrate/GLints/dict_16_192_64_0p5_0p02_0008_0007" 5442
"/Engine/EngineMaterials/Substrate/GLints/dict_16_192_64_0p5_0p02_0008_0006" 5443
"/Engine/EngineMaterials/Substrate/GLints/dict_16_192_64_0p5_0p02_0008_0005" 5444
"/Engine/EngineMaterials/Substrate/GLints/dict_16_192_64_0p5_0p02_0008_0004" 5445
"/Engine/EngineMaterials/Substrate/GLints/dict_16_192_64_0p5_0p02_0008_0003" 5446
"/Engine/EngineMaterials/Substrate/GLints/dict_16_192_64_0p5_0p02_0008_0002" 5447
"/Engine/EngineMaterials/Substrate/GLints/dict_16_192_64_0p5_0p02_0008_0001" 5448
"/Engine/EngineMaterials/Substrate/GLints/dict_16_192_64_0p5_0p02_0008_0000" 5449
"/Engine/EngineMaterials/Substrate/GLints/dict_16_192_64_0p5_0p02_0007_0015" 5450
"/Engine/EngineMaterials/Substrate/GLints/dict_16_192_64_0p5_0p02_0007_0014" 5451
"../../../Engine/Content/EngineMaterials/Substrate/GLints/dict_16_192_64_0p5_0p02_0009_0015.uasset" 5452
"../../../Engine/Content/EngineMaterials/Substrate/GLints/dict_16_192_64_0p5_0p02_0010_0000.uasset" 5453
"../../../Engine/Content/EngineMaterials/Substrate/GLints/dict_16_192_64_0p5_0p02_0009_0014.uasset" 5454
"../../../Engine/Content/EngineMaterials/Substrate/GLints/dict_16_192_64_0p5_0p02_0010_0001.uasset" 5455
"../../../Engine/Content/EngineMaterials/Substrate/GLints/dict_16_192_64_0p5_0p02_0010_0002.uasset" 5456
"../../../Engine/Content/EngineMaterials/Substrate/GLints/dict_16_192_64_0p5_0p02_0010_0004.uasset" 5457
"../../../Engine/Content/EngineMaterials/Substrate/GLints/dict_16_192_64_0p5_0p02_0010_0003.uasset" 5458
"../../../Engine/Content/EngineMaterials/Substrate/GLints/dict_16_192_64_0p5_0p02_0010_0009.uasset" 5459
"../../../Engine/Content/EngineMaterials/Substrate/GLints/dict_16_192_64_0p5_0p02_0010_0005.uasset" 5460
"../../../Engine/Content/EngineMaterials/Substrate/GLints/dict_16_192_64_0p5_0p02_0010_0010.uasset" 5461
"../../../Engine/Content/EngineMaterials/Substrate/GLints/dict_16_192_64_0p5_0p02_0010_0007.uasset" 5462
"../../../Engine/Content/EngineMaterials/Substrate/GLints/dict_16_192_64_0p5_0p02_0010_0008.uasset" 5463
"../../../Engine/Content/EngineMaterials/Substrate/GLints/dict_16_192_64_0p5_0p02_0010_0006.uasset" 5464
"../../../Engine/Content/EngineMaterials/Substrate/GLints/dict_16_192_64_0p5_0p02_0010_0011.uasset" 5465
"../../../Engine/Content/EngineMaterials/Substrate/GLints/dict_16_192_64_0p5_0p02_0010_0012.uasset" 5466
"../../../Engine/Content/EngineMaterials/Substrate/GLints/dict_16_192_64_0p5_0p02_0010_0013.uasset" 5467
"/Engine/EngineMaterials/Substrate/GLints/dict_16_192_64_0p5_0p02_0010_0012" 5468
"../../../Engine/Content/EngineMaterials/Substrate/GLints/dict_16_192_64_0p5_0p02_0010_0014.uasset" 5469
"../../../Engine/Content/EngineMaterials/Substrate/GLints/dict_16_192_64_0p5_0p02_0010_0015.uasset" 5470
"../../../Engine/Content/EngineMaterials/Substrate/GLints/dict_16_192_64_0p5_0p02_0011_0000.uasset" 5471
"../../../Engine/Content/EngineMaterials/Substrate/GLints/dict_16_192_64_0p5_0p02_0011_0002.uasset" 5472
"../../../Engine/Content/EngineMaterials/Substrate/GLints/dict_16_192_64_0p5_0p02_0011_0001.uasset" 5473
"../../../Engine/Content/EngineMaterials/Substrate/GLints/dict_16_192_64_0p5_0p02_0011_0003.uasset" 5474
"../../../Engine/Content/EngineMaterials/Substrate/GLints/dict_16_192_64_0p5_0p02_0011_0005.uasset" 5475
"../../../Engine/Content/EngineMaterials/Substrate/GLints/dict_16_192_64_0p5_0p02_0011_0004.uasset" 5476
"../../../Engine/Content/EngineMaterials/Substrate/GLints/dict_16_192_64_0p5_0p02_0011_0006.uasset" 5477
"../../../Engine/Content/EngineMaterials/Substrate/GLints/dict_16_192_64_0p5_0p02_0011_0007.uasset" 5478
"../../../Engine/Content/EngineMaterials/Substrate/GLints/dict_16_192_64_0p5_0p02_0011_0008.uasset" 5479
"../../../Engine/Content/EngineMaterials/Substrate/GLints/dict_16_192_64_0p5_0p02_0011_0009.uasset" 5480
"../../../Engine/Content/EngineMaterials/Substrate/GLints/dict_16_192_64_0p5_0p02_0011_0010.uasset" 5481
"/Engine/EngineMaterials/Substrate/GLints/dict_16_192_64_0p5_0p02_0010_0011" 5482
"../../../Engine/Content/EngineMaterials/Substrate/GLints/dict_16_192_64_0p5_0p02_0011_0011.uasset" 5483
"../../../Engine/Content/EngineMaterials/Substrate/GLints/dict_16_192_64_0p5_0p02_0011_0012.uasset" 5484
"../../../Engine/Content/EngineMaterials/Substrate/GLints/dict_16_192_64_0p5_0p02_0011_0013.uasset" 5485
"/Engine/EngineMaterials/Substrate/GLints/dict_16_192_64_0p5_0p02_0010_0010" 5486
"/Engine/EngineMaterials/Substrate/GLints/dict_16_192_64_0p5_0p02_0010_0009" 5487
"/Engine/EngineMaterials/Substrate/GLints/dict_16_192_64_0p5_0p02_0010_0008" 5488
"/Engine/EngineMaterials/Substrate/GLints/dict_16_192_64_0p5_0p02_0010_0007" 5489
"/Engine/EngineMaterials/Substrate/GLints/dict_16_192_64_0p5_0p02_0010_0006" 5490
"/Engine/EngineMaterials/Substrate/GLints/dict_16_192_64_0p5_0p02_0010_0005" 5491
"/Engine/EngineMaterials/Substrate/GLints/dict_16_192_64_0p5_0p02_0010_0004" 5492
"/Engine/EngineMaterials/Substrate/GLints/dict_16_192_64_0p5_0p02_0010_0003" 5493
"/Engine/EngineMaterials/Substrate/GLints/dict_16_192_64_0p5_0p02_0010_0002" 5494
"/Engine/EngineMaterials/Substrate/GLints/dict_16_192_64_0p5_0p02_0010_0001" 5495
"/Engine/EngineMaterials/Substrate/GLints/dict_16_192_64_0p5_0p02_0010_0000" 5496
"/Engine/EngineMaterials/Substrate/GLints/dict_16_192_64_0p5_0p02_0009_0015" 5497
"/Engine/EngineMaterials/Substrate/GLints/dict_16_192_64_0p5_0p02_0009_0014" 5498
"/Engine/EngineMaterials/Substrate/GLints/dict_16_192_64_0p5_0p02_0011_0013" 5499
"../../../Engine/Content/EngineMaterials/Substrate/GLints/dict_16_192_64_0p5_0p02_0011_0014.uasset" 5500
"../../../Engine/Content/EngineMaterials/Substrate/GLints/dict_16_192_64_0p5_0p02_0011_0015.uasset" 5501
"../../../Engine/Content/EngineMaterials/Substrate/GLints/dict_16_192_64_0p5_0p02_0012_0000.uasset" 5502
"/Engine/EngineMaterials/Substrate/GLints/dict_16_192_64_0p5_0p02_0011_0012" 5503
"../../../Engine/Content/EngineMaterials/Substrate/GLints/dict_16_192_64_0p5_0p02_0012_0001.uasset" 5504
"../../../Engine/Content/EngineMaterials/Substrate/GLints/dict_16_192_64_0p5_0p02_0012_0002.uasset" 5505
"../../../Engine/Content/EngineMaterials/Substrate/GLints/dict_16_192_64_0p5_0p02_0012_0004.uasset" 5506
"../../../Engine/Content/EngineMaterials/Substrate/GLints/dict_16_192_64_0p5_0p02_0012_0003.uasset" 5507
"../../../Engine/Content/EngineMaterials/Substrate/GLints/dict_16_192_64_0p5_0p02_0012_0005.uasset" 5508
"../../../Engine/Content/EngineMaterials/Substrate/GLints/dict_16_192_64_0p5_0p02_0012_0006.uasset" 5509
"../../../Engine/Content/EngineMaterials/Substrate/GLints/dict_16_192_64_0p5_0p02_0012_0008.uasset" 5510
"../../../Engine/Content/EngineMaterials/Substrate/GLints/dict_16_192_64_0p5_0p02_0012_0009.uasset" 5511
"../../../Engine/Content/EngineMaterials/Substrate/GLints/dict_16_192_64_0p5_0p02_0012_0007.uasset" 5512
"../../../Engine/Content/EngineMaterials/Substrate/GLints/dict_16_192_64_0p5_0p02_0012_0010.uasset" 5513
"../../../Engine/Content/EngineMaterials/Substrate/GLints/dict_16_192_64_0p5_0p02_0012_0012.uasset" 5514
"../../../Engine/Content/EngineMaterials/Substrate/GLints/dict_16_192_64_0p5_0p02_0012_0011.uasset" 5515
"/Engine/EngineMaterials/Substrate/GLints/dict_16_192_64_0p5_0p02_0011_0011" 5516
"/Engine/EngineMaterials/Substrate/GLints/dict_16_192_64_0p5_0p02_0011_0010" 5517
"/Engine/EngineMaterials/Substrate/GLints/dict_16_192_64_0p5_0p02_0011_0009" 5518
"/Engine/EngineMaterials/Substrate/GLints/dict_16_192_64_0p5_0p02_0011_0008" 5519
"/Engine/EngineMaterials/Substrate/GLints/dict_16_192_64_0p5_0p02_0011_0007" 5520
"/Engine/EngineMaterials/Substrate/GLints/dict_16_192_64_0p5_0p02_0011_0006" 5521
"/Engine/EngineMaterials/Substrate/GLints/dict_16_192_64_0p5_0p02_0011_0005" 5522
"/Engine/EngineMaterials/Substrate/GLints/dict_16_192_64_0p5_0p02_0011_0004" 5523
"/Engine/EngineMaterials/Substrate/GLints/dict_16_192_64_0p5_0p02_0011_0003" 5524
"/Engine/EngineMaterials/Substrate/GLints/dict_16_192_64_0p5_0p02_0011_0002" 5525
"/Engine/EngineMaterials/Substrate/GLints/dict_16_192_64_0p5_0p02_0011_0001" 5526
"/Engine/EngineMaterials/Substrate/GLints/dict_16_192_64_0p5_0p02_0011_0000" 5527
"/Engine/EngineMaterials/Substrate/GLints/dict_16_192_64_0p5_0p02_0010_0015" 5528
"/Engine/EngineMaterials/Substrate/GLints/dict_16_192_64_0p5_0p02_0010_0014" 5529
"/Engine/EngineMaterials/Substrate/GLints/dict_16_192_64_0p5_0p02_0010_0013" 5530
"/Engine/EngineMaterials/Substrate/GLints/dict_16_192_64_0p5_0p02_0012_0012" 5531
"../../../Engine/Content/EngineMaterials/Substrate/GLints/dict_16_192_64_0p5_0p02_0012_0013.uasset" 5532
"../../../Engine/Content/EngineMaterials/Substrate/GLints/dict_16_192_64_0p5_0p02_0012_0014.uasset" 5533
"../../../Engine/Content/EngineMaterials/Substrate/GLints/dict_16_192_64_0p5_0p02_0013_0000.uasset" 5534
"../../../Engine/Content/EngineMaterials/Substrate/GLints/dict_16_192_64_0p5_0p02_0012_0015.uasset" 5535
"/Engine/EngineMaterials/Substrate/GLints/dict_16_192_64_0p5_0p02_0012_0011" 5536
"../../../Engine/Content/EngineMaterials/Substrate/GLints/dict_16_192_64_0p5_0p02_0013_0001.uasset" 5537
"../../../Engine/Content/EngineMaterials/Substrate/GLints/dict_16_192_64_0p5_0p02_0013_0004.uasset" 5538
"../../../Engine/Content/EngineMaterials/Substrate/GLints/dict_16_192_64_0p5_0p02_0013_0002.uasset" 5539
"../../../Engine/Content/EngineMaterials/Substrate/GLints/dict_16_192_64_0p5_0p02_0013_0008.uasset" 5540
"../../../Engine/Content/EngineMaterials/Substrate/GLints/dict_16_192_64_0p5_0p02_0013_0005.uasset" 5541
"../../../Engine/Content/EngineMaterials/Substrate/GLints/dict_16_192_64_0p5_0p02_0013_0006.uasset" 5542
"../../../Engine/Content/EngineMaterials/Substrate/GLints/dict_16_192_64_0p5_0p02_0013_0009.uasset" 5543
"../../../Engine/Content/EngineMaterials/Substrate/GLints/dict_16_192_64_0p5_0p02_0013_0007.uasset" 5544
"../../../Engine/Content/EngineMaterials/Substrate/GLints/dict_16_192_64_0p5_0p02_0013_0003.uasset" 5545
"../../../Engine/Content/EngineMaterials/Substrate/GLints/dict_16_192_64_0p5_0p02_0013_0011.uasset" 5546
"../../../Engine/Content/EngineMaterials/Substrate/GLints/dict_16_192_64_0p5_0p02_0013_0010.uasset" 5547
"../../../Engine/Content/EngineMaterials/Substrate/GLints/dict_16_192_64_0p5_0p02_0013_0013.uasset" 5548
"../../../Engine/Content/EngineMaterials/Substrate/GLints/dict_16_192_64_0p5_0p02_0013_0012.uasset" 5549
"/Engine/EngineMaterials/Substrate/GLints/dict_16_192_64_0p5_0p02_0012_0010" 5550
"/Engine/EngineMaterials/Substrate/GLints/dict_16_192_64_0p5_0p02_0012_0009" 5551
"/Engine/EngineMaterials/Substrate/GLints/dict_16_192_64_0p5_0p02_0012_0008" 5552
"/Engine/EngineMaterials/Substrate/GLints/dict_16_192_64_0p5_0p02_0012_0007" 5553
"/Engine/EngineMaterials/Substrate/GLints/dict_16_192_64_0p5_0p02_0012_0006" 5554
"/Engine/EngineMaterials/Substrate/GLints/dict_16_192_64_0p5_0p02_0012_0005" 5555
"/Engine/EngineMaterials/Substrate/GLints/dict_16_192_64_0p5_0p02_0012_0004" 5556
"/Engine/EngineMaterials/Substrate/GLints/dict_16_192_64_0p5_0p02_0012_0003" 5557
"/Engine/EngineMaterials/Substrate/GLints/dict_16_192_64_0p5_0p02_0012_0002" 5558
"/Engine/EngineMaterials/Substrate/GLints/dict_16_192_64_0p5_0p02_0012_0001" 5559
"/Engine/EngineMaterials/Substrate/GLints/dict_16_192_64_0p5_0p02_0012_0000" 5560
"/Engine/EngineMaterials/Substrate/GLints/dict_16_192_64_0p5_0p02_0011_0015" 5561
"/Engine/EngineMaterials/Substrate/GLints/dict_16_192_64_0p5_0p02_0011_0014" 5562
"/Engine/EngineMaterials/Substrate/GLints/dict_16_192_64_0p5_0p02_0013_0013" 5563
"../../../Engine/Content/EngineMaterials/Substrate/GLints/dict_16_192_64_0p5_0p02_0013_0014.uasset" 5564
"../../../Engine/Content/EngineMaterials/Substrate/GLints/dict_16_192_64_0p5_0p02_0013_0015.uasset" 5565
"../../../Engine/Content/EngineMaterials/Substrate/GLints/dict_16_192_64_0p5_0p02_0014_0000.uasset" 5566
"../../../Engine/Content/EngineMaterials/Substrate/GLints/dict_16_192_64_0p5_0p02_0014_0001.uasset" 5567
"../../../Engine/Content/EngineMaterials/Substrate/GLints/dict_16_192_64_0p5_0p02_0014_0003.uasset" 5568
"../../../Engine/Content/EngineMaterials/Substrate/GLints/dict_16_192_64_0p5_0p02_0014_0002.uasset" 5569
"/Engine/EngineMaterials/Substrate/GLints/dict_16_192_64_0p5_0p02_0013_0012" 5570
"../../../Engine/Content/EngineMaterials/Substrate/GLints/dict_16_192_64_0p5_0p02_0014_0004.uasset" 5571
"../../../Engine/Content/EngineMaterials/Substrate/GLints/dict_16_192_64_0p5_0p02_0014_0006.uasset" 5572
"../../../Engine/Content/EngineMaterials/Substrate/GLints/dict_16_192_64_0p5_0p02_0014_0011.uasset" 5573
"../../../Engine/Content/EngineMaterials/Substrate/GLints/dict_16_192_64_0p5_0p02_0014_0012.uasset" 5574
"../../../Engine/Content/EngineMaterials/Substrate/GLints/dict_16_192_64_0p5_0p02_0014_0007.uasset" 5575
"../../../Engine/Content/EngineMaterials/Substrate/GLints/dict_16_192_64_0p5_0p02_0014_0010.uasset" 5576
"../../../Engine/Content/EngineMaterials/Substrate/GLints/dict_16_192_64_0p5_0p02_0014_0008.uasset" 5577
"../../../Engine/Content/EngineMaterials/Substrate/GLints/dict_16_192_64_0p5_0p02_0014_0009.uasset" 5578
"../../../Engine/Content/EngineMaterials/Substrate/GLints/dict_16_192_64_0p5_0p02_0014_0005.uasset" 5579
"/Engine/EngineMaterials/Substrate/GLints/dict_16_192_64_0p5_0p02_0013_0011" 5580
"/Engine/EngineMaterials/Substrate/GLints/dict_16_192_64_0p5_0p02_0013_0010" 5581
"/Engine/EngineMaterials/Substrate/GLints/dict_16_192_64_0p5_0p02_0013_0009" 5582
"/Engine/EngineMaterials/Substrate/GLints/dict_16_192_64_0p5_0p02_0013_0008" 5583
"/Engine/EngineMaterials/Substrate/GLints/dict_16_192_64_0p5_0p02_0013_0007" 5584
"/Engine/EngineMaterials/Substrate/GLints/dict_16_192_64_0p5_0p02_0013_0006" 5585
"/Engine/EngineMaterials/Substrate/GLints/dict_16_192_64_0p5_0p02_0013_0005" 5586
"/Engine/EngineMaterials/Substrate/GLints/dict_16_192_64_0p5_0p02_0013_0004" 5587
"/Engine/EngineMaterials/Substrate/GLints/dict_16_192_64_0p5_0p02_0013_0003" 5588
"/Engine/EngineMaterials/Substrate/GLints/dict_16_192_64_0p5_0p02_0013_0002" 5589
"/Engine/EngineMaterials/Substrate/GLints/dict_16_192_64_0p5_0p02_0013_0001" 5590
"/Engine/EngineMaterials/Substrate/GLints/dict_16_192_64_0p5_0p02_0013_0000" 5591
"/Engine/EngineMaterials/Substrate/GLints/dict_16_192_64_0p5_0p02_0012_0015" 5592
"/Engine/EngineMaterials/Substrate/GLints/dict_16_192_64_0p5_0p02_0012_0014" 5593
"/Engine/EngineMaterials/Substrate/GLints/dict_16_192_64_0p5_0p02_0012_0013" 5594
"/Engine/EngineMaterials/Substrate/GLints/dict_16_192_64_0p5_0p02_0014_0012" 5595
"../../../Engine/Content/EngineMaterials/Substrate/GLints/dict_16_192_64_0p5_0p02_0014_0013.uasset" 5596
"../../../Engine/Content/EngineMaterials/Substrate/GLints/dict_16_192_64_0p5_0p02_0014_0014.uasset" 5597
"../../../Engine/Content/EngineMaterials/Substrate/GLints/dict_16_192_64_0p5_0p02_0014_0015.uasset" 5598
"../../../Engine/Content/EngineMaterials/Substrate/GLints/dict_16_192_64_0p5_0p02_0015_0000.uasset" 5599
"../../../Engine/Content/EngineMaterials/Substrate/GLints/dict_16_192_64_0p5_0p02_0015_0001.uasset" 5600
"../../../Engine/Content/EngineMaterials/Substrate/GLints/dict_16_192_64_0p5_0p02_0015_0002.uasset" 5601
"/Engine/EngineMaterials/Substrate/GLints/dict_16_192_64_0p5_0p02_0014_0011" 5602
"../../../Engine/Content/EngineMaterials/Substrate/GLints/dict_16_192_64_0p5_0p02_0015_0006.uasset" 5603
"../../../Engine/Content/EngineMaterials/Substrate/GLints/dict_16_192_64_0p5_0p02_0015_0008.uasset" 5604
"../../../Engine/Content/EngineMaterials/Substrate/GLints/dict_16_192_64_0p5_0p02_0015_0005.uasset" 5605
"../../../Engine/Content/EngineMaterials/Substrate/GLints/dict_16_192_64_0p5_0p02_0015_0003.uasset" 5606
"../../../Engine/Content/EngineMaterials/Substrate/GLints/dict_16_192_64_0p5_0p02_0015_0004.uasset" 5607
"../../../Engine/Content/EngineMaterials/Substrate/GLints/dict_16_192_64_0p5_0p02_0015_0009.uasset" 5608
"../../../Engine/Content/EngineMaterials/Substrate/GLints/dict_16_192_64_0p5_0p02_0015_0007.uasset" 5609
"../../../Engine/Content/EngineMaterials/Substrate/GLints/dict_16_192_64_0p5_0p02_0015_0010.uasset" 5610
"../../../Engine/Content/EngineMaterials/Substrate/GLints/dict_16_192_64_0p5_0p02_0015_0012.uasset" 5611
"../../../Engine/Content/EngineMaterials/Substrate/GLints/dict_16_192_64_0p5_0p02_0015_0011.uasset" 5612
"../../../Engine/Content/EngineMaterials/Substrate/GLints/dict_16_192_64_0p5_0p02_0015_0013.uasset" 5613
"/Engine/EngineMaterials/Substrate/GLints/dict_16_192_64_0p5_0p02_0014_0010" 5614
"/Engine/EngineMaterials/Substrate/GLints/dict_16_192_64_0p5_0p02_0014_0009" 5615
"/Engine/EngineMaterials/Substrate/GLints/dict_16_192_64_0p5_0p02_0014_0008" 5616
"/Engine/EngineMaterials/Substrate/GLints/dict_16_192_64_0p5_0p02_0014_0007" 5617
"/Engine/EngineMaterials/Substrate/GLints/dict_16_192_64_0p5_0p02_0014_0006" 5618
"/Engine/EngineMaterials/Substrate/GLints/dict_16_192_64_0p5_0p02_0014_0005" 5619
"/Engine/EngineMaterials/Substrate/GLints/dict_16_192_64_0p5_0p02_0014_0004" 5620
"/Engine/EngineMaterials/Substrate/GLints/dict_16_192_64_0p5_0p02_0014_0003" 5621
"/Engine/EngineMaterials/Substrate/GLints/dict_16_192_64_0p5_0p02_0014_0002" 5622
"/Engine/EngineMaterials/Substrate/GLints/dict_16_192_64_0p5_0p02_0014_0001" 5623
"/Engine/EngineMaterials/Substrate/GLints/dict_16_192_64_0p5_0p02_0014_0000" 5624
"/Engine/EngineMaterials/Substrate/GLints/dict_16_192_64_0p5_0p02_0013_0015" 5625
"/Engine/EngineMaterials/Substrate/GLints/dict_16_192_64_0p5_0p02_0013_0014" 5626
"/Engine/EngineMaterials/Substrate/GLints/dict_16_192_64_0p5_0p02_0015_0013" 5627
"../../../Engine/Content/EngineMaterials/Substrate/GLints/dict_16_192_64_0p5_0p02_0015_0014.uasset" 5628
"../../../Engine/Content/EngineMaterials/Substrate/GLints/dict_16_192_64_0p5_0p02_0015_0015.uasset" 5629
"../../../Engine/Content/EngineMaterials/Substrate/GLints/dict_16_192_64_0p5_0p02_0016_0000.uasset" 5630
"../../../Engine/Content/EngineMaterials/Substrate/GLints/dict_16_192_64_0p5_0p02_0016_0001.uasset" 5631
"../../../Engine/Content/EngineMaterials/Substrate/GLints/dict_16_192_64_0p5_0p02_0016_0002.uasset" 5632
"../../../Engine/Content/EngineMaterials/Substrate/GLints/dict_16_192_64_0p5_0p02_0016_0004.uasset" 5633
"../../../Engine/Content/EngineMaterials/Substrate/GLints/dict_16_192_64_0p5_0p02_0016_0006.uasset" 5634
"/Engine/EngineMaterials/Substrate/GLints/dict_16_192_64_0p5_0p02_0015_0012" 5635
"../../../Engine/Content/EngineMaterials/Substrate/GLints/dict_16_192_64_0p5_0p02_0016_0007.uasset" 5636
"../../../Engine/Content/EngineMaterials/Substrate/GLints/dict_16_192_64_0p5_0p02_0016_0003.uasset" 5637
"../../../Engine/Content/EngineMaterials/Substrate/GLints/dict_16_192_64_0p5_0p02_0016_0010.uasset" 5638
"../../../Engine/Content/EngineMaterials/Substrate/GLints/dict_16_192_64_0p5_0p02_0016_0009.uasset" 5639
"../../../Engine/Content/EngineMaterials/Substrate/GLints/dict_16_192_64_0p5_0p02_0016_0005.uasset" 5640
"../../../Engine/Content/EngineMaterials/Substrate/GLints/dict_16_192_64_0p5_0p02_0016_0012.uasset" 5641
"../../../Engine/Content/EngineMaterials/Substrate/GLints/dict_16_192_64_0p5_0p02_0016_0011.uasset" 5642
"../../../Engine/Content/EngineMaterials/Substrate/GLints/dict_16_192_64_0p5_0p02_0016_0008.uasset" 5643
"/Engine/EngineMaterials/Substrate/GLints/dict_16_192_64_0p5_0p02_0015_0011" 5644
"/Engine/EngineMaterials/Substrate/GLints/dict_16_192_64_0p5_0p02_0015_0010" 5645
"/Engine/EngineMaterials/Substrate/GLints/dict_16_192_64_0p5_0p02_0015_0009" 5646
"/Engine/EngineMaterials/Substrate/GLints/dict_16_192_64_0p5_0p02_0015_0008" 5647
"/Engine/EngineMaterials/Substrate/GLints/dict_16_192_64_0p5_0p02_0015_0007" 5648
"/Engine/EngineMaterials/Substrate/GLints/dict_16_192_64_0p5_0p02_0015_0006" 5649
"/Engine/EngineMaterials/Substrate/GLints/dict_16_192_64_0p5_0p02_0015_0005" 5650
"/Engine/EngineMaterials/Substrate/GLints/dict_16_192_64_0p5_0p02_0015_0004" 5651
"/Engine/EngineMaterials/Substrate/GLints/dict_16_192_64_0p5_0p02_0015_0003" 5652
"/Engine/EngineMaterials/Substrate/GLints/dict_16_192_64_0p5_0p02_0015_0002" 5653
"/Engine/EngineMaterials/Substrate/GLints/dict_16_192_64_0p5_0p02_0015_0001" 5654
"/Engine/EngineMaterials/Substrate/GLints/dict_16_192_64_0p5_0p02_0015_0000" 5655
"/Engine/EngineMaterials/Substrate/GLints/dict_16_192_64_0p5_0p02_0014_0015" 5656
"/Engine/EngineMaterials/Substrate/GLints/dict_16_192_64_0p5_0p02_0014_0014" 5657
"/Engine/EngineMaterials/Substrate/GLints/dict_16_192_64_0p5_0p02_0014_0013" 5658
"/Engine/EngineMaterials/Substrate/GLints/dict_16_192_64_0p5_0p02_0016_0012" 5659
"../../../Engine/Content/EngineMaterials/Substrate/GLints/dict_16_192_64_0p5_0p02_0016_0013.uasset" 5660
"../../../Engine/Content/EngineMaterials/Substrate/GLints/dict_16_192_64_0p5_0p02_0016_0014.uasset" 5661
"../../../Engine/Content/EngineMaterials/Substrate/GLints/dict_16_192_64_0p5_0p02_0016_0015.uasset" 5662
"../../../Engine/Content/EngineMaterials/Substrate/GLints/dict_16_192_64_0p5_0p02_0017_0000.uasset" 5663
"../../../Engine/Content/EngineMaterials/Substrate/GLints/dict_16_192_64_0p5_0p02_0017_0001.uasset" 5664
"../../../Engine/Content/EngineMaterials/Substrate/GLints/dict_16_192_64_0p5_0p02_0017_0002.uasset" 5665
"/Engine/EngineMaterials/Substrate/GLints/dict_16_192_64_0p5_0p02_0016_0011" 5666
"../../../Engine/Content/EngineMaterials/Substrate/GLints/dict_16_192_64_0p5_0p02_0017_0003.uasset" 5667
"../../../Engine/Content/EngineMaterials/Substrate/GLints/dict_16_192_64_0p5_0p02_0017_0006.uasset" 5668
"../../../Engine/Content/EngineMaterials/Substrate/GLints/dict_16_192_64_0p5_0p02_0017_0008.uasset" 5669
"../../../Engine/Content/EngineMaterials/Substrate/GLints/dict_16_192_64_0p5_0p02_0017_0009.uasset" 5670
"../../../Engine/Content/EngineMaterials/Substrate/GLints/dict_16_192_64_0p5_0p02_0017_0007.uasset" 5671
"../../../Engine/Content/EngineMaterials/Substrate/GLints/dict_16_192_64_0p5_0p02_0017_0004.uasset" 5672
"../../../Engine/Content/EngineMaterials/Substrate/GLints/dict_16_192_64_0p5_0p02_0017_0005.uasset" 5673
"../../../Engine/Content/EngineMaterials/Substrate/GLints/dict_16_192_64_0p5_0p02_0017_0010.uasset" 5674
"../../../Engine/Content/EngineMaterials/Substrate/GLints/dict_16_192_64_0p5_0p02_0017_0011.uasset" 5675
"../../../Engine/Content/EngineMaterials/Substrate/GLints/dict_16_192_64_0p5_0p02_0017_0013.uasset" 5676
"../../../Engine/Content/EngineMaterials/Substrate/GLints/dict_16_192_64_0p5_0p02_0017_0012.uasset" 5677
"/Engine/EngineMaterials/Substrate/GLints/dict_16_192_64_0p5_0p02_0016_0010" 5678
"/Engine/EngineMaterials/Substrate/GLints/dict_16_192_64_0p5_0p02_0016_0009" 5679
"/Engine/EngineMaterials/Substrate/GLints/dict_16_192_64_0p5_0p02_0016_0008" 5680
"/Engine/EngineMaterials/Substrate/GLints/dict_16_192_64_0p5_0p02_0016_0007" 5681
"/Engine/EngineMaterials/Substrate/GLints/dict_16_192_64_0p5_0p02_0016_0006" 5682
"/Engine/EngineMaterials/Substrate/GLints/dict_16_192_64_0p5_0p02_0016_0005" 5683
"/Engine/EngineMaterials/Substrate/GLints/dict_16_192_64_0p5_0p02_0016_0004" 5684
"/Engine/EngineMaterials/Substrate/GLints/dict_16_192_64_0p5_0p02_0016_0003" 5685
"/Engine/EngineMaterials/Substrate/GLints/dict_16_192_64_0p5_0p02_0016_0002" 5686
"/Engine/EngineMaterials/Substrate/GLints/dict_16_192_64_0p5_0p02_0016_0001" 5687
"/Engine/EngineMaterials/Substrate/GLints/dict_16_192_64_0p5_0p02_0016_0000" 5688
"/Engine/EngineMaterials/Substrate/GLints/dict_16_192_64_0p5_0p02_0015_0015" 5689
"/Engine/EngineMaterials/Substrate/GLints/dict_16_192_64_0p5_0p02_0015_0014" 5690
"/Engine/EngineMaterials/Substrate/GLints/dict_16_192_64_0p5_0p02_0017_0013" 5691
"../../../Engine/Content/EngineMaterials/Substrate/GLints/dict_16_192_64_0p5_0p02_0017_0014.uasset" 5692
"../../../Engine/Content/EngineMaterials/Substrate/GLints/dict_16_192_64_0p5_0p02_0017_0015.uasset" 5693
"../../../Engine/Content/EngineMaterials/Substrate/GLints/dict_16_192_64_0p5_0p02_0018_0000.uasset" 5694
"../../../Engine/Content/EngineMaterials/Substrate/GLints/dict_16_192_64_0p5_0p02_0018_0001.uasset" 5695
"../../../Engine/Content/EngineMaterials/Substrate/GLints/dict_16_192_64_0p5_0p02_0018_0002.uasset" 5696
"../../../Engine/Content/EngineMaterials/Substrate/GLints/dict_16_192_64_0p5_0p02_0018_0004.uasset" 5697
"../../../Engine/Content/EngineMaterials/Substrate/GLints/dict_16_192_64_0p5_0p02_0018_0003.uasset" 5698
"/Engine/EngineMaterials/Substrate/GLints/dict_16_192_64_0p5_0p02_0017_0012" 5699
"../../../Engine/Content/EngineMaterials/Substrate/GLints/dict_16_192_64_0p5_0p02_0018_0008.uasset" 5700
"../../../Engine/Content/EngineMaterials/Substrate/GLints/dict_16_192_64_0p5_0p02_0018_0009.uasset" 5701
"../../../Engine/Content/EngineMaterials/Substrate/GLints/dict_16_192_64_0p5_0p02_0018_0010.uasset" 5702
"../../../Engine/Content/EngineMaterials/Substrate/GLints/dict_16_192_64_0p5_0p02_0018_0005.uasset" 5703
"../../../Engine/Content/EngineMaterials/Substrate/GLints/dict_16_192_64_0p5_0p02_0018_0006.uasset" 5704
"../../../Engine/Content/EngineMaterials/Substrate/GLints/dict_16_192_64_0p5_0p02_0018_0007.uasset" 5705
"../../../Engine/Content/EngineMaterials/Substrate/GLints/dict_16_192_64_0p5_0p02_0018_0011.uasset" 5706
"../../../Engine/Content/EngineMaterials/Substrate/GLints/dict_16_192_64_0p5_0p02_0018_0012.uasset" 5707
"/Engine/EngineMaterials/Substrate/GLints/dict_16_192_64_0p5_0p02_0017_0011" 5708
"/Engine/EngineMaterials/Substrate/GLints/dict_16_192_64_0p5_0p02_0017_0010" 5709
"/Engine/EngineMaterials/Substrate/GLints/dict_16_192_64_0p5_0p02_0017_0009" 5710
"/Engine/EngineMaterials/Substrate/GLints/dict_16_192_64_0p5_0p02_0017_0008" 5711
"/Engine/EngineMaterials/Substrate/GLints/dict_16_192_64_0p5_0p02_0017_0007" 5712
"/Engine/EngineMaterials/Substrate/GLints/dict_16_192_64_0p5_0p02_0017_0006" 5713
"/Engine/EngineMaterials/Substrate/GLints/dict_16_192_64_0p5_0p02_0017_0005" 5714
"/Engine/EngineMaterials/Substrate/GLints/dict_16_192_64_0p5_0p02_0017_0004" 5715
"/Engine/EngineMaterials/Substrate/GLints/dict_16_192_64_0p5_0p02_0017_0003" 5716
"/Engine/EngineMaterials/Substrate/GLints/dict_16_192_64_0p5_0p02_0017_0002" 5717
"/Engine/EngineMaterials/Substrate/GLints/dict_16_192_64_0p5_0p02_0017_0001" 5718
"/Engine/EngineMaterials/Substrate/GLints/dict_16_192_64_0p5_0p02_0017_0000" 5719
"/Engine/EngineMaterials/Substrate/GLints/dict_16_192_64_0p5_0p02_0016_0015" 5720
"/Engine/EngineMaterials/Substrate/GLints/dict_16_192_64_0p5_0p02_0016_0014" 5721
"/Engine/EngineMaterials/Substrate/GLints/dict_16_192_64_0p5_0p02_0016_0013" 5722
"/Engine/EngineMaterials/Substrate/GLints/dict_16_192_64_0p5_0p02_0018_0012" 5723
"../../../Engine/Content/EngineMaterials/Substrate/GLints/dict_16_192_64_0p5_0p02_0018_0013.uasset" 5724
"../../../Engine/Content/EngineMaterials/Substrate/GLints/dict_16_192_64_0p5_0p02_0018_0014.uasset" 5725
"../../../Engine/Content/EngineMaterials/Substrate/GLints/dict_16_192_64_0p5_0p02_0018_0015.uasset" 5726
"../../../Engine/Content/EngineMaterials/Substrate/GLints/dict_16_192_64_0p5_0p02_0019_0000.uasset" 5727
"../../../Engine/Content/EngineMaterials/Substrate/GLints/dict_16_192_64_0p5_0p02_0019_0001.uasset" 5728
"../../../Engine/Content/EngineMaterials/Substrate/GLints/dict_16_192_64_0p5_0p02_0019_0003.uasset" 5729
"../../../Engine/Content/EngineMaterials/Substrate/GLints/dict_16_192_64_0p5_0p02_0019_0005.uasset" 5730
"../../../Engine/Content/EngineMaterials/Substrate/GLints/dict_16_192_64_0p5_0p02_0019_0008.uasset" 5731
"../../../Engine/Content/EngineMaterials/Substrate/GLints/dict_16_192_64_0p5_0p02_0019_0002.uasset" 5732
"../../../Engine/Content/EngineMaterials/Substrate/GLints/dict_16_192_64_0p5_0p02_0019_0009.uasset" 5733
"../../../Engine/Content/EngineMaterials/Substrate/GLints/dict_16_192_64_0p5_0p02_0019_0006.uasset" 5734
"../../../Engine/Content/EngineMaterials/Substrate/GLints/dict_16_192_64_0p5_0p02_0019_0011.uasset" 5735
"../../../Engine/Content/EngineMaterials/Substrate/GLints/dict_16_192_64_0p5_0p02_0019_0010.uasset" 5736
"../../../Engine/Content/EngineMaterials/Substrate/GLints/dict_16_192_64_0p5_0p02_0019_0004.uasset" 5737
"../../../Engine/Content/EngineMaterials/Substrate/GLints/dict_16_192_64_0p5_0p02_0019_0007.uasset" 5738
"/Engine/EngineMaterials/Substrate/GLints/dict_16_192_64_0p5_0p02_0018_0011" 5739
"../../../Engine/Content/EngineMaterials/Substrate/GLints/dict_16_192_64_0p5_0p02_0019_0012.uasset" 5740
"../../../Engine/Content/EngineMaterials/Substrate/GLints/dict_16_192_64_0p5_0p02_0019_0013.uasset" 5741
"/Engine/EngineMaterials/Substrate/GLints/dict_16_192_64_0p5_0p02_0018_0010" 5742
"/Engine/EngineMaterials/Substrate/GLints/dict_16_192_64_0p5_0p02_0018_0009" 5743
"/Engine/EngineMaterials/Substrate/GLints/dict_16_192_64_0p5_0p02_0018_0008" 5744
"/Engine/EngineMaterials/Substrate/GLints/dict_16_192_64_0p5_0p02_0018_0007" 5745
"/Engine/EngineMaterials/Substrate/GLints/dict_16_192_64_0p5_0p02_0018_0006" 5746
"/Engine/EngineMaterials/Substrate/GLints/dict_16_192_64_0p5_0p02_0018_0005" 5747
"/Engine/EngineMaterials/Substrate/GLints/dict_16_192_64_0p5_0p02_0018_0004" 5748
"/Engine/EngineMaterials/Substrate/GLints/dict_16_192_64_0p5_0p02_0018_0003" 5749
"/Engine/EngineMaterials/Substrate/GLints/dict_16_192_64_0p5_0p02_0018_0002" 5750
"/Engine/EngineMaterials/Substrate/GLints/dict_16_192_64_0p5_0p02_0018_0001" 5751
"/Engine/EngineMaterials/Substrate/GLints/dict_16_192_64_0p5_0p02_0018_0000" 5752
"/Engine/EngineMaterials/Substrate/GLints/dict_16_192_64_0p5_0p02_0017_0015" 5753
"/Engine/EngineMaterials/Substrate/GLints/dict_16_192_64_0p5_0p02_0017_0014" 5754
"../../../Engine/Content/EngineMaterials/Substrate/GLints/dict_16_192_64_0p5_0p02_0019_0014.uasset" 5755
"../../../Engine/Content/EngineMaterials/Substrate/GLints/dict_16_192_64_0p5_0p02_0019_0015.uasset" 5756
"../../../Engine/Content/EngineMaterials/Substrate/GLints/dict_16_192_64_0p5_0p02_0020_0001.uasset" 5757
"../../../Engine/Content/EngineMaterials/Substrate/GLints/dict_16_192_64_0p5_0p02_0020_0000.uasset" 5758
"../../../Engine/Content/EngineMaterials/Substrate/GLints/dict_16_192_64_0p5_0p02_0020_0002.uasset" 5759
"../../../Engine/Content/EngineMaterials/Substrate/GLints/dict_16_192_64_0p5_0p02_0020_0004.uasset" 5760
"../../../Engine/Content/EngineMaterials/Substrate/GLints/dict_16_192_64_0p5_0p02_0020_0003.uasset" 5761
"../../../Engine/Content/EngineMaterials/Substrate/GLints/dict_16_192_64_0p5_0p02_0020_0007.uasset" 5762
"../../../Engine/Content/EngineMaterials/Substrate/GLints/dict_16_192_64_0p5_0p02_0020_0009.uasset" 5763
"../../../Engine/Content/EngineMaterials/Substrate/GLints/dict_16_192_64_0p5_0p02_0020_0008.uasset" 5764
"../../../Engine/Content/EngineMaterials/Substrate/GLints/dict_16_192_64_0p5_0p02_0020_0010.uasset" 5765
"../../../Engine/Content/EngineMaterials/Substrate/GLints/dict_16_192_64_0p5_0p02_0020_0006.uasset" 5766
"../../../Engine/Content/EngineMaterials/Substrate/GLints/dict_16_192_64_0p5_0p02_0020_0011.uasset" 5767
"../../../Engine/Content/EngineMaterials/Substrate/GLints/dict_16_192_64_0p5_0p02_0020_0005.uasset" 5768
"../../../Engine/Content/EngineMaterials/Substrate/GLints/dict_16_192_64_0p5_0p02_0020_0012.uasset" 5769
"/Engine/EngineMaterials/Substrate/GLints/dict_16_192_64_0p5_0p02_0019_0013" 5770
"/Engine/EngineMaterials/Substrate/GLints/dict_16_192_64_0p5_0p02_0019_0012" 5771
"/Engine/EngineMaterials/Substrate/GLints/dict_16_192_64_0p5_0p02_0019_0011" 5772
"/Engine/EngineMaterials/Substrate/GLints/dict_16_192_64_0p5_0p02_0019_0010" 5773
"/Engine/EngineMaterials/Substrate/GLints/dict_16_192_64_0p5_0p02_0019_0009" 5774
"/Engine/EngineMaterials/Substrate/GLints/dict_16_192_64_0p5_0p02_0019_0008" 5775
"/Engine/EngineMaterials/Substrate/GLints/dict_16_192_64_0p5_0p02_0019_0007" 5776
"/Engine/EngineMaterials/Substrate/GLints/dict_16_192_64_0p5_0p02_0019_0006" 5777
"/Engine/EngineMaterials/Substrate/GLints/dict_16_192_64_0p5_0p02_0019_0005" 5778
"/Engine/EngineMaterials/Substrate/GLints/dict_16_192_64_0p5_0p02_0019_0004" 5779
"/Engine/EngineMaterials/Substrate/GLints/dict_16_192_64_0p5_0p02_0019_0003" 5780
"/Engine/EngineMaterials/Substrate/GLints/dict_16_192_64_0p5_0p02_0019_0002" 5781
"/Engine/EngineMaterials/Substrate/GLints/dict_16_192_64_0p5_0p02_0019_0001" 5782
"/Engine/EngineMaterials/Substrate/GLints/dict_16_192_64_0p5_0p02_0019_0000" 5783
"/Engine/EngineMaterials/Substrate/GLints/dict_16_192_64_0p5_0p02_0018_0015" 5784
"/Engine/EngineMaterials/Substrate/GLints/dict_16_192_64_0p5_0p02_0018_0014" 5785
"/Engine/EngineMaterials/Substrate/GLints/dict_16_192_64_0p5_0p02_0018_0013" 5786
"/Engine/EngineMaterials/Substrate/GLints/dict_16_192_64_0p5_0p02_0020_0012" 5787
"../../../Engine/Content/EngineMaterials/Substrate/GLints/dict_16_192_64_0p5_0p02_0020_0013.uasset" 5788
"../../../Engine/Content/EngineMaterials/Substrate/GLints/dict_16_192_64_0p5_0p02_0020_0014.uasset" 5789
"../../../Engine/Content/EngineMaterials/Substrate/GLints/dict_16_192_64_0p5_0p02_0021_0000.uasset" 5790
"../../../Engine/Content/EngineMaterials/Substrate/GLints/dict_16_192_64_0p5_0p02_0021_0001.uasset" 5791
"/Engine/EngineMaterials/Substrate/GLints/dict_16_192_64_0p5_0p02_0020_0011" 5792
"../../../Engine/Content/EngineMaterials/Substrate/GLints/dict_16_192_64_0p5_0p02_0020_0015.uasset" 5793
"../../../Engine/Content/EngineMaterials/Substrate/GLints/dict_16_192_64_0p5_0p02_0021_0003.uasset" 5794
"../../../Engine/Content/EngineMaterials/Substrate/GLints/dict_16_192_64_0p5_0p02_0021_0002.uasset" 5795
"../../../Engine/Content/EngineMaterials/Substrate/GLints/dict_16_192_64_0p5_0p02_0021_0007.uasset" 5796
"../../../Engine/Content/EngineMaterials/Substrate/GLints/dict_16_192_64_0p5_0p02_0021_0004.uasset" 5797
"../../../Engine/Content/EngineMaterials/Substrate/GLints/dict_16_192_64_0p5_0p02_0021_0009.uasset" 5798
"../../../Engine/Content/EngineMaterials/Substrate/GLints/dict_16_192_64_0p5_0p02_0021_0005.uasset" 5799
"../../../Engine/Content/EngineMaterials/Substrate/GLints/dict_16_192_64_0p5_0p02_0021_0006.uasset" 5800
"../../../Engine/Content/EngineMaterials/Substrate/GLints/dict_16_192_64_0p5_0p02_0021_0010.uasset" 5801
"../../../Engine/Content/EngineMaterials/Substrate/GLints/dict_16_192_64_0p5_0p02_0021_0008.uasset" 5802
"../../../Engine/Content/EngineMaterials/Substrate/GLints/dict_16_192_64_0p5_0p02_0021_0011.uasset" 5803
"../../../Engine/Content/EngineMaterials/Substrate/GLints/dict_16_192_64_0p5_0p02_0021_0013.uasset" 5804
"../../../Engine/Content/EngineMaterials/Substrate/GLints/dict_16_192_64_0p5_0p02_0021_0012.uasset" 5805
"/Engine/EngineMaterials/Substrate/GLints/dict_16_192_64_0p5_0p02_0020_0010" 5806
"/Engine/EngineMaterials/Substrate/GLints/dict_16_192_64_0p5_0p02_0020_0009" 5807
"/Engine/EngineMaterials/Substrate/GLints/dict_16_192_64_0p5_0p02_0020_0008" 5808
"/Engine/EngineMaterials/Substrate/GLints/dict_16_192_64_0p5_0p02_0020_0007" 5809
"/Engine/EngineMaterials/Substrate/GLints/dict_16_192_64_0p5_0p02_0020_0006" 5810
"/Engine/EngineMaterials/Substrate/GLints/dict_16_192_64_0p5_0p02_0020_0005" 5811
"/Engine/EngineMaterials/Substrate/GLints/dict_16_192_64_0p5_0p02_0020_0004" 5812
"/Engine/EngineMaterials/Substrate/GLints/dict_16_192_64_0p5_0p02_0020_0003" 5813
"/Engine/EngineMaterials/Substrate/GLints/dict_16_192_64_0p5_0p02_0020_0002" 5814
"/Engine/EngineMaterials/Substrate/GLints/dict_16_192_64_0p5_0p02_0020_0001" 5815
"/Engine/EngineMaterials/Substrate/GLints/dict_16_192_64_0p5_0p02_0020_0000" 5816
"/Engine/EngineMaterials/Substrate/GLints/dict_16_192_64_0p5_0p02_0019_0015" 5817
"/Engine/EngineMaterials/Substrate/GLints/dict_16_192_64_0p5_0p02_0019_0014" 5818
"/Engine/EngineMaterials/Substrate/GLints/dict_16_192_64_0p5_0p02_0021_0013" 5819
"../../../Engine/Content/EngineMaterials/Substrate/GLints/dict_16_192_64_0p5_0p02_0021_0014.uasset" 5820
"../../../Engine/Content/EngineMaterials/Substrate/GLints/dict_16_192_64_0p5_0p02_0022_0000.uasset" 5821
"../../../Engine/Content/EngineMaterials/Substrate/GLints/dict_16_192_64_0p5_0p02_0021_0015.uasset" 5822
"../../../Engine/Content/EngineMaterials/Substrate/GLints/dict_16_192_64_0p5_0p02_0022_0001.uasset" 5823
"../../../Engine/Content/EngineMaterials/Substrate/GLints/dict_16_192_64_0p5_0p02_0022_0002.uasset" 5824
"../../../Engine/Content/EngineMaterials/Substrate/GLints/dict_16_192_64_0p5_0p02_0022_0003.uasset" 5825
"/Engine/EngineMaterials/Substrate/GLints/dict_16_192_64_0p5_0p02_0021_0012" 5826
"../../../Engine/Content/EngineMaterials/Substrate/GLints/dict_16_192_64_0p5_0p02_0022_0005.uasset" 5827
"../../../Engine/Content/EngineMaterials/Substrate/GLints/dict_16_192_64_0p5_0p02_0022_0007.uasset" 5828
"../../../Engine/Content/EngineMaterials/Substrate/GLints/dict_16_192_64_0p5_0p02_0022_0006.uasset" 5829
"../../../Engine/Content/EngineMaterials/Substrate/GLints/dict_16_192_64_0p5_0p02_0022_0010.uasset" 5830
"../../../Engine/Content/EngineMaterials/Substrate/GLints/dict_16_192_64_0p5_0p02_0022_0004.uasset" 5831
"../../../Engine/Content/EngineMaterials/Substrate/GLints/dict_16_192_64_0p5_0p02_0022_0008.uasset" 5832
"../../../Engine/Content/EngineMaterials/Substrate/GLints/dict_16_192_64_0p5_0p02_0022_0012.uasset" 5833
"../../../Engine/Content/EngineMaterials/Substrate/GLints/dict_16_192_64_0p5_0p02_0022_0011.uasset" 5834
"../../../Engine/Content/EngineMaterials/Substrate/GLints/dict_16_192_64_0p5_0p02_0022_0009.uasset" 5835
"/Engine/EngineMaterials/Substrate/GLints/dict_16_192_64_0p5_0p02_0021_0011" 5836
"/Engine/EngineMaterials/Substrate/GLints/dict_16_192_64_0p5_0p02_0021_0010" 5837
"/Engine/EngineMaterials/Substrate/GLints/dict_16_192_64_0p5_0p02_0021_0009" 5838
"/Engine/EngineMaterials/Substrate/GLints/dict_16_192_64_0p5_0p02_0021_0008" 5839
"/Engine/EngineMaterials/Substrate/GLints/dict_16_192_64_0p5_0p02_0021_0007" 5840
"/Engine/EngineMaterials/Substrate/GLints/dict_16_192_64_0p5_0p02_0021_0006" 5841
"/Engine/EngineMaterials/Substrate/GLints/dict_16_192_64_0p5_0p02_0021_0005" 5842
"/Engine/EngineMaterials/Substrate/GLints/dict_16_192_64_0p5_0p02_0021_0004" 5843
"/Engine/EngineMaterials/Substrate/GLints/dict_16_192_64_0p5_0p02_0021_0003" 5844
"/Engine/EngineMaterials/Substrate/GLints/dict_16_192_64_0p5_0p02_0021_0002" 5845
"/Engine/EngineMaterials/Substrate/GLints/dict_16_192_64_0p5_0p02_0021_0001" 5846
"/Engine/EngineMaterials/Substrate/GLints/dict_16_192_64_0p5_0p02_0021_0000" 5847
"/Engine/EngineMaterials/Substrate/GLints/dict_16_192_64_0p5_0p02_0020_0015" 5848
"/Engine/EngineMaterials/Substrate/GLints/dict_16_192_64_0p5_0p02_0020_0014" 5849
"/Engine/EngineMaterials/Substrate/GLints/dict_16_192_64_0p5_0p02_0020_0013" 5850
"/Engine/EngineMaterials/Substrate/GLints/dict_16_192_64_0p5_0p02_0022_0012" 5851
"../../../Engine/Content/EngineMaterials/Substrate/GLints/dict_16_192_64_0p5_0p02_0022_0013.uasset" 5852
"../../../Engine/Content/EngineMaterials/Substrate/GLints/dict_16_192_64_0p5_0p02_0022_0014.uasset" 5853
"../../../Engine/Content/EngineMaterials/Substrate/GLints/dict_16_192_64_0p5_0p02_0022_0015.uasset" 5854
"../../../Engine/Content/EngineMaterials/Substrate/GLints/dict_16_192_64_0p5_0p02_0023_0000.uasset" 5855
"/Engine/EngineMaterials/Substrate/GLints/dict_16_192_64_0p5_0p02_0022_0011" 5856
"../../../Engine/Content/EngineMaterials/Substrate/GLints/dict_16_192_64_0p5_0p02_0023_0001.uasset" 5857
"../../../Engine/Content/EngineMaterials/Substrate/GLints/dict_16_192_64_0p5_0p02_0023_0003.uasset" 5858
"../../../Engine/Content/EngineMaterials/Substrate/GLints/dict_16_192_64_0p5_0p02_0023_0004.uasset" 5859
"../../../Engine/Content/EngineMaterials/Substrate/GLints/dict_16_192_64_0p5_0p02_0023_0009.uasset" 5860
"../../../Engine/Content/EngineMaterials/Substrate/GLints/dict_16_192_64_0p5_0p02_0023_0008.uasset" 5861
"../../../Engine/Content/EngineMaterials/Substrate/GLints/dict_16_192_64_0p5_0p02_0023_0002.uasset" 5862
"../../../Engine/Content/EngineMaterials/Substrate/GLints/dict_16_192_64_0p5_0p02_0023_0005.uasset" 5863
"../../../Engine/Content/EngineMaterials/Substrate/GLints/dict_16_192_64_0p5_0p02_0023_0006.uasset" 5864
"../../../Engine/Content/EngineMaterials/Substrate/GLints/dict_16_192_64_0p5_0p02_0023_0007.uasset" 5865
"../../../Engine/Content/EngineMaterials/Substrate/GLints/dict_16_192_64_0p5_0p02_0023_0010.uasset" 5866
"../../../Engine/Content/EngineMaterials/Substrate/GLints/dict_16_192_64_0p5_0p02_0023_0011.uasset" 5867
"../../../Engine/Content/EngineMaterials/Substrate/GLints/dict_16_192_64_0p5_0p02_0023_0012.uasset" 5868
"../../../Engine/Content/EngineMaterials/Substrate/GLints/dict_16_192_64_0p5_0p02_0023_0013.uasset" 5869
"/Engine/EngineMaterials/Substrate/GLints/dict_16_192_64_0p5_0p02_0022_0010" 5870
"/Engine/EngineMaterials/Substrate/GLints/dict_16_192_64_0p5_0p02_0022_0009" 5871
"/Engine/EngineMaterials/Substrate/GLints/dict_16_192_64_0p5_0p02_0022_0008" 5872
"/Engine/EngineMaterials/Substrate/GLints/dict_16_192_64_0p5_0p02_0022_0007" 5873
"/Engine/EngineMaterials/Substrate/GLints/dict_16_192_64_0p5_0p02_0022_0006" 5874
"/Engine/EngineMaterials/Substrate/GLints/dict_16_192_64_0p5_0p02_0022_0005" 5875
"/Engine/EngineMaterials/Substrate/GLints/dict_16_192_64_0p5_0p02_0022_0004" 5876
"/Engine/EngineMaterials/Substrate/GLints/dict_16_192_64_0p5_0p02_0022_0003" 5877
"/Engine/EngineMaterials/Substrate/GLints/dict_16_192_64_0p5_0p02_0022_0002" 5878
"/Engine/EngineMaterials/Substrate/GLints/dict_16_192_64_0p5_0p02_0022_0001" 5879
"/Engine/EngineMaterials/Substrate/GLints/dict_16_192_64_0p5_0p02_0022_0000" 5880
"/Engine/EngineMaterials/Substrate/GLints/dict_16_192_64_0p5_0p02_0021_0015" 5881
"/Engine/EngineMaterials/Substrate/GLints/dict_16_192_64_0p5_0p02_0021_0014" 5882
"/Engine/EngineMaterials/Substrate/GLints/dict_16_192_64_0p5_0p02_0023_0013" 5883
"../../../Engine/Content/EngineMaterials/Substrate/GLints/dict_16_192_64_0p5_0p02_0023_0015.uasset" 5884
"../../../Engine/Content/EngineMaterials/Substrate/GLints/dict_16_192_64_0p5_0p02_0023_0014.uasset" 5885
"../../../Engine/Content/EngineMaterials/Substrate/GLints/dict_16_192_64_0p5_0p02_0024_0000.uasset" 5886
"../../../Engine/Content/EngineMaterials/Substrate/GLints/dict_16_192_64_0p5_0p02_0024_0001.uasset" 5887
"../../../Engine/Content/EngineMaterials/Substrate/GLints/dict_16_192_64_0p5_0p02_0024_0003.uasset" 5888
"/Engine/EngineMaterials/Substrate/GLints/dict_16_192_64_0p5_0p02_0023_0012" 5889
"../../../Engine/Content/EngineMaterials/Substrate/GLints/dict_16_192_64_0p5_0p02_0024_0005.uasset" 5890
"../../../Engine/Content/EngineMaterials/Substrate/GLints/dict_16_192_64_0p5_0p02_0024_0004.uasset" 5891
"../../../Engine/Content/EngineMaterials/Substrate/GLints/dict_16_192_64_0p5_0p02_0024_0002.uasset" 5892
"../../../Engine/Content/EngineMaterials/Substrate/GLints/dict_16_192_64_0p5_0p02_0024_0011.uasset" 5893
"../../../Engine/Content/EngineMaterials/Substrate/GLints/dict_16_192_64_0p5_0p02_0024_0010.uasset" 5894
"../../../Engine/Content/EngineMaterials/Substrate/GLints/dict_16_192_64_0p5_0p02_0024_0012.uasset" 5895
"../../../Engine/Content/EngineMaterials/Substrate/GLints/dict_16_192_64_0p5_0p02_0024_0007.uasset" 5896
"../../../Engine/Content/EngineMaterials/Substrate/GLints/dict_16_192_64_0p5_0p02_0024_0008.uasset" 5897
"../../../Engine/Content/EngineMaterials/Substrate/GLints/dict_16_192_64_0p5_0p02_0024_0009.uasset" 5898
"../../../Engine/Content/EngineMaterials/Substrate/GLints/dict_16_192_64_0p5_0p02_0024_0006.uasset" 5899
"/Engine/EngineMaterials/Substrate/GLints/dict_16_192_64_0p5_0p02_0023_0011" 5900
"/Engine/EngineMaterials/Substrate/GLints/dict_16_192_64_0p5_0p02_0023_0010" 5901
"/Engine/EngineMaterials/Substrate/GLints/dict_16_192_64_0p5_0p02_0023_0009" 5902
"/Engine/EngineMaterials/Substrate/GLints/dict_16_192_64_0p5_0p02_0023_0008" 5903
"/Engine/EngineMaterials/Substrate/GLints/dict_16_192_64_0p5_0p02_0023_0007" 5904
"/Engine/EngineMaterials/Substrate/GLints/dict_16_192_64_0p5_0p02_0023_0006" 5905
"/Engine/EngineMaterials/Substrate/GLints/dict_16_192_64_0p5_0p02_0023_0005" 5906
"/Engine/EngineMaterials/Substrate/GLints/dict_16_192_64_0p5_0p02_0023_0004" 5907
"/Engine/EngineMaterials/Substrate/GLints/dict_16_192_64_0p5_0p02_0023_0003" 5908
"/Engine/EngineMaterials/Substrate/GLints/dict_16_192_64_0p5_0p02_0023_0002" 5909
"/Engine/EngineMaterials/Substrate/GLints/dict_16_192_64_0p5_0p02_0023_0001" 5910
"/Engine/EngineMaterials/Substrate/GLints/dict_16_192_64_0p5_0p02_0023_0000" 5911
"/Engine/EngineMaterials/Substrate/GLints/dict_16_192_64_0p5_0p02_0022_0015" 5912
"/Engine/EngineMaterials/Substrate/GLints/dict_16_192_64_0p5_0p02_0022_0014" 5913
"/Engine/EngineMaterials/Substrate/GLints/dict_16_192_64_0p5_0p02_0022_0013" 5914
"/Engine/EngineMaterials/Substrate/GLints/dict_16_192_64_0p5_0p02_0024_0012" 5915
"../../../Engine/Content/EngineMaterials/Substrate/GLints/dict_16_192_64_0p5_0p02_0024_0013.uasset" 5916
"../../../Engine/Content/EngineMaterials/Substrate/GLints/dict_16_192_64_0p5_0p02_0024_0014.uasset" 5917
"../../../Engine/Content/EngineMaterials/Substrate/GLints/dict_16_192_64_0p5_0p02_0024_0015.uasset" 5918
"../../../Engine/Content/EngineMaterials/Substrate/GLints/dict_16_192_64_0p5_0p02_0025_0000.uasset" 5919
"../../../Engine/Content/EngineMaterials/Substrate/GLints/dict_16_192_64_0p5_0p02_0025_0001.uasset" 5920
"/Engine/EngineMaterials/Substrate/GLints/dict_16_192_64_0p5_0p02_0024_0011" 5921
"../../../Engine/Content/EngineMaterials/Substrate/GLints/dict_16_192_64_0p5_0p02_0025_0002.uasset" 5922
"../../../Engine/Content/EngineMaterials/Substrate/GLints/dict_16_192_64_0p5_0p02_0025_0004.uasset" 5923
"../../../Engine/Content/EngineMaterials/Substrate/GLints/dict_16_192_64_0p5_0p02_0025_0006.uasset" 5924
"../../../Engine/Content/EngineMaterials/Substrate/GLints/dict_16_192_64_0p5_0p02_0025_0003.uasset" 5925
"../../../Engine/Content/EngineMaterials/Substrate/GLints/dict_16_192_64_0p5_0p02_0025_0008.uasset" 5926
"../../../Engine/Content/EngineMaterials/Substrate/GLints/dict_16_192_64_0p5_0p02_0025_0005.uasset" 5927
"../../../Engine/Content/EngineMaterials/Substrate/GLints/dict_16_192_64_0p5_0p02_0025_0007.uasset" 5928
"../../../Engine/Content/EngineMaterials/Substrate/GLints/dict_16_192_64_0p5_0p02_0025_0009.uasset" 5929
"../../../Engine/Content/EngineMaterials/Substrate/GLints/dict_16_192_64_0p5_0p02_0025_0010.uasset" 5930
"../../../Engine/Content/EngineMaterials/Substrate/GLints/dict_16_192_64_0p5_0p02_0025_0011.uasset" 5931
"../../../Engine/Content/EngineMaterials/Substrate/GLints/dict_16_192_64_0p5_0p02_0025_0012.uasset" 5932
"../../../Engine/Content/EngineMaterials/Substrate/GLints/dict_16_192_64_0p5_0p02_0025_0013.uasset" 5933
"/Engine/EngineMaterials/Substrate/GLints/dict_16_192_64_0p5_0p02_0024_0010" 5934
"/Engine/EngineMaterials/Substrate/GLints/dict_16_192_64_0p5_0p02_0024_0009" 5935
"/Engine/EngineMaterials/Substrate/GLints/dict_16_192_64_0p5_0p02_0024_0008" 5936
"/Engine/EngineMaterials/Substrate/GLints/dict_16_192_64_0p5_0p02_0024_0007" 5937
"/Engine/EngineMaterials/Substrate/GLints/dict_16_192_64_0p5_0p02_0024_0006" 5938
"/Engine/EngineMaterials/Substrate/GLints/dict_16_192_64_0p5_0p02_0024_0005" 5939
"/Engine/EngineMaterials/Substrate/GLints/dict_16_192_64_0p5_0p02_0024_0004" 5940
"/Engine/EngineMaterials/Substrate/GLints/dict_16_192_64_0p5_0p02_0024_0003" 5941
"/Engine/EngineMaterials/Substrate/GLints/dict_16_192_64_0p5_0p02_0024_0002" 5942
"/Engine/EngineMaterials/Substrate/GLints/dict_16_192_64_0p5_0p02_0024_0001" 5943
"/Engine/EngineMaterials/Substrate/GLints/dict_16_192_64_0p5_0p02_0024_0000" 5944
"/Engine/EngineMaterials/Substrate/GLints/dict_16_192_64_0p5_0p02_0023_0015" 5945
"/Engine/EngineMaterials/Substrate/GLints/dict_16_192_64_0p5_0p02_0023_0014" 5946
"/Engine/EngineMaterials/Substrate/GLints/dict_16_192_64_0p5_0p02_0025_0013" 5947
"../../../Engine/Content/EngineMaterials/Substrate/GLints/dict_16_192_64_0p5_0p02_0025_0014.uasset" 5948
"../../../Engine/Content/EngineMaterials/Substrate/GLints/dict_16_192_64_0p5_0p02_0025_0015.uasset" 5949
"../../../Engine/Content/EngineMaterials/Substrate/GLints/dict_16_192_64_0p5_0p02_0026_0000.uasset" 5950
"../../../Engine/Content/EngineMaterials/Substrate/GLints/dict_16_192_64_0p5_0p02_0026_0001.uasset" 5951
"../../../Engine/Content/EngineMaterials/Substrate/GLints/dict_16_192_64_0p5_0p02_0026_0002.uasset" 5952
"../../../Engine/Content/EngineMaterials/Substrate/GLints/dict_16_192_64_0p5_0p02_0026_0004.uasset" 5953
"../../../Engine/Content/EngineMaterials/Substrate/GLints/dict_16_192_64_0p5_0p02_0026_0003.uasset" 5954
"../../../Engine/Content/EngineMaterials/Substrate/GLints/dict_16_192_64_0p5_0p02_0026_0005.uasset" 5955
"../../../Engine/Content/EngineMaterials/Substrate/GLints/dict_16_192_64_0p5_0p02_0026_0008.uasset" 5956
"../../../Engine/Content/EngineMaterials/Substrate/GLints/dict_16_192_64_0p5_0p02_0026_0006.uasset" 5957
"/Engine/EngineMaterials/Substrate/GLints/dict_16_192_64_0p5_0p02_0025_0012" 5958
"../../../Engine/Content/EngineMaterials/Substrate/GLints/dict_16_192_64_0p5_0p02_0026_0010.uasset" 5959
"../../../Engine/Content/EngineMaterials/Substrate/GLints/dict_16_192_64_0p5_0p02_0026_0007.uasset" 5960
"../../../Engine/Content/EngineMaterials/Substrate/GLints/dict_16_192_64_0p5_0p02_0026_0009.uasset" 5961
"../../../Engine/Content/EngineMaterials/Substrate/GLints/dict_16_192_64_0p5_0p02_0026_0012.uasset" 5962
"../../../Engine/Content/EngineMaterials/Substrate/GLints/dict_16_192_64_0p5_0p02_0026_0011.uasset" 5963
"/Engine/EngineMaterials/Substrate/GLints/dict_16_192_64_0p5_0p02_0025_0011" 5964
"/Engine/EngineMaterials/Substrate/GLints/dict_16_192_64_0p5_0p02_0025_0010" 5965
"/Engine/EngineMaterials/Substrate/GLints/dict_16_192_64_0p5_0p02_0025_0009" 5966
"/Engine/EngineMaterials/Substrate/GLints/dict_16_192_64_0p5_0p02_0025_0008" 5967
"/Engine/EngineMaterials/Substrate/GLints/dict_16_192_64_0p5_0p02_0025_0007" 5968
"/Engine/EngineMaterials/Substrate/GLints/dict_16_192_64_0p5_0p02_0025_0006" 5969
"/Engine/EngineMaterials/Substrate/GLints/dict_16_192_64_0p5_0p02_0025_0005" 5970
"/Engine/EngineMaterials/Substrate/GLints/dict_16_192_64_0p5_0p02_0025_0004" 5971
"/Engine/EngineMaterials/Substrate/GLints/dict_16_192_64_0p5_0p02_0025_0003" 5972
"/Engine/EngineMaterials/Substrate/GLints/dict_16_192_64_0p5_0p02_0025_0002" 5973
"/Engine/EngineMaterials/Substrate/GLints/dict_16_192_64_0p5_0p02_0025_0001" 5974
"/Engine/EngineMaterials/Substrate/GLints/dict_16_192_64_0p5_0p02_0025_0000" 5975
"/Engine/EngineMaterials/Substrate/GLints/dict_16_192_64_0p5_0p02_0024_0015" 5976
"/Engine/EngineMaterials/Substrate/GLints/dict_16_192_64_0p5_0p02_0024_0014" 5977
"/Engine/EngineMaterials/Substrate/GLints/dict_16_192_64_0p5_0p02_0024_0013" 5978
"/Engine/EngineMaterials/Substrate/GLints/dict_16_192_64_0p5_0p02_0026_0012" 5979
"../../../Engine/Content/EngineMaterials/Substrate/GLints/dict_16_192_64_0p5_0p02_0026_0014.uasset" 5980
"../../../Engine/Content/EngineMaterials/Substrate/GLints/dict_16_192_64_0p5_0p02_0026_0015.uasset" 5981
"../../../Engine/Content/EngineMaterials/Substrate/GLints/dict_16_192_64_0p5_0p02_0027_0000.uasset" 5982
"../../../Engine/Content/EngineMaterials/Substrate/GLints/dict_16_192_64_0p5_0p02_0026_0013.uasset" 5983
"../../../Engine/Content/EngineMaterials/Substrate/GLints/dict_16_192_64_0p5_0p02_0027_0001.uasset" 5984
"../../../Engine/Content/EngineMaterials/Substrate/GLints/dict_16_192_64_0p5_0p02_0027_0002.uasset" 5985
"../../../Engine/Content/EngineMaterials/Substrate/GLints/dict_16_192_64_0p5_0p02_0027_0003.uasset" 5986
"../../../Engine/Content/EngineMaterials/Substrate/GLints/dict_16_192_64_0p5_0p02_0027_0006.uasset" 5987
"../../../Engine/Content/EngineMaterials/Substrate/GLints/dict_16_192_64_0p5_0p02_0027_0009.uasset" 5988
"../../../Engine/Content/EngineMaterials/Substrate/GLints/dict_16_192_64_0p5_0p02_0027_0007.uasset" 5989
"/Engine/EngineMaterials/Substrate/GLints/dict_16_192_64_0p5_0p02_0026_0011" 5990
"../../../Engine/Content/EngineMaterials/Substrate/GLints/dict_16_192_64_0p5_0p02_0027_0005.uasset" 5991
"../../../Engine/Content/EngineMaterials/Substrate/GLints/dict_16_192_64_0p5_0p02_0027_0004.uasset" 5992
"../../../Engine/Content/EngineMaterials/Substrate/GLints/dict_16_192_64_0p5_0p02_0027_0010.uasset" 5993
"../../../Engine/Content/EngineMaterials/Substrate/GLints/dict_16_192_64_0p5_0p02_0027_0008.uasset" 5994
"../../../Engine/Content/EngineMaterials/Substrate/GLints/dict_16_192_64_0p5_0p02_0027_0011.uasset" 5995
"../../../Engine/Content/EngineMaterials/Substrate/GLints/dict_16_192_64_0p5_0p02_0027_0012.uasset" 5996
"../../../Engine/Content/EngineMaterials/Substrate/GLints/dict_16_192_64_0p5_0p02_0027_0013.uasset" 5997
"/Engine/EngineMaterials/Substrate/GLints/dict_16_192_64_0p5_0p02_0026_0010" 5998
"/Engine/EngineMaterials/Substrate/GLints/dict_16_192_64_0p5_0p02_0026_0009" 5999
"/Engine/EngineMaterials/Substrate/GLints/dict_16_192_64_0p5_0p02_0026_0008" 6000
"/Engine/EngineMaterials/Substrate/GLints/dict_16_192_64_0p5_0p02_0026_0007" 6001
"/Engine/EngineMaterials/Substrate/GLints/dict_16_192_64_0p5_0p02_0026_0006" 6002
"/Engine/EngineMaterials/Substrate/GLints/dict_16_192_64_0p5_0p02_0026_0005" 6003
"/Engine/EngineMaterials/Substrate/GLints/dict_16_192_64_0p5_0p02_0026_0004" 6004
"/Engine/EngineMaterials/Substrate/GLints/dict_16_192_64_0p5_0p02_0026_0003" 6005
"/Engine/EngineMaterials/Substrate/GLints/dict_16_192_64_0p5_0p02_0026_0002" 6006
"/Engine/EngineMaterials/Substrate/GLints/dict_16_192_64_0p5_0p02_0026_0001" 6007
"/Engine/EngineMaterials/Substrate/GLints/dict_16_192_64_0p5_0p02_0026_0000" 6008
"/Engine/EngineMaterials/Substrate/GLints/dict_16_192_64_0p5_0p02_0025_0015" 6009
"/Engine/EngineMaterials/Substrate/GLints/dict_16_192_64_0p5_0p02_0025_0014" 6010
"/Engine/EngineMaterials/Substrate/GLints/dict_16_192_64_0p5_0p02_0027_0013" 6011
"../../../Engine/Content/EngineMaterials/Substrate/GLints/dict_16_192_64_0p5_0p02_0027_0014.uasset" 6012
"../../../Engine/Content/EngineMaterials/Substrate/GLints/dict_16_192_64_0p5_0p02_0027_0015.uasset" 6013
"../../../Engine/Content/EngineMaterials/Substrate/GLints/dict_16_192_64_0p5_0p02_0028_0000.uasset" 6014
"../../../Engine/Content/EngineMaterials/Substrate/GLints/dict_16_192_64_0p5_0p02_0028_0001.uasset" 6015
"../../../Engine/Content/EngineMaterials/Substrate/GLints/dict_16_192_64_0p5_0p02_0028_0003.uasset" 6016
"../../../Engine/Content/EngineMaterials/Substrate/GLints/dict_16_192_64_0p5_0p02_0028_0002.uasset" 6017
"../../../Engine/Content/EngineMaterials/Substrate/GLints/dict_16_192_64_0p5_0p02_0028_0004.uasset" 6018
"../../../Engine/Content/EngineMaterials/Substrate/GLints/dict_16_192_64_0p5_0p02_0028_0008.uasset" 6019
"../../../Engine/Content/EngineMaterials/Substrate/GLints/dict_16_192_64_0p5_0p02_0028_0010.uasset" 6020
"/Engine/EngineMaterials/Substrate/GLints/dict_16_192_64_0p5_0p02_0027_0012" 6021
"../../../Engine/Content/EngineMaterials/Substrate/GLints/dict_16_192_64_0p5_0p02_0028_0006.uasset" 6022
"../../../Engine/Content/EngineMaterials/Substrate/GLints/dict_16_192_64_0p5_0p02_0028_0012.uasset" 6023
"../../../Engine/Content/EngineMaterials/Substrate/GLints/dict_16_192_64_0p5_0p02_0028_0009.uasset" 6024
"../../../Engine/Content/EngineMaterials/Substrate/GLints/dict_16_192_64_0p5_0p02_0028_0007.uasset" 6025
"../../../Engine/Content/EngineMaterials/Substrate/GLints/dict_16_192_64_0p5_0p02_0028_0005.uasset" 6026
"../../../Engine/Content/EngineMaterials/Substrate/GLints/dict_16_192_64_0p5_0p02_0028_0011.uasset" 6027
"/Engine/EngineMaterials/Substrate/GLints/dict_16_192_64_0p5_0p02_0027_0011" 6028
"/Engine/EngineMaterials/Substrate/GLints/dict_16_192_64_0p5_0p02_0027_0010" 6029
"/Engine/EngineMaterials/Substrate/GLints/dict_16_192_64_0p5_0p02_0027_0009" 6030
"/Engine/EngineMaterials/Substrate/GLints/dict_16_192_64_0p5_0p02_0027_0008" 6031
"/Engine/EngineMaterials/Substrate/GLints/dict_16_192_64_0p5_0p02_0027_0007" 6032
"/Engine/EngineMaterials/Substrate/GLints/dict_16_192_64_0p5_0p02_0027_0006" 6033
"/Engine/EngineMaterials/Substrate/GLints/dict_16_192_64_0p5_0p02_0027_0005" 6034
"/Engine/EngineMaterials/Substrate/GLints/dict_16_192_64_0p5_0p02_0027_0004" 6035
"/Engine/EngineMaterials/Substrate/GLints/dict_16_192_64_0p5_0p02_0027_0003" 6036
"/Engine/EngineMaterials/Substrate/GLints/dict_16_192_64_0p5_0p02_0027_0002" 6037
"/Engine/EngineMaterials/Substrate/GLints/dict_16_192_64_0p5_0p02_0027_0001" 6038
"/Engine/EngineMaterials/Substrate/GLints/dict_16_192_64_0p5_0p02_0027_0000" 6039
"/Engine/EngineMaterials/Substrate/GLints/dict_16_192_64_0p5_0p02_0026_0015" 6040
"/Engine/EngineMaterials/Substrate/GLints/dict_16_192_64_0p5_0p02_0026_0014" 6041
"/Engine/EngineMaterials/Substrate/GLints/dict_16_192_64_0p5_0p02_0026_0013" 6042
"/Engine/EngineMaterials/Substrate/GLints/dict_16_192_64_0p5_0p02_0028_0012" 6043
"../../../Engine/Content/EngineMaterials/Substrate/GLints/dict_16_192_64_0p5_0p02_0028_0013.uasset" 6044
"../../../Engine/Content/EngineMaterials/Substrate/GLints/dict_16_192_64_0p5_0p02_0028_0014.uasset" 6045
"../../../Engine/Content/EngineMaterials/Substrate/GLints/dict_16_192_64_0p5_0p02_0028_0015.uasset" 6046
"../../../Engine/Content/EngineMaterials/Substrate/GLints/dict_16_192_64_0p5_0p02_0029_0000.uasset" 6047
"../../../Engine/Content/EngineMaterials/Substrate/GLints/dict_16_192_64_0p5_0p02_0029_0002.uasset" 6048
"/Engine/EngineMaterials/Substrate/GLints/dict_16_192_64_0p5_0p02_0028_0011" 6049
"../../../Engine/Content/EngineMaterials/Substrate/GLints/dict_16_192_64_0p5_0p02_0029_0006.uasset" 6050
"../../../Engine/Content/EngineMaterials/Substrate/GLints/dict_16_192_64_0p5_0p02_0029_0001.uasset" 6051
"../../../Engine/Content/EngineMaterials/Substrate/GLints/dict_16_192_64_0p5_0p02_0029_0008.uasset" 6052
"../../../Engine/Content/EngineMaterials/Substrate/GLints/dict_16_192_64_0p5_0p02_0029_0005.uasset" 6053
"../../../Engine/Content/EngineMaterials/Substrate/GLints/dict_16_192_64_0p5_0p02_0029_0009.uasset" 6054
"../../../Engine/Content/EngineMaterials/Substrate/GLints/dict_16_192_64_0p5_0p02_0029_0010.uasset" 6055
"../../../Engine/Content/EngineMaterials/Substrate/GLints/dict_16_192_64_0p5_0p02_0029_0003.uasset" 6056
"../../../Engine/Content/EngineMaterials/Substrate/GLints/dict_16_192_64_0p5_0p02_0029_0007.uasset" 6057
"../../../Engine/Content/EngineMaterials/Substrate/GLints/dict_16_192_64_0p5_0p02_0029_0004.uasset" 6058
"../../../Engine/Content/EngineMaterials/Substrate/GLints/dict_16_192_64_0p5_0p02_0029_0011.uasset" 6059
"../../../Engine/Content/EngineMaterials/Substrate/GLints/dict_16_192_64_0p5_0p02_0029_0013.uasset" 6060
"../../../Engine/Content/EngineMaterials/Substrate/GLints/dict_16_192_64_0p5_0p02_0029_0012.uasset" 6061
"/Engine/EngineMaterials/Substrate/GLints/dict_16_192_64_0p5_0p02_0028_0010" 6062
"/Engine/EngineMaterials/Substrate/GLints/dict_16_192_64_0p5_0p02_0028_0009" 6063
"/Engine/EngineMaterials/Substrate/GLints/dict_16_192_64_0p5_0p02_0028_0008" 6064
"/Engine/EngineMaterials/Substrate/GLints/dict_16_192_64_0p5_0p02_0028_0007" 6065
"/Engine/EngineMaterials/Substrate/GLints/dict_16_192_64_0p5_0p02_0028_0006" 6066
"/Engine/EngineMaterials/Substrate/GLints/dict_16_192_64_0p5_0p02_0028_0005" 6067
"/Engine/EngineMaterials/Substrate/GLints/dict_16_192_64_0p5_0p02_0028_0004" 6068
"/Engine/EngineMaterials/Substrate/GLints/dict_16_192_64_0p5_0p02_0028_0003" 6069
"/Engine/EngineMaterials/Substrate/GLints/dict_16_192_64_0p5_0p02_0028_0002" 6070
"/Engine/EngineMaterials/Substrate/GLints/dict_16_192_64_0p5_0p02_0028_0001" 6071
"/Engine/EngineMaterials/Substrate/GLints/dict_16_192_64_0p5_0p02_0028_0000" 6072
"/Engine/EngineMaterials/Substrate/GLints/dict_16_192_64_0p5_0p02_0027_0015" 6073
"/Engine/EngineMaterials/Substrate/GLints/dict_16_192_64_0p5_0p02_0027_0014" 6074
"/Engine/EngineMaterials/Substrate/GLints/dict_16_192_64_0p5_0p02_0029_0013" 6075
"../../../Engine/Content/EngineMaterials/Substrate/GLints/dict_16_192_64_0p5_0p02_0029_0014.uasset" 6076
"../../../Engine/Content/EngineMaterials/Substrate/GLints/dict_16_192_64_0p5_0p02_0029_0015.uasset" 6077
"../../../Engine/Content/EngineMaterials/Substrate/GLints/dict_16_192_64_0p5_0p02_0030_0000.uasset" 6078
"../../../Engine/Content/EngineMaterials/Substrate/GLints/dict_16_192_64_0p5_0p02_0030_0001.uasset" 6079
"../../../Engine/Content/EngineMaterials/Substrate/GLints/dict_16_192_64_0p5_0p02_0030_0002.uasset" 6080
"/Engine/EngineMaterials/Substrate/GLints/dict_16_192_64_0p5_0p02_0029_0012" 6081
"../../../Engine/Content/EngineMaterials/Substrate/GLints/dict_16_192_64_0p5_0p02_0030_0003.uasset" 6082
"../../../Engine/Content/EngineMaterials/Substrate/GLints/dict_16_192_64_0p5_0p02_0030_0004.uasset" 6083
"../../../Engine/Content/EngineMaterials/Substrate/GLints/dict_16_192_64_0p5_0p02_0030_0008.uasset" 6084
"../../../Engine/Content/EngineMaterials/Substrate/GLints/dict_16_192_64_0p5_0p02_0030_0005.uasset" 6085
"../../../Engine/Content/EngineMaterials/Substrate/GLints/dict_16_192_64_0p5_0p02_0030_0009.uasset" 6086
"../../../Engine/Content/EngineMaterials/Substrate/GLints/dict_16_192_64_0p5_0p02_0030_0006.uasset" 6087
"../../../Engine/Content/EngineMaterials/Substrate/GLints/dict_16_192_64_0p5_0p02_0030_0011.uasset" 6088
"../../../Engine/Content/EngineMaterials/Substrate/GLints/dict_16_192_64_0p5_0p02_0030_0007.uasset" 6089
"../../../Engine/Content/EngineMaterials/Substrate/GLints/dict_16_192_64_0p5_0p02_0030_0012.uasset" 6090
"../../../Engine/Content/EngineMaterials/Substrate/GLints/dict_16_192_64_0p5_0p02_0030_0010.uasset" 6091
"/Engine/EngineMaterials/Substrate/GLints/dict_16_192_64_0p5_0p02_0029_0011" 6092
"/Engine/EngineMaterials/Substrate/GLints/dict_16_192_64_0p5_0p02_0029_0010" 6093
"/Engine/EngineMaterials/Substrate/GLints/dict_16_192_64_0p5_0p02_0029_0009" 6094
"/Engine/EngineMaterials/Substrate/GLints/dict_16_192_64_0p5_0p02_0029_0008" 6095
"/Engine/EngineMaterials/Substrate/GLints/dict_16_192_64_0p5_0p02_0029_0007" 6096
"/Engine/EngineMaterials/Substrate/GLints/dict_16_192_64_0p5_0p02_0029_0006" 6097
"/Engine/EngineMaterials/Substrate/GLints/dict_16_192_64_0p5_0p02_0029_0005" 6098
"/Engine/EngineMaterials/Substrate/GLints/dict_16_192_64_0p5_0p02_0029_0004" 6099
"/Engine/EngineMaterials/Substrate/GLints/dict_16_192_64_0p5_0p02_0029_0003" 6100
"/Engine/EngineMaterials/Substrate/GLints/dict_16_192_64_0p5_0p02_0029_0002" 6101
"/Engine/EngineMaterials/Substrate/GLints/dict_16_192_64_0p5_0p02_0029_0001" 6102
"/Engine/EngineMaterials/Substrate/GLints/dict_16_192_64_0p5_0p02_0029_0000" 6103
"/Engine/EngineMaterials/Substrate/GLints/dict_16_192_64_0p5_0p02_0028_0015" 6104
"/Engine/EngineMaterials/Substrate/GLints/dict_16_192_64_0p5_0p02_0028_0014" 6105
"/Engine/EngineMaterials/Substrate/GLints/dict_16_192_64_0p5_0p02_0028_0013" 6106
"/Engine/EngineMaterials/Substrate/GLints/dict_16_192_64_0p5_0p02_0030_0012" 6107
"../../../Engine/Content/EngineMaterials/Substrate/GLints/dict_16_192_64_0p5_0p02_0030_0013.uasset" 6108
"../../../Engine/Content/EngineMaterials/Substrate/GLints/dict_16_192_64_0p5_0p02_0030_0014.uasset" 6109
"../../../Engine/Content/EngineMaterials/Substrate/GLints/dict_16_192_64_0p5_0p02_0030_0015.uasset" 6110
"../../../Engine/Content/EngineMaterials/Substrate/GLints/dict_16_192_64_0p5_0p02_0031_0002.uasset" 6111
"../../../Engine/Content/EngineMaterials/Substrate/GLints/dict_16_192_64_0p5_0p02_0031_0001.uasset" 6112
"../../../Engine/Content/EngineMaterials/Substrate/GLints/dict_16_192_64_0p5_0p02_0031_0000.uasset" 6113
"/Engine/EngineMaterials/Substrate/GLints/dict_16_192_64_0p5_0p02_0030_0011" 6114
"../../../Engine/Content/EngineMaterials/Substrate/GLints/dict_16_192_64_0p5_0p02_0031_0007.uasset" 6115
"../../../Engine/Content/EngineMaterials/Substrate/GLints/dict_16_192_64_0p5_0p02_0031_0004.uasset" 6116
"../../../Engine/Content/EngineMaterials/Substrate/GLints/dict_16_192_64_0p5_0p02_0031_0009.uasset" 6117
"../../../Engine/Content/EngineMaterials/Substrate/GLints/dict_16_192_64_0p5_0p02_0031_0005.uasset" 6118
"../../../Engine/Content/EngineMaterials/Substrate/GLints/dict_16_192_64_0p5_0p02_0031_0003.uasset" 6119
"../../../Engine/Content/EngineMaterials/Substrate/GLints/dict_16_192_64_0p5_0p02_0031_0006.uasset" 6120
"../../../Engine/Content/EngineMaterials/Substrate/GLints/dict_16_192_64_0p5_0p02_0031_0010.uasset" 6121
"../../../Engine/Content/EngineMaterials/Substrate/GLints/dict_16_192_64_0p5_0p02_0031_0008.uasset" 6122
"../../../Engine/Content/EngineMaterials/Substrate/GLints/dict_16_192_64_0p5_0p02_0031_0012.uasset" 6123
"../../../Engine/Content/EngineMaterials/Substrate/GLints/dict_16_192_64_0p5_0p02_0031_0011.uasset" 6124
"../../../Engine/Content/EngineMaterials/Substrate/GLints/dict_16_192_64_0p5_0p02_0031_0013.uasset" 6125
"/Engine/EngineMaterials/Substrate/GLints/dict_16_192_64_0p5_0p02_0030_0010" 6126
"/Engine/EngineMaterials/Substrate/GLints/dict_16_192_64_0p5_0p02_0030_0009" 6127
"/Engine/EngineMaterials/Substrate/GLints/dict_16_192_64_0p5_0p02_0030_0008" 6128
"/Engine/EngineMaterials/Substrate/GLints/dict_16_192_64_0p5_0p02_0030_0007" 6129
"/Engine/EngineMaterials/Substrate/GLints/dict_16_192_64_0p5_0p02_0030_0006" 6130
"/Engine/EngineMaterials/Substrate/GLints/dict_16_192_64_0p5_0p02_0030_0005" 6131
"/Engine/EngineMaterials/Substrate/GLints/dict_16_192_64_0p5_0p02_0030_0004" 6132
"/Engine/EngineMaterials/Substrate/GLints/dict_16_192_64_0p5_0p02_0030_0003" 6133
"/Engine/EngineMaterials/Substrate/GLints/dict_16_192_64_0p5_0p02_0030_0002" 6134
"/Engine/EngineMaterials/Substrate/GLints/dict_16_192_64_0p5_0p02_0030_0001" 6135
"/Engine/EngineMaterials/Substrate/GLints/dict_16_192_64_0p5_0p02_0030_0000" 6136
"/Engine/EngineMaterials/Substrate/GLints/dict_16_192_64_0p5_0p02_0029_0015" 6137
"/Engine/EngineMaterials/Substrate/GLints/dict_16_192_64_0p5_0p02_0029_0014" 6138
"/Engine/EngineMaterials/Substrate/GLints/dict_16_192_64_0p5_0p02_0031_0013" 6139
"../../../Engine/Content/EngineMaterials/Substrate/GLints/dict_16_192_64_0p5_0p02_0031_0014.uasset" 6140
"../../../Engine/Content/EngineMaterials/Substrate/GLints/dict_16_192_64_0p5_0p02_0031_0015.uasset" 6141
"../../../Engine/Content/EngineMaterials/Substrate/GLints/dict_16_192_64_0p5_0p02_0032_0000.uasset" 6142
"../../../Engine/Content/EngineMaterials/Substrate/GLints/dict_16_192_64_0p5_0p02_0032_0001.uasset" 6143
"../../../Engine/Content/EngineMaterials/Substrate/GLints/dict_16_192_64_0p5_0p02_0032_0002.uasset" 6144
"../../../Engine/Content/EngineMaterials/Substrate/GLints/dict_16_192_64_0p5_0p02_0032_0003.uasset" 6145
"../../../Engine/Content/EngineMaterials/Substrate/GLints/dict_16_192_64_0p5_0p02_0032_0004.uasset" 6146
"../../../Engine/Content/EngineMaterials/Substrate/GLints/dict_16_192_64_0p5_0p02_0032_0009.uasset" 6147
"../../../Engine/Content/EngineMaterials/Substrate/GLints/dict_16_192_64_0p5_0p02_0032_0007.uasset" 6148
"/Engine/EngineMaterials/Substrate/GLints/dict_16_192_64_0p5_0p02_0031_0012" 6149
"../../../Engine/Content/EngineMaterials/Substrate/GLints/dict_16_192_64_0p5_0p02_0032_0011.uasset" 6150
"../../../Engine/Content/EngineMaterials/Substrate/GLints/dict_16_192_64_0p5_0p02_0032_0008.uasset" 6151
"../../../Engine/Content/EngineMaterials/Substrate/GLints/dict_16_192_64_0p5_0p02_0032_0012.uasset" 6152
"../../../Engine/Content/EngineMaterials/Substrate/GLints/dict_16_192_64_0p5_0p02_0032_0010.uasset" 6153
"../../../Engine/Content/EngineMaterials/Substrate/GLints/dict_16_192_64_0p5_0p02_0032_0006.uasset" 6154
"../../../Engine/Content/EngineMaterials/Substrate/GLints/dict_16_192_64_0p5_0p02_0032_0005.uasset" 6155
"/Engine/EngineMaterials/Substrate/GLints/dict_16_192_64_0p5_0p02_0031_0011" 6156
"/Engine/EngineMaterials/Substrate/GLints/dict_16_192_64_0p5_0p02_0031_0010" 6157
"/Engine/EngineMaterials/Substrate/GLints/dict_16_192_64_0p5_0p02_0031_0009" 6158
"/Engine/EngineMaterials/Substrate/GLints/dict_16_192_64_0p5_0p02_0031_0008" 6159
"/Engine/EngineMaterials/Substrate/GLints/dict_16_192_64_0p5_0p02_0031_0007" 6160
"/Engine/EngineMaterials/Substrate/GLints/dict_16_192_64_0p5_0p02_0031_0006" 6161
"/Engine/EngineMaterials/Substrate/GLints/dict_16_192_64_0p5_0p02_0031_0005" 6162
"/Engine/EngineMaterials/Substrate/GLints/dict_16_192_64_0p5_0p02_0031_0004" 6163
"/Engine/EngineMaterials/Substrate/GLints/dict_16_192_64_0p5_0p02_0031_0003" 6164
"/Engine/EngineMaterials/Substrate/GLints/dict_16_192_64_0p5_0p02_0031_0002" 6165
"/Engine/EngineMaterials/Substrate/GLints/dict_16_192_64_0p5_0p02_0031_0001" 6166
"/Engine/EngineMaterials/Substrate/GLints/dict_16_192_64_0p5_0p02_0031_0000" 6167
"/Engine/EngineMaterials/Substrate/GLints/dict_16_192_64_0p5_0p02_0030_0015" 6168
"/Engine/EngineMaterials/Substrate/GLints/dict_16_192_64_0p5_0p02_0030_0014" 6169
"/Engine/EngineMaterials/Substrate/GLints/dict_16_192_64_0p5_0p02_0030_0013" 6170
"/Engine/EngineMaterials/Substrate/GLints/dict_16_192_64_0p5_0p02_0032_0012" 6171
"../../../Engine/Content/EngineMaterials/Substrate/GLints/dict_16_192_64_0p5_0p02_0032_0013.uasset" 6172
"../../../Engine/Content/EngineMaterials/Substrate/GLints/dict_16_192_64_0p5_0p02_0032_0014.uasset" 6173
"../../../Engine/Content/EngineMaterials/Substrate/GLints/dict_16_192_64_0p5_0p02_0032_0015.uasset" 6174
"../../../Engine/Content/EngineMaterials/Substrate/GLints/dict_16_192_64_0p5_0p02_0033_0001.uasset" 6175
"../../../Engine/Content/EngineMaterials/Substrate/GLints/dict_16_192_64_0p5_0p02_0033_0000.uasset" 6176
"../../../Engine/Content/EngineMaterials/Substrate/GLints/dict_16_192_64_0p5_0p02_0033_0002.uasset" 6177
"../../../Engine/Content/EngineMaterials/Substrate/GLints/dict_16_192_64_0p5_0p02_0033_0005.uasset" 6178
"../../../Engine/Content/EngineMaterials/Substrate/GLints/dict_16_192_64_0p5_0p02_0033_0004.uasset" 6179
"../../../Engine/Content/EngineMaterials/Substrate/GLints/dict_16_192_64_0p5_0p02_0033_0007.uasset" 6180
"../../../Engine/Content/EngineMaterials/Substrate/GLints/dict_16_192_64_0p5_0p02_0033_0003.uasset" 6181
"../../../Engine/Content/EngineMaterials/Substrate/GLints/dict_16_192_64_0p5_0p02_0033_0008.uasset" 6182
"/Engine/EngineMaterials/Substrate/GLints/dict_16_192_64_0p5_0p02_0032_0011" 6183
"../../../Engine/Content/EngineMaterials/Substrate/GLints/dict_16_192_64_0p5_0p02_0033_0006.uasset" 6184
"../../../Engine/Content/EngineMaterials/Substrate/GLints/dict_16_192_64_0p5_0p02_0033_0009.uasset" 6185
"../../../Engine/Content/EngineMaterials/Substrate/GLints/dict_16_192_64_0p5_0p02_0033_0011.uasset" 6186
"../../../Engine/Content/EngineMaterials/Substrate/GLints/dict_16_192_64_0p5_0p02_0033_0010.uasset" 6187
"../../../Engine/Content/EngineMaterials/Substrate/GLints/dict_16_192_64_0p5_0p02_0033_0012.uasset" 6188
"../../../Engine/Content/EngineMaterials/Substrate/GLints/dict_16_192_64_0p5_0p02_0033_0013.uasset" 6189
"/Engine/EngineMaterials/Substrate/GLints/dict_16_192_64_0p5_0p02_0032_0010" 6190
"/Engine/EngineMaterials/Substrate/GLints/dict_16_192_64_0p5_0p02_0032_0009" 6191
"/Engine/EngineMaterials/Substrate/GLints/dict_16_192_64_0p5_0p02_0032_0008" 6192
"/Engine/EngineMaterials/Substrate/GLints/dict_16_192_64_0p5_0p02_0032_0007" 6193
"/Engine/EngineMaterials/Substrate/GLints/dict_16_192_64_0p5_0p02_0032_0006" 6194
"/Engine/EngineMaterials/Substrate/GLints/dict_16_192_64_0p5_0p02_0032_0005" 6195
"/Engine/EngineMaterials/Substrate/GLints/dict_16_192_64_0p5_0p02_0032_0004" 6196
"/Engine/EngineMaterials/Substrate/GLints/dict_16_192_64_0p5_0p02_0032_0003" 6197
"/Engine/EngineMaterials/Substrate/GLints/dict_16_192_64_0p5_0p02_0032_0002" 6198
"/Engine/EngineMaterials/Substrate/GLints/dict_16_192_64_0p5_0p02_0032_0001" 6199
"/Engine/EngineMaterials/Substrate/GLints/dict_16_192_64_0p5_0p02_0032_0000" 6200
"/Engine/EngineMaterials/Substrate/GLints/dict_16_192_64_0p5_0p02_0031_0015" 6201
"/Engine/EngineMaterials/Substrate/GLints/dict_16_192_64_0p5_0p02_0031_0014" 6202
"/Engine/EngineMaterials/Substrate/GLints/dict_16_192_64_0p5_0p02_0033_0013" 6203
"../../../Engine/Content/EngineMaterials/Substrate/GLints/dict_16_192_64_0p5_0p02_0033_0014.uasset" 6204
"../../../Engine/Content/EngineMaterials/Substrate/GLints/dict_16_192_64_0p5_0p02_0033_0015.uasset" 6205
"../../../Engine/Content/EngineMaterials/Substrate/GLints/dict_16_192_64_0p5_0p02_0034_0000.uasset" 6206
"/Engine/EngineMaterials/Substrate/GLints/dict_16_192_64_0p5_0p02_0033_0012" 6207
"../../../Engine/Content/EngineMaterials/Substrate/GLints/dict_16_192_64_0p5_0p02_0034_0001.uasset" 6208
"../../../Engine/Content/EngineMaterials/Substrate/GLints/dict_16_192_64_0p5_0p02_0034_0002.uasset" 6209
"../../../Engine/Content/EngineMaterials/Substrate/GLints/dict_16_192_64_0p5_0p02_0034_0003.uasset" 6210
"../../../Engine/Content/EngineMaterials/Substrate/GLints/dict_16_192_64_0p5_0p02_0034_0007.uasset" 6211
"../../../Engine/Content/EngineMaterials/Substrate/GLints/dict_16_192_64_0p5_0p02_0034_0011.uasset" 6212
"../../../Engine/Content/EngineMaterials/Substrate/GLints/dict_16_192_64_0p5_0p02_0034_0008.uasset" 6213
"../../../Engine/Content/EngineMaterials/Substrate/GLints/dict_16_192_64_0p5_0p02_0034_0012.uasset" 6214
"../../../Engine/Content/EngineMaterials/Substrate/GLints/dict_16_192_64_0p5_0p02_0034_0010.uasset" 6215
"../../../Engine/Content/EngineMaterials/Substrate/GLints/dict_16_192_64_0p5_0p02_0034_0004.uasset" 6216
"../../../Engine/Content/EngineMaterials/Substrate/GLints/dict_16_192_64_0p5_0p02_0034_0005.uasset" 6217
"../../../Engine/Content/EngineMaterials/Substrate/GLints/dict_16_192_64_0p5_0p02_0034_0006.uasset" 6218
"../../../Engine/Content/EngineMaterials/Substrate/GLints/dict_16_192_64_0p5_0p02_0034_0009.uasset" 6219
"/Engine/EngineMaterials/Substrate/GLints/dict_16_192_64_0p5_0p02_0033_0011" 6220
"/Engine/EngineMaterials/Substrate/GLints/dict_16_192_64_0p5_0p02_0033_0010" 6221
"/Engine/EngineMaterials/Substrate/GLints/dict_16_192_64_0p5_0p02_0033_0009" 6222
"/Engine/EngineMaterials/Substrate/GLints/dict_16_192_64_0p5_0p02_0033_0008" 6223
"/Engine/EngineMaterials/Substrate/GLints/dict_16_192_64_0p5_0p02_0033_0007" 6224
"/Engine/EngineMaterials/Substrate/GLints/dict_16_192_64_0p5_0p02_0033_0006" 6225
"/Engine/EngineMaterials/Substrate/GLints/dict_16_192_64_0p5_0p02_0033_0005" 6226
"/Engine/EngineMaterials/Substrate/GLints/dict_16_192_64_0p5_0p02_0033_0004" 6227
"/Engine/EngineMaterials/Substrate/GLints/dict_16_192_64_0p5_0p02_0033_0003" 6228
"/Engine/EngineMaterials/Substrate/GLints/dict_16_192_64_0p5_0p02_0033_0002" 6229
"/Engine/EngineMaterials/Substrate/GLints/dict_16_192_64_0p5_0p02_0033_0001" 6230
"/Engine/EngineMaterials/Substrate/GLints/dict_16_192_64_0p5_0p02_0033_0000" 6231
"/Engine/EngineMaterials/Substrate/GLints/dict_16_192_64_0p5_0p02_0032_0015" 6232
"/Engine/EngineMaterials/Substrate/GLints/dict_16_192_64_0p5_0p02_0032_0014" 6233
"/Engine/EngineMaterials/Substrate/GLints/dict_16_192_64_0p5_0p02_0032_0013" 6234
"/Engine/EngineMaterials/Substrate/GLints/dict_16_192_64_0p5_0p02_0034_0012" 6235
"../../../Engine/Content/EngineMaterials/Substrate/GLints/dict_16_192_64_0p5_0p02_0034_0013.uasset" 6236
"../../../Engine/Content/EngineMaterials/Substrate/GLints/dict_16_192_64_0p5_0p02_0034_0014.uasset" 6237
"../../../Engine/Content/EngineMaterials/Substrate/GLints/dict_16_192_64_0p5_0p02_0034_0015.uasset" 6238
"../../../Engine/Content/EngineMaterials/Substrate/GLints/dict_16_192_64_0p5_0p02_0035_0000.uasset" 6239
"/Engine/EngineMaterials/Substrate/GLints/dict_16_192_64_0p5_0p02_0034_0011" 6240
"../../../Engine/Content/EngineMaterials/Substrate/GLints/dict_16_192_64_0p5_0p02_0035_0001.uasset" 6241
"../../../Engine/Content/EngineMaterials/Substrate/GLints/dict_16_192_64_0p5_0p02_0035_0003.uasset" 6242
"../../../Engine/Content/EngineMaterials/Substrate/GLints/dict_16_192_64_0p5_0p02_0035_0004.uasset" 6243
"../../../Engine/Content/EngineMaterials/Substrate/GLints/dict_16_192_64_0p5_0p02_0035_0005.uasset" 6244
"../../../Engine/Content/EngineMaterials/Substrate/GLints/dict_16_192_64_0p5_0p02_0035_0008.uasset" 6245
"../../../Engine/Content/EngineMaterials/Substrate/GLints/dict_16_192_64_0p5_0p02_0035_0006.uasset" 6246
"../../../Engine/Content/EngineMaterials/Substrate/GLints/dict_16_192_64_0p5_0p02_0035_0007.uasset" 6247
"../../../Engine/Content/EngineMaterials/Substrate/GLints/dict_16_192_64_0p5_0p02_0035_0010.uasset" 6248
"../../../Engine/Content/EngineMaterials/Substrate/GLints/dict_16_192_64_0p5_0p02_0035_0002.uasset" 6249
"../../../Engine/Content/EngineMaterials/Substrate/GLints/dict_16_192_64_0p5_0p02_0035_0011.uasset" 6250
"../../../Engine/Content/EngineMaterials/Substrate/GLints/dict_16_192_64_0p5_0p02_0035_0013.uasset" 6251
"../../../Engine/Content/EngineMaterials/Substrate/GLints/dict_16_192_64_0p5_0p02_0035_0012.uasset" 6252
"../../../Engine/Content/EngineMaterials/Substrate/GLints/dict_16_192_64_0p5_0p02_0035_0009.uasset" 6253
"/Engine/EngineMaterials/Substrate/GLints/dict_16_192_64_0p5_0p02_0034_0010" 6254
"/Engine/EngineMaterials/Substrate/GLints/dict_16_192_64_0p5_0p02_0034_0009" 6255
"/Engine/EngineMaterials/Substrate/GLints/dict_16_192_64_0p5_0p02_0034_0008" 6256
"/Engine/EngineMaterials/Substrate/GLints/dict_16_192_64_0p5_0p02_0034_0007" 6257
"/Engine/EngineMaterials/Substrate/GLints/dict_16_192_64_0p5_0p02_0034_0006" 6258
"/Engine/EngineMaterials/Substrate/GLints/dict_16_192_64_0p5_0p02_0034_0005" 6259
"/Engine/EngineMaterials/Substrate/GLints/dict_16_192_64_0p5_0p02_0034_0004" 6260
"/Engine/EngineMaterials/Substrate/GLints/dict_16_192_64_0p5_0p02_0034_0003" 6261
"/Engine/EngineMaterials/Substrate/GLints/dict_16_192_64_0p5_0p02_0034_0002" 6262
"/Engine/EngineMaterials/Substrate/GLints/dict_16_192_64_0p5_0p02_0034_0001" 6263
"/Engine/EngineMaterials/Substrate/GLints/dict_16_192_64_0p5_0p02_0034_0000" 6264
"/Engine/EngineMaterials/Substrate/GLints/dict_16_192_64_0p5_0p02_0033_0015" 6265
"/Engine/EngineMaterials/Substrate/GLints/dict_16_192_64_0p5_0p02_0033_0014" 6266
"/Engine/EngineMaterials/Substrate/GLints/dict_16_192_64_0p5_0p02_0035_0013" 6267
"../../../Engine/Content/EngineMaterials/Substrate/GLints/dict_16_192_64_0p5_0p02_0035_0014.uasset" 6268
"../../../Engine/Content/EngineMaterials/Substrate/GLints/dict_16_192_64_0p5_0p02_0035_0015.uasset" 6269
"../../../Engine/Content/EngineMaterials/Substrate/GLints/dict_16_192_64_0p5_0p02_0036_0001.uasset" 6270
"/Engine/EngineMaterials/Substrate/GLints/dict_16_192_64_0p5_0p02_0035_0012" 6271
"../../../Engine/Content/EngineMaterials/Substrate/GLints/dict_16_192_64_0p5_0p02_0036_0000.uasset" 6272
"../../../Engine/Content/EngineMaterials/Substrate/GLints/dict_16_192_64_0p5_0p02_0036_0002.uasset" 6273
"../../../Engine/Content/EngineMaterials/Substrate/GLints/dict_16_192_64_0p5_0p02_0036_0003.uasset" 6274
"../../../Engine/Content/EngineMaterials/Substrate/GLints/dict_16_192_64_0p5_0p02_0036_0005.uasset" 6275
"../../../Engine/Content/EngineMaterials/Substrate/GLints/dict_16_192_64_0p5_0p02_0036_0006.uasset" 6276
"../../../Engine/Content/EngineMaterials/Substrate/GLints/dict_16_192_64_0p5_0p02_0036_0010.uasset" 6277
"../../../Engine/Content/EngineMaterials/Substrate/GLints/dict_16_192_64_0p5_0p02_0036_0009.uasset" 6278
"../../../Engine/Content/EngineMaterials/Substrate/GLints/dict_16_192_64_0p5_0p02_0036_0004.uasset" 6279
"../../../Engine/Content/EngineMaterials/Substrate/GLints/dict_16_192_64_0p5_0p02_0036_0011.uasset" 6280
"../../../Engine/Content/EngineMaterials/Substrate/GLints/dict_16_192_64_0p5_0p02_0036_0007.uasset" 6281
"../../../Engine/Content/EngineMaterials/Substrate/GLints/dict_16_192_64_0p5_0p02_0036_0008.uasset" 6282
"../../../Engine/Content/EngineMaterials/Substrate/GLints/dict_16_192_64_0p5_0p02_0036_0012.uasset" 6283
"/Engine/EngineMaterials/Substrate/GLints/dict_16_192_64_0p5_0p02_0035_0011" 6284
"/Engine/EngineMaterials/Substrate/GLints/dict_16_192_64_0p5_0p02_0035_0010" 6285
"/Engine/EngineMaterials/Substrate/GLints/dict_16_192_64_0p5_0p02_0035_0009" 6286
"/Engine/EngineMaterials/Substrate/GLints/dict_16_192_64_0p5_0p02_0035_0008" 6287
"/Engine/EngineMaterials/Substrate/GLints/dict_16_192_64_0p5_0p02_0035_0007" 6288
"/Engine/EngineMaterials/Substrate/GLints/dict_16_192_64_0p5_0p02_0035_0006" 6289
"/Engine/EngineMaterials/Substrate/GLints/dict_16_192_64_0p5_0p02_0035_0005" 6290
"/Engine/EngineMaterials/Substrate/GLints/dict_16_192_64_0p5_0p02_0035_0004" 6291
"/Engine/EngineMaterials/Substrate/GLints/dict_16_192_64_0p5_0p02_0035_0003" 6292
"/Engine/EngineMaterials/Substrate/GLints/dict_16_192_64_0p5_0p02_0035_0002" 6293
"/Engine/EngineMaterials/Substrate/GLints/dict_16_192_64_0p5_0p02_0035_0001" 6294
"/Engine/EngineMaterials/Substrate/GLints/dict_16_192_64_0p5_0p02_0035_0000" 6295
"/Engine/EngineMaterials/Substrate/GLints/dict_16_192_64_0p5_0p02_0034_0015" 6296
"/Engine/EngineMaterials/Substrate/GLints/dict_16_192_64_0p5_0p02_0034_0014" 6297
"/Engine/EngineMaterials/Substrate/GLints/dict_16_192_64_0p5_0p02_0034_0013" 6298
"/Engine/EngineMaterials/Substrate/GLints/dict_16_192_64_0p5_0p02_0036_0012" 6299
"../../../Engine/Content/EngineMaterials/Substrate/GLints/dict_16_192_64_0p5_0p02_0036_0013.uasset" 6300
"../../../Engine/Content/EngineMaterials/Substrate/GLints/dict_16_192_64_0p5_0p02_0036_0014.uasset" 6301
"../../../Engine/Content/EngineMaterials/Substrate/GLints/dict_16_192_64_0p5_0p02_0036_0015.uasset" 6302
"../../../Engine/Content/EngineMaterials/Substrate/GLints/dict_16_192_64_0p5_0p02_0037_0000.uasset" 6303
"../../../Engine/Content/EngineMaterials/Substrate/GLints/dict_16_192_64_0p5_0p02_0037_0001.uasset" 6304
"../../../Engine/Content/EngineMaterials/Substrate/GLints/dict_16_192_64_0p5_0p02_0037_0002.uasset" 6305
"../../../Engine/Content/EngineMaterials/Substrate/GLints/dict_16_192_64_0p5_0p02_0037_0004.uasset" 6306
"../../../Engine/Content/EngineMaterials/Substrate/GLints/dict_16_192_64_0p5_0p02_0037_0003.uasset" 6307
"../../../Engine/Content/EngineMaterials/Substrate/GLints/dict_16_192_64_0p5_0p02_0037_0006.uasset" 6308
"../../../Engine/Content/EngineMaterials/Substrate/GLints/dict_16_192_64_0p5_0p02_0037_0008.uasset" 6309
"../../../Engine/Content/EngineMaterials/Substrate/GLints/dict_16_192_64_0p5_0p02_0037_0010.uasset" 6310
"../../../Engine/Content/EngineMaterials/Substrate/GLints/dict_16_192_64_0p5_0p02_0037_0005.uasset" 6311
"../../../Engine/Content/EngineMaterials/Substrate/GLints/dict_16_192_64_0p5_0p02_0037_0009.uasset" 6312
"../../../Engine/Content/EngineMaterials/Substrate/GLints/dict_16_192_64_0p5_0p02_0037_0007.uasset" 6313
"../../../Engine/Content/EngineMaterials/Substrate/GLints/dict_16_192_64_0p5_0p02_0037_0011.uasset" 6314
"/Engine/EngineMaterials/Substrate/GLints/dict_16_192_64_0p5_0p02_0036_0011" 6315
"../../../Engine/Content/EngineMaterials/Substrate/GLints/dict_16_192_64_0p5_0p02_0037_0013.uasset" 6316
"../../../Engine/Content/EngineMaterials/Substrate/GLints/dict_16_192_64_0p5_0p02_0037_0012.uasset" 6317
"/Engine/EngineMaterials/Substrate/GLints/dict_16_192_64_0p5_0p02_0036_0010" 6318
"/Engine/EngineMaterials/Substrate/GLints/dict_16_192_64_0p5_0p02_0036_0009" 6319
"/Engine/EngineMaterials/Substrate/GLints/dict_16_192_64_0p5_0p02_0036_0008" 6320
"/Engine/EngineMaterials/Substrate/GLints/dict_16_192_64_0p5_0p02_0036_0007" 6321
"/Engine/EngineMaterials/Substrate/GLints/dict_16_192_64_0p5_0p02_0036_0006" 6322
"/Engine/EngineMaterials/Substrate/GLints/dict_16_192_64_0p5_0p02_0036_0005" 6323
"/Engine/EngineMaterials/Substrate/GLints/dict_16_192_64_0p5_0p02_0036_0004" 6324
"/Engine/EngineMaterials/Substrate/GLints/dict_16_192_64_0p5_0p02_0036_0003" 6325
"/Engine/EngineMaterials/Substrate/GLints/dict_16_192_64_0p5_0p02_0036_0002" 6326
"/Engine/EngineMaterials/Substrate/GLints/dict_16_192_64_0p5_0p02_0036_0001" 6327
"/Engine/EngineMaterials/Substrate/GLints/dict_16_192_64_0p5_0p02_0036_0000" 6328
"/Engine/EngineMaterials/Substrate/GLints/dict_16_192_64_0p5_0p02_0035_0015" 6329
"/Engine/EngineMaterials/Substrate/GLints/dict_16_192_64_0p5_0p02_0035_0014" 6330
"/Engine/EngineMaterials/Substrate/GLints/dict_16_192_64_0p5_0p02_0037_0013" 6331
"/Engine/EngineMaterials/Substrate/GLints/dict_16_192_64_0p5_0p02_0037_0012" 6332
"../../../Engine/Content/EngineMaterials/Substrate/GLints/dict_16_192_64_0p5_0p02_0037_0014.uasset" 6333
"../../../Engine/Content/EngineMaterials/Substrate/GLints/dict_16_192_64_0p5_0p02_0037_0015.uasset" 6334
"../../../Engine/Content/EngineMaterials/Substrate/GLints/dict_16_192_64_0p5_0p02_0038_0001.uasset" 6335
"../../../Engine/Content/EngineMaterials/Substrate/GLints/dict_16_192_64_0p5_0p02_0038_0000.uasset" 6336
"../../../Engine/Content/EngineMaterials/Substrate/GLints/dict_16_192_64_0p5_0p02_0038_0004.uasset" 6337
"../../../Engine/Content/EngineMaterials/Substrate/GLints/dict_16_192_64_0p5_0p02_0038_0009.uasset" 6338
"../../../Engine/Content/EngineMaterials/Substrate/GLints/dict_16_192_64_0p5_0p02_0038_0003.uasset" 6339
"../../../Engine/Content/EngineMaterials/Substrate/GLints/dict_16_192_64_0p5_0p02_0038_0007.uasset" 6340
"../../../Engine/Content/EngineMaterials/Substrate/GLints/dict_16_192_64_0p5_0p02_0038_0005.uasset" 6341
"../../../Engine/Content/EngineMaterials/Substrate/GLints/dict_16_192_64_0p5_0p02_0038_0008.uasset" 6342
"../../../Engine/Content/EngineMaterials/Substrate/GLints/dict_16_192_64_0p5_0p02_0038_0006.uasset" 6343
"../../../Engine/Content/EngineMaterials/Substrate/GLints/dict_16_192_64_0p5_0p02_0038_0010.uasset" 6344
"../../../Engine/Content/EngineMaterials/Substrate/GLints/dict_16_192_64_0p5_0p02_0038_0002.uasset" 6345
"../../../Engine/Content/EngineMaterials/Substrate/GLints/dict_16_192_64_0p5_0p02_0038_0012.uasset" 6346
"../../../Engine/Content/EngineMaterials/Substrate/GLints/dict_16_192_64_0p5_0p02_0038_0011.uasset" 6347
"/Engine/EngineMaterials/Substrate/GLints/dict_16_192_64_0p5_0p02_0037_0011" 6348
"/Engine/EngineMaterials/Substrate/GLints/dict_16_192_64_0p5_0p02_0037_0010" 6349
"/Engine/EngineMaterials/Substrate/GLints/dict_16_192_64_0p5_0p02_0037_0009" 6350
"/Engine/EngineMaterials/Substrate/GLints/dict_16_192_64_0p5_0p02_0037_0008" 6351
"/Engine/EngineMaterials/Substrate/GLints/dict_16_192_64_0p5_0p02_0037_0007" 6352
"/Engine/EngineMaterials/Substrate/GLints/dict_16_192_64_0p5_0p02_0037_0006" 6353
"/Engine/EngineMaterials/Substrate/GLints/dict_16_192_64_0p5_0p02_0037_0005" 6354
"/Engine/EngineMaterials/Substrate/GLints/dict_16_192_64_0p5_0p02_0037_0004" 6355
"/Engine/EngineMaterials/Substrate/GLints/dict_16_192_64_0p5_0p02_0037_0003" 6356
"/Engine/EngineMaterials/Substrate/GLints/dict_16_192_64_0p5_0p02_0037_0002" 6357
"/Engine/EngineMaterials/Substrate/GLints/dict_16_192_64_0p5_0p02_0037_0001" 6358
"/Engine/EngineMaterials/Substrate/GLints/dict_16_192_64_0p5_0p02_0037_0000" 6359
"/Engine/EngineMaterials/Substrate/GLints/dict_16_192_64_0p5_0p02_0036_0015" 6360
"/Engine/EngineMaterials/Substrate/GLints/dict_16_192_64_0p5_0p02_0036_0014" 6361
"/Engine/EngineMaterials/Substrate/GLints/dict_16_192_64_0p5_0p02_0036_0013" 6362
"/Engine/EngineMaterials/Substrate/GLints/dict_16_192_64_0p5_0p02_0038_0012" 6363
"../../../Engine/Content/EngineMaterials/Substrate/GLints/dict_16_192_64_0p5_0p02_0038_0013.uasset" 6364
"../../../Engine/Content/EngineMaterials/Substrate/GLints/dict_16_192_64_0p5_0p02_0038_0014.uasset" 6365
"../../../Engine/Content/EngineMaterials/Substrate/GLints/dict_16_192_64_0p5_0p02_0038_0015.uasset" 6366
"../../../Engine/Content/EngineMaterials/Substrate/GLints/dict_16_192_64_0p5_0p02_0039_0001.uasset" 6367
"../../../Engine/Content/EngineMaterials/Substrate/GLints/dict_16_192_64_0p5_0p02_0039_0000.uasset" 6368
"../../../Engine/Content/EngineMaterials/Substrate/GLints/dict_16_192_64_0p5_0p02_0039_0005.uasset" 6369
"../../../Engine/Content/EngineMaterials/Substrate/GLints/dict_16_192_64_0p5_0p02_0039_0003.uasset" 6370
"../../../Engine/Content/EngineMaterials/Substrate/GLints/dict_16_192_64_0p5_0p02_0039_0007.uasset" 6371
"../../../Engine/Content/EngineMaterials/Substrate/GLints/dict_16_192_64_0p5_0p02_0039_0004.uasset" 6372
"../../../Engine/Content/EngineMaterials/Substrate/GLints/dict_16_192_64_0p5_0p02_0039_0006.uasset" 6373
"../../../Engine/Content/EngineMaterials/Substrate/GLints/dict_16_192_64_0p5_0p02_0039_0002.uasset" 6374
"../../../Engine/Content/EngineMaterials/Substrate/GLints/dict_16_192_64_0p5_0p02_0039_0013.uasset" 6375
"../../../Engine/Content/EngineMaterials/Substrate/GLints/dict_16_192_64_0p5_0p02_0039_0009.uasset" 6376
"../../../Engine/Content/EngineMaterials/Substrate/GLints/dict_16_192_64_0p5_0p02_0039_0012.uasset" 6377
"../../../Engine/Content/EngineMaterials/Substrate/GLints/dict_16_192_64_0p5_0p02_0039_0010.uasset" 6378
"../../../Engine/Content/EngineMaterials/Substrate/GLints/dict_16_192_64_0p5_0p02_0039_0008.uasset" 6379
"../../../Engine/Content/EngineMaterials/Substrate/GLints/dict_16_192_64_0p5_0p02_0039_0011.uasset" 6380
"/Engine/EngineMaterials/Substrate/GLints/dict_16_192_64_0p5_0p02_0038_0011" 6381
"/Engine/EngineMaterials/Substrate/GLints/dict_16_192_64_0p5_0p02_0038_0010" 6382
"/Engine/EngineMaterials/Substrate/GLints/dict_16_192_64_0p5_0p02_0038_0009" 6383
"/Engine/EngineMaterials/Substrate/GLints/dict_16_192_64_0p5_0p02_0038_0008" 6384
"/Engine/EngineMaterials/Substrate/GLints/dict_16_192_64_0p5_0p02_0038_0007" 6385
"/Engine/EngineMaterials/Substrate/GLints/dict_16_192_64_0p5_0p02_0038_0006" 6386
"/Engine/EngineMaterials/Substrate/GLints/dict_16_192_64_0p5_0p02_0038_0005" 6387
"/Engine/EngineMaterials/Substrate/GLints/dict_16_192_64_0p5_0p02_0038_0004" 6388
"/Engine/EngineMaterials/Substrate/GLints/dict_16_192_64_0p5_0p02_0038_0003" 6389
"/Engine/EngineMaterials/Substrate/GLints/dict_16_192_64_0p5_0p02_0038_0002" 6390
"/Engine/EngineMaterials/Substrate/GLints/dict_16_192_64_0p5_0p02_0038_0001" 6391
"/Engine/EngineMaterials/Substrate/GLints/dict_16_192_64_0p5_0p02_0038_0000" 6392
"/Engine/EngineMaterials/Substrate/GLints/dict_16_192_64_0p5_0p02_0037_0015" 6393
"/Engine/EngineMaterials/Substrate/GLints/dict_16_192_64_0p5_0p02_0037_0014" 6394
"/Engine/EngineMaterials/Substrate/GLints/dict_16_192_64_0p5_0p02_0039_0013" 6395
"../../../Engine/Content/EngineMaterials/Substrate/GLints/dict_16_192_64_0p5_0p02_0039_0014.uasset" 6396
"../../../Engine/Content/EngineMaterials/Substrate/GLints/dict_16_192_64_0p5_0p02_0040_0000.uasset" 6397
"../../../Engine/Content/EngineMaterials/Substrate/GLints/dict_16_192_64_0p5_0p02_0039_0015.uasset" 6398
"/Engine/EngineMaterials/Substrate/GLints/dict_16_192_64_0p5_0p02_0039_0012" 6399
"../../../Engine/Content/EngineMaterials/Substrate/GLints/dict_16_192_64_0p5_0p02_0040_0002.uasset" 6400
"../../../Engine/Content/EngineMaterials/Substrate/GLints/dict_16_192_64_0p5_0p02_0040_0001.uasset" 6401
"../../../Engine/Content/EngineMaterials/Substrate/GLints/dict_16_192_64_0p5_0p02_0040_0003.uasset" 6402
"../../../Engine/Content/EngineMaterials/Substrate/GLints/dict_16_192_64_0p5_0p02_0040_0006.uasset" 6403
"../../../Engine/Content/EngineMaterials/Substrate/GLints/dict_16_192_64_0p5_0p02_0040_0004.uasset" 6404
"../../../Engine/Content/EngineMaterials/Substrate/GLints/dict_16_192_64_0p5_0p02_0040_0010.uasset" 6405
"../../../Engine/Content/EngineMaterials/Substrate/GLints/dict_16_192_64_0p5_0p02_0040_0005.uasset" 6406
"../../../Engine/Content/EngineMaterials/Substrate/GLints/dict_16_192_64_0p5_0p02_0040_0011.uasset" 6407
"../../../Engine/Content/EngineMaterials/Substrate/GLints/dict_16_192_64_0p5_0p02_0040_0007.uasset" 6408
"../../../Engine/Content/EngineMaterials/Substrate/GLints/dict_16_192_64_0p5_0p02_0040_0012.uasset" 6409
"../../../Engine/Content/EngineMaterials/Substrate/GLints/dict_16_192_64_0p5_0p02_0040_0009.uasset" 6410
"../../../Engine/Content/EngineMaterials/Substrate/GLints/dict_16_192_64_0p5_0p02_0040_0008.uasset" 6411
"/Engine/EngineMaterials/Substrate/GLints/dict_16_192_64_0p5_0p02_0039_0011" 6412
"/Engine/EngineMaterials/Substrate/GLints/dict_16_192_64_0p5_0p02_0039_0010" 6413
"/Engine/EngineMaterials/Substrate/GLints/dict_16_192_64_0p5_0p02_0039_0009" 6414
"/Engine/EngineMaterials/Substrate/GLints/dict_16_192_64_0p5_0p02_0039_0008" 6415
"/Engine/EngineMaterials/Substrate/GLints/dict_16_192_64_0p5_0p02_0039_0007" 6416
"/Engine/EngineMaterials/Substrate/GLints/dict_16_192_64_0p5_0p02_0039_0006" 6417
"/Engine/EngineMaterials/Substrate/GLints/dict_16_192_64_0p5_0p02_0039_0005" 6418
"/Engine/EngineMaterials/Substrate/GLints/dict_16_192_64_0p5_0p02_0039_0004" 6419
"/Engine/EngineMaterials/Substrate/GLints/dict_16_192_64_0p5_0p02_0039_0003" 6420
"/Engine/EngineMaterials/Substrate/GLints/dict_16_192_64_0p5_0p02_0039_0002" 6421
"/Engine/EngineMaterials/Substrate/GLints/dict_16_192_64_0p5_0p02_0039_0001" 6422
"/Engine/EngineMaterials/Substrate/GLints/dict_16_192_64_0p5_0p02_0039_0000" 6423
"/Engine/EngineMaterials/Substrate/GLints/dict_16_192_64_0p5_0p02_0038_0015" 6424
"/Engine/EngineMaterials/Substrate/GLints/dict_16_192_64_0p5_0p02_0038_0014" 6425
"/Engine/EngineMaterials/Substrate/GLints/dict_16_192_64_0p5_0p02_0038_0013" 6426
"/Engine/EngineMaterials/Substrate/GLints/dict_16_192_64_0p5_0p02_0040_0012" 6427
"../../../Engine/Content/EngineMaterials/Substrate/GLints/dict_16_192_64_0p5_0p02_0040_0013.uasset" 6428
"../../../Engine/Content/EngineMaterials/Substrate/GLints/dict_16_192_64_0p5_0p02_0040_0014.uasset" 6429
"../../../Engine/Content/EngineMaterials/Substrate/GLints/dict_16_192_64_0p5_0p02_0040_0015.uasset" 6430
"../../../Engine/Content/EngineMaterials/Substrate/GLints/dict_16_192_64_0p5_0p02_0041_0000.uasset" 6431
"../../../Engine/Content/EngineMaterials/Substrate/GLints/dict_16_192_64_0p5_0p02_0041_0001.uasset" 6432
"/Engine/EngineMaterials/Substrate/GLints/dict_16_192_64_0p5_0p02_0040_0011" 6433
"../../../Engine/Content/EngineMaterials/Substrate/GLints/dict_16_192_64_0p5_0p02_0041_0004.uasset" 6434
"../../../Engine/Content/EngineMaterials/Substrate/GLints/dict_16_192_64_0p5_0p02_0041_0003.uasset" 6435
"../../../Engine/Content/EngineMaterials/Substrate/GLints/dict_16_192_64_0p5_0p02_0041_0002.uasset" 6436
"../../../Engine/Content/EngineMaterials/Substrate/GLints/dict_16_192_64_0p5_0p02_0041_0005.uasset" 6437
"../../../Engine/Content/EngineMaterials/Substrate/GLints/dict_16_192_64_0p5_0p02_0041_0008.uasset" 6438
"../../../Engine/Content/EngineMaterials/Substrate/GLints/dict_16_192_64_0p5_0p02_0041_0010.uasset" 6439
"../../../Engine/Content/EngineMaterials/Substrate/GLints/dict_16_192_64_0p5_0p02_0041_0009.uasset" 6440
"../../../Engine/Content/EngineMaterials/Substrate/GLints/dict_16_192_64_0p5_0p02_0041_0011.uasset" 6441
"../../../Engine/Content/EngineMaterials/Substrate/GLints/dict_16_192_64_0p5_0p02_0041_0006.uasset" 6442
"../../../Engine/Content/EngineMaterials/Substrate/GLints/dict_16_192_64_0p5_0p02_0041_0013.uasset" 6443
"../../../Engine/Content/EngineMaterials/Substrate/GLints/dict_16_192_64_0p5_0p02_0041_0007.uasset" 6444
"../../../Engine/Content/EngineMaterials/Substrate/GLints/dict_16_192_64_0p5_0p02_0041_0012.uasset" 6445
"/Engine/EngineMaterials/Substrate/GLints/dict_16_192_64_0p5_0p02_0040_0010" 6446
"/Engine/EngineMaterials/Substrate/GLints/dict_16_192_64_0p5_0p02_0040_0009" 6447
"/Engine/EngineMaterials/Substrate/GLints/dict_16_192_64_0p5_0p02_0040_0008" 6448
"/Engine/EngineMaterials/Substrate/GLints/dict_16_192_64_0p5_0p02_0040_0007" 6449
"/Engine/EngineMaterials/Substrate/GLints/dict_16_192_64_0p5_0p02_0040_0006" 6450
"/Engine/EngineMaterials/Substrate/GLints/dict_16_192_64_0p5_0p02_0040_0005" 6451
"/Engine/EngineMaterials/Substrate/GLints/dict_16_192_64_0p5_0p02_0040_0004" 6452
"/Engine/EngineMaterials/Substrate/GLints/dict_16_192_64_0p5_0p02_0040_0003" 6453
"/Engine/EngineMaterials/Substrate/GLints/dict_16_192_64_0p5_0p02_0040_0002" 6454
"/Engine/EngineMaterials/Substrate/GLints/dict_16_192_64_0p5_0p02_0040_0001" 6455
"/Engine/EngineMaterials/Substrate/GLints/dict_16_192_64_0p5_0p02_0040_0000" 6456
"/Engine/EngineMaterials/Substrate/GLints/dict_16_192_64_0p5_0p02_0039_0015" 6457
"/Engine/EngineMaterials/Substrate/GLints/dict_16_192_64_0p5_0p02_0039_0014" 6458
"/Engine/EngineMaterials/Substrate/GLints/dict_16_192_64_0p5_0p02_0041_0013" 6459
"../../../Engine/Content/EngineMaterials/Substrate/GLints/dict_16_192_64_0p5_0p02_0041_0015.uasset" 6460
"../../../Engine/Content/EngineMaterials/Substrate/GLints/dict_16_192_64_0p5_0p02_0042_0000.uasset" 6461
"../../../Engine/Content/EngineMaterials/Substrate/GLints/dict_16_192_64_0p5_0p02_0041_0014.uasset" 6462
"../../../Engine/Content/EngineMaterials/Substrate/GLints/dict_16_192_64_0p5_0p02_0042_0001.uasset" 6463
"../../../Engine/Content/EngineMaterials/Substrate/GLints/dict_16_192_64_0p5_0p02_0042_0002.uasset" 6464
"../../../Engine/Content/EngineMaterials/Substrate/GLints/dict_16_192_64_0p5_0p02_0042_0003.uasset" 6465
"../../../Engine/Content/EngineMaterials/Substrate/GLints/dict_16_192_64_0p5_0p02_0042_0007.uasset" 6466
"../../../Engine/Content/EngineMaterials/Substrate/GLints/dict_16_192_64_0p5_0p02_0042_0005.uasset" 6467
"../../../Engine/Content/EngineMaterials/Substrate/GLints/dict_16_192_64_0p5_0p02_0042_0008.uasset" 6468
"../../../Engine/Content/EngineMaterials/Substrate/GLints/dict_16_192_64_0p5_0p02_0042_0011.uasset" 6469
"/Engine/EngineMaterials/Substrate/GLints/dict_16_192_64_0p5_0p02_0041_0012" 6470
"../../../Engine/Content/EngineMaterials/Substrate/GLints/dict_16_192_64_0p5_0p02_0042_0004.uasset" 6471
"../../../Engine/Content/EngineMaterials/Substrate/GLints/dict_16_192_64_0p5_0p02_0042_0012.uasset" 6472
"../../../Engine/Content/EngineMaterials/Substrate/GLints/dict_16_192_64_0p5_0p02_0042_0010.uasset" 6473
"../../../Engine/Content/EngineMaterials/Substrate/GLints/dict_16_192_64_0p5_0p02_0042_0006.uasset" 6474
"../../../Engine/Content/EngineMaterials/Substrate/GLints/dict_16_192_64_0p5_0p02_0042_0009.uasset" 6475
"/Engine/EngineMaterials/Substrate/GLints/dict_16_192_64_0p5_0p02_0041_0011" 6476
"/Engine/EngineMaterials/Substrate/GLints/dict_16_192_64_0p5_0p02_0041_0010" 6477
"/Engine/EngineMaterials/Substrate/GLints/dict_16_192_64_0p5_0p02_0041_0009" 6478
"/Engine/EngineMaterials/Substrate/GLints/dict_16_192_64_0p5_0p02_0041_0008" 6479
"/Engine/EngineMaterials/Substrate/GLints/dict_16_192_64_0p5_0p02_0041_0007" 6480
"/Engine/EngineMaterials/Substrate/GLints/dict_16_192_64_0p5_0p02_0041_0006" 6481
"/Engine/EngineMaterials/Substrate/GLints/dict_16_192_64_0p5_0p02_0041_0005" 6482
"/Engine/EngineMaterials/Substrate/GLints/dict_16_192_64_0p5_0p02_0041_0004" 6483
"/Engine/EngineMaterials/Substrate/GLints/dict_16_192_64_0p5_0p02_0041_0003" 6484
"/Engine/EngineMaterials/Substrate/GLints/dict_16_192_64_0p5_0p02_0041_0002" 6485
"/Engine/EngineMaterials/Substrate/GLints/dict_16_192_64_0p5_0p02_0041_0001" 6486
"/Engine/EngineMaterials/Substrate/GLints/dict_16_192_64_0p5_0p02_0041_0000" 6487
"/Engine/EngineMaterials/Substrate/GLints/dict_16_192_64_0p5_0p02_0040_0015" 6488
"/Engine/EngineMaterials/Substrate/GLints/dict_16_192_64_0p5_0p02_0040_0014" 6489
"/Engine/EngineMaterials/Substrate/GLints/dict_16_192_64_0p5_0p02_0040_0013" 6490
"/Engine/EngineMaterials/Substrate/GLints/dict_16_192_64_0p5_0p02_0042_0012" 6491
"../../../Engine/Content/EngineMaterials/Substrate/GLints/dict_16_192_64_0p5_0p02_0042_0013.uasset" 6492
"../../../Engine/Content/EngineMaterials/Substrate/GLints/dict_16_192_64_0p5_0p02_0042_0014.uasset" 6493
"/Engine/EngineMaterials/Substrate/GLints/dict_16_192_64_0p5_0p02_0042_0011" 6494
"../../../Engine/Content/EngineMaterials/Substrate/GLints/dict_16_192_64_0p5_0p02_0042_0015.uasset" 6495
"../../../Engine/Content/EngineMaterials/Substrate/GLints/dict_16_192_64_0p5_0p02_0043_0002.uasset" 6496
"../../../Engine/Content/EngineMaterials/Substrate/GLints/dict_16_192_64_0p5_0p02_0043_0001.uasset" 6497
"../../../Engine/Content/EngineMaterials/Substrate/GLints/dict_16_192_64_0p5_0p02_0043_0003.uasset" 6498
"../../../Engine/Content/EngineMaterials/Substrate/GLints/dict_16_192_64_0p5_0p02_0043_0000.uasset" 6499
"../../../Engine/Content/EngineMaterials/Substrate/GLints/dict_16_192_64_0p5_0p02_0043_0007.uasset" 6500
"../../../Engine/Content/EngineMaterials/Substrate/GLints/dict_16_192_64_0p5_0p02_0043_0009.uasset" 6501
"../../../Engine/Content/EngineMaterials/Substrate/GLints/dict_16_192_64_0p5_0p02_0043_0008.uasset" 6502
"../../../Engine/Content/EngineMaterials/Substrate/GLints/dict_16_192_64_0p5_0p02_0043_0011.uasset" 6503
"../../../Engine/Content/EngineMaterials/Substrate/GLints/dict_16_192_64_0p5_0p02_0043_0005.uasset" 6504
"../../../Engine/Content/EngineMaterials/Substrate/GLints/dict_16_192_64_0p5_0p02_0043_0006.uasset" 6505
"../../../Engine/Content/EngineMaterials/Substrate/GLints/dict_16_192_64_0p5_0p02_0043_0012.uasset" 6506
"../../../Engine/Content/EngineMaterials/Substrate/GLints/dict_16_192_64_0p5_0p02_0043_0010.uasset" 6507
"../../../Engine/Content/EngineMaterials/Substrate/GLints/dict_16_192_64_0p5_0p02_0043_0013.uasset" 6508
"../../../Engine/Content/EngineMaterials/Substrate/GLints/dict_16_192_64_0p5_0p02_0043_0004.uasset" 6509
"/Engine/EngineMaterials/Substrate/GLints/dict_16_192_64_0p5_0p02_0042_0010" 6510
"/Engine/EngineMaterials/Substrate/GLints/dict_16_192_64_0p5_0p02_0042_0009" 6511
"/Engine/EngineMaterials/Substrate/GLints/dict_16_192_64_0p5_0p02_0042_0008" 6512
"/Engine/EngineMaterials/Substrate/GLints/dict_16_192_64_0p5_0p02_0042_0007" 6513
"/Engine/EngineMaterials/Substrate/GLints/dict_16_192_64_0p5_0p02_0042_0006" 6514
"/Engine/EngineMaterials/Substrate/GLints/dict_16_192_64_0p5_0p02_0042_0005" 6515
"/Engine/EngineMaterials/Substrate/GLints/dict_16_192_64_0p5_0p02_0042_0004" 6516
"/Engine/EngineMaterials/Substrate/GLints/dict_16_192_64_0p5_0p02_0042_0003" 6517
"/Engine/EngineMaterials/Substrate/GLints/dict_16_192_64_0p5_0p02_0042_0002" 6518
"/Engine/EngineMaterials/Substrate/GLints/dict_16_192_64_0p5_0p02_0042_0001" 6519
"/Engine/EngineMaterials/Substrate/GLints/dict_16_192_64_0p5_0p02_0042_0000" 6520
"/Engine/EngineMaterials/Substrate/GLints/dict_16_192_64_0p5_0p02_0041_0015" 6521
"/Engine/EngineMaterials/Substrate/GLints/dict_16_192_64_0p5_0p02_0041_0014" 6522
"/Engine/EngineMaterials/Substrate/GLints/dict_16_192_64_0p5_0p02_0043_0013" 6523
"../../../Engine/Content/EngineMaterials/Substrate/GLints/dict_16_192_64_0p5_0p02_0043_0014.uasset" 6524
"../../../Engine/Content/EngineMaterials/Substrate/GLints/dict_16_192_64_0p5_0p02_0043_0015.uasset" 6525
"/Engine/EngineMaterials/Substrate/GLints/dict_16_192_64_0p5_0p02_0043_0012" 6526
"../../../Engine/Content/EngineMaterials/Substrate/GLints/dict_16_192_64_0p5_0p02_0044_0000.uasset" 6527
"../../../Engine/Content/EngineMaterials/Substrate/GLints/dict_16_192_64_0p5_0p02_0044_0001.uasset" 6528
"../../../Engine/Content/EngineMaterials/Substrate/GLints/dict_16_192_64_0p5_0p02_0044_0004.uasset" 6529
"../../../Engine/Content/EngineMaterials/Substrate/GLints/dict_16_192_64_0p5_0p02_0044_0002.uasset" 6530
"../../../Engine/Content/EngineMaterials/Substrate/GLints/dict_16_192_64_0p5_0p02_0044_0006.uasset" 6531
"../../../Engine/Content/EngineMaterials/Substrate/GLints/dict_16_192_64_0p5_0p02_0044_0005.uasset" 6532
"../../../Engine/Content/EngineMaterials/Substrate/GLints/dict_16_192_64_0p5_0p02_0044_0008.uasset" 6533
"../../../Engine/Content/EngineMaterials/Substrate/GLints/dict_16_192_64_0p5_0p02_0044_0003.uasset" 6534
"../../../Engine/Content/EngineMaterials/Substrate/GLints/dict_16_192_64_0p5_0p02_0044_0009.uasset" 6535
"../../../Engine/Content/EngineMaterials/Substrate/GLints/dict_16_192_64_0p5_0p02_0044_0011.uasset" 6536
"../../../Engine/Content/EngineMaterials/Substrate/GLints/dict_16_192_64_0p5_0p02_0044_0010.uasset" 6537
"../../../Engine/Content/EngineMaterials/Substrate/GLints/dict_16_192_64_0p5_0p02_0044_0012.uasset" 6538
"../../../Engine/Content/EngineMaterials/Substrate/GLints/dict_16_192_64_0p5_0p02_0044_0007.uasset" 6539
"/Engine/EngineMaterials/Substrate/GLints/dict_16_192_64_0p5_0p02_0043_0011" 6540
"/Engine/EngineMaterials/Substrate/GLints/dict_16_192_64_0p5_0p02_0043_0010" 6541
"/Engine/EngineMaterials/Substrate/GLints/dict_16_192_64_0p5_0p02_0043_0009" 6542
"/Engine/EngineMaterials/Substrate/GLints/dict_16_192_64_0p5_0p02_0043_0008" 6543
"/Engine/EngineMaterials/Substrate/GLints/dict_16_192_64_0p5_0p02_0043_0007" 6544
"/Engine/EngineMaterials/Substrate/GLints/dict_16_192_64_0p5_0p02_0043_0006" 6545
"/Engine/EngineMaterials/Substrate/GLints/dict_16_192_64_0p5_0p02_0043_0005" 6546
"/Engine/EngineMaterials/Substrate/GLints/dict_16_192_64_0p5_0p02_0043_0004" 6547
"/Engine/EngineMaterials/Substrate/GLints/dict_16_192_64_0p5_0p02_0043_0003" 6548
"/Engine/EngineMaterials/Substrate/GLints/dict_16_192_64_0p5_0p02_0043_0002" 6549
"/Engine/EngineMaterials/Substrate/GLints/dict_16_192_64_0p5_0p02_0043_0001" 6550
"/Engine/EngineMaterials/Substrate/GLints/dict_16_192_64_0p5_0p02_0043_0000" 6551
"/Engine/EngineMaterials/Substrate/GLints/dict_16_192_64_0p5_0p02_0042_0015" 6552
"/Engine/EngineMaterials/Substrate/GLints/dict_16_192_64_0p5_0p02_0042_0014" 6553
"/Engine/EngineMaterials/Substrate/GLints/dict_16_192_64_0p5_0p02_0042_0013" 6554
"/Engine/EngineMaterials/Substrate/GLints/dict_16_192_64_0p5_0p02_0044_0012" 6555
"../../../Engine/Content/EngineMaterials/Substrate/GLints/dict_16_192_64_0p5_0p02_0044_0013.uasset" 6556
"/Engine/EngineMaterials/Substrate/GLints/dict_16_192_64_0p5_0p02_0044_0011" 6557
"../../../Engine/Content/EngineMaterials/Substrate/GLints/dict_16_192_64_0p5_0p02_0044_0015.uasset" 6558
"../../../Engine/Content/EngineMaterials/Substrate/GLints/dict_16_192_64_0p5_0p02_0044_0014.uasset" 6559
"../../../Engine/Content/EngineMaterials/Substrate/GLints/dict_16_192_64_0p5_0p02_0045_0000.uasset" 6560
"../../../Engine/Content/EngineMaterials/Substrate/GLints/dict_16_192_64_0p5_0p02_0045_0003.uasset" 6561
"../../../Engine/Content/EngineMaterials/Substrate/GLints/dict_16_192_64_0p5_0p02_0045_0004.uasset" 6562
"../../../Engine/Content/EngineMaterials/Substrate/GLints/dict_16_192_64_0p5_0p02_0045_0005.uasset" 6563
"../../../Engine/Content/EngineMaterials/Substrate/GLints/dict_16_192_64_0p5_0p02_0045_0006.uasset" 6564
"../../../Engine/Content/EngineMaterials/Substrate/GLints/dict_16_192_64_0p5_0p02_0045_0010.uasset" 6565
"../../../Engine/Content/EngineMaterials/Substrate/GLints/dict_16_192_64_0p5_0p02_0045_0002.uasset" 6566
"../../../Engine/Content/EngineMaterials/Substrate/GLints/dict_16_192_64_0p5_0p02_0045_0007.uasset" 6567
"../../../Engine/Content/EngineMaterials/Substrate/GLints/dict_16_192_64_0p5_0p02_0045_0008.uasset" 6568
"../../../Engine/Content/EngineMaterials/Substrate/GLints/dict_16_192_64_0p5_0p02_0045_0009.uasset" 6569
"../../../Engine/Content/EngineMaterials/Substrate/GLints/dict_16_192_64_0p5_0p02_0045_0011.uasset" 6570
"../../../Engine/Content/EngineMaterials/Substrate/GLints/dict_16_192_64_0p5_0p02_0045_0001.uasset" 6571
"../../../Engine/Content/EngineMaterials/Substrate/GLints/dict_16_192_64_0p5_0p02_0045_0013.uasset" 6572
"../../../Engine/Content/EngineMaterials/Substrate/GLints/dict_16_192_64_0p5_0p02_0045_0012.uasset" 6573
"/Engine/EngineMaterials/Substrate/GLints/dict_16_192_64_0p5_0p02_0044_0010" 6574
"/Engine/EngineMaterials/Substrate/GLints/dict_16_192_64_0p5_0p02_0044_0009" 6575
"/Engine/EngineMaterials/Substrate/GLints/dict_16_192_64_0p5_0p02_0044_0008" 6576
"/Engine/EngineMaterials/Substrate/GLints/dict_16_192_64_0p5_0p02_0044_0007" 6577
"/Engine/EngineMaterials/Substrate/GLints/dict_16_192_64_0p5_0p02_0044_0006" 6578
"/Engine/EngineMaterials/Substrate/GLints/dict_16_192_64_0p5_0p02_0044_0005" 6579
"/Engine/EngineMaterials/Substrate/GLints/dict_16_192_64_0p5_0p02_0044_0004" 6580
"/Engine/EngineMaterials/Substrate/GLints/dict_16_192_64_0p5_0p02_0044_0003" 6581
"/Engine/EngineMaterials/Substrate/GLints/dict_16_192_64_0p5_0p02_0044_0002" 6582
"/Engine/EngineMaterials/Substrate/GLints/dict_16_192_64_0p5_0p02_0044_0001" 6583
"/Engine/EngineMaterials/Substrate/GLints/dict_16_192_64_0p5_0p02_0044_0000" 6584
"/Engine/EngineMaterials/Substrate/GLints/dict_16_192_64_0p5_0p02_0043_0015" 6585
"/Engine/EngineMaterials/Substrate/GLints/dict_16_192_64_0p5_0p02_0043_0014" 6586
"/Engine/EngineMaterials/Substrate/GLints/dict_16_192_64_0p5_0p02_0045_0013" 6587
"../../../Engine/Content/EngineMaterials/Substrate/GLints/dict_16_192_64_0p5_0p02_0045_0014.uasset" 6588
"../../../Engine/Content/EngineMaterials/Substrate/GLints/dict_16_192_64_0p5_0p02_0045_0015.uasset" 6589
"../../../Engine/Content/EngineMaterials/Substrate/GLints/dict_16_192_64_0p5_0p02_0046_0001.uasset" 6590
"../../../Engine/Content/EngineMaterials/Substrate/GLints/dict_16_192_64_0p5_0p02_0046_0003.uasset" 6591
"../../../Engine/Content/EngineMaterials/Substrate/GLints/dict_16_192_64_0p5_0p02_0046_0005.uasset" 6592
"../../../Engine/Content/EngineMaterials/Substrate/GLints/dict_16_192_64_0p5_0p02_0046_0007.uasset" 6593
"../../../Engine/Content/EngineMaterials/Substrate/GLints/dict_16_192_64_0p5_0p02_0046_0002.uasset" 6594
"../../../Engine/Content/EngineMaterials/Substrate/GLints/dict_16_192_64_0p5_0p02_0046_0010.uasset" 6595
"../../../Engine/Content/EngineMaterials/Substrate/GLints/dict_16_192_64_0p5_0p02_0046_0004.uasset" 6596
"../../../Engine/Content/EngineMaterials/Substrate/GLints/dict_16_192_64_0p5_0p02_0046_0012.uasset" 6597
"../../../Engine/Content/EngineMaterials/Substrate/GLints/dict_16_192_64_0p5_0p02_0046_0000.uasset" 6598
"../../../Engine/Content/EngineMaterials/Substrate/GLints/dict_16_192_64_0p5_0p02_0046_0006.uasset" 6599
"../../../Engine/Content/EngineMaterials/Substrate/GLints/dict_16_192_64_0p5_0p02_0046_0009.uasset" 6600
"../../../Engine/Content/EngineMaterials/Substrate/GLints/dict_16_192_64_0p5_0p02_0046_0011.uasset" 6601
"../../../Engine/Content/EngineMaterials/Substrate/GLints/dict_16_192_64_0p5_0p02_0046_0008.uasset" 6602
"/Engine/EngineMaterials/Substrate/GLints/dict_16_192_64_0p5_0p02_0045_0012" 6603
"/Engine/EngineMaterials/Substrate/GLints/dict_16_192_64_0p5_0p02_0045_0011" 6604
"/Engine/EngineMaterials/Substrate/GLints/dict_16_192_64_0p5_0p02_0045_0010" 6605
"/Engine/EngineMaterials/Substrate/GLints/dict_16_192_64_0p5_0p02_0045_0009" 6606
"/Engine/EngineMaterials/Substrate/GLints/dict_16_192_64_0p5_0p02_0045_0008" 6607
"/Engine/EngineMaterials/Substrate/GLints/dict_16_192_64_0p5_0p02_0045_0007" 6608
"/Engine/EngineMaterials/Substrate/GLints/dict_16_192_64_0p5_0p02_0045_0006" 6609
"/Engine/EngineMaterials/Substrate/GLints/dict_16_192_64_0p5_0p02_0045_0005" 6610
"/Engine/EngineMaterials/Substrate/GLints/dict_16_192_64_0p5_0p02_0045_0004" 6611
"/Engine/EngineMaterials/Substrate/GLints/dict_16_192_64_0p5_0p02_0045_0003" 6612
"/Engine/EngineMaterials/Substrate/GLints/dict_16_192_64_0p5_0p02_0045_0002" 6613
"/Engine/EngineMaterials/Substrate/GLints/dict_16_192_64_0p5_0p02_0045_0001" 6614
"/Engine/EngineMaterials/Substrate/GLints/dict_16_192_64_0p5_0p02_0045_0000" 6615
"/Engine/EngineMaterials/Substrate/GLints/dict_16_192_64_0p5_0p02_0044_0015" 6616
"/Engine/EngineMaterials/Substrate/GLints/dict_16_192_64_0p5_0p02_0044_0014" 6617
"/Engine/EngineMaterials/Substrate/GLints/dict_16_192_64_0p5_0p02_0044_0013" 6618
"/Engine/EngineMaterials/Substrate/GLints/dict_16_192_64_0p5_0p02_0046_0012" 6619
"/Engine/EngineMaterials/Substrate/GLints/dict_16_192_64_0p5_0p02_0046_0011" 6620
"../../../Engine/Content/EngineMaterials/Substrate/GLints/dict_16_192_64_0p5_0p02_0046_0014.uasset" 6621
"../../../Engine/Content/EngineMaterials/Substrate/GLints/dict_16_192_64_0p5_0p02_0046_0013.uasset" 6622
"../../../Engine/Content/EngineMaterials/Substrate/GLints/dict_16_192_64_0p5_0p02_0046_0015.uasset" 6623
"../../../Engine/Content/EngineMaterials/Substrate/GLints/dict_16_192_64_0p5_0p02_0047_0000.uasset" 6624
"../../../Engine/Content/EngineMaterials/Substrate/GLints/dict_16_192_64_0p5_0p02_0047_0001.uasset" 6625
"../../../Engine/Content/EngineMaterials/Substrate/GLints/dict_16_192_64_0p5_0p02_0047_0004.uasset" 6626
"../../../Engine/Content/EngineMaterials/Substrate/GLints/dict_16_192_64_0p5_0p02_0047_0006.uasset" 6627
"../../../Engine/Content/EngineMaterials/Substrate/GLints/dict_16_192_64_0p5_0p02_0047_0003.uasset" 6628
"../../../Engine/Content/EngineMaterials/Substrate/GLints/dict_16_192_64_0p5_0p02_0047_0002.uasset" 6629
"../../../Engine/Content/EngineMaterials/Substrate/GLints/dict_16_192_64_0p5_0p02_0047_0005.uasset" 6630
"../../../Engine/Content/EngineMaterials/Substrate/GLints/dict_16_192_64_0p5_0p02_0047_0008.uasset" 6631
"../../../Engine/Content/EngineMaterials/Substrate/GLints/dict_16_192_64_0p5_0p02_0047_0007.uasset" 6632
"../../../Engine/Content/EngineMaterials/Substrate/GLints/dict_16_192_64_0p5_0p02_0047_0011.uasset" 6633
"../../../Engine/Content/EngineMaterials/Substrate/GLints/dict_16_192_64_0p5_0p02_0047_0010.uasset" 6634
"/Engine/EngineMaterials/Substrate/GLints/dict_16_192_64_0p5_0p02_0046_0010" 6635
"../../../Engine/Content/EngineMaterials/Substrate/GLints/dict_16_192_64_0p5_0p02_0047_0009.uasset" 6636
"../../../Engine/Content/EngineMaterials/Substrate/GLints/dict_16_192_64_0p5_0p02_0047_0013.uasset" 6637
"../../../Engine/Content/EngineMaterials/Substrate/GLints/dict_16_192_64_0p5_0p02_0047_0012.uasset" 6638
"/Engine/EngineMaterials/Substrate/GLints/dict_16_192_64_0p5_0p02_0046_0009" 6639
"/Engine/EngineMaterials/Substrate/GLints/dict_16_192_64_0p5_0p02_0046_0008" 6640
"/Engine/EngineMaterials/Substrate/GLints/dict_16_192_64_0p5_0p02_0046_0007" 6641
"/Engine/EngineMaterials/Substrate/GLints/dict_16_192_64_0p5_0p02_0046_0006" 6642
"/Engine/EngineMaterials/Substrate/GLints/dict_16_192_64_0p5_0p02_0046_0005" 6643
"/Engine/EngineMaterials/Substrate/GLints/dict_16_192_64_0p5_0p02_0046_0004" 6644
"/Engine/EngineMaterials/Substrate/GLints/dict_16_192_64_0p5_0p02_0046_0003" 6645
"/Engine/EngineMaterials/Substrate/GLints/dict_16_192_64_0p5_0p02_0046_0002" 6646
"/Engine/EngineMaterials/Substrate/GLints/dict_16_192_64_0p5_0p02_0046_0001" 6647
"/Engine/EngineMaterials/Substrate/GLints/dict_16_192_64_0p5_0p02_0046_0000" 6648
"/Engine/EngineMaterials/Substrate/GLints/dict_16_192_64_0p5_0p02_0045_0015" 6649
"/Engine/EngineMaterials/Substrate/GLints/dict_16_192_64_0p5_0p02_0045_0014" 6650
"/Engine/EngineMaterials/Substrate/GLints/dict_16_192_64_0p5_0p02_0047_0013" 6651
"../../../Engine/Content/EngineMaterials/Substrate/GLints/dict_16_192_64_0p5_0p02_0047_0014.uasset" 6652
"../../../Engine/Content/EngineMaterials/Substrate/GLints/dict_16_192_64_0p5_0p02_0048_0000.uasset" 6653
"/Engine/EngineMaterials/Substrate/GLints/dict_16_192_64_0p5_0p02_0047_0012" 6654
"../../../Engine/Content/EngineMaterials/Substrate/GLints/dict_16_192_64_0p5_0p02_0047_0015.uasset" 6655
"../../../Engine/Content/EngineMaterials/Substrate/GLints/dict_16_192_64_0p5_0p02_0048_0001.uasset" 6656
"../../../Engine/Content/EngineMaterials/Substrate/GLints/dict_16_192_64_0p5_0p02_0048_0002.uasset" 6657
"../../../Engine/Content/EngineMaterials/Substrate/GLints/dict_16_192_64_0p5_0p02_0048_0004.uasset" 6658
"../../../Engine/Content/EngineMaterials/Substrate/GLints/dict_16_192_64_0p5_0p02_0048_0007.uasset" 6659
"../../../Engine/Content/EngineMaterials/Substrate/GLints/dict_16_192_64_0p5_0p02_0048_0009.uasset" 6660
"../../../Engine/Content/EngineMaterials/Substrate/GLints/dict_16_192_64_0p5_0p02_0048_0003.uasset" 6661
"../../../Engine/Content/EngineMaterials/Substrate/GLints/dict_16_192_64_0p5_0p02_0048_0012.uasset" 6662
"../../../Engine/Content/EngineMaterials/Substrate/GLints/dict_16_192_64_0p5_0p02_0048_0008.uasset" 6663
"../../../Engine/Content/EngineMaterials/Substrate/GLints/dict_16_192_64_0p5_0p02_0048_0006.uasset" 6664
"../../../Engine/Content/EngineMaterials/Substrate/GLints/dict_16_192_64_0p5_0p02_0048_0010.uasset" 6665
"../../../Engine/Content/EngineMaterials/Substrate/GLints/dict_16_192_64_0p5_0p02_0048_0005.uasset" 6666
"../../../Engine/Content/EngineMaterials/Substrate/GLints/dict_16_192_64_0p5_0p02_0048_0011.uasset" 6667
"/Engine/EngineMaterials/Substrate/GLints/dict_16_192_64_0p5_0p02_0047_0011" 6668
"/Engine/EngineMaterials/Substrate/GLints/dict_16_192_64_0p5_0p02_0047_0010" 6669
"/Engine/EngineMaterials/Substrate/GLints/dict_16_192_64_0p5_0p02_0047_0009" 6670
"/Engine/EngineMaterials/Substrate/GLints/dict_16_192_64_0p5_0p02_0047_0008" 6671
"/Engine/EngineMaterials/Substrate/GLints/dict_16_192_64_0p5_0p02_0047_0007" 6672
"/Engine/EngineMaterials/Substrate/GLints/dict_16_192_64_0p5_0p02_0047_0006" 6673
"/Engine/EngineMaterials/Substrate/GLints/dict_16_192_64_0p5_0p02_0047_0005" 6674
"/Engine/EngineMaterials/Substrate/GLints/dict_16_192_64_0p5_0p02_0047_0004" 6675
"/Engine/EngineMaterials/Substrate/GLints/dict_16_192_64_0p5_0p02_0047_0003" 6676
"/Engine/EngineMaterials/Substrate/GLints/dict_16_192_64_0p5_0p02_0047_0002" 6677
"/Engine/EngineMaterials/Substrate/GLints/dict_16_192_64_0p5_0p02_0047_0001" 6678
"/Engine/EngineMaterials/Substrate/GLints/dict_16_192_64_0p5_0p02_0047_0000" 6679
"/Engine/EngineMaterials/Substrate/GLints/dict_16_192_64_0p5_0p02_0046_0015" 6680
"/Engine/EngineMaterials/Substrate/GLints/dict_16_192_64_0p5_0p02_0046_0014" 6681
"/Engine/EngineMaterials/Substrate/GLints/dict_16_192_64_0p5_0p02_0046_0013" 6682
"/Engine/EngineMaterials/Substrate/GLints/dict_16_192_64_0p5_0p02_0048_0012" 6683
"../../../Engine/Content/EngineMaterials/Substrate/GLints/dict_16_192_64_0p5_0p02_0048_0013.uasset" 6684
"../../../Engine/Content/EngineMaterials/Substrate/GLints/dict_16_192_64_0p5_0p02_0048_0015.uasset" 6685
"../../../Engine/Content/EngineMaterials/Substrate/GLints/dict_16_192_64_0p5_0p02_0048_0014.uasset" 6686
"../../../Engine/Content/EngineMaterials/Substrate/GLints/dict_16_192_64_0p5_0p02_0049_0001.uasset" 6687
"/Engine/EngineMaterials/Substrate/GLints/dict_16_192_64_0p5_0p02_0048_0011" 6688
"../../../Engine/Content/EngineMaterials/Substrate/GLints/dict_16_192_64_0p5_0p02_0049_0005.uasset" 6689
"../../../Engine/Content/EngineMaterials/Substrate/GLints/dict_16_192_64_0p5_0p02_0049_0010.uasset" 6690
"../../../Engine/Content/EngineMaterials/Substrate/GLints/dict_16_192_64_0p5_0p02_0049_0000.uasset" 6691
"../../../Engine/Content/EngineMaterials/Substrate/GLints/dict_16_192_64_0p5_0p02_0049_0007.uasset" 6692
"../../../Engine/Content/EngineMaterials/Substrate/GLints/dict_16_192_64_0p5_0p02_0049_0002.uasset" 6693
"../../../Engine/Content/EngineMaterials/Substrate/GLints/dict_16_192_64_0p5_0p02_0049_0008.uasset" 6694
"../../../Engine/Content/EngineMaterials/Substrate/GLints/dict_16_192_64_0p5_0p02_0049_0004.uasset" 6695
"../../../Engine/Content/EngineMaterials/Substrate/GLints/dict_16_192_64_0p5_0p02_0049_0006.uasset" 6696
"../../../Engine/Content/EngineMaterials/Substrate/GLints/dict_16_192_64_0p5_0p02_0049_0003.uasset" 6697
"../../../Engine/Content/EngineMaterials/Substrate/GLints/dict_16_192_64_0p5_0p02_0049_0011.uasset" 6698
"../../../Engine/Content/EngineMaterials/Substrate/GLints/dict_16_192_64_0p5_0p02_0049_0009.uasset" 6699
"../../../Engine/Content/EngineMaterials/Substrate/GLints/dict_16_192_64_0p5_0p02_0049_0012.uasset" 6700
"../../../Engine/Content/EngineMaterials/Substrate/GLints/dict_16_192_64_0p5_0p02_0049_0013.uasset" 6701
"/Engine/EngineMaterials/Substrate/GLints/dict_16_192_64_0p5_0p02_0048_0010" 6702
"/Engine/EngineMaterials/Substrate/GLints/dict_16_192_64_0p5_0p02_0048_0009" 6703
"/Engine/EngineMaterials/Substrate/GLints/dict_16_192_64_0p5_0p02_0048_0008" 6704
"/Engine/EngineMaterials/Substrate/GLints/dict_16_192_64_0p5_0p02_0048_0007" 6705
"/Engine/EngineMaterials/Substrate/GLints/dict_16_192_64_0p5_0p02_0048_0006" 6706
"/Engine/EngineMaterials/Substrate/GLints/dict_16_192_64_0p5_0p02_0048_0005" 6707
"/Engine/EngineMaterials/Substrate/GLints/dict_16_192_64_0p5_0p02_0048_0004" 6708
"/Engine/EngineMaterials/Substrate/GLints/dict_16_192_64_0p5_0p02_0048_0003" 6709
"/Engine/EngineMaterials/Substrate/GLints/dict_16_192_64_0p5_0p02_0048_0002" 6710
"/Engine/EngineMaterials/Substrate/GLints/dict_16_192_64_0p5_0p02_0048_0001" 6711
"/Engine/EngineMaterials/Substrate/GLints/dict_16_192_64_0p5_0p02_0048_0000" 6712
"/Engine/EngineMaterials/Substrate/GLints/dict_16_192_64_0p5_0p02_0047_0015" 6713
"/Engine/EngineMaterials/Substrate/GLints/dict_16_192_64_0p5_0p02_0047_0014" 6714
"/Engine/EngineMaterials/Substrate/GLints/dict_16_192_64_0p5_0p02_0049_0013" 6715
"../../../Engine/Content/EngineMaterials/Substrate/GLints/dict_16_192_64_0p5_0p02_0049_0014.uasset" 6716
"../../../Engine/Content/EngineMaterials/Substrate/GLints/dict_16_192_64_0p5_0p02_0049_0015.uasset" 6717
"/Engine/EngineMaterials/Substrate/GLints/dict_16_192_64_0p5_0p02_0049_0012" 6718
"../../../Engine/Content/EngineMaterials/Substrate/GLints/dict_16_192_64_0p5_0p02_0050_0000.uasset" 6719
"../../../Engine/Content/EngineMaterials/Substrate/GLints/dict_16_192_64_0p5_0p02_0050_0003.uasset" 6720
"../../../Engine/Content/EngineMaterials/Substrate/GLints/dict_16_192_64_0p5_0p02_0050_0001.uasset" 6721
"../../../Engine/Content/EngineMaterials/Substrate/GLints/dict_16_192_64_0p5_0p02_0050_0006.uasset" 6722
"../../../Engine/Content/EngineMaterials/Substrate/GLints/dict_16_192_64_0p5_0p02_0050_0005.uasset" 6723
"../../../Engine/Content/EngineMaterials/Substrate/GLints/dict_16_192_64_0p5_0p02_0050_0012.uasset" 6724
"../../../Engine/Content/EngineMaterials/Substrate/GLints/dict_16_192_64_0p5_0p02_0050_0010.uasset" 6725
"../../../Engine/Content/EngineMaterials/Substrate/GLints/dict_16_192_64_0p5_0p02_0050_0002.uasset" 6726
"../../../Engine/Content/EngineMaterials/Substrate/GLints/dict_16_192_64_0p5_0p02_0050_0007.uasset" 6727
"../../../Engine/Content/EngineMaterials/Substrate/GLints/dict_16_192_64_0p5_0p02_0050_0008.uasset" 6728
"../../../Engine/Content/EngineMaterials/Substrate/GLints/dict_16_192_64_0p5_0p02_0050_0004.uasset" 6729
"../../../Engine/Content/EngineMaterials/Substrate/GLints/dict_16_192_64_0p5_0p02_0050_0009.uasset" 6730
"../../../Engine/Content/EngineMaterials/Substrate/GLints/dict_16_192_64_0p5_0p02_0050_0011.uasset" 6731
"/Engine/EngineMaterials/Substrate/GLints/dict_16_192_64_0p5_0p02_0049_0011" 6732
"/Engine/EngineMaterials/Substrate/GLints/dict_16_192_64_0p5_0p02_0049_0010" 6733
"/Engine/EngineMaterials/Substrate/GLints/dict_16_192_64_0p5_0p02_0049_0009" 6734
"/Engine/EngineMaterials/Substrate/GLints/dict_16_192_64_0p5_0p02_0049_0008" 6735
"/Engine/EngineMaterials/Substrate/GLints/dict_16_192_64_0p5_0p02_0049_0007" 6736
"/Engine/EngineMaterials/Substrate/GLints/dict_16_192_64_0p5_0p02_0049_0006" 6737
"/Engine/EngineMaterials/Substrate/GLints/dict_16_192_64_0p5_0p02_0049_0005" 6738
"/Engine/EngineMaterials/Substrate/GLints/dict_16_192_64_0p5_0p02_0049_0004" 6739
"/Engine/EngineMaterials/Substrate/GLints/dict_16_192_64_0p5_0p02_0049_0003" 6740
"/Engine/EngineMaterials/Substrate/GLints/dict_16_192_64_0p5_0p02_0049_0002" 6741
"/Engine/EngineMaterials/Substrate/GLints/dict_16_192_64_0p5_0p02_0049_0001" 6742
"/Engine/EngineMaterials/Substrate/GLints/dict_16_192_64_0p5_0p02_0049_0000" 6743
"/Engine/EngineMaterials/Substrate/GLints/dict_16_192_64_0p5_0p02_0048_0015" 6744
"/Engine/EngineMaterials/Substrate/GLints/dict_16_192_64_0p5_0p02_0048_0014" 6745
"/Engine/EngineMaterials/Substrate/GLints/dict_16_192_64_0p5_0p02_0048_0013" 6746
"/Engine/EngineMaterials/Substrate/GLints/dict_16_192_64_0p5_0p02_0050_0012" 6747
"../../../Engine/Content/EngineMaterials/Substrate/GLints/dict_16_192_64_0p5_0p02_0050_0013.uasset" 6748
"../../../Engine/Content/EngineMaterials/Substrate/GLints/dict_16_192_64_0p5_0p02_0050_0014.uasset" 6749
"/Engine/EngineMaterials/Substrate/GLints/dict_16_192_64_0p5_0p02_0050_0011" 6750
"../../../Engine/Content/EngineMaterials/Substrate/GLints/dict_16_192_64_0p5_0p02_0050_0015.uasset" 6751
"../../../Engine/Content/EngineMaterials/Substrate/GLints/dict_16_192_64_0p5_0p02_0051_0000.uasset" 6752
"../../../Engine/Content/EngineMaterials/Substrate/GLints/dict_16_192_64_0p5_0p02_0051_0001.uasset" 6753
"../../../Engine/Content/EngineMaterials/Substrate/GLints/dict_16_192_64_0p5_0p02_0051_0003.uasset" 6754
"../../../Engine/Content/EngineMaterials/Substrate/GLints/dict_16_192_64_0p5_0p02_0051_0002.uasset" 6755
"../../../Engine/Content/EngineMaterials/Substrate/GLints/dict_16_192_64_0p5_0p02_0051_0006.uasset" 6756
"../../../Engine/Content/EngineMaterials/Substrate/GLints/dict_16_192_64_0p5_0p02_0051_0005.uasset" 6757
"../../../Engine/Content/EngineMaterials/Substrate/GLints/dict_16_192_64_0p5_0p02_0051_0007.uasset" 6758
"../../../Engine/Content/EngineMaterials/Substrate/GLints/dict_16_192_64_0p5_0p02_0051_0009.uasset" 6759
"../../../Engine/Content/EngineMaterials/Substrate/GLints/dict_16_192_64_0p5_0p02_0051_0010.uasset" 6760
"../../../Engine/Content/EngineMaterials/Substrate/GLints/dict_16_192_64_0p5_0p02_0051_0004.uasset" 6761
"../../../Engine/Content/EngineMaterials/Substrate/GLints/dict_16_192_64_0p5_0p02_0051_0008.uasset" 6762
"../../../Engine/Content/EngineMaterials/Substrate/GLints/dict_16_192_64_0p5_0p02_0051_0011.uasset" 6763
"../../../Engine/Content/EngineMaterials/Substrate/GLints/dict_16_192_64_0p5_0p02_0051_0012.uasset" 6764
"../../../Engine/Content/EngineMaterials/Substrate/GLints/dict_16_192_64_0p5_0p02_0051_0013.uasset" 6765
"/Engine/EngineMaterials/Substrate/GLints/dict_16_192_64_0p5_0p02_0050_0010" 6766
"/Engine/EngineMaterials/Substrate/GLints/dict_16_192_64_0p5_0p02_0050_0009" 6767
"/Engine/EngineMaterials/Substrate/GLints/dict_16_192_64_0p5_0p02_0050_0008" 6768
"/Engine/EngineMaterials/Substrate/GLints/dict_16_192_64_0p5_0p02_0050_0007" 6769
"/Engine/EngineMaterials/Substrate/GLints/dict_16_192_64_0p5_0p02_0050_0006" 6770
"/Engine/EngineMaterials/Substrate/GLints/dict_16_192_64_0p5_0p02_0050_0005" 6771
"/Engine/EngineMaterials/Substrate/GLints/dict_16_192_64_0p5_0p02_0050_0004" 6772
"/Engine/EngineMaterials/Substrate/GLints/dict_16_192_64_0p5_0p02_0050_0003" 6773
"/Engine/EngineMaterials/Substrate/GLints/dict_16_192_64_0p5_0p02_0050_0002" 6774
"/Engine/EngineMaterials/Substrate/GLints/dict_16_192_64_0p5_0p02_0050_0001" 6775
"/Engine/EngineMaterials/Substrate/GLints/dict_16_192_64_0p5_0p02_0050_0000" 6776
"/Engine/EngineMaterials/Substrate/GLints/dict_16_192_64_0p5_0p02_0049_0015" 6777
"/Engine/EngineMaterials/Substrate/GLints/dict_16_192_64_0p5_0p02_0049_0014" 6778
"/Engine/EngineMaterials/Substrate/GLints/dict_16_192_64_0p5_0p02_0051_0013" 6779
"../../../Engine/Content/EngineMaterials/Substrate/GLints/dict_16_192_64_0p5_0p02_0051_0015.uasset" 6780
"../../../Engine/Content/EngineMaterials/Substrate/GLints/dict_16_192_64_0p5_0p02_0051_0014.uasset" 6781
"../../../Engine/Content/EngineMaterials/Substrate/GLints/dict_16_192_64_0p5_0p02_0052_0000.uasset" 6782
"/Engine/EngineMaterials/Substrate/GLints/dict_16_192_64_0p5_0p02_0051_0012" 6783
"../../../Engine/Content/EngineMaterials/Substrate/GLints/dict_16_192_64_0p5_0p02_0052_0001.uasset" 6784
"../../../Engine/Content/EngineMaterials/Substrate/GLints/dict_16_192_64_0p5_0p02_0052_0002.uasset" 6785
"../../../Engine/Content/EngineMaterials/Substrate/GLints/dict_16_192_64_0p5_0p02_0052_0003.uasset" 6786
"../../../Engine/Content/EngineMaterials/Substrate/GLints/dict_16_192_64_0p5_0p02_0052_0005.uasset" 6787
"../../../Engine/Content/EngineMaterials/Substrate/GLints/dict_16_192_64_0p5_0p02_0052_0004.uasset" 6788
"../../../Engine/Content/EngineMaterials/Substrate/GLints/dict_16_192_64_0p5_0p02_0052_0007.uasset" 6789
"../../../Engine/Content/EngineMaterials/Substrate/GLints/dict_16_192_64_0p5_0p02_0052_0010.uasset" 6790
"../../../Engine/Content/EngineMaterials/Substrate/GLints/dict_16_192_64_0p5_0p02_0052_0006.uasset" 6791
"../../../Engine/Content/EngineMaterials/Substrate/GLints/dict_16_192_64_0p5_0p02_0052_0011.uasset" 6792
"../../../Engine/Content/EngineMaterials/Substrate/GLints/dict_16_192_64_0p5_0p02_0052_0009.uasset" 6793
"../../../Engine/Content/EngineMaterials/Substrate/GLints/dict_16_192_64_0p5_0p02_0052_0008.uasset" 6794
"../../../Engine/Content/EngineMaterials/Substrate/GLints/dict_16_192_64_0p5_0p02_0052_0012.uasset" 6795
"/Engine/EngineMaterials/Substrate/GLints/dict_16_192_64_0p5_0p02_0051_0011" 6796
"/Engine/EngineMaterials/Substrate/GLints/dict_16_192_64_0p5_0p02_0051_0010" 6797
"/Engine/EngineMaterials/Substrate/GLints/dict_16_192_64_0p5_0p02_0051_0009" 6798
"/Engine/EngineMaterials/Substrate/GLints/dict_16_192_64_0p5_0p02_0051_0008" 6799
"/Engine/EngineMaterials/Substrate/GLints/dict_16_192_64_0p5_0p02_0051_0007" 6800
"/Engine/EngineMaterials/Substrate/GLints/dict_16_192_64_0p5_0p02_0051_0006" 6801
"/Engine/EngineMaterials/Substrate/GLints/dict_16_192_64_0p5_0p02_0051_0005" 6802
"/Engine/EngineMaterials/Substrate/GLints/dict_16_192_64_0p5_0p02_0051_0004" 6803
"/Engine/EngineMaterials/Substrate/GLints/dict_16_192_64_0p5_0p02_0051_0003" 6804
"/Engine/EngineMaterials/Substrate/GLints/dict_16_192_64_0p5_0p02_0051_0002" 6805
"/Engine/EngineMaterials/Substrate/GLints/dict_16_192_64_0p5_0p02_0051_0001" 6806
"/Engine/EngineMaterials/Substrate/GLints/dict_16_192_64_0p5_0p02_0051_0000" 6807
"/Engine/EngineMaterials/Substrate/GLints/dict_16_192_64_0p5_0p02_0050_0015" 6808
"/Engine/EngineMaterials/Substrate/GLints/dict_16_192_64_0p5_0p02_0050_0014" 6809
"/Engine/EngineMaterials/Substrate/GLints/dict_16_192_64_0p5_0p02_0050_0013" 6810
"/Engine/EngineMaterials/Substrate/GLints/dict_16_192_64_0p5_0p02_0052_0012" 6811
"/Engine/EngineMaterials/Substrate/GLints/dict_16_192_64_0p5_0p02_0052_0011" 6812
"../../../Engine/Content/EngineMaterials/Substrate/GLints/dict_16_192_64_0p5_0p02_0052_0015.uasset" 6813
"../../../Engine/Content/EngineMaterials/Substrate/GLints/dict_16_192_64_0p5_0p02_0052_0014.uasset" 6814
"../../../Engine/Content/EngineMaterials/Substrate/GLints/dict_16_192_64_0p5_0p02_0053_0000.uasset" 6815
"../../../Engine/Content/EngineMaterials/Substrate/GLints/dict_16_192_64_0p5_0p02_0053_0005.uasset" 6816
"../../../Engine/Content/EngineMaterials/Substrate/GLints/dict_16_192_64_0p5_0p02_0052_0013.uasset" 6817
"../../../Engine/Content/EngineMaterials/Substrate/GLints/dict_16_192_64_0p5_0p02_0053_0010.uasset" 6818
"../../../Engine/Content/EngineMaterials/Substrate/GLints/dict_16_192_64_0p5_0p02_0053_0009.uasset" 6819
"../../../Engine/Content/EngineMaterials/Substrate/GLints/dict_16_192_64_0p5_0p02_0053_0008.uasset" 6820
"../../../Engine/Content/EngineMaterials/Substrate/GLints/dict_16_192_64_0p5_0p02_0053_0003.uasset" 6821
"../../../Engine/Content/EngineMaterials/Substrate/GLints/dict_16_192_64_0p5_0p02_0053_0011.uasset" 6822
"../../../Engine/Content/EngineMaterials/Substrate/GLints/dict_16_192_64_0p5_0p02_0053_0007.uasset" 6823
"../../../Engine/Content/EngineMaterials/Substrate/GLints/dict_16_192_64_0p5_0p02_0053_0001.uasset" 6824
"../../../Engine/Content/EngineMaterials/Substrate/GLints/dict_16_192_64_0p5_0p02_0053_0002.uasset" 6825
"../../../Engine/Content/EngineMaterials/Substrate/GLints/dict_16_192_64_0p5_0p02_0053_0012.uasset" 6826
"../../../Engine/Content/EngineMaterials/Substrate/GLints/dict_16_192_64_0p5_0p02_0053_0013.uasset" 6827
"../../../Engine/Content/EngineMaterials/Substrate/GLints/dict_16_192_64_0p5_0p02_0053_0006.uasset" 6828
"../../../Engine/Content/EngineMaterials/Substrate/GLints/dict_16_192_64_0p5_0p02_0053_0004.uasset" 6829
"/Engine/EngineMaterials/Substrate/GLints/dict_16_192_64_0p5_0p02_0052_0010" 6830
"/Engine/EngineMaterials/Substrate/GLints/dict_16_192_64_0p5_0p02_0052_0009" 6831
"/Engine/EngineMaterials/Substrate/GLints/dict_16_192_64_0p5_0p02_0052_0008" 6832
"/Engine/EngineMaterials/Substrate/GLints/dict_16_192_64_0p5_0p02_0052_0007" 6833
"/Engine/EngineMaterials/Substrate/GLints/dict_16_192_64_0p5_0p02_0052_0006" 6834
"/Engine/EngineMaterials/Substrate/GLints/dict_16_192_64_0p5_0p02_0052_0005" 6835
"/Engine/EngineMaterials/Substrate/GLints/dict_16_192_64_0p5_0p02_0052_0004" 6836
"/Engine/EngineMaterials/Substrate/GLints/dict_16_192_64_0p5_0p02_0052_0003" 6837
"/Engine/EngineMaterials/Substrate/GLints/dict_16_192_64_0p5_0p02_0052_0002" 6838
"/Engine/EngineMaterials/Substrate/GLints/dict_16_192_64_0p5_0p02_0052_0001" 6839
"/Engine/EngineMaterials/Substrate/GLints/dict_16_192_64_0p5_0p02_0052_0000" 6840
"/Engine/EngineMaterials/Substrate/GLints/dict_16_192_64_0p5_0p02_0051_0015" 6841
"/Engine/EngineMaterials/Substrate/GLints/dict_16_192_64_0p5_0p02_0051_0014" 6842
"/Engine/EngineMaterials/Substrate/GLints/dict_16_192_64_0p5_0p02_0053_0013" 6843
"../../../Engine/Content/EngineMaterials/Substrate/GLints/dict_16_192_64_0p5_0p02_0054_0000.uasset" 6844
"../../../Engine/Content/EngineMaterials/Substrate/GLints/dict_16_192_64_0p5_0p02_0053_0014.uasset" 6845
"../../../Engine/Content/EngineMaterials/Substrate/GLints/dict_16_192_64_0p5_0p02_0053_0015.uasset" 6846
"../../../Engine/Content/EngineMaterials/Substrate/GLints/dict_16_192_64_0p5_0p02_0054_0001.uasset" 6847
"../../../Engine/Content/EngineMaterials/Substrate/GLints/dict_16_192_64_0p5_0p02_0054_0002.uasset" 6848
"../../../Engine/Content/EngineMaterials/Substrate/GLints/dict_16_192_64_0p5_0p02_0054_0004.uasset" 6849
"../../../Engine/Content/EngineMaterials/Substrate/GLints/dict_16_192_64_0p5_0p02_0054_0005.uasset" 6850
"../../../Engine/Content/EngineMaterials/Substrate/GLints/dict_16_192_64_0p5_0p02_0054_0003.uasset" 6851
"/Engine/EngineMaterials/Substrate/GLints/dict_16_192_64_0p5_0p02_0053_0012" 6852
"../../../Engine/Content/EngineMaterials/Substrate/GLints/dict_16_192_64_0p5_0p02_0054_0007.uasset" 6853
"../../../Engine/Content/EngineMaterials/Substrate/GLints/dict_16_192_64_0p5_0p02_0054_0012.uasset" 6854
"../../../Engine/Content/EngineMaterials/Substrate/GLints/dict_16_192_64_0p5_0p02_0054_0008.uasset" 6855
"../../../Engine/Content/EngineMaterials/Substrate/GLints/dict_16_192_64_0p5_0p02_0054_0010.uasset" 6856
"../../../Engine/Content/EngineMaterials/Substrate/GLints/dict_16_192_64_0p5_0p02_0054_0011.uasset" 6857
"../../../Engine/Content/EngineMaterials/Substrate/GLints/dict_16_192_64_0p5_0p02_0054_0006.uasset" 6858
"../../../Engine/Content/EngineMaterials/Substrate/GLints/dict_16_192_64_0p5_0p02_0054_0009.uasset" 6859
"/Engine/EngineMaterials/Substrate/GLints/dict_16_192_64_0p5_0p02_0053_0011" 6860
"/Engine/EngineMaterials/Substrate/GLints/dict_16_192_64_0p5_0p02_0053_0010" 6861
"/Engine/EngineMaterials/Substrate/GLints/dict_16_192_64_0p5_0p02_0053_0009" 6862
"/Engine/EngineMaterials/Substrate/GLints/dict_16_192_64_0p5_0p02_0053_0008" 6863
"/Engine/EngineMaterials/Substrate/GLints/dict_16_192_64_0p5_0p02_0053_0007" 6864
"/Engine/EngineMaterials/Substrate/GLints/dict_16_192_64_0p5_0p02_0053_0006" 6865
"/Engine/EngineMaterials/Substrate/GLints/dict_16_192_64_0p5_0p02_0053_0005" 6866
"/Engine/EngineMaterials/Substrate/GLints/dict_16_192_64_0p5_0p02_0053_0004" 6867
"/Engine/EngineMaterials/Substrate/GLints/dict_16_192_64_0p5_0p02_0053_0003" 6868
"/Engine/EngineMaterials/Substrate/GLints/dict_16_192_64_0p5_0p02_0053_0002" 6869
"/Engine/EngineMaterials/Substrate/GLints/dict_16_192_64_0p5_0p02_0053_0001" 6870
"/Engine/EngineMaterials/Substrate/GLints/dict_16_192_64_0p5_0p02_0053_0000" 6871
"/Engine/EngineMaterials/Substrate/GLints/dict_16_192_64_0p5_0p02_0052_0015" 6872
"/Engine/EngineMaterials/Substrate/GLints/dict_16_192_64_0p5_0p02_0052_0014" 6873
"/Engine/EngineMaterials/Substrate/GLints/dict_16_192_64_0p5_0p02_0052_0013" 6874
"/Engine/EngineMaterials/Substrate/GLints/dict_16_192_64_0p5_0p02_0054_0012" 6875
"../../../Engine/Content/EngineMaterials/Substrate/GLints/dict_16_192_64_0p5_0p02_0054_0013.uasset" 6876
"../../../Engine/Content/EngineMaterials/Substrate/GLints/dict_16_192_64_0p5_0p02_0054_0015.uasset" 6877
"../../../Engine/Content/EngineMaterials/Substrate/GLints/dict_16_192_64_0p5_0p02_0054_0014.uasset" 6878
"../../../Engine/Content/EngineMaterials/Substrate/GLints/dict_16_192_64_0p5_0p02_0055_0001.uasset" 6879
"../../../Engine/Content/EngineMaterials/Substrate/GLints/dict_16_192_64_0p5_0p02_0055_0004.uasset" 6880
"/Engine/EngineMaterials/Substrate/GLints/dict_16_192_64_0p5_0p02_0054_0011" 6881
"../../../Engine/Content/EngineMaterials/Substrate/GLints/dict_16_192_64_0p5_0p02_0055_0000.uasset" 6882
"../../../Engine/Content/EngineMaterials/Substrate/GLints/dict_16_192_64_0p5_0p02_0055_0002.uasset" 6883
"../../../Engine/Content/EngineMaterials/Substrate/GLints/dict_16_192_64_0p5_0p02_0055_0003.uasset" 6884
"../../../Engine/Content/EngineMaterials/Substrate/GLints/dict_16_192_64_0p5_0p02_0055_0007.uasset" 6885
"../../../Engine/Content/EngineMaterials/Substrate/GLints/dict_16_192_64_0p5_0p02_0055_0006.uasset" 6886
"../../../Engine/Content/EngineMaterials/Substrate/GLints/dict_16_192_64_0p5_0p02_0055_0005.uasset" 6887
"../../../Engine/Content/EngineMaterials/Substrate/GLints/dict_16_192_64_0p5_0p02_0055_0012.uasset" 6888
"../../../Engine/Content/EngineMaterials/Substrate/GLints/dict_16_192_64_0p5_0p02_0055_0009.uasset" 6889
"../../../Engine/Content/EngineMaterials/Substrate/GLints/dict_16_192_64_0p5_0p02_0055_0011.uasset" 6890
"../../../Engine/Content/EngineMaterials/Substrate/GLints/dict_16_192_64_0p5_0p02_0055_0013.uasset" 6891
"/Engine/EngineMaterials/Substrate/GLints/dict_16_192_64_0p5_0p02_0054_0010" 6892
"../../../Engine/Content/EngineMaterials/Substrate/GLints/dict_16_192_64_0p5_0p02_0055_0008.uasset" 6893
"../../../Engine/Content/EngineMaterials/Substrate/GLints/dict_16_192_64_0p5_0p02_0055_0010.uasset" 6894
"/Engine/EngineMaterials/Substrate/GLints/dict_16_192_64_0p5_0p02_0054_0009" 6895
"/Engine/EngineMaterials/Substrate/GLints/dict_16_192_64_0p5_0p02_0054_0008" 6896
"/Engine/EngineMaterials/Substrate/GLints/dict_16_192_64_0p5_0p02_0054_0007" 6897
"/Engine/EngineMaterials/Substrate/GLints/dict_16_192_64_0p5_0p02_0054_0006" 6898
"/Engine/EngineMaterials/Substrate/GLints/dict_16_192_64_0p5_0p02_0054_0005" 6899
"/Engine/EngineMaterials/Substrate/GLints/dict_16_192_64_0p5_0p02_0054_0004" 6900
"/Engine/EngineMaterials/Substrate/GLints/dict_16_192_64_0p5_0p02_0054_0003" 6901
"/Engine/EngineMaterials/Substrate/GLints/dict_16_192_64_0p5_0p02_0054_0002" 6902
"/Engine/EngineMaterials/Substrate/GLints/dict_16_192_64_0p5_0p02_0054_0001" 6903
"/Engine/EngineMaterials/Substrate/GLints/dict_16_192_64_0p5_0p02_0054_0000" 6904
"/Engine/EngineMaterials/Substrate/GLints/dict_16_192_64_0p5_0p02_0053_0015" 6905
"/Engine/EngineMaterials/Substrate/GLints/dict_16_192_64_0p5_0p02_0053_0014" 6906
"/Engine/EngineMaterials/Substrate/GLints/dict_16_192_64_0p5_0p02_0055_0013" 6907
"../../../Engine/Content/EngineMaterials/Substrate/GLints/dict_16_192_64_0p5_0p02_0055_0014.uasset" 6908
"../../../Engine/Content/EngineMaterials/Substrate/GLints/dict_16_192_64_0p5_0p02_0055_0015.uasset" 6909
"../../../Engine/Content/EngineMaterials/Substrate/GLints/dict_16_192_64_0p5_0p02_0056_0000.uasset" 6910
"/Engine/EngineMaterials/Substrate/GLints/dict_16_192_64_0p5_0p02_0055_0012" 6911
"../../../Engine/Content/EngineMaterials/Substrate/GLints/dict_16_192_64_0p5_0p02_0056_0001.uasset" 6912
"../../../Engine/Content/EngineMaterials/Substrate/GLints/dict_16_192_64_0p5_0p02_0056_0002.uasset" 6913
"../../../Engine/Content/EngineMaterials/Substrate/GLints/dict_16_192_64_0p5_0p02_0056_0003.uasset" 6914
"../../../Engine/Content/EngineMaterials/Substrate/GLints/dict_16_192_64_0p5_0p02_0056_0004.uasset" 6915
"../../../Engine/Content/EngineMaterials/Substrate/GLints/dict_16_192_64_0p5_0p02_0056_0009.uasset" 6916
"../../../Engine/Content/EngineMaterials/Substrate/GLints/dict_16_192_64_0p5_0p02_0056_0005.uasset" 6917
"../../../Engine/Content/EngineMaterials/Substrate/GLints/dict_16_192_64_0p5_0p02_0056_0007.uasset" 6918
"../../../Engine/Content/EngineMaterials/Substrate/GLints/dict_16_192_64_0p5_0p02_0056_0006.uasset" 6919
"../../../Engine/Content/EngineMaterials/Substrate/GLints/dict_16_192_64_0p5_0p02_0056_0012.uasset" 6920
"../../../Engine/Content/EngineMaterials/Substrate/GLints/dict_16_192_64_0p5_0p02_0056_0008.uasset" 6921
"../../../Engine/Content/EngineMaterials/Substrate/GLints/dict_16_192_64_0p5_0p02_0056_0011.uasset" 6922
"../../../Engine/Content/EngineMaterials/Substrate/GLints/dict_16_192_64_0p5_0p02_0056_0010.uasset" 6923
"/Engine/EngineMaterials/Substrate/GLints/dict_16_192_64_0p5_0p02_0055_0011" 6924
"/Engine/EngineMaterials/Substrate/GLints/dict_16_192_64_0p5_0p02_0055_0010" 6925
"/Engine/EngineMaterials/Substrate/GLints/dict_16_192_64_0p5_0p02_0055_0009" 6926
"/Engine/EngineMaterials/Substrate/GLints/dict_16_192_64_0p5_0p02_0055_0008" 6927
"/Engine/EngineMaterials/Substrate/GLints/dict_16_192_64_0p5_0p02_0055_0007" 6928
"/Engine/EngineMaterials/Substrate/GLints/dict_16_192_64_0p5_0p02_0055_0006" 6929
"/Engine/EngineMaterials/Substrate/GLints/dict_16_192_64_0p5_0p02_0055_0005" 6930
"/Engine/EngineMaterials/Substrate/GLints/dict_16_192_64_0p5_0p02_0055_0004" 6931
"/Engine/EngineMaterials/Substrate/GLints/dict_16_192_64_0p5_0p02_0055_0003" 6932
"/Engine/EngineMaterials/Substrate/GLints/dict_16_192_64_0p5_0p02_0055_0002" 6933
"/Engine/EngineMaterials/Substrate/GLints/dict_16_192_64_0p5_0p02_0055_0001" 6934
"/Engine/EngineMaterials/Substrate/GLints/dict_16_192_64_0p5_0p02_0055_0000" 6935
"/Engine/EngineMaterials/Substrate/GLints/dict_16_192_64_0p5_0p02_0054_0015" 6936
"/Engine/EngineMaterials/Substrate/GLints/dict_16_192_64_0p5_0p02_0054_0014" 6937
"/Engine/EngineMaterials/Substrate/GLints/dict_16_192_64_0p5_0p02_0054_0013" 6938
"/Engine/EngineMaterials/Substrate/GLints/dict_16_192_64_0p5_0p02_0056_0012" 6939
"../../../Engine/Content/EngineMaterials/Substrate/GLints/dict_16_192_64_0p5_0p02_0056_0013.uasset" 6940
"../../../Engine/Content/EngineMaterials/Substrate/GLints/dict_16_192_64_0p5_0p02_0056_0014.uasset" 6941
"../../../Engine/Content/EngineMaterials/Substrate/GLints/dict_16_192_64_0p5_0p02_0056_0015.uasset" 6942
"../../../Engine/Content/EngineMaterials/Substrate/GLints/dict_16_192_64_0p5_0p02_0057_0000.uasset" 6943
"../../../Engine/Content/EngineMaterials/Substrate/GLints/dict_16_192_64_0p5_0p02_0057_0002.uasset" 6944
"/Engine/EngineMaterials/Substrate/GLints/dict_16_192_64_0p5_0p02_0056_0011" 6945
"../../../Engine/Content/EngineMaterials/Substrate/GLints/dict_16_192_64_0p5_0p02_0057_0001.uasset" 6946
"../../../Engine/Content/EngineMaterials/Substrate/GLints/dict_16_192_64_0p5_0p02_0057_0005.uasset" 6947
"../../../Engine/Content/EngineMaterials/Substrate/GLints/dict_16_192_64_0p5_0p02_0057_0003.uasset" 6948
"../../../Engine/Content/EngineMaterials/Substrate/GLints/dict_16_192_64_0p5_0p02_0057_0006.uasset" 6949
"../../../Engine/Content/EngineMaterials/Substrate/GLints/dict_16_192_64_0p5_0p02_0057_0007.uasset" 6950
"../../../Engine/Content/EngineMaterials/Substrate/GLints/dict_16_192_64_0p5_0p02_0057_0008.uasset" 6951
"../../../Engine/Content/EngineMaterials/Substrate/GLints/dict_16_192_64_0p5_0p02_0057_0004.uasset" 6952
"../../../Engine/Content/EngineMaterials/Substrate/GLints/dict_16_192_64_0p5_0p02_0057_0009.uasset" 6953
"../../../Engine/Content/EngineMaterials/Substrate/GLints/dict_16_192_64_0p5_0p02_0057_0010.uasset" 6954
"../../../Engine/Content/EngineMaterials/Substrate/GLints/dict_16_192_64_0p5_0p02_0057_0012.uasset" 6955
"../../../Engine/Content/EngineMaterials/Substrate/GLints/dict_16_192_64_0p5_0p02_0057_0013.uasset" 6956
"../../../Engine/Content/EngineMaterials/Substrate/GLints/dict_16_192_64_0p5_0p02_0057_0011.uasset" 6957
"/Engine/EngineMaterials/Substrate/GLints/dict_16_192_64_0p5_0p02_0056_0010" 6958
"/Engine/EngineMaterials/Substrate/GLints/dict_16_192_64_0p5_0p02_0056_0009" 6959
"/Engine/EngineMaterials/Substrate/GLints/dict_16_192_64_0p5_0p02_0056_0008" 6960
"/Engine/EngineMaterials/Substrate/GLints/dict_16_192_64_0p5_0p02_0056_0007" 6961
"/Engine/EngineMaterials/Substrate/GLints/dict_16_192_64_0p5_0p02_0056_0006" 6962
"/Engine/EngineMaterials/Substrate/GLints/dict_16_192_64_0p5_0p02_0056_0005" 6963
"/Engine/EngineMaterials/Substrate/GLints/dict_16_192_64_0p5_0p02_0056_0004" 6964
"/Engine/EngineMaterials/Substrate/GLints/dict_16_192_64_0p5_0p02_0056_0003" 6965
"/Engine/EngineMaterials/Substrate/GLints/dict_16_192_64_0p5_0p02_0056_0002" 6966
"/Engine/EngineMaterials/Substrate/GLints/dict_16_192_64_0p5_0p02_0056_0001" 6967
"/Engine/EngineMaterials/Substrate/GLints/dict_16_192_64_0p5_0p02_0056_0000" 6968
"/Engine/EngineMaterials/Substrate/GLints/dict_16_192_64_0p5_0p02_0055_0015" 6969
"/Engine/EngineMaterials/Substrate/GLints/dict_16_192_64_0p5_0p02_0055_0014" 6970
"/Engine/EngineMaterials/Substrate/GLints/dict_16_192_64_0p5_0p02_0057_0013" 6971
"../../../Engine/Content/EngineMaterials/Substrate/GLints/dict_16_192_64_0p5_0p02_0057_0014.uasset" 6972
"../../../Engine/Content/EngineMaterials/Substrate/GLints/dict_16_192_64_0p5_0p02_0057_0015.uasset" 6973
"../../../Engine/Content/EngineMaterials/Substrate/GLints/dict_16_192_64_0p5_0p02_0058_0000.uasset" 6974
"../../../Engine/Content/EngineMaterials/Substrate/GLints/dict_16_192_64_0p5_0p02_0058_0002.uasset" 6975
"../../../Engine/Content/EngineMaterials/Substrate/GLints/dict_16_192_64_0p5_0p02_0058_0005.uasset" 6976
"/Engine/EngineMaterials/Substrate/GLints/dict_16_192_64_0p5_0p02_0057_0012" 6977
"../../../Engine/Content/EngineMaterials/Substrate/GLints/dict_16_192_64_0p5_0p02_0058_0007.uasset" 6978
"../../../Engine/Content/EngineMaterials/Substrate/GLints/dict_16_192_64_0p5_0p02_0058_0008.uasset" 6979
"../../../Engine/Content/EngineMaterials/Substrate/GLints/dict_16_192_64_0p5_0p02_0058_0006.uasset" 6980
"../../../Engine/Content/EngineMaterials/Substrate/GLints/dict_16_192_64_0p5_0p02_0058_0011.uasset" 6981
"../../../Engine/Content/EngineMaterials/Substrate/GLints/dict_16_192_64_0p5_0p02_0058_0004.uasset" 6982
"../../../Engine/Content/EngineMaterials/Substrate/GLints/dict_16_192_64_0p5_0p02_0058_0009.uasset" 6983
"../../../Engine/Content/EngineMaterials/Substrate/GLints/dict_16_192_64_0p5_0p02_0058_0012.uasset" 6984
"../../../Engine/Content/EngineMaterials/Substrate/GLints/dict_16_192_64_0p5_0p02_0058_0001.uasset" 6985
"../../../Engine/Content/EngineMaterials/Substrate/GLints/dict_16_192_64_0p5_0p02_0058_0010.uasset" 6986
"../../../Engine/Content/EngineMaterials/Substrate/GLints/dict_16_192_64_0p5_0p02_0058_0003.uasset" 6987
"/Engine/EngineMaterials/Substrate/GLints/dict_16_192_64_0p5_0p02_0057_0011" 6988
"/Engine/EngineMaterials/Substrate/GLints/dict_16_192_64_0p5_0p02_0057_0010" 6989
"/Engine/EngineMaterials/Substrate/GLints/dict_16_192_64_0p5_0p02_0057_0009" 6990
"/Engine/EngineMaterials/Substrate/GLints/dict_16_192_64_0p5_0p02_0057_0008" 6991
"/Engine/EngineMaterials/Substrate/GLints/dict_16_192_64_0p5_0p02_0057_0007" 6992
"/Engine/EngineMaterials/Substrate/GLints/dict_16_192_64_0p5_0p02_0057_0006" 6993
"/Engine/EngineMaterials/Substrate/GLints/dict_16_192_64_0p5_0p02_0057_0005" 6994
"/Engine/EngineMaterials/Substrate/GLints/dict_16_192_64_0p5_0p02_0057_0004" 6995
"/Engine/EngineMaterials/Substrate/GLints/dict_16_192_64_0p5_0p02_0057_0003" 6996
"/Engine/EngineMaterials/Substrate/GLints/dict_16_192_64_0p5_0p02_0057_0002" 6997
"/Engine/EngineMaterials/Substrate/GLints/dict_16_192_64_0p5_0p02_0057_0001" 6998
"/Engine/EngineMaterials/Substrate/GLints/dict_16_192_64_0p5_0p02_0057_0000" 6999
"/Engine/EngineMaterials/Substrate/GLints/dict_16_192_64_0p5_0p02_0056_0015" 7000
"/Engine/EngineMaterials/Substrate/GLints/dict_16_192_64_0p5_0p02_0056_0014" 7001
"/Engine/EngineMaterials/Substrate/GLints/dict_16_192_64_0p5_0p02_0056_0013" 7002
"/Engine/EngineMaterials/Substrate/GLints/dict_16_192_64_0p5_0p02_0058_0012" 7003
"../../../Engine/Content/EngineMaterials/Substrate/GLints/dict_16_192_64_0p5_0p02_0058_0013.uasset" 7004
"../../../Engine/Content/EngineMaterials/Substrate/GLints/dict_16_192_64_0p5_0p02_0058_0014.uasset" 7005
"../../../Engine/Content/EngineMaterials/Substrate/GLints/dict_16_192_64_0p5_0p02_0058_0015.uasset" 7006
"/Engine/EngineMaterials/Substrate/GLints/dict_16_192_64_0p5_0p02_0058_0011" 7007
"../../../Engine/Content/EngineMaterials/Substrate/GLints/dict_16_192_64_0p5_0p02_0059_0000.uasset" 7008
"../../../Engine/Content/EngineMaterials/Substrate/GLints/dict_16_192_64_0p5_0p02_0059_0010.uasset" 7009
"../../../Engine/Content/EngineMaterials/Substrate/GLints/dict_16_192_64_0p5_0p02_0059_0001.uasset" 7010
"../../../Engine/Content/EngineMaterials/Substrate/GLints/dict_16_192_64_0p5_0p02_0059_0011.uasset" 7011
"../../../Engine/Content/EngineMaterials/Substrate/GLints/dict_16_192_64_0p5_0p02_0059_0012.uasset" 7012
"../../../Engine/Content/EngineMaterials/Substrate/GLints/dict_16_192_64_0p5_0p02_0059_0005.uasset" 7013
"../../../Engine/Content/EngineMaterials/Substrate/GLints/dict_16_192_64_0p5_0p02_0059_0006.uasset" 7014
"../../../Engine/Content/EngineMaterials/Substrate/GLints/dict_16_192_64_0p5_0p02_0059_0003.uasset" 7015
"../../../Engine/Content/EngineMaterials/Substrate/GLints/dict_16_192_64_0p5_0p02_0059_0007.uasset" 7016
"../../../Engine/Content/EngineMaterials/Substrate/GLints/dict_16_192_64_0p5_0p02_0059_0013.uasset" 7017
"../../../Engine/Content/EngineMaterials/Substrate/GLints/dict_16_192_64_0p5_0p02_0059_0004.uasset" 7018
"../../../Engine/Content/EngineMaterials/Substrate/GLints/dict_16_192_64_0p5_0p02_0059_0009.uasset" 7019
"../../../Engine/Content/EngineMaterials/Substrate/GLints/dict_16_192_64_0p5_0p02_0059_0008.uasset" 7020
"../../../Engine/Content/EngineMaterials/Substrate/GLints/dict_16_192_64_0p5_0p02_0059_0002.uasset" 7021
"/Engine/EngineMaterials/Substrate/GLints/dict_16_192_64_0p5_0p02_0058_0010" 7022
"/Engine/EngineMaterials/Substrate/GLints/dict_16_192_64_0p5_0p02_0058_0009" 7023
"/Engine/EngineMaterials/Substrate/GLints/dict_16_192_64_0p5_0p02_0058_0008" 7024
"/Engine/EngineMaterials/Substrate/GLints/dict_16_192_64_0p5_0p02_0058_0007" 7025
"/Engine/EngineMaterials/Substrate/GLints/dict_16_192_64_0p5_0p02_0058_0006" 7026
"/Engine/EngineMaterials/Substrate/GLints/dict_16_192_64_0p5_0p02_0058_0005" 7027
"/Engine/EngineMaterials/Substrate/GLints/dict_16_192_64_0p5_0p02_0058_0004" 7028
"/Engine/EngineMaterials/Substrate/GLints/dict_16_192_64_0p5_0p02_0058_0003" 7029
"/Engine/EngineMaterials/Substrate/GLints/dict_16_192_64_0p5_0p02_0058_0002" 7030
"/Engine/EngineMaterials/Substrate/GLints/dict_16_192_64_0p5_0p02_0058_0001" 7031
"/Engine/EngineMaterials/Substrate/GLints/dict_16_192_64_0p5_0p02_0058_0000" 7032
"/Engine/EngineMaterials/Substrate/GLints/dict_16_192_64_0p5_0p02_0057_0015" 7033
"/Engine/EngineMaterials/Substrate/GLints/dict_16_192_64_0p5_0p02_0057_0014" 7034
"/Engine/EngineMaterials/Substrate/GLints/dict_16_192_64_0p5_0p02_0059_0013" 7035
"../../../Engine/Content/EngineMaterials/Substrate/GLints/dict_16_192_64_0p5_0p02_0059_0014.uasset" 7036
"../../../Engine/Content/EngineMaterials/Substrate/GLints/dict_16_192_64_0p5_0p02_0059_0015.uasset" 7037
"../../../Engine/Content/EngineMaterials/Substrate/GLints/dict_16_192_64_0p5_0p02_0060_0001.uasset" 7038
"../../../Engine/Content/EngineMaterials/Substrate/GLints/dict_16_192_64_0p5_0p02_0060_0000.uasset" 7039
"../../../Engine/Content/EngineMaterials/Substrate/GLints/dict_16_192_64_0p5_0p02_0060_0002.uasset" 7040
"../../../Engine/Content/EngineMaterials/Substrate/GLints/dict_16_192_64_0p5_0p02_0060_0003.uasset" 7041
"../../../Engine/Content/EngineMaterials/Substrate/GLints/dict_16_192_64_0p5_0p02_0060_0006.uasset" 7042
"../../../Engine/Content/EngineMaterials/Substrate/GLints/dict_16_192_64_0p5_0p02_0060_0007.uasset" 7043
"/Engine/EngineMaterials/Substrate/GLints/dict_16_192_64_0p5_0p02_0059_0012" 7044
"../../../Engine/Content/EngineMaterials/Substrate/GLints/dict_16_192_64_0p5_0p02_0060_0009.uasset" 7045
"../../../Engine/Content/EngineMaterials/Substrate/GLints/dict_16_192_64_0p5_0p02_0060_0011.uasset" 7046
"../../../Engine/Content/EngineMaterials/Substrate/GLints/dict_16_192_64_0p5_0p02_0060_0005.uasset" 7047
"../../../Engine/Content/EngineMaterials/Substrate/GLints/dict_16_192_64_0p5_0p02_0060_0004.uasset" 7048
"../../../Engine/Content/EngineMaterials/Substrate/GLints/dict_16_192_64_0p5_0p02_0060_0012.uasset" 7049
"../../../Engine/Content/EngineMaterials/Substrate/GLints/dict_16_192_64_0p5_0p02_0060_0010.uasset" 7050
"../../../Engine/Content/EngineMaterials/Substrate/GLints/dict_16_192_64_0p5_0p02_0060_0008.uasset" 7051
"/Engine/EngineMaterials/Substrate/GLints/dict_16_192_64_0p5_0p02_0059_0011" 7052
"/Engine/EngineMaterials/Substrate/GLints/dict_16_192_64_0p5_0p02_0059_0010" 7053
"/Engine/EngineMaterials/Substrate/GLints/dict_16_192_64_0p5_0p02_0059_0009" 7054
"/Engine/EngineMaterials/Substrate/GLints/dict_16_192_64_0p5_0p02_0059_0008" 7055
"/Engine/EngineMaterials/Substrate/GLints/dict_16_192_64_0p5_0p02_0059_0007" 7056
"/Engine/EngineMaterials/Substrate/GLints/dict_16_192_64_0p5_0p02_0059_0006" 7057
"/Engine/EngineMaterials/Substrate/GLints/dict_16_192_64_0p5_0p02_0059_0005" 7058
"/Engine/EngineMaterials/Substrate/GLints/dict_16_192_64_0p5_0p02_0059_0004" 7059
"/Engine/EngineMaterials/Substrate/GLints/dict_16_192_64_0p5_0p02_0059_0003" 7060
"/Engine/EngineMaterials/Substrate/GLints/dict_16_192_64_0p5_0p02_0059_0002" 7061
"/Engine/EngineMaterials/Substrate/GLints/dict_16_192_64_0p5_0p02_0059_0001" 7062
"/Engine/EngineMaterials/Substrate/GLints/dict_16_192_64_0p5_0p02_0059_0000" 7063
"/Engine/EngineMaterials/Substrate/GLints/dict_16_192_64_0p5_0p02_0058_0015" 7064
"/Engine/EngineMaterials/Substrate/GLints/dict_16_192_64_0p5_0p02_0058_0014" 7065
"/Engine/EngineMaterials/Substrate/GLints/dict_16_192_64_0p5_0p02_0058_0013" 7066
"/Engine/EngineMaterials/Substrate/GLints/dict_16_192_64_0p5_0p02_0060_0012" 7067
"/Engine/EngineMaterials/Substrate/GLints/dict_16_192_64_0p5_0p02_0060_0011" 7068
"../../../Engine/Content/EngineMaterials/Substrate/GLints/dict_16_192_64_0p5_0p02_0060_0013.uasset" 7069
"../../../Engine/Content/EngineMaterials/Substrate/GLints/dict_16_192_64_0p5_0p02_0060_0014.uasset" 7070
"../../../Engine/Content/EngineMaterials/Substrate/GLints/dict_16_192_64_0p5_0p02_0060_0015.uasset" 7071
"../../../Engine/Content/EngineMaterials/Substrate/GLints/dict_16_192_64_0p5_0p02_0061_0001.uasset" 7072
"../../../Engine/Content/EngineMaterials/Substrate/GLints/dict_16_192_64_0p5_0p02_0061_0002.uasset" 7073
"../../../Engine/Content/EngineMaterials/Substrate/GLints/dict_16_192_64_0p5_0p02_0061_0003.uasset" 7074
"../../../Engine/Content/EngineMaterials/Substrate/GLints/dict_16_192_64_0p5_0p02_0061_0004.uasset" 7075
"../../../Engine/Content/EngineMaterials/Substrate/GLints/dict_16_192_64_0p5_0p02_0061_0006.uasset" 7076
"../../../Engine/Content/EngineMaterials/Substrate/GLints/dict_16_192_64_0p5_0p02_0061_0000.uasset" 7077
"../../../Engine/Content/EngineMaterials/Substrate/GLints/dict_16_192_64_0p5_0p02_0061_0009.uasset" 7078
"../../../Engine/Content/EngineMaterials/Substrate/GLints/dict_16_192_64_0p5_0p02_0061_0005.uasset" 7079
"../../../Engine/Content/EngineMaterials/Substrate/GLints/dict_16_192_64_0p5_0p02_0061_0007.uasset" 7080
"../../../Engine/Content/EngineMaterials/Substrate/GLints/dict_16_192_64_0p5_0p02_0061_0011.uasset" 7081
"../../../Engine/Content/EngineMaterials/Substrate/GLints/dict_16_192_64_0p5_0p02_0061_0013.uasset" 7082
"../../../Engine/Content/EngineMaterials/Substrate/GLints/dict_16_192_64_0p5_0p02_0061_0008.uasset" 7083
"../../../Engine/Content/EngineMaterials/Substrate/GLints/dict_16_192_64_0p5_0p02_0061_0012.uasset" 7084
"../../../Engine/Content/EngineMaterials/Substrate/GLints/dict_16_192_64_0p5_0p02_0061_0010.uasset" 7085
"/Engine/EngineMaterials/Substrate/GLints/dict_16_192_64_0p5_0p02_0060_0010" 7086
"/Engine/EngineMaterials/Substrate/GLints/dict_16_192_64_0p5_0p02_0060_0009" 7087
"/Engine/EngineMaterials/Substrate/GLints/dict_16_192_64_0p5_0p02_0060_0008" 7088
"/Engine/EngineMaterials/Substrate/GLints/dict_16_192_64_0p5_0p02_0060_0007" 7089
"/Engine/EngineMaterials/Substrate/GLints/dict_16_192_64_0p5_0p02_0060_0006" 7090
"/Engine/EngineMaterials/Substrate/GLints/dict_16_192_64_0p5_0p02_0060_0005" 7091
"/Engine/EngineMaterials/Substrate/GLints/dict_16_192_64_0p5_0p02_0060_0004" 7092
"/Engine/EngineMaterials/Substrate/GLints/dict_16_192_64_0p5_0p02_0060_0003" 7093
"/Engine/EngineMaterials/Substrate/GLints/dict_16_192_64_0p5_0p02_0060_0002" 7094
"/Engine/EngineMaterials/Substrate/GLints/dict_16_192_64_0p5_0p02_0060_0001" 7095
"/Engine/EngineMaterials/Substrate/GLints/dict_16_192_64_0p5_0p02_0060_0000" 7096
"/Engine/EngineMaterials/Substrate/GLints/dict_16_192_64_0p5_0p02_0059_0015" 7097
"/Engine/EngineMaterials/Substrate/GLints/dict_16_192_64_0p5_0p02_0059_0014" 7098
"/Engine/EngineMaterials/Substrate/GLints/dict_16_192_64_0p5_0p02_0061_0013" 7099
"../../../Engine/Content/EngineMaterials/Substrate/GLints/dict_16_192_64_0p5_0p02_0061_0014.uasset" 7100
"../../../Engine/Content/EngineMaterials/Substrate/GLints/dict_16_192_64_0p5_0p02_0062_0000.uasset" 7101
"../../../Engine/Content/EngineMaterials/Substrate/GLints/dict_16_192_64_0p5_0p02_0061_0015.uasset" 7102
"/Engine/EngineMaterials/Substrate/GLints/dict_16_192_64_0p5_0p02_0061_0012" 7103
"../../../Engine/Content/EngineMaterials/Substrate/GLints/dict_16_192_64_0p5_0p02_0062_0002.uasset" 7104
"../../../Engine/Content/EngineMaterials/Substrate/GLints/dict_16_192_64_0p5_0p02_0062_0001.uasset" 7105
"../../../Engine/Content/EngineMaterials/Substrate/GLints/dict_16_192_64_0p5_0p02_0062_0003.uasset" 7106
"../../../Engine/Content/EngineMaterials/Substrate/GLints/dict_16_192_64_0p5_0p02_0062_0007.uasset" 7107
"../../../Engine/Content/EngineMaterials/Substrate/GLints/dict_16_192_64_0p5_0p02_0062_0008.uasset" 7108
"../../../Engine/Content/EngineMaterials/Substrate/GLints/dict_16_192_64_0p5_0p02_0062_0005.uasset" 7109
"../../../Engine/Content/EngineMaterials/Substrate/GLints/dict_16_192_64_0p5_0p02_0062_0006.uasset" 7110
"../../../Engine/Content/EngineMaterials/Substrate/GLints/dict_16_192_64_0p5_0p02_0062_0010.uasset" 7111
"../../../Engine/Content/EngineMaterials/Substrate/GLints/dict_16_192_64_0p5_0p02_0062_0004.uasset" 7112
"../../../Engine/Content/EngineMaterials/Substrate/GLints/dict_16_192_64_0p5_0p02_0062_0011.uasset" 7113
"../../../Engine/Content/EngineMaterials/Substrate/GLints/dict_16_192_64_0p5_0p02_0062_0009.uasset" 7114
"../../../Engine/Content/EngineMaterials/Substrate/GLints/dict_16_192_64_0p5_0p02_0062_0012.uasset" 7115
"/Engine/EngineMaterials/Substrate/GLints/dict_16_192_64_0p5_0p02_0061_0011" 7116
"/Engine/EngineMaterials/Substrate/GLints/dict_16_192_64_0p5_0p02_0061_0010" 7117
"/Engine/EngineMaterials/Substrate/GLints/dict_16_192_64_0p5_0p02_0061_0009" 7118
"/Engine/EngineMaterials/Substrate/GLints/dict_16_192_64_0p5_0p02_0061_0008" 7119
"/Engine/EngineMaterials/Substrate/GLints/dict_16_192_64_0p5_0p02_0061_0007" 7120
"/Engine/EngineMaterials/Substrate/GLints/dict_16_192_64_0p5_0p02_0061_0006" 7121
"/Engine/EngineMaterials/Substrate/GLints/dict_16_192_64_0p5_0p02_0061_0005" 7122
"/Engine/EngineMaterials/Substrate/GLints/dict_16_192_64_0p5_0p02_0061_0004" 7123
"/Engine/EngineMaterials/Substrate/GLints/dict_16_192_64_0p5_0p02_0061_0003" 7124
"/Engine/EngineMaterials/Substrate/GLints/dict_16_192_64_0p5_0p02_0061_0002" 7125
"/Engine/EngineMaterials/Substrate/GLints/dict_16_192_64_0p5_0p02_0061_0001" 7126
"/Engine/EngineMaterials/Substrate/GLints/dict_16_192_64_0p5_0p02_0061_0000" 7127
"/Engine/EngineMaterials/Substrate/GLints/dict_16_192_64_0p5_0p02_0060_0015" 7128
"/Engine/EngineMaterials/Substrate/GLints/dict_16_192_64_0p5_0p02_0060_0014" 7129
"/Engine/EngineMaterials/Substrate/GLints/dict_16_192_64_0p5_0p02_0060_0013" 7130
"/Engine/EngineMaterials/Substrate/GLints/dict_16_192_64_0p5_0p02_0062_0012" 7131
"../../../Engine/Content/EngineMaterials/Substrate/GLints/dict_16_192_64_0p5_0p02_0062_0013.uasset" 7132
"../../../Engine/Content/EngineMaterials/Substrate/GLints/dict_16_192_64_0p5_0p02_0062_0014.uasset" 7133
"../../../Engine/Content/EngineMaterials/Substrate/GLints/dict_16_192_64_0p5_0p02_0062_0015.uasset" 7134
"../../../Engine/Content/EngineMaterials/Substrate/GLints/dict_16_192_64_0p5_0p02_0063_0000.uasset" 7135
"/Engine/EngineMaterials/Substrate/GLints/dict_16_192_64_0p5_0p02_0062_0011" 7136
"../../../Engine/Content/EngineMaterials/Substrate/GLints/dict_16_192_64_0p5_0p02_0063_0001.uasset" 7137
"../../../Engine/Content/EngineMaterials/Substrate/GLints/dict_16_192_64_0p5_0p02_0063_0002.uasset" 7138
"../../../Engine/Content/EngineMaterials/Substrate/GLints/dict_16_192_64_0p5_0p02_0063_0006.uasset" 7139
"../../../Engine/Content/EngineMaterials/Substrate/GLints/dict_16_192_64_0p5_0p02_0063_0007.uasset" 7140
"../../../Engine/Content/EngineMaterials/Substrate/GLints/dict_16_192_64_0p5_0p02_0063_0005.uasset" 7141
"../../../Engine/Content/EngineMaterials/Substrate/GLints/dict_16_192_64_0p5_0p02_0063_0008.uasset" 7142
"../../../Engine/Content/EngineMaterials/Substrate/GLints/dict_16_192_64_0p5_0p02_0063_0009.uasset" 7143
"../../../Engine/Content/EngineMaterials/Substrate/GLints/dict_16_192_64_0p5_0p02_0063_0011.uasset" 7144
"../../../Engine/Content/EngineMaterials/Substrate/GLints/dict_16_192_64_0p5_0p02_0063_0003.uasset" 7145
"../../../Engine/Content/EngineMaterials/Substrate/GLints/dict_16_192_64_0p5_0p02_0063_0012.uasset" 7146
"../../../Engine/Content/EngineMaterials/Substrate/GLints/dict_16_192_64_0p5_0p02_0063_0013.uasset" 7147
"../../../Engine/Content/EngineMaterials/Substrate/GLints/dict_16_192_64_0p5_0p02_0063_0004.uasset" 7148
"../../../Engine/Content/EngineMaterials/Substrate/GLints/dict_16_192_64_0p5_0p02_0063_0010.uasset" 7149
"/Engine/EngineMaterials/Substrate/GLints/dict_16_192_64_0p5_0p02_0062_0010" 7150
"/Engine/EngineMaterials/Substrate/GLints/dict_16_192_64_0p5_0p02_0062_0009" 7151
"/Engine/EngineMaterials/Substrate/GLints/dict_16_192_64_0p5_0p02_0062_0008" 7152
"/Engine/EngineMaterials/Substrate/GLints/dict_16_192_64_0p5_0p02_0062_0007" 7153
"/Engine/EngineMaterials/Substrate/GLints/dict_16_192_64_0p5_0p02_0062_0006" 7154
"/Engine/EngineMaterials/Substrate/GLints/dict_16_192_64_0p5_0p02_0062_0005" 7155
"/Engine/EngineMaterials/Substrate/GLints/dict_16_192_64_0p5_0p02_0062_0004" 7156
"/Engine/EngineMaterials/Substrate/GLints/dict_16_192_64_0p5_0p02_0062_0003" 7157
"/Engine/EngineMaterials/Substrate/GLints/dict_16_192_64_0p5_0p02_0062_0002" 7158
"/Engine/EngineMaterials/Substrate/GLints/dict_16_192_64_0p5_0p02_0062_0001" 7159
"/Engine/EngineMaterials/Substrate/GLints/dict_16_192_64_0p5_0p02_0062_0000" 7160
"/Engine/EngineMaterials/Substrate/GLints/dict_16_192_64_0p5_0p02_0061_0015" 7161
"/Engine/EngineMaterials/Substrate/GLints/dict_16_192_64_0p5_0p02_0061_0014" 7162
"../../../Engine/Content/EngineMaterials/Substrate/GLints/AGlintTex2dArray.uasset" 7163
"../../../Engine/Content/EngineMaterials/Substrate/GLints/dict_16_192_64_0p5_0p02_0063_0014.uasset" 7164
"../../../Engine/Content/EngineMaterials/Substrate/GLints/dict_16_192_64_0p5_0p02_0063_0015.uasset" 7165
"/Engine/EngineMaterials/Substrate/GLints/dict_16_192_64_0p5_0p02_0063_0013" 7166
"../../../Engine/Content/EngineMaterials/Substrate/Glints2/dict_0000_0000.uasset" 7167
"../../../Engine/Content/EngineMaterials/Substrate/Glints2/dict_0000_0001.uasset" 7168
"../../../Engine/Content/EngineMaterials/Substrate/Glints2/dict_0000_0003.uasset" 7169
"../../../Engine/Content/EngineMaterials/Substrate/Glints2/dict_0000_0002.uasset" 7170
"../../../Engine/Content/EngineMaterials/Substrate/Glints2/dict_0000_0006.uasset" 7171
"../../../Engine/Content/EngineMaterials/Substrate/Glints2/dict_0000_0005.uasset" 7172
"../../../Engine/Content/EngineMaterials/Substrate/Glints2/dict_0000_0007.uasset" 7173
"../../../Engine/Content/EngineMaterials/Substrate/Glints2/dict_0000_0009.uasset" 7174
"../../../Engine/Content/EngineMaterials/Substrate/Glints2/dict_0000_0010.uasset" 7175
"../../../Engine/Content/EngineMaterials/Substrate/Glints2/dict_0000_0008.uasset" 7176
"/Engine/EngineMaterials/Substrate/GLints/dict_16_192_64_0p5_0p02_0063_0012" 7177
"../../../Engine/Content/EngineMaterials/Substrate/Glints2/dict_0000_0011.uasset" 7178
"../../../Engine/Content/EngineMaterials/Substrate/Glints2/dict_0000_0004.uasset" 7179
"/Engine/EngineMaterials/Substrate/GLints/dict_16_192_64_0p5_0p02_0063_0011" 7180
"/Engine/EngineMaterials/Substrate/GLints/dict_16_192_64_0p5_0p02_0063_0010" 7181
"/Engine/EngineMaterials/Substrate/GLints/dict_16_192_64_0p5_0p02_0063_0009" 7182
"/Engine/EngineMaterials/Substrate/GLints/dict_16_192_64_0p5_0p02_0063_0008" 7183
"/Engine/EngineMaterials/Substrate/GLints/dict_16_192_64_0p5_0p02_0063_0007" 7184
"/Engine/EngineMaterials/Substrate/GLints/dict_16_192_64_0p5_0p02_0063_0006" 7185
"/Engine/EngineMaterials/Substrate/GLints/dict_16_192_64_0p5_0p02_0063_0005" 7186
"/Engine/EngineMaterials/Substrate/GLints/dict_16_192_64_0p5_0p02_0063_0004" 7187
"/Engine/EngineMaterials/Substrate/GLints/dict_16_192_64_0p5_0p02_0063_0003" 7188
"/Engine/EngineMaterials/Substrate/GLints/dict_16_192_64_0p5_0p02_0063_0002" 7189
"/Engine/EngineMaterials/Substrate/GLints/dict_16_192_64_0p5_0p02_0063_0001" 7190
"/Engine/EngineMaterials/Substrate/GLints/dict_16_192_64_0p5_0p02_0063_0000" 7191
"/Engine/EngineMaterials/Substrate/GLints/dict_16_192_64_0p5_0p02_0062_0015" 7192
"/Engine/EngineMaterials/Substrate/GLints/dict_16_192_64_0p5_0p02_0062_0014" 7193
"/Engine/EngineMaterials/Substrate/GLints/dict_16_192_64_0p5_0p02_0062_0013" 7194
"/Engine/EngineMaterials/Substrate/Glints2/dict_0000_0011" 7195
"/Engine/EngineMaterials/Substrate/Glints2/dict_0000_0010" 7196
"../../../Engine/Content/EngineMaterials/Substrate/Glints2/dict_0000_0015.uasset" 7197
"../../../Engine/Content/EngineMaterials/Substrate/Glints2/dict_0000_0012.uasset" 7198
"../../../Engine/Content/EngineMaterials/Substrate/Glints2/dict_0000_0014.uasset" 7199
"../../../Engine/Content/EngineMaterials/Substrate/Glints2/dict_0000_0020.uasset" 7200
"../../../Engine/Content/EngineMaterials/Substrate/Glints2/dict_0000_0017.uasset" 7201
"../../../Engine/Content/EngineMaterials/Substrate/Glints2/dict_0000_0022.uasset" 7202
"../../../Engine/Content/EngineMaterials/Substrate/Glints2/dict_0000_0021.uasset" 7203
"../../../Engine/Content/EngineMaterials/Substrate/Glints2/dict_0000_0013.uasset" 7204
"../../../Engine/Content/EngineMaterials/Substrate/Glints2/dict_0000_0025.uasset" 7205
"../../../Engine/Content/EngineMaterials/Substrate/Glints2/dict_0000_0019.uasset" 7206
"../../../Engine/Content/EngineMaterials/Substrate/Glints2/dict_0000_0023.uasset" 7207
"../../../Engine/Content/EngineMaterials/Substrate/Glints2/dict_0000_0026.uasset" 7208
"../../../Engine/Content/EngineMaterials/Substrate/Glints2/dict_0000_0024.uasset" 7209
"../../../Engine/Content/EngineMaterials/Substrate/Glints2/dict_0000_0016.uasset" 7210
"../../../Engine/Content/EngineMaterials/Substrate/Glints2/dict_0000_0018.uasset" 7211
"../../../Engine/Content/EngineMaterials/Substrate/Glints2/dict_0000_0027.uasset" 7212
"../../../Engine/Content/EngineMaterials/Substrate/Glints2/dict_0000_0028.uasset" 7213
"/Engine/EngineMaterials/Substrate/Glints2/dict_0000_0009" 7214
"/Engine/EngineMaterials/Substrate/Glints2/dict_0000_0008" 7215
"/Engine/EngineMaterials/Substrate/Glints2/dict_0000_0007" 7216
"/Engine/EngineMaterials/Substrate/Glints2/dict_0000_0006" 7217
"/Engine/EngineMaterials/Substrate/Glints2/dict_0000_0005" 7218
"/Engine/EngineMaterials/Substrate/Glints2/dict_0000_0004" 7219
"/Engine/EngineMaterials/Substrate/Glints2/dict_0000_0003" 7220
"/Engine/EngineMaterials/Substrate/Glints2/dict_0000_0002" 7221
"/Engine/EngineMaterials/Substrate/Glints2/dict_0000_0001" 7222
"/Engine/EngineMaterials/Substrate/Glints2/dict_0000_0000" 7223
"/Engine/EngineMaterials/Substrate/GLints/AGlintTex2dArray" 7224
"/Engine/EngineMaterials/Substrate/Glints2/dict_0000_0028" 7225
"../../../Engine/Content/EngineMaterials/Substrate/Glints2/dict_0000_0029.uasset" 7226
"/Engine/EngineMaterials/Substrate/Glints2/dict_0000_0027" 7227
"../../../Engine/Content/EngineMaterials/Substrate/Glints2/dict_0000_0031.uasset" 7228
"../../../Engine/Content/EngineMaterials/Substrate/Glints2/dict_0000_0030.uasset" 7229
"../../../Engine/Content/EngineMaterials/Substrate/Glints2/dict_0000_0032.uasset" 7230
"../../../Engine/Content/EngineMaterials/Substrate/Glints2/dict_0000_0033.uasset" 7231
"../../../Engine/Content/EngineMaterials/Substrate/Glints2/dict_0000_0035.uasset" 7232
"../../../Engine/Content/EngineMaterials/Substrate/Glints2/dict_0000_0034.uasset" 7233
"../../../Engine/Content/EngineMaterials/Substrate/Glints2/dict_0000_0036.uasset" 7234
"../../../Engine/Content/EngineMaterials/Substrate/Glints2/dict_0000_0037.uasset" 7235
"../../../Engine/Content/EngineMaterials/Substrate/Glints2/dict_0000_0040.uasset" 7236
"../../../Engine/Content/EngineMaterials/Substrate/Glints2/dict_0000_0042.uasset" 7237
"../../../Engine/Content/EngineMaterials/Substrate/Glints2/dict_0000_0039.uasset" 7238
"../../../Engine/Content/EngineMaterials/Substrate/Glints2/dict_0000_0043.uasset" 7239
"../../../Engine/Content/EngineMaterials/Substrate/Glints2/dict_0000_0041.uasset" 7240
"../../../Engine/Content/EngineMaterials/Substrate/Glints2/dict_0000_0038.uasset" 7241
"/Engine/EngineMaterials/Substrate/Glints2/dict_0000_0026" 7242
"/Engine/EngineMaterials/Substrate/Glints2/dict_0000_0025" 7243
"/Engine/EngineMaterials/Substrate/Glints2/dict_0000_0024" 7244
"/Engine/EngineMaterials/Substrate/Glints2/dict_0000_0023" 7245
"/Engine/EngineMaterials/Substrate/Glints2/dict_0000_0022" 7246
"/Engine/EngineMaterials/Substrate/Glints2/dict_0000_0021" 7247
"/Engine/EngineMaterials/Substrate/Glints2/dict_0000_0020" 7248
"/Engine/EngineMaterials/Substrate/Glints2/dict_0000_0019" 7249
"/Engine/EngineMaterials/Substrate/Glints2/dict_0000_0018" 7250
"/Engine/EngineMaterials/Substrate/Glints2/dict_0000_0017" 7251
"/Engine/EngineMaterials/Substrate/Glints2/dict_0000_0016" 7252
"/Engine/EngineMaterials/Substrate/Glints2/dict_0000_0015" 7253
"/Engine/EngineMaterials/Substrate/Glints2/dict_0000_0014" 7254
"/Engine/EngineMaterials/Substrate/Glints2/dict_0000_0013" 7255
"/Engine/EngineMaterials/Substrate/Glints2/dict_0000_0012" 7256
"/Engine/EngineMaterials/Substrate/Glints2/dict_0000_0043" 7257
"../../../Engine/Content/EngineMaterials/Substrate/Glints2/dict_0000_0044.uasset" 7258
"../../../Engine/Content/EngineMaterials/Substrate/Glints2/dict_0000_0045.uasset" 7259
"/Engine/EngineMaterials/Substrate/Glints2/dict_0000_0042" 7260
"../../../Engine/Content/EngineMaterials/Substrate/Glints2/dict_0000_0047.uasset" 7261
"../../../Engine/Content/EngineMaterials/Substrate/Glints2/dict_0000_0046.uasset" 7262
"../../../Engine/Content/EngineMaterials/Substrate/Glints2/dict_0000_0048.uasset" 7263
"../../../Engine/Content/EngineMaterials/Substrate/Glints2/dict_0000_0049.uasset" 7264
"../../../Engine/Content/EngineMaterials/Substrate/Glints2/dict_0000_0050.uasset" 7265
"../../../Engine/Content/EngineMaterials/Substrate/Glints2/dict_0000_0054.uasset" 7266
"../../../Engine/Content/EngineMaterials/Substrate/Glints2/dict_0000_0057.uasset" 7267
"../../../Engine/Content/EngineMaterials/Substrate/Glints2/dict_0000_0056.uasset" 7268
"../../../Engine/Content/EngineMaterials/Substrate/Glints2/dict_0000_0052.uasset" 7269
"../../../Engine/Content/EngineMaterials/Substrate/Glints2/dict_0000_0053.uasset" 7270
"../../../Engine/Content/EngineMaterials/Substrate/Glints2/dict_0000_0051.uasset" 7271
"../../../Engine/Content/EngineMaterials/Substrate/Glints2/dict_0000_0055.uasset" 7272
"../../../Engine/Content/EngineMaterials/Substrate/Glints2/dict_0000_0059.uasset" 7273
"../../../Engine/Content/EngineMaterials/Substrate/Glints2/dict_0000_0060.uasset" 7274
"../../../Engine/Content/EngineMaterials/Substrate/Glints2/dict_0000_0058.uasset" 7275
"/Engine/EngineMaterials/Substrate/Glints2/dict_0000_0041" 7276
"/Engine/EngineMaterials/Substrate/Glints2/dict_0000_0040" 7277
"/Engine/EngineMaterials/Substrate/Glints2/dict_0000_0039" 7278
"/Engine/EngineMaterials/Substrate/Glints2/dict_0000_0038" 7279
"/Engine/EngineMaterials/Substrate/Glints2/dict_0000_0037" 7280
"/Engine/EngineMaterials/Substrate/Glints2/dict_0000_0036" 7281
"/Engine/EngineMaterials/Substrate/Glints2/dict_0000_0035" 7282
"/Engine/EngineMaterials/Substrate/Glints2/dict_0000_0034" 7283
"/Engine/EngineMaterials/Substrate/Glints2/dict_0000_0033" 7284
"/Engine/EngineMaterials/Substrate/Glints2/dict_0000_0032" 7285
"/Engine/EngineMaterials/Substrate/Glints2/dict_0000_0031" 7286
"/Engine/EngineMaterials/Substrate/Glints2/dict_0000_0030" 7287
"/Engine/EngineMaterials/Substrate/Glints2/dict_0000_0029" 7288
"/Engine/EngineMaterials/Substrate/Glints2/dict_0000_0060" 7289
"../../../Engine/Content/EngineMaterials/Substrate/Glints2/dict_0000_0061.uasset" 7290
"/Engine/EngineMaterials/Substrate/Glints2/dict_0000_0059" 7291
"../../../Engine/Content/EngineMaterials/Substrate/Glints2/dict_0000_0062.uasset" 7292
"../../../Engine/Content/EngineMaterials/Substrate/Glints2/dict_0000_0063.uasset" 7293
"../../../Engine/Content/EngineMaterials/Substrate/Glints2/dict_0000_0065.uasset" 7294
"../../../Engine/Content/EngineMaterials/Substrate/Glints2/dict_0000_0066.uasset" 7295
"../../../Engine/Content/EngineMaterials/Substrate/Glints2/dict_0000_0068.uasset" 7296
"../../../Engine/Content/EngineMaterials/Substrate/Glints2/dict_0000_0064.uasset" 7297
"../../../Engine/Content/EngineMaterials/Substrate/Glints2/dict_0000_0070.uasset" 7298
"../../../Engine/Content/EngineMaterials/Substrate/Glints2/dict_0000_0069.uasset" 7299
"../../../Engine/Content/EngineMaterials/Substrate/Glints2/dict_0000_0072.uasset" 7300
"../../../Engine/Content/EngineMaterials/Substrate/Glints2/dict_0000_0071.uasset" 7301
"../../../Engine/Content/EngineMaterials/Substrate/Glints2/dict_0000_0075.uasset" 7302
"../../../Engine/Content/EngineMaterials/Substrate/Glints2/dict_0000_0073.uasset" 7303
"../../../Engine/Content/EngineMaterials/Substrate/Glints2/dict_0000_0067.uasset" 7304
"../../../Engine/Content/EngineMaterials/Substrate/Glints2/dict_0000_0074.uasset" 7305
"/Engine/EngineMaterials/Substrate/Glints2/dict_0000_0058" 7306
"/Engine/EngineMaterials/Substrate/Glints2/dict_0000_0057" 7307
"/Engine/EngineMaterials/Substrate/Glints2/dict_0000_0056" 7308
"/Engine/EngineMaterials/Substrate/Glints2/dict_0000_0055" 7309
"/Engine/EngineMaterials/Substrate/Glints2/dict_0000_0054" 7310
"/Engine/EngineMaterials/Substrate/Glints2/dict_0000_0053" 7311
"/Engine/EngineMaterials/Substrate/Glints2/dict_0000_0052" 7312
"/Engine/EngineMaterials/Substrate/Glints2/dict_0000_0051" 7313
"/Engine/EngineMaterials/Substrate/Glints2/dict_0000_0050" 7314
"/Engine/EngineMaterials/Substrate/Glints2/dict_0000_0049" 7315
"/Engine/EngineMaterials/Substrate/Glints2/dict_0000_0048" 7316
"/Engine/EngineMaterials/Substrate/Glints2/dict_0000_0047" 7317
"/Engine/EngineMaterials/Substrate/Glints2/dict_0000_0046" 7318
"/Engine/EngineMaterials/Substrate/Glints2/dict_0000_0045" 7319
"/Engine/EngineMaterials/Substrate/Glints2/dict_0000_0044" 7320
"/Engine/EngineMaterials/Substrate/Glints2/dict_0000_0075" 7321
"../../../Engine/Content/EngineMaterials/Substrate/Glints2/dict_0000_0076.uasset" 7322
"/Engine/EngineMaterials/Substrate/Glints2/dict_0000_0074" 7323
"../../../Engine/Content/EngineMaterials/Substrate/Glints2/dict_0000_0078.uasset" 7324
"../../../Engine/Content/EngineMaterials/Substrate/Glints2/dict_0000_0077.uasset" 7325
"../../../Engine/Content/EngineMaterials/Substrate/Glints2/dict_0000_0079.uasset" 7326
"../../../Engine/Content/EngineMaterials/Substrate/Glints2/dict_0000_0082.uasset" 7327
"../../../Engine/Content/EngineMaterials/Substrate/Glints2/dict_0000_0083.uasset" 7328
"../../../Engine/Content/EngineMaterials/Substrate/Glints2/dict_0000_0084.uasset" 7329
"../../../Engine/Content/EngineMaterials/Substrate/Glints2/dict_0000_0087.uasset" 7330
"../../../Engine/Content/EngineMaterials/Substrate/Glints2/dict_0000_0081.uasset" 7331
"../../../Engine/Content/EngineMaterials/Substrate/Glints2/dict_0000_0089.uasset" 7332
"../../../Engine/Content/EngineMaterials/Substrate/Glints2/dict_0000_0085.uasset" 7333
"../../../Engine/Content/EngineMaterials/Substrate/Glints2/dict_0000_0086.uasset" 7334
"../../../Engine/Content/EngineMaterials/Substrate/Glints2/dict_0000_0091.uasset" 7335
"../../../Engine/Content/EngineMaterials/Substrate/Glints2/dict_0000_0090.uasset" 7336
"../../../Engine/Content/EngineMaterials/Substrate/Glints2/dict_0000_0092.uasset" 7337
"../../../Engine/Content/EngineMaterials/Substrate/Glints2/dict_0000_0080.uasset" 7338
"../../../Engine/Content/EngineMaterials/Substrate/Glints2/dict_0000_0088.uasset" 7339
"/Engine/EngineMaterials/Substrate/Glints2/dict_0000_0073" 7340
"/Engine/EngineMaterials/Substrate/Glints2/dict_0000_0072" 7341
"/Engine/EngineMaterials/Substrate/Glints2/dict_0000_0071" 7342
"/Engine/EngineMaterials/Substrate/Glints2/dict_0000_0070" 7343
"/Engine/EngineMaterials/Substrate/Glints2/dict_0000_0069" 7344
"/Engine/EngineMaterials/Substrate/Glints2/dict_0000_0068" 7345
"/Engine/EngineMaterials/Substrate/Glints2/dict_0000_0067" 7346
"/Engine/EngineMaterials/Substrate/Glints2/dict_0000_0066" 7347
"/Engine/EngineMaterials/Substrate/Glints2/dict_0000_0065" 7348
"/Engine/EngineMaterials/Substrate/Glints2/dict_0000_0064" 7349
"/Engine/EngineMaterials/Substrate/Glints2/dict_0000_0063" 7350
"/Engine/EngineMaterials/Substrate/Glints2/dict_0000_0062" 7351
"/Engine/EngineMaterials/Substrate/Glints2/dict_0000_0061" 7352
"/Engine/EngineMaterials/Substrate/Glints2/dict_0000_0092" 7353
"../../../Engine/Content/EngineMaterials/Substrate/Glints2/dict_0000_0093.uasset" 7354
"../../../Engine/Content/EngineMaterials/Substrate/Glints2/dict_0000_0094.uasset" 7355
"/Engine/EngineMaterials/Substrate/Glints2/dict_0000_0091" 7356
"../../../Engine/Content/EngineMaterials/Substrate/Glints2/dict_0000_0095.uasset" 7357
"../../../Engine/Content/EngineMaterials/Substrate/Glints2/dict_0000_0097.uasset" 7358
"../../../Engine/Content/EngineMaterials/Substrate/Glints2/dict_0000_0096.uasset" 7359
"../../../Engine/Content/EngineMaterials/Substrate/Glints2/dict_0000_0099.uasset" 7360
"../../../Engine/Content/EngineMaterials/Substrate/Glints2/dict_0000_0100.uasset" 7361
"../../../Engine/Content/EngineMaterials/Substrate/Glints2/dict_0000_0098.uasset" 7362
"../../../Engine/Content/EngineMaterials/Substrate/Glints2/dict_0000_0104.uasset" 7363
"../../../Engine/Content/EngineMaterials/Substrate/Glints2/dict_0000_0103.uasset" 7364
"../../../Engine/Content/EngineMaterials/Substrate/Glints2/dict_0000_0102.uasset" 7365
"../../../Engine/Content/EngineMaterials/Substrate/Glints2/dict_0000_0101.uasset" 7366
"../../../Engine/Content/EngineMaterials/Substrate/Glints2/dict_0000_0107.uasset" 7367
"../../../Engine/Content/EngineMaterials/Substrate/Glints2/dict_0000_0106.uasset" 7368
"../../../Engine/Content/EngineMaterials/Substrate/Glints2/dict_0000_0105.uasset" 7369
"/Engine/EngineMaterials/Substrate/Glints2/dict_0000_0090" 7370
"/Engine/EngineMaterials/Substrate/Glints2/dict_0000_0089" 7371
"/Engine/EngineMaterials/Substrate/Glints2/dict_0000_0088" 7372
"/Engine/EngineMaterials/Substrate/Glints2/dict_0000_0087" 7373
"/Engine/EngineMaterials/Substrate/Glints2/dict_0000_0086" 7374
"/Engine/EngineMaterials/Substrate/Glints2/dict_0000_0085" 7375
"/Engine/EngineMaterials/Substrate/Glints2/dict_0000_0084" 7376
"/Engine/EngineMaterials/Substrate/Glints2/dict_0000_0083" 7377
"/Engine/EngineMaterials/Substrate/Glints2/dict_0000_0082" 7378
"/Engine/EngineMaterials/Substrate/Glints2/dict_0000_0081" 7379
"/Engine/EngineMaterials/Substrate/Glints2/dict_0000_0080" 7380
"/Engine/EngineMaterials/Substrate/Glints2/dict_0000_0079" 7381
"/Engine/EngineMaterials/Substrate/Glints2/dict_0000_0078" 7382
"/Engine/EngineMaterials/Substrate/Glints2/dict_0000_0077" 7383
"/Engine/EngineMaterials/Substrate/Glints2/dict_0000_0076" 7384
"/Engine/EngineMaterials/Substrate/Glints2/dict_0000_0107" 7385
"../../../Engine/Content/EngineMaterials/Substrate/Glints2/dict_0000_0108.uasset" 7386
"../../../Engine/Content/EngineMaterials/Substrate/Glints2/dict_0000_0109.uasset" 7387
"../../../Engine/Content/EngineMaterials/Substrate/Glints2/dict_0000_0110.uasset" 7388
"/Engine/EngineMaterials/Substrate/Glints2/dict_0000_0106" 7389
"../../../Engine/Content/EngineMaterials/Substrate/Glints2/dict_0000_0111.uasset" 7390
"../../../Engine/Content/EngineMaterials/Substrate/Glints2/dict_0000_0114.uasset" 7391
"../../../Engine/Content/EngineMaterials/Substrate/Glints2/dict_0000_0113.uasset" 7392
"../../../Engine/Content/EngineMaterials/Substrate/Glints2/dict_0000_0118.uasset" 7393
"../../../Engine/Content/EngineMaterials/Substrate/Glints2/dict_0000_0116.uasset" 7394
"../../../Engine/Content/EngineMaterials/Substrate/Glints2/dict_0000_0115.uasset" 7395
"../../../Engine/Content/EngineMaterials/Substrate/Glints2/dict_0000_0120.uasset" 7396
"../../../Engine/Content/EngineMaterials/Substrate/Glints2/dict_0000_0117.uasset" 7397
"../../../Engine/Content/EngineMaterials/Substrate/Glints2/dict_0000_0121.uasset" 7398
"../../../Engine/Content/EngineMaterials/Substrate/Glints2/dict_0000_0112.uasset" 7399
"../../../Engine/Content/EngineMaterials/Substrate/Glints2/dict_0000_0119.uasset" 7400
"../../../Engine/Content/EngineMaterials/Substrate/Glints2/dict_0000_0123.uasset" 7401
"../../../Engine/Content/EngineMaterials/Substrate/Glints2/dict_0000_0122.uasset" 7402
"../../../Engine/Content/EngineMaterials/Substrate/Glints2/dict_0000_0124.uasset" 7403
"/Engine/EngineMaterials/Substrate/Glints2/dict_0000_0105" 7404
"/Engine/EngineMaterials/Substrate/Glints2/dict_0000_0104" 7405
"/Engine/EngineMaterials/Substrate/Glints2/dict_0000_0103" 7406
"/Engine/EngineMaterials/Substrate/Glints2/dict_0000_0102" 7407
"/Engine/EngineMaterials/Substrate/Glints2/dict_0000_0101" 7408
"/Engine/EngineMaterials/Substrate/Glints2/dict_0000_0100" 7409
"/Engine/EngineMaterials/Substrate/Glints2/dict_0000_0099" 7410
"/Engine/EngineMaterials/Substrate/Glints2/dict_0000_0098" 7411
"/Engine/EngineMaterials/Substrate/Glints2/dict_0000_0097" 7412
"/Engine/EngineMaterials/Substrate/Glints2/dict_0000_0096" 7413
"/Engine/EngineMaterials/Substrate/Glints2/dict_0000_0095" 7414
"/Engine/EngineMaterials/Substrate/Glints2/dict_0000_0094" 7415
"/Engine/EngineMaterials/Substrate/Glints2/dict_0000_0093" 7416
"/Engine/EngineMaterials/Substrate/Glints2/dict_0000_0124" 7417
"../../../Engine/Content/EngineMaterials/Substrate/Glints2/dict_0000_0125.uasset" 7418
"../../../Engine/Content/EngineMaterials/Substrate/Glints2/dict_0000_0126.uasset" 7419
"/Engine/EngineMaterials/Substrate/Glints2/dict_0000_0123" 7420
"../../../Engine/Content/EngineMaterials/Substrate/Glints2/dict_0000_0127.uasset" 7421
"../../../Engine/Content/EngineMaterials/Substrate/Glints2/dict_0000_0128.uasset" 7422
"../../../Engine/Content/EngineMaterials/Substrate/Glints2/dict_0000_0129.uasset" 7423
"../../../Engine/Content/EngineMaterials/Substrate/Glints2/dict_0000_0132.uasset" 7424
"../../../Engine/Content/EngineMaterials/Substrate/Glints2/dict_0000_0131.uasset" 7425
"../../../Engine/Content/EngineMaterials/Substrate/Glints2/dict_0000_0134.uasset" 7426
"../../../Engine/Content/EngineMaterials/Substrate/Glints2/dict_0000_0135.uasset" 7427
"../../../Engine/Content/EngineMaterials/Substrate/Glints2/dict_0000_0136.uasset" 7428
"../../../Engine/Content/EngineMaterials/Substrate/Glints2/dict_0000_0137.uasset" 7429
"../../../Engine/Content/EngineMaterials/Substrate/Glints2/dict_0000_0139.uasset" 7430
"../../../Engine/Content/EngineMaterials/Substrate/Glints2/dict_0000_0138.uasset" 7431
"../../../Engine/Content/EngineMaterials/Substrate/Glints2/dict_0000_0133.uasset" 7432
"../../../Engine/Content/EngineMaterials/Substrate/Glints2/dict_0000_0130.uasset" 7433
"/Engine/EngineMaterials/Substrate/Glints2/dict_0000_0122" 7434
"/Engine/EngineMaterials/Substrate/Glints2/dict_0000_0121" 7435
"/Engine/EngineMaterials/Substrate/Glints2/dict_0000_0120" 7436
"/Engine/EngineMaterials/Substrate/Glints2/dict_0000_0119" 7437
"/Engine/EngineMaterials/Substrate/Glints2/dict_0000_0118" 7438
"/Engine/EngineMaterials/Substrate/Glints2/dict_0000_0117" 7439
"/Engine/EngineMaterials/Substrate/Glints2/dict_0000_0116" 7440
"/Engine/EngineMaterials/Substrate/Glints2/dict_0000_0115" 7441
"/Engine/EngineMaterials/Substrate/Glints2/dict_0000_0114" 7442
"/Engine/EngineMaterials/Substrate/Glints2/dict_0000_0113" 7443
"/Engine/EngineMaterials/Substrate/Glints2/dict_0000_0112" 7444
"/Engine/EngineMaterials/Substrate/Glints2/dict_0000_0111" 7445
"/Engine/EngineMaterials/Substrate/Glints2/dict_0000_0110" 7446
"/Engine/EngineMaterials/Substrate/Glints2/dict_0000_0109" 7447
"/Engine/EngineMaterials/Substrate/Glints2/dict_0000_0108" 7448
"/Engine/EngineMaterials/Substrate/Glints2/dict_0000_0139" 7449
"../../../Engine/Content/EngineMaterials/Substrate/Glints2/dict_0000_0140.uasset" 7450
"../../../Engine/Content/EngineMaterials/Substrate/Glints2/dict_0000_0141.uasset" 7451
"/Engine/EngineMaterials/Substrate/Glints2/dict_0000_0138" 7452
"../../../Engine/Content/EngineMaterials/Substrate/Glints2/dict_0000_0143.uasset" 7453
"../../../Engine/Content/EngineMaterials/Substrate/Glints2/dict_0000_0145.uasset" 7454
"../../../Engine/Content/EngineMaterials/Substrate/Glints2/dict_0000_0147.uasset" 7455
"../../../Engine/Content/EngineMaterials/Substrate/Glints2/dict_0000_0146.uasset" 7456
"../../../Engine/Content/EngineMaterials/Substrate/Glints2/dict_0000_0152.uasset" 7457
"../../../Engine/Content/EngineMaterials/Substrate/Glints2/dict_0000_0150.uasset" 7458
"../../../Engine/Content/EngineMaterials/Substrate/Glints2/dict_0000_0144.uasset" 7459
"../../../Engine/Content/EngineMaterials/Substrate/Glints2/dict_0000_0153.uasset" 7460
"../../../Engine/Content/EngineMaterials/Substrate/Glints2/dict_0000_0151.uasset" 7461
"../../../Engine/Content/EngineMaterials/Substrate/Glints2/dict_0000_0149.uasset" 7462
"../../../Engine/Content/EngineMaterials/Substrate/Glints2/dict_0000_0148.uasset" 7463
"../../../Engine/Content/EngineMaterials/Substrate/Glints2/dict_0000_0142.uasset" 7464
"../../../Engine/Content/EngineMaterials/Substrate/Glints2/dict_0000_0154.uasset" 7465
"../../../Engine/Content/EngineMaterials/Substrate/Glints2/dict_0000_0156.uasset" 7466
"../../../Engine/Content/EngineMaterials/Substrate/Glints2/dict_0000_0155.uasset" 7467
"/Engine/EngineMaterials/Substrate/Glints2/dict_0000_0137" 7468
"/Engine/EngineMaterials/Substrate/Glints2/dict_0000_0136" 7469
"/Engine/EngineMaterials/Substrate/Glints2/dict_0000_0135" 7470
"/Engine/EngineMaterials/Substrate/Glints2/dict_0000_0134" 7471
"/Engine/EngineMaterials/Substrate/Glints2/dict_0000_0133" 7472
"/Engine/EngineMaterials/Substrate/Glints2/dict_0000_0132" 7473
"/Engine/EngineMaterials/Substrate/Glints2/dict_0000_0131" 7474
"/Engine/EngineMaterials/Substrate/Glints2/dict_0000_0130" 7475
"/Engine/EngineMaterials/Substrate/Glints2/dict_0000_0129" 7476
"/Engine/EngineMaterials/Substrate/Glints2/dict_0000_0128" 7477
"/Engine/EngineMaterials/Substrate/Glints2/dict_0000_0127" 7478
"/Engine/EngineMaterials/Substrate/Glints2/dict_0000_0126" 7479
"/Engine/EngineMaterials/Substrate/Glints2/dict_0000_0125" 7480
"/Engine/EngineMaterials/Substrate/Glints2/dict_0000_0156" 7481
"../../../Engine/Content/EngineMaterials/Substrate/Glints2/dict_0000_0157.uasset" 7482
"../../../Engine/Content/EngineMaterials/Substrate/Glints2/dict_0000_0158.uasset" 7483
"/Engine/EngineMaterials/Substrate/Glints2/dict_0000_0155" 7484
"../../../Engine/Content/EngineMaterials/Substrate/Glints2/dict_0000_0161.uasset" 7485
"../../../Engine/Content/EngineMaterials/Substrate/Glints2/dict_0000_0159.uasset" 7486
"../../../Engine/Content/EngineMaterials/Substrate/Glints2/dict_0000_0162.uasset" 7487
"../../../Engine/Content/EngineMaterials/Substrate/Glints2/dict_0000_0163.uasset" 7488
"../../../Engine/Content/EngineMaterials/Substrate/Glints2/dict_0000_0164.uasset" 7489
"../../../Engine/Content/EngineMaterials/Substrate/Glints2/dict_0000_0167.uasset" 7490
"../../../Engine/Content/EngineMaterials/Substrate/Glints2/dict_0000_0169.uasset" 7491
"../../../Engine/Content/EngineMaterials/Substrate/Glints2/dict_0000_0170.uasset" 7492
"../../../Engine/Content/EngineMaterials/Substrate/Glints2/dict_0000_0166.uasset" 7493
"../../../Engine/Content/EngineMaterials/Substrate/Glints2/dict_0000_0165.uasset" 7494
"../../../Engine/Content/EngineMaterials/Substrate/Glints2/dict_0000_0171.uasset" 7495
"../../../Engine/Content/EngineMaterials/Substrate/Glints2/dict_0000_0168.uasset" 7496
"../../../Engine/Content/EngineMaterials/Substrate/Glints2/dict_0000_0160.uasset" 7497
"/Engine/EngineMaterials/Substrate/Glints2/dict_0000_0154" 7498
"/Engine/EngineMaterials/Substrate/Glints2/dict_0000_0153" 7499
"/Engine/EngineMaterials/Substrate/Glints2/dict_0000_0152" 7500
"/Engine/EngineMaterials/Substrate/Glints2/dict_0000_0151" 7501
"/Engine/EngineMaterials/Substrate/Glints2/dict_0000_0150" 7502
"/Engine/EngineMaterials/Substrate/Glints2/dict_0000_0149" 7503
"/Engine/EngineMaterials/Substrate/Glints2/dict_0000_0148" 7504
"/Engine/EngineMaterials/Substrate/Glints2/dict_0000_0147" 7505
"/Engine/EngineMaterials/Substrate/Glints2/dict_0000_0146" 7506
"/Engine/EngineMaterials/Substrate/Glints2/dict_0000_0145" 7507
"/Engine/EngineMaterials/Substrate/Glints2/dict_0000_0144" 7508
"/Engine/EngineMaterials/Substrate/Glints2/dict_0000_0143" 7509
"/Engine/EngineMaterials/Substrate/Glints2/dict_0000_0142" 7510
"/Engine/EngineMaterials/Substrate/Glints2/dict_0000_0141" 7511
"/Engine/EngineMaterials/Substrate/Glints2/dict_0000_0140" 7512
"/Engine/EngineMaterials/Substrate/Glints2/dict_0000_0171" 7513
"/Engine/EngineMaterials/Substrate/Glints2/dict_0000_0170" 7514
"../../../Engine/Content/EngineMaterials/Substrate/Glints2/dict_0000_0175.uasset" 7515
"../../../Engine/Content/EngineMaterials/Substrate/Glints2/dict_0000_0172.uasset" 7516
"../../../Engine/Content/EngineMaterials/Substrate/Glints2/dict_0000_0173.uasset" 7517
"../../../Engine/Content/EngineMaterials/Substrate/Glints2/dict_0000_0174.uasset" 7518
"../../../Engine/Content/EngineMaterials/Substrate/Glints2/dict_0000_0179.uasset" 7519
"../../../Engine/Content/EngineMaterials/Substrate/Glints2/dict_0000_0177.uasset" 7520
"../../../Engine/Content/EngineMaterials/Substrate/Glints2/dict_0000_0178.uasset" 7521
"../../../Engine/Content/EngineMaterials/Substrate/Glints2/dict_0000_0176.uasset" 7522
"../../../Engine/Content/EngineMaterials/Substrate/Glints2/dict_0000_0183.uasset" 7523
"../../../Engine/Content/EngineMaterials/Substrate/Glints2/dict_0000_0181.uasset" 7524
"../../../Engine/Content/EngineMaterials/Substrate/Glints2/dict_0000_0185.uasset" 7525
"../../../Engine/Content/EngineMaterials/Substrate/Glints2/dict_0000_0182.uasset" 7526
"../../../Engine/Content/EngineMaterials/Substrate/Glints2/dict_0000_0186.uasset" 7527
"../../../Engine/Content/EngineMaterials/Substrate/Glints2/dict_0000_0184.uasset" 7528
"../../../Engine/Content/EngineMaterials/Substrate/Glints2/dict_0000_0188.uasset" 7529
"../../../Engine/Content/EngineMaterials/Substrate/Glints2/dict_0000_0187.uasset" 7530
"../../../Engine/Content/EngineMaterials/Substrate/Glints2/dict_0000_0180.uasset" 7531
"/Engine/EngineMaterials/Substrate/Glints2/dict_0000_0169" 7532
"/Engine/EngineMaterials/Substrate/Glints2/dict_0000_0168" 7533
"/Engine/EngineMaterials/Substrate/Glints2/dict_0000_0167" 7534
"/Engine/EngineMaterials/Substrate/Glints2/dict_0000_0166" 7535
"/Engine/EngineMaterials/Substrate/Glints2/dict_0000_0165" 7536
"/Engine/EngineMaterials/Substrate/Glints2/dict_0000_0164" 7537
"/Engine/EngineMaterials/Substrate/Glints2/dict_0000_0163" 7538
"/Engine/EngineMaterials/Substrate/Glints2/dict_0000_0162" 7539
"/Engine/EngineMaterials/Substrate/Glints2/dict_0000_0161" 7540
"/Engine/EngineMaterials/Substrate/Glints2/dict_0000_0160" 7541
"/Engine/EngineMaterials/Substrate/Glints2/dict_0000_0159" 7542
"/Engine/EngineMaterials/Substrate/Glints2/dict_0000_0158" 7543
"/Engine/EngineMaterials/Substrate/Glints2/dict_0000_0157" 7544
"/Engine/EngineMaterials/Substrate/Glints2/dict_0000_0188" 7545
"../../../Engine/Content/EngineMaterials/Substrate/Glints2/dict_0000_0189.uasset" 7546
"../../../Engine/Content/EngineMaterials/Substrate/Glints2/dict_0000_0190.uasset" 7547
"../../../Engine/Content/EngineMaterials/Substrate/Glints2/dict_0000_0192.uasset" 7548
"/Engine/EngineMaterials/Substrate/Glints2/dict_0000_0187" 7549
"../../../Engine/Content/EngineMaterials/Substrate/Glints2/dict_0000_0191.uasset" 7550
"../../../Engine/Content/EngineMaterials/Substrate/Glints2/dict_0000_0196.uasset" 7551
"../../../Engine/Content/EngineMaterials/Substrate/Glints2/dict_0000_0193.uasset" 7552
"../../../Engine/Content/EngineMaterials/Substrate/Glints2/dict_0000_0194.uasset" 7553
"../../../Engine/Content/EngineMaterials/Substrate/Glints2/dict_0000_0200.uasset" 7554
"../../../Engine/Content/EngineMaterials/Substrate/Glints2/dict_0000_0199.uasset" 7555
"../../../Engine/Content/EngineMaterials/Substrate/Glints2/dict_0000_0198.uasset" 7556
"../../../Engine/Content/EngineMaterials/Substrate/Glints2/dict_0000_0197.uasset" 7557
"../../../Engine/Content/EngineMaterials/Substrate/Glints2/dict_0000_0195.uasset" 7558
"../../../Engine/Content/EngineMaterials/Substrate/Glints2/dict_0000_0202.uasset" 7559
"../../../Engine/Content/EngineMaterials/Substrate/Glints2/dict_0000_0201.uasset" 7560
"../../../Engine/Content/EngineMaterials/Substrate/Glints2/dict_0000_0203.uasset" 7561
"/Engine/EngineMaterials/Substrate/Glints2/dict_0000_0186" 7562
"/Engine/EngineMaterials/Substrate/Glints2/dict_0000_0185" 7563
"/Engine/EngineMaterials/Substrate/Glints2/dict_0000_0184" 7564
"/Engine/EngineMaterials/Substrate/Glints2/dict_0000_0183" 7565
"/Engine/EngineMaterials/Substrate/Glints2/dict_0000_0182" 7566
"/Engine/EngineMaterials/Substrate/Glints2/dict_0000_0181" 7567
"/Engine/EngineMaterials/Substrate/Glints2/dict_0000_0180" 7568
"/Engine/EngineMaterials/Substrate/Glints2/dict_0000_0179" 7569
"/Engine/EngineMaterials/Substrate/Glints2/dict_0000_0178" 7570
"/Engine/EngineMaterials/Substrate/Glints2/dict_0000_0177" 7571
"/Engine/EngineMaterials/Substrate/Glints2/dict_0000_0176" 7572
"/Engine/EngineMaterials/Substrate/Glints2/dict_0000_0175" 7573
"/Engine/EngineMaterials/Substrate/Glints2/dict_0000_0174" 7574
"/Engine/EngineMaterials/Substrate/Glints2/dict_0000_0173" 7575
"/Engine/EngineMaterials/Substrate/Glints2/dict_0000_0172" 7576
"/Engine/EngineMaterials/Substrate/Glints2/dict_0000_0203" 7577
"../../../Engine/Content/EngineMaterials/Substrate/Glints2/dict_0000_0204.uasset" 7578
"/Engine/EngineMaterials/Substrate/Glints2/dict_0000_0202" 7579
"../../../Engine/Content/EngineMaterials/Substrate/Glints2/dict_0000_0205.uasset" 7580
"../../../Engine/Content/EngineMaterials/Substrate/Glints2/dict_0000_0206.uasset" 7581
"../../../Engine/Content/EngineMaterials/Substrate/Glints2/dict_0000_0209.uasset" 7582
"../../../Engine/Content/EngineMaterials/Substrate/Glints2/dict_0000_0207.uasset" 7583
"../../../Engine/Content/EngineMaterials/Substrate/Glints2/dict_0000_0208.uasset" 7584
"../../../Engine/Content/EngineMaterials/Substrate/Glints2/dict_0000_0212.uasset" 7585
"../../../Engine/Content/EngineMaterials/Substrate/Glints2/dict_0000_0215.uasset" 7586
"../../../Engine/Content/EngineMaterials/Substrate/Glints2/dict_0000_0213.uasset" 7587
"../../../Engine/Content/EngineMaterials/Substrate/Glints2/dict_0000_0210.uasset" 7588
"../../../Engine/Content/EngineMaterials/Substrate/Glints2/dict_0000_0214.uasset" 7589
"../../../Engine/Content/EngineMaterials/Substrate/Glints2/dict_0000_0211.uasset" 7590
"../../../Engine/Content/EngineMaterials/Substrate/Glints2/dict_0000_0219.uasset" 7591
"../../../Engine/Content/EngineMaterials/Substrate/Glints2/dict_0000_0220.uasset" 7592
"../../../Engine/Content/EngineMaterials/Substrate/Glints2/dict_0000_0217.uasset" 7593
"../../../Engine/Content/EngineMaterials/Substrate/Glints2/dict_0000_0218.uasset" 7594
"../../../Engine/Content/EngineMaterials/Substrate/Glints2/dict_0000_0216.uasset" 7595
"/Engine/EngineMaterials/Substrate/Glints2/dict_0000_0201" 7596
"/Engine/EngineMaterials/Substrate/Glints2/dict_0000_0200" 7597
"/Engine/EngineMaterials/Substrate/Glints2/dict_0000_0199" 7598
"/Engine/EngineMaterials/Substrate/Glints2/dict_0000_0198" 7599
"/Engine/EngineMaterials/Substrate/Glints2/dict_0000_0197" 7600
"/Engine/EngineMaterials/Substrate/Glints2/dict_0000_0196" 7601
"/Engine/EngineMaterials/Substrate/Glints2/dict_0000_0195" 7602
"/Engine/EngineMaterials/Substrate/Glints2/dict_0000_0194" 7603
"/Engine/EngineMaterials/Substrate/Glints2/dict_0000_0193" 7604
"/Engine/EngineMaterials/Substrate/Glints2/dict_0000_0192" 7605
"/Engine/EngineMaterials/Substrate/Glints2/dict_0000_0191" 7606
"/Engine/EngineMaterials/Substrate/Glints2/dict_0000_0190" 7607
"/Engine/EngineMaterials/Substrate/Glints2/dict_0000_0189" 7608
"/Engine/EngineMaterials/Substrate/Glints2/dict_0000_0220" 7609
"../../../Engine/Content/EngineMaterials/Substrate/Glints2/dict_0000_0221.uasset" 7610
"/Engine/EngineMaterials/Substrate/Glints2/dict_0000_0219" 7611
"../../../Engine/Content/EngineMaterials/Substrate/Glints2/dict_0000_0222.uasset" 7612
"../../../Engine/Content/EngineMaterials/Substrate/Glints2/dict_0000_0223.uasset" 7613
"../../../Engine/Content/EngineMaterials/Substrate/Glints2/dict_0000_0227.uasset" 7614
"../../../Engine/Content/EngineMaterials/Substrate/Glints2/dict_0000_0224.uasset" 7615
"../../../Engine/Content/EngineMaterials/Substrate/Glints2/dict_0000_0225.uasset" 7616
"../../../Engine/Content/EngineMaterials/Substrate/Glints2/dict_0000_0228.uasset" 7617
"../../../Engine/Content/EngineMaterials/Substrate/Glints2/dict_0000_0229.uasset" 7618
"../../../Engine/Content/EngineMaterials/Substrate/Glints2/dict_0000_0231.uasset" 7619
"../../../Engine/Content/EngineMaterials/Substrate/Glints2/dict_0000_0233.uasset" 7620
"../../../Engine/Content/EngineMaterials/Substrate/Glints2/dict_0000_0234.uasset" 7621
"../../../Engine/Content/EngineMaterials/Substrate/Glints2/dict_0000_0226.uasset" 7622
"../../../Engine/Content/EngineMaterials/Substrate/Glints2/dict_0000_0235.uasset" 7623
"../../../Engine/Content/EngineMaterials/Substrate/Glints2/dict_0000_0232.uasset" 7624
"../../../Engine/Content/EngineMaterials/Substrate/Glints2/dict_0000_0230.uasset" 7625
"/Engine/EngineMaterials/Substrate/Glints2/dict_0000_0218" 7626
"/Engine/EngineMaterials/Substrate/Glints2/dict_0000_0217" 7627
"/Engine/EngineMaterials/Substrate/Glints2/dict_0000_0216" 7628
"/Engine/EngineMaterials/Substrate/Glints2/dict_0000_0215" 7629
"/Engine/EngineMaterials/Substrate/Glints2/dict_0000_0214" 7630
"/Engine/EngineMaterials/Substrate/Glints2/dict_0000_0213" 7631
"/Engine/EngineMaterials/Substrate/Glints2/dict_0000_0212" 7632
"/Engine/EngineMaterials/Substrate/Glints2/dict_0000_0211" 7633
"/Engine/EngineMaterials/Substrate/Glints2/dict_0000_0210" 7634
"/Engine/EngineMaterials/Substrate/Glints2/dict_0000_0209" 7635
"/Engine/EngineMaterials/Substrate/Glints2/dict_0000_0208" 7636
"/Engine/EngineMaterials/Substrate/Glints2/dict_0000_0207" 7637
"/Engine/EngineMaterials/Substrate/Glints2/dict_0000_0206" 7638
"/Engine/EngineMaterials/Substrate/Glints2/dict_0000_0205" 7639
"/Engine/EngineMaterials/Substrate/Glints2/dict_0000_0204" 7640
"/Engine/EngineMaterials/Substrate/Glints2/dict_0000_0235" 7641
"../../../Engine/Content/EngineMaterials/Substrate/Glints2/dict_0000_0236.uasset" 7642
"../../../Engine/Content/EngineMaterials/Substrate/Glints2/dict_0000_0237.uasset" 7643
"../../../Engine/Content/EngineMaterials/Substrate/Glints2/dict_0000_0238.uasset" 7644
"/Engine/EngineMaterials/Substrate/Glints2/dict_0000_0234" 7645
"../../../Engine/Content/EngineMaterials/Substrate/Glints2/dict_0000_0239.uasset" 7646
"../../../Engine/Content/EngineMaterials/Substrate/Glints2/dict_0000_0242.uasset" 7647
"../../../Engine/Content/EngineMaterials/Substrate/Glints2/dict_0000_0241.uasset" 7648
"../../../Engine/Content/EngineMaterials/Substrate/Glints2/dict_0000_0240.uasset" 7649
"../../../Engine/Content/EngineMaterials/Substrate/Glints2/dict_0000_0247.uasset" 7650
"../../../Engine/Content/EngineMaterials/Substrate/Glints2/dict_0000_0245.uasset" 7651
"../../../Engine/Content/EngineMaterials/Substrate/Glints2/dict_0000_0246.uasset" 7652
"../../../Engine/Content/EngineMaterials/Substrate/Glints2/dict_0000_0243.uasset" 7653
"../../../Engine/Content/EngineMaterials/Substrate/Glints2/dict_0000_0249.uasset" 7654
"../../../Engine/Content/EngineMaterials/Substrate/Glints2/dict_0000_0244.uasset" 7655
"../../../Engine/Content/EngineMaterials/Substrate/Glints2/dict_0000_0248.uasset" 7656
"../../../Engine/Content/EngineMaterials/Substrate/Glints2/dict_0000_0250.uasset" 7657
"../../../Engine/Content/EngineMaterials/Substrate/Glints2/dict_0000_0251.uasset" 7658
"../../../Engine/Content/EngineMaterials/Substrate/Glints2/dict_0000_0252.uasset" 7659
"/Engine/EngineMaterials/Substrate/Glints2/dict_0000_0233" 7660
"/Engine/EngineMaterials/Substrate/Glints2/dict_0000_0232" 7661
"/Engine/EngineMaterials/Substrate/Glints2/dict_0000_0231" 7662
"/Engine/EngineMaterials/Substrate/Glints2/dict_0000_0230" 7663
"/Engine/EngineMaterials/Substrate/Glints2/dict_0000_0229" 7664
"/Engine/EngineMaterials/Substrate/Glints2/dict_0000_0228" 7665
"/Engine/EngineMaterials/Substrate/Glints2/dict_0000_0227" 7666
"/Engine/EngineMaterials/Substrate/Glints2/dict_0000_0226" 7667
"/Engine/EngineMaterials/Substrate/Glints2/dict_0000_0225" 7668
"/Engine/EngineMaterials/Substrate/Glints2/dict_0000_0224" 7669
"/Engine/EngineMaterials/Substrate/Glints2/dict_0000_0223" 7670
"/Engine/EngineMaterials/Substrate/Glints2/dict_0000_0222" 7671
"/Engine/EngineMaterials/Substrate/Glints2/dict_0000_0221" 7672
"/Engine/EngineMaterials/Substrate/Glints2/dict_0000_0252" 7673
"../../../Engine/Content/EngineMaterials/Substrate/Glints2/dict_0000_0253.uasset" 7674
"/Engine/EngineMaterials/Substrate/Glints2/dict_0000_0251" 7675
"../../../Engine/Content/EngineMaterials/Substrate/Glints2/dict_0000_0254.uasset" 7676
"../../../Engine/Content/EngineMaterials/Substrate/Glints2/dict_0000_0255.uasset" 7677
"../../../Engine/Content/EngineMaterials/Substrate/Glints2/dict_0001_0001.uasset" 7678
"../../../Engine/Content/EngineMaterials/Substrate/Glints2/dict_0001_0002.uasset" 7679
"../../../Engine/Content/EngineMaterials/Substrate/Glints2/dict_0001_0003.uasset" 7680
"../../../Engine/Content/EngineMaterials/Substrate/Glints2/dict_0001_0005.uasset" 7681
"../../../Engine/Content/EngineMaterials/Substrate/Glints2/dict_0001_0009.uasset" 7682
"../../../Engine/Content/EngineMaterials/Substrate/Glints2/dict_0001_0006.uasset" 7683
"../../../Engine/Content/EngineMaterials/Substrate/Glints2/dict_0001_0010.uasset" 7684
"../../../Engine/Content/EngineMaterials/Substrate/Glints2/dict_0001_0000.uasset" 7685
"../../../Engine/Content/EngineMaterials/Substrate/Glints2/dict_0001_0011.uasset" 7686
"../../../Engine/Content/EngineMaterials/Substrate/Glints2/dict_0001_0008.uasset" 7687
"../../../Engine/Content/EngineMaterials/Substrate/Glints2/dict_0001_0007.uasset" 7688
"../../../Engine/Content/EngineMaterials/Substrate/Glints2/dict_0001_0004.uasset" 7689
"/Engine/EngineMaterials/Substrate/Glints2/dict_0000_0250" 7690
"/Engine/EngineMaterials/Substrate/Glints2/dict_0000_0249" 7691
"/Engine/EngineMaterials/Substrate/Glints2/dict_0000_0248" 7692
"/Engine/EngineMaterials/Substrate/Glints2/dict_0000_0247" 7693
"/Engine/EngineMaterials/Substrate/Glints2/dict_0000_0246" 7694
"/Engine/EngineMaterials/Substrate/Glints2/dict_0000_0245" 7695
"/Engine/EngineMaterials/Substrate/Glints2/dict_0000_0244" 7696
"/Engine/EngineMaterials/Substrate/Glints2/dict_0000_0243" 7697
"/Engine/EngineMaterials/Substrate/Glints2/dict_0000_0242" 7698
"/Engine/EngineMaterials/Substrate/Glints2/dict_0000_0241" 7699
"/Engine/EngineMaterials/Substrate/Glints2/dict_0000_0240" 7700
"/Engine/EngineMaterials/Substrate/Glints2/dict_0000_0239" 7701
"/Engine/EngineMaterials/Substrate/Glints2/dict_0000_0238" 7702
"/Engine/EngineMaterials/Substrate/Glints2/dict_0000_0237" 7703
"/Engine/EngineMaterials/Substrate/Glints2/dict_0000_0236" 7704
"/Engine/EngineMaterials/Substrate/Glints2/dict_0001_0011" 7705
"../../../Engine/Content/EngineMaterials/Substrate/Glints2/dict_0001_0012.uasset" 7706
"../../../Engine/Content/EngineMaterials/Substrate/Glints2/dict_0001_0013.uasset" 7707
"../../../Engine/Content/EngineMaterials/Substrate/Glints2/dict_0001_0014.uasset" 7708
"/Engine/EngineMaterials/Substrate/Glints2/dict_0001_0010" 7709
"../../../Engine/Content/EngineMaterials/Substrate/Glints2/dict_0001_0015.uasset" 7710
"../../../Engine/Content/EngineMaterials/Substrate/Glints2/dict_0001_0018.uasset" 7711
"../../../Engine/Content/EngineMaterials/Substrate/Glints2/dict_0001_0017.uasset" 7712
"../../../Engine/Content/EngineMaterials/Substrate/Glints2/dict_0001_0019.uasset" 7713
"../../../Engine/Content/EngineMaterials/Substrate/Glints2/dict_0001_0021.uasset" 7714
"../../../Engine/Content/EngineMaterials/Substrate/Glints2/dict_0001_0020.uasset" 7715
"../../../Engine/Content/EngineMaterials/Substrate/Glints2/dict_0001_0022.uasset" 7716
"../../../Engine/Content/EngineMaterials/Substrate/Glints2/dict_0001_0025.uasset" 7717
"../../../Engine/Content/EngineMaterials/Substrate/Glints2/dict_0001_0023.uasset" 7718
"../../../Engine/Content/EngineMaterials/Substrate/Glints2/dict_0001_0024.uasset" 7719
"../../../Engine/Content/EngineMaterials/Substrate/Glints2/dict_0001_0016.uasset" 7720
"../../../Engine/Content/EngineMaterials/Substrate/Glints2/dict_0001_0026.uasset" 7721
"../../../Engine/Content/EngineMaterials/Substrate/Glints2/dict_0001_0028.uasset" 7722
"../../../Engine/Content/EngineMaterials/Substrate/Glints2/dict_0001_0027.uasset" 7723
"/Engine/EngineMaterials/Substrate/Glints2/dict_0001_0009" 7724
"/Engine/EngineMaterials/Substrate/Glints2/dict_0001_0008" 7725
"/Engine/EngineMaterials/Substrate/Glints2/dict_0001_0007" 7726
"/Engine/EngineMaterials/Substrate/Glints2/dict_0001_0006" 7727
"/Engine/EngineMaterials/Substrate/Glints2/dict_0001_0005" 7728
"/Engine/EngineMaterials/Substrate/Glints2/dict_0001_0004" 7729
"/Engine/EngineMaterials/Substrate/Glints2/dict_0001_0003" 7730
"/Engine/EngineMaterials/Substrate/Glints2/dict_0001_0002" 7731
"/Engine/EngineMaterials/Substrate/Glints2/dict_0001_0001" 7732
"/Engine/EngineMaterials/Substrate/Glints2/dict_0001_0000" 7733
"/Engine/EngineMaterials/Substrate/Glints2/dict_0000_0255" 7734
"/Engine/EngineMaterials/Substrate/Glints2/dict_0000_0254" 7735
"/Engine/EngineMaterials/Substrate/Glints2/dict_0000_0253" 7736
"/Engine/EngineMaterials/Substrate/Glints2/dict_0001_0028" 7737
"/Engine/EngineMaterials/Substrate/Glints2/dict_0001_0027" 7738
"../../../Engine/Content/EngineMaterials/Substrate/Glints2/dict_0001_0030.uasset" 7739
"../../../Engine/Content/EngineMaterials/Substrate/Glints2/dict_0001_0031.uasset" 7740
"../../../Engine/Content/EngineMaterials/Substrate/Glints2/dict_0001_0029.uasset" 7741
"../../../Engine/Content/EngineMaterials/Substrate/Glints2/dict_0001_0032.uasset" 7742
"../../../Engine/Content/EngineMaterials/Substrate/Glints2/dict_0001_0035.uasset" 7743
"../../../Engine/Content/EngineMaterials/Substrate/Glints2/dict_0001_0034.uasset" 7744
"../../../Engine/Content/EngineMaterials/Substrate/Glints2/dict_0001_0036.uasset" 7745
"../../../Engine/Content/EngineMaterials/Substrate/Glints2/dict_0001_0039.uasset" 7746
"../../../Engine/Content/EngineMaterials/Substrate/Glints2/dict_0001_0040.uasset" 7747
"../../../Engine/Content/EngineMaterials/Substrate/Glints2/dict_0001_0033.uasset" 7748
"../../../Engine/Content/EngineMaterials/Substrate/Glints2/dict_0001_0041.uasset" 7749
"../../../Engine/Content/EngineMaterials/Substrate/Glints2/dict_0001_0038.uasset" 7750
"../../../Engine/Content/EngineMaterials/Substrate/Glints2/dict_0001_0043.uasset" 7751
"../../../Engine/Content/EngineMaterials/Substrate/Glints2/dict_0001_0042.uasset" 7752
"../../../Engine/Content/EngineMaterials/Substrate/Glints2/dict_0001_0037.uasset" 7753
"/Engine/EngineMaterials/Substrate/Glints2/dict_0001_0026" 7754
"/Engine/EngineMaterials/Substrate/Glints2/dict_0001_0025" 7755
"/Engine/EngineMaterials/Substrate/Glints2/dict_0001_0024" 7756
"/Engine/EngineMaterials/Substrate/Glints2/dict_0001_0023" 7757
"/Engine/EngineMaterials/Substrate/Glints2/dict_0001_0022" 7758
"/Engine/EngineMaterials/Substrate/Glints2/dict_0001_0021" 7759
"/Engine/EngineMaterials/Substrate/Glints2/dict_0001_0020" 7760
"/Engine/EngineMaterials/Substrate/Glints2/dict_0001_0019" 7761
"/Engine/EngineMaterials/Substrate/Glints2/dict_0001_0018" 7762
"/Engine/EngineMaterials/Substrate/Glints2/dict_0001_0017" 7763
"/Engine/EngineMaterials/Substrate/Glints2/dict_0001_0016" 7764
"/Engine/EngineMaterials/Substrate/Glints2/dict_0001_0015" 7765
"/Engine/EngineMaterials/Substrate/Glints2/dict_0001_0014" 7766
"/Engine/EngineMaterials/Substrate/Glints2/dict_0001_0013" 7767
"/Engine/EngineMaterials/Substrate/Glints2/dict_0001_0012" 7768
"/Engine/EngineMaterials/Substrate/Glints2/dict_0001_0043" 7769
"../../../Engine/Content/EngineMaterials/Substrate/Glints2/dict_0001_0044.uasset" 7770
"../../../Engine/Content/EngineMaterials/Substrate/Glints2/dict_0001_0045.uasset" 7771
"/Engine/EngineMaterials/Substrate/Glints2/dict_0001_0042" 7772
"../../../Engine/Content/EngineMaterials/Substrate/Glints2/dict_0001_0046.uasset" 7773
"../../../Engine/Content/EngineMaterials/Substrate/Glints2/dict_0001_0047.uasset" 7774
"../../../Engine/Content/EngineMaterials/Substrate/Glints2/dict_0001_0048.uasset" 7775
"../../../Engine/Content/EngineMaterials/Substrate/Glints2/dict_0001_0049.uasset" 7776
"../../../Engine/Content/EngineMaterials/Substrate/Glints2/dict_0001_0051.uasset" 7777
"../../../Engine/Content/EngineMaterials/Substrate/Glints2/dict_0001_0050.uasset" 7778
"../../../Engine/Content/EngineMaterials/Substrate/Glints2/dict_0001_0053.uasset" 7779
"../../../Engine/Content/EngineMaterials/Substrate/Glints2/dict_0001_0055.uasset" 7780
"../../../Engine/Content/EngineMaterials/Substrate/Glints2/dict_0001_0057.uasset" 7781
"../../../Engine/Content/EngineMaterials/Substrate/Glints2/dict_0001_0052.uasset" 7782
"../../../Engine/Content/EngineMaterials/Substrate/Glints2/dict_0001_0056.uasset" 7783
"../../../Engine/Content/EngineMaterials/Substrate/Glints2/dict_0001_0054.uasset" 7784
"../../../Engine/Content/EngineMaterials/Substrate/Glints2/dict_0001_0058.uasset" 7785
"../../../Engine/Content/EngineMaterials/Substrate/Glints2/dict_0001_0060.uasset" 7786
"../../../Engine/Content/EngineMaterials/Substrate/Glints2/dict_0001_0059.uasset" 7787
"/Engine/EngineMaterials/Substrate/Glints2/dict_0001_0041" 7788
"/Engine/EngineMaterials/Substrate/Glints2/dict_0001_0040" 7789
"/Engine/EngineMaterials/Substrate/Glints2/dict_0001_0039" 7790
"/Engine/EngineMaterials/Substrate/Glints2/dict_0001_0038" 7791
"/Engine/EngineMaterials/Substrate/Glints2/dict_0001_0037" 7792
"/Engine/EngineMaterials/Substrate/Glints2/dict_0001_0036" 7793
"/Engine/EngineMaterials/Substrate/Glints2/dict_0001_0035" 7794
"/Engine/EngineMaterials/Substrate/Glints2/dict_0001_0034" 7795
"/Engine/EngineMaterials/Substrate/Glints2/dict_0001_0033" 7796
"/Engine/EngineMaterials/Substrate/Glints2/dict_0001_0032" 7797
"/Engine/EngineMaterials/Substrate/Glints2/dict_0001_0031" 7798
"/Engine/EngineMaterials/Substrate/Glints2/dict_0001_0030" 7799
"/Engine/EngineMaterials/Substrate/Glints2/dict_0001_0029" 7800
"/Engine/EngineMaterials/Substrate/Glints2/dict_0001_0060" 7801
"../../../Engine/Content/EngineMaterials/Substrate/Glints2/dict_0001_0061.uasset" 7802
"../../../Engine/Content/EngineMaterials/Substrate/Glints2/dict_0001_0062.uasset" 7803
"../../../Engine/Content/EngineMaterials/Substrate/Glints2/dict_0001_0063.uasset" 7804
"../../../Engine/Content/EngineMaterials/Substrate/Glints2/dict_0001_0064.uasset" 7805
"../../../Engine/Content/EngineMaterials/Substrate/Glints2/dict_0001_0065.uasset" 7806
"../../../Engine/Content/EngineMaterials/Substrate/Glints2/dict_0001_0068.uasset" 7807
"/Engine/EngineMaterials/Substrate/Glints2/dict_0001_0059" 7808
"../../../Engine/Content/EngineMaterials/Substrate/Glints2/dict_0001_0070.uasset" 7809
"../../../Engine/Content/EngineMaterials/Substrate/Glints2/dict_0001_0074.uasset" 7810
"../../../Engine/Content/EngineMaterials/Substrate/Glints2/dict_0001_0071.uasset" 7811
"../../../Engine/Content/EngineMaterials/Substrate/Glints2/dict_0001_0067.uasset" 7812
"../../../Engine/Content/EngineMaterials/Substrate/Glints2/dict_0001_0073.uasset" 7813
"../../../Engine/Content/EngineMaterials/Substrate/Glints2/dict_0001_0066.uasset" 7814
"../../../Engine/Content/EngineMaterials/Substrate/Glints2/dict_0001_0072.uasset" 7815
"../../../Engine/Content/EngineMaterials/Substrate/Glints2/dict_0001_0075.uasset" 7816
"../../../Engine/Content/EngineMaterials/Substrate/Glints2/dict_0001_0069.uasset" 7817
"/Engine/EngineMaterials/Substrate/Glints2/dict_0001_0058" 7818
"/Engine/EngineMaterials/Substrate/Glints2/dict_0001_0057" 7819
"/Engine/EngineMaterials/Substrate/Glints2/dict_0001_0056" 7820
"/Engine/EngineMaterials/Substrate/Glints2/dict_0001_0055" 7821
"/Engine/EngineMaterials/Substrate/Glints2/dict_0001_0054" 7822
"/Engine/EngineMaterials/Substrate/Glints2/dict_0001_0053" 7823
"/Engine/EngineMaterials/Substrate/Glints2/dict_0001_0052" 7824
"/Engine/EngineMaterials/Substrate/Glints2/dict_0001_0051" 7825
"/Engine/EngineMaterials/Substrate/Glints2/dict_0001_0050" 7826
"/Engine/EngineMaterials/Substrate/Glints2/dict_0001_0049" 7827
"/Engine/EngineMaterials/Substrate/Glints2/dict_0001_0048" 7828
"/Engine/EngineMaterials/Substrate/Glints2/dict_0001_0047" 7829
"/Engine/EngineMaterials/Substrate/Glints2/dict_0001_0046" 7830
"/Engine/EngineMaterials/Substrate/Glints2/dict_0001_0045" 7831
"/Engine/EngineMaterials/Substrate/Glints2/dict_0001_0044" 7832
"/Engine/EngineMaterials/Substrate/Glints2/dict_0001_0075" 7833
"../../../Engine/Content/EngineMaterials/Substrate/Glints2/dict_0001_0076.uasset" 7834
"/Engine/EngineMaterials/Substrate/Glints2/dict_0001_0074" 7835
"../../../Engine/Content/EngineMaterials/Substrate/Glints2/dict_0001_0077.uasset" 7836
"../../../Engine/Content/EngineMaterials/Substrate/Glints2/dict_0001_0078.uasset" 7837
"../../../Engine/Content/EngineMaterials/Substrate/Glints2/dict_0001_0079.uasset" 7838
"../../../Engine/Content/EngineMaterials/Substrate/Glints2/dict_0001_0081.uasset" 7839
"../../../Engine/Content/EngineMaterials/Substrate/Glints2/dict_0001_0086.uasset" 7840
"../../../Engine/Content/EngineMaterials/Substrate/Glints2/dict_0001_0084.uasset" 7841
"../../../Engine/Content/EngineMaterials/Substrate/Glints2/dict_0001_0087.uasset" 7842
"../../../Engine/Content/EngineMaterials/Substrate/Glints2/dict_0001_0082.uasset" 7843
"../../../Engine/Content/EngineMaterials/Substrate/Glints2/dict_0001_0083.uasset" 7844
"../../../Engine/Content/EngineMaterials/Substrate/Glints2/dict_0001_0085.uasset" 7845
"../../../Engine/Content/EngineMaterials/Substrate/Glints2/dict_0001_0080.uasset" 7846
"../../../Engine/Content/EngineMaterials/Substrate/Glints2/dict_0001_0090.uasset" 7847
"../../../Engine/Content/EngineMaterials/Substrate/Glints2/dict_0001_0089.uasset" 7848
"../../../Engine/Content/EngineMaterials/Substrate/Glints2/dict_0001_0092.uasset" 7849
"../../../Engine/Content/EngineMaterials/Substrate/Glints2/dict_0001_0091.uasset" 7850
"../../../Engine/Content/EngineMaterials/Substrate/Glints2/dict_0001_0088.uasset" 7851
"/Engine/EngineMaterials/Substrate/Glints2/dict_0001_0073" 7852
"/Engine/EngineMaterials/Substrate/Glints2/dict_0001_0072" 7853
"/Engine/EngineMaterials/Substrate/Glints2/dict_0001_0071" 7854
"/Engine/EngineMaterials/Substrate/Glints2/dict_0001_0070" 7855
"/Engine/EngineMaterials/Substrate/Glints2/dict_0001_0069" 7856
"/Engine/EngineMaterials/Substrate/Glints2/dict_0001_0068" 7857
"/Engine/EngineMaterials/Substrate/Glints2/dict_0001_0067" 7858
"/Engine/EngineMaterials/Substrate/Glints2/dict_0001_0066" 7859
"/Engine/EngineMaterials/Substrate/Glints2/dict_0001_0065" 7860
"/Engine/EngineMaterials/Substrate/Glints2/dict_0001_0064" 7861
"/Engine/EngineMaterials/Substrate/Glints2/dict_0001_0063" 7862
"/Engine/EngineMaterials/Substrate/Glints2/dict_0001_0062" 7863
"/Engine/EngineMaterials/Substrate/Glints2/dict_0001_0061" 7864
"/Engine/EngineMaterials/Substrate/Glints2/dict_0001_0092" 7865
"/Engine/EngineMaterials/Substrate/Glints2/dict_0001_0091" 7866
"../../../Engine/Content/EngineMaterials/Substrate/Glints2/dict_0001_0094.uasset" 7867
"../../../Engine/Content/EngineMaterials/Substrate/Glints2/dict_0001_0093.uasset" 7868
"../../../Engine/Content/EngineMaterials/Substrate/Glints2/dict_0001_0095.uasset" 7869
"../../../Engine/Content/EngineMaterials/Substrate/Glints2/dict_0001_0097.uasset" 7870
"../../../Engine/Content/EngineMaterials/Substrate/Glints2/dict_0001_0096.uasset" 7871
"../../../Engine/Content/EngineMaterials/Substrate/Glints2/dict_0001_0098.uasset" 7872
"../../../Engine/Content/EngineMaterials/Substrate/Glints2/dict_0001_0103.uasset" 7873
"../../../Engine/Content/EngineMaterials/Substrate/Glints2/dict_0001_0104.uasset" 7874
"../../../Engine/Content/EngineMaterials/Substrate/Glints2/dict_0001_0099.uasset" 7875
"../../../Engine/Content/EngineMaterials/Substrate/Glints2/dict_0001_0106.uasset" 7876
"../../../Engine/Content/EngineMaterials/Substrate/Glints2/dict_0001_0101.uasset" 7877
"../../../Engine/Content/EngineMaterials/Substrate/Glints2/dict_0001_0100.uasset" 7878
"../../../Engine/Content/EngineMaterials/Substrate/Glints2/dict_0001_0107.uasset" 7879
"../../../Engine/Content/EngineMaterials/Substrate/Glints2/dict_0001_0102.uasset" 7880
"../../../Engine/Content/EngineMaterials/Substrate/Glints2/dict_0001_0105.uasset" 7881
"/Engine/EngineMaterials/Substrate/Glints2/dict_0001_0090" 7882
"/Engine/EngineMaterials/Substrate/Glints2/dict_0001_0089" 7883
"/Engine/EngineMaterials/Substrate/Glints2/dict_0001_0088" 7884
"/Engine/EngineMaterials/Substrate/Glints2/dict_0001_0087" 7885
"/Engine/EngineMaterials/Substrate/Glints2/dict_0001_0086" 7886
"/Engine/EngineMaterials/Substrate/Glints2/dict_0001_0085" 7887
"/Engine/EngineMaterials/Substrate/Glints2/dict_0001_0084" 7888
"/Engine/EngineMaterials/Substrate/Glints2/dict_0001_0083" 7889
"/Engine/EngineMaterials/Substrate/Glints2/dict_0001_0082" 7890
"/Engine/EngineMaterials/Substrate/Glints2/dict_0001_0081" 7891
"/Engine/EngineMaterials/Substrate/Glints2/dict_0001_0080" 7892
"/Engine/EngineMaterials/Substrate/Glints2/dict_0001_0079" 7893
"/Engine/EngineMaterials/Substrate/Glints2/dict_0001_0078" 7894
"/Engine/EngineMaterials/Substrate/Glints2/dict_0001_0077" 7895
"/Engine/EngineMaterials/Substrate/Glints2/dict_0001_0076" 7896
"/Engine/EngineMaterials/Substrate/Glints2/dict_0001_0107" 7897
"../../../Engine/Content/EngineMaterials/Substrate/Glints2/dict_0001_0108.uasset" 7898
"../../../Engine/Content/EngineMaterials/Substrate/Glints2/dict_0001_0109.uasset" 7899
"../../../Engine/Content/EngineMaterials/Substrate/Glints2/dict_0001_0110.uasset" 7900
"../../../Engine/Content/EngineMaterials/Substrate/Glints2/dict_0001_0112.uasset" 7901
"../../../Engine/Content/EngineMaterials/Substrate/Glints2/dict_0001_0113.uasset" 7902
"/Engine/EngineMaterials/Substrate/Glints2/dict_0001_0106" 7903
"../../../Engine/Content/EngineMaterials/Substrate/Glints2/dict_0001_0118.uasset" 7904
"../../../Engine/Content/EngineMaterials/Substrate/Glints2/dict_0001_0115.uasset" 7905
"../../../Engine/Content/EngineMaterials/Substrate/Glints2/dict_0001_0116.uasset" 7906
"../../../Engine/Content/EngineMaterials/Substrate/Glints2/dict_0001_0120.uasset" 7907
"../../../Engine/Content/EngineMaterials/Substrate/Glints2/dict_0001_0111.uasset" 7908
"../../../Engine/Content/EngineMaterials/Substrate/Glints2/dict_0001_0114.uasset" 7909
"../../../Engine/Content/EngineMaterials/Substrate/Glints2/dict_0001_0119.uasset" 7910
"../../../Engine/Content/EngineMaterials/Substrate/Glints2/dict_0001_0121.uasset" 7911
"../../../Engine/Content/EngineMaterials/Substrate/Glints2/dict_0001_0124.uasset" 7912
"../../../Engine/Content/EngineMaterials/Substrate/Glints2/dict_0001_0122.uasset" 7913
"../../../Engine/Content/EngineMaterials/Substrate/Glints2/dict_0001_0117.uasset" 7914
"../../../Engine/Content/EngineMaterials/Substrate/Glints2/dict_0001_0123.uasset" 7915
"/Engine/EngineMaterials/Substrate/Glints2/dict_0001_0105" 7916
"/Engine/EngineMaterials/Substrate/Glints2/dict_0001_0104" 7917
"/Engine/EngineMaterials/Substrate/Glints2/dict_0001_0103" 7918
"/Engine/EngineMaterials/Substrate/Glints2/dict_0001_0102" 7919
"/Engine/EngineMaterials/Substrate/Glints2/dict_0001_0101" 7920
"/Engine/EngineMaterials/Substrate/Glints2/dict_0001_0100" 7921
"/Engine/EngineMaterials/Substrate/Glints2/dict_0001_0099" 7922
"/Engine/EngineMaterials/Substrate/Glints2/dict_0001_0098" 7923
"/Engine/EngineMaterials/Substrate/Glints2/dict_0001_0097" 7924
"/Engine/EngineMaterials/Substrate/Glints2/dict_0001_0096" 7925
"/Engine/EngineMaterials/Substrate/Glints2/dict_0001_0095" 7926
"/Engine/EngineMaterials/Substrate/Glints2/dict_0001_0094" 7927
"/Engine/EngineMaterials/Substrate/Glints2/dict_0001_0093" 7928
"/Engine/EngineMaterials/Substrate/Glints2/dict_0001_0124" 7929
"../../../Engine/Content/EngineMaterials/Substrate/Glints2/dict_0001_0125.uasset" 7930
"/Engine/EngineMaterials/Substrate/Glints2/dict_0001_0123" 7931
"../../../Engine/Content/EngineMaterials/Substrate/Glints2/dict_0001_0126.uasset" 7932
"../../../Engine/Content/EngineMaterials/Substrate/Glints2/dict_0001_0127.uasset" 7933
"../../../Engine/Content/EngineMaterials/Substrate/Glints2/dict_0001_0128.uasset" 7934
"../../../Engine/Content/EngineMaterials/Substrate/Glints2/dict_0001_0129.uasset" 7935
"../../../Engine/Content/EngineMaterials/Substrate/Glints2/dict_0001_0131.uasset" 7936
"../../../Engine/Content/EngineMaterials/Substrate/Glints2/dict_0001_0130.uasset" 7937
"../../../Engine/Content/EngineMaterials/Substrate/Glints2/dict_0001_0133.uasset" 7938
"../../../Engine/Content/EngineMaterials/Substrate/Glints2/dict_0001_0135.uasset" 7939
"../../../Engine/Content/EngineMaterials/Substrate/Glints2/dict_0001_0137.uasset" 7940
"../../../Engine/Content/EngineMaterials/Substrate/Glints2/dict_0001_0138.uasset" 7941
"../../../Engine/Content/EngineMaterials/Substrate/Glints2/dict_0001_0134.uasset" 7942
"../../../Engine/Content/EngineMaterials/Substrate/Glints2/dict_0001_0139.uasset" 7943
"../../../Engine/Content/EngineMaterials/Substrate/Glints2/dict_0001_0136.uasset" 7944
"../../../Engine/Content/EngineMaterials/Substrate/Glints2/dict_0001_0132.uasset" 7945
"/Engine/EngineMaterials/Substrate/Glints2/dict_0001_0122" 7946
"/Engine/EngineMaterials/Substrate/Glints2/dict_0001_0121" 7947
"/Engine/EngineMaterials/Substrate/Glints2/dict_0001_0120" 7948
"/Engine/EngineMaterials/Substrate/Glints2/dict_0001_0119" 7949
"/Engine/EngineMaterials/Substrate/Glints2/dict_0001_0118" 7950
"/Engine/EngineMaterials/Substrate/Glints2/dict_0001_0117" 7951
"/Engine/EngineMaterials/Substrate/Glints2/dict_0001_0116" 7952
"/Engine/EngineMaterials/Substrate/Glints2/dict_0001_0115" 7953
"/Engine/EngineMaterials/Substrate/Glints2/dict_0001_0114" 7954
"/Engine/EngineMaterials/Substrate/Glints2/dict_0001_0113" 7955
"/Engine/EngineMaterials/Substrate/Glints2/dict_0001_0112" 7956
"/Engine/EngineMaterials/Substrate/Glints2/dict_0001_0111" 7957
"/Engine/EngineMaterials/Substrate/Glints2/dict_0001_0110" 7958
"/Engine/EngineMaterials/Substrate/Glints2/dict_0001_0109" 7959
"/Engine/EngineMaterials/Substrate/Glints2/dict_0001_0108" 7960
"/Engine/EngineMaterials/Substrate/Glints2/dict_0001_0139" 7961
"../../../Engine/Content/EngineMaterials/Substrate/Glints2/dict_0001_0140.uasset" 7962
"../../../Engine/Content/EngineMaterials/Substrate/Glints2/dict_0001_0141.uasset" 7963
"../../../Engine/Content/EngineMaterials/Substrate/Glints2/dict_0001_0142.uasset" 7964
"../../../Engine/Content/EngineMaterials/Substrate/Glints2/dict_0001_0143.uasset" 7965
"../../../Engine/Content/EngineMaterials/Substrate/Glints2/dict_0001_0145.uasset" 7966
"../../../Engine/Content/EngineMaterials/Substrate/Glints2/dict_0001_0144.uasset" 7967
"../../../Engine/Content/EngineMaterials/Substrate/Glints2/dict_0001_0146.uasset" 7968
"../../../Engine/Content/EngineMaterials/Substrate/Glints2/dict_0001_0149.uasset" 7969
"../../../Engine/Content/EngineMaterials/Substrate/Glints2/dict_0001_0151.uasset" 7970
"../../../Engine/Content/EngineMaterials/Substrate/Glints2/dict_0001_0148.uasset" 7971
"../../../Engine/Content/EngineMaterials/Substrate/Glints2/dict_0001_0152.uasset" 7972
"../../../Engine/Content/EngineMaterials/Substrate/Glints2/dict_0001_0150.uasset" 7973
"../../../Engine/Content/EngineMaterials/Substrate/Glints2/dict_0001_0153.uasset" 7974
"/Engine/EngineMaterials/Substrate/Glints2/dict_0001_0138" 7975
"../../../Engine/Content/EngineMaterials/Substrate/Glints2/dict_0001_0147.uasset" 7976
"../../../Engine/Content/EngineMaterials/Substrate/Glints2/dict_0001_0155.uasset" 7977
"../../../Engine/Content/EngineMaterials/Substrate/Glints2/dict_0001_0154.uasset" 7978
"../../../Engine/Content/EngineMaterials/Substrate/Glints2/dict_0001_0156.uasset" 7979
"/Engine/EngineMaterials/Substrate/Glints2/dict_0001_0137" 7980
"/Engine/EngineMaterials/Substrate/Glints2/dict_0001_0136" 7981
"/Engine/EngineMaterials/Substrate/Glints2/dict_0001_0135" 7982
"/Engine/EngineMaterials/Substrate/Glints2/dict_0001_0134" 7983
"/Engine/EngineMaterials/Substrate/Glints2/dict_0001_0133" 7984
"/Engine/EngineMaterials/Substrate/Glints2/dict_0001_0132" 7985
"/Engine/EngineMaterials/Substrate/Glints2/dict_0001_0131" 7986
"/Engine/EngineMaterials/Substrate/Glints2/dict_0001_0130" 7987
"/Engine/EngineMaterials/Substrate/Glints2/dict_0001_0129" 7988
"/Engine/EngineMaterials/Substrate/Glints2/dict_0001_0128" 7989
"/Engine/EngineMaterials/Substrate/Glints2/dict_0001_0127" 7990
"/Engine/EngineMaterials/Substrate/Glints2/dict_0001_0126" 7991
"/Engine/EngineMaterials/Substrate/Glints2/dict_0001_0125" 7992
"/Engine/EngineMaterials/Substrate/Glints2/dict_0001_0156" 7993
"../../../Engine/Content/EngineMaterials/Substrate/Glints2/dict_0001_0157.uasset" 7994
"../../../Engine/Content/EngineMaterials/Substrate/Glints2/dict_0001_0159.uasset" 7995
"/Engine/EngineMaterials/Substrate/Glints2/dict_0001_0155" 7996
"../../../Engine/Content/EngineMaterials/Substrate/Glints2/dict_0001_0158.uasset" 7997
"../../../Engine/Content/EngineMaterials/Substrate/Glints2/dict_0001_0160.uasset" 7998
"../../../Engine/Content/EngineMaterials/Substrate/Glints2/dict_0001_0161.uasset" 7999
"../../../Engine/Content/EngineMaterials/Substrate/Glints2/dict_0001_0162.uasset" 8000
"../../../Engine/Content/EngineMaterials/Substrate/Glints2/dict_0001_0164.uasset" 8001
"../../../Engine/Content/EngineMaterials/Substrate/Glints2/dict_0001_0163.uasset" 8002
"../../../Engine/Content/EngineMaterials/Substrate/Glints2/dict_0001_0168.uasset" 8003
"../../../Engine/Content/EngineMaterials/Substrate/Glints2/dict_0001_0167.uasset" 8004
"../../../Engine/Content/EngineMaterials/Substrate/Glints2/dict_0001_0170.uasset" 8005
"../../../Engine/Content/EngineMaterials/Substrate/Glints2/dict_0001_0165.uasset" 8006
"../../../Engine/Content/EngineMaterials/Substrate/Glints2/dict_0001_0169.uasset" 8007
"../../../Engine/Content/EngineMaterials/Substrate/Glints2/dict_0001_0171.uasset" 8008
"../../../Engine/Content/EngineMaterials/Substrate/Glints2/dict_0001_0166.uasset" 8009
"/Engine/EngineMaterials/Substrate/Glints2/dict_0001_0154" 8010
"/Engine/EngineMaterials/Substrate/Glints2/dict_0001_0153" 8011
"/Engine/EngineMaterials/Substrate/Glints2/dict_0001_0152" 8012
"/Engine/EngineMaterials/Substrate/Glints2/dict_0001_0151" 8013
"/Engine/EngineMaterials/Substrate/Glints2/dict_0001_0150" 8014
"/Engine/EngineMaterials/Substrate/Glints2/dict_0001_0149" 8015
"/Engine/EngineMaterials/Substrate/Glints2/dict_0001_0148" 8016
"/Engine/EngineMaterials/Substrate/Glints2/dict_0001_0147" 8017
"/Engine/EngineMaterials/Substrate/Glints2/dict_0001_0146" 8018
"/Engine/EngineMaterials/Substrate/Glints2/dict_0001_0145" 8019
"/Engine/EngineMaterials/Substrate/Glints2/dict_0001_0144" 8020
"/Engine/EngineMaterials/Substrate/Glints2/dict_0001_0143" 8021
"/Engine/EngineMaterials/Substrate/Glints2/dict_0001_0142" 8022
"/Engine/EngineMaterials/Substrate/Glints2/dict_0001_0141" 8023
"/Engine/EngineMaterials/Substrate/Glints2/dict_0001_0140" 8024
"/Engine/EngineMaterials/Substrate/Glints2/dict_0001_0171" 8025
"../../../Engine/Content/EngineMaterials/Substrate/Glints2/dict_0001_0173.uasset" 8026
"/Engine/EngineMaterials/Substrate/Glints2/dict_0001_0170" 8027
"../../../Engine/Content/EngineMaterials/Substrate/Glints2/dict_0001_0172.uasset" 8028
"../../../Engine/Content/EngineMaterials/Substrate/Glints2/dict_0001_0175.uasset" 8029
"../../../Engine/Content/EngineMaterials/Substrate/Glints2/dict_0001_0174.uasset" 8030
"../../../Engine/Content/EngineMaterials/Substrate/Glints2/dict_0001_0176.uasset" 8031
"../../../Engine/Content/EngineMaterials/Substrate/Glints2/dict_0001_0177.uasset" 8032
"../../../Engine/Content/EngineMaterials/Substrate/Glints2/dict_0001_0185.uasset" 8033
"../../../Engine/Content/EngineMaterials/Substrate/Glints2/dict_0001_0179.uasset" 8034
"../../../Engine/Content/EngineMaterials/Substrate/Glints2/dict_0001_0180.uasset" 8035
"../../../Engine/Content/EngineMaterials/Substrate/Glints2/dict_0001_0183.uasset" 8036
"../../../Engine/Content/EngineMaterials/Substrate/Glints2/dict_0001_0187.uasset" 8037
"../../../Engine/Content/EngineMaterials/Substrate/Glints2/dict_0001_0186.uasset" 8038
"../../../Engine/Content/EngineMaterials/Substrate/Glints2/dict_0001_0182.uasset" 8039
"../../../Engine/Content/EngineMaterials/Substrate/Glints2/dict_0001_0178.uasset" 8040
"../../../Engine/Content/EngineMaterials/Substrate/Glints2/dict_0001_0184.uasset" 8041
"../../../Engine/Content/EngineMaterials/Substrate/Glints2/dict_0001_0181.uasset" 8042
"../../../Engine/Content/EngineMaterials/Substrate/Glints2/dict_0001_0188.uasset" 8043
"/Engine/EngineMaterials/Substrate/Glints2/dict_0001_0169" 8044
"/Engine/EngineMaterials/Substrate/Glints2/dict_0001_0168" 8045
"/Engine/EngineMaterials/Substrate/Glints2/dict_0001_0167" 8046
"/Engine/EngineMaterials/Substrate/Glints2/dict_0001_0166" 8047
"/Engine/EngineMaterials/Substrate/Glints2/dict_0001_0165" 8048
"/Engine/EngineMaterials/Substrate/Glints2/dict_0001_0164" 8049
"/Engine/EngineMaterials/Substrate/Glints2/dict_0001_0163" 8050
"/Engine/EngineMaterials/Substrate/Glints2/dict_0001_0162" 8051
"/Engine/EngineMaterials/Substrate/Glints2/dict_0001_0161" 8052
"/Engine/EngineMaterials/Substrate/Glints2/dict_0001_0160" 8053
"/Engine/EngineMaterials/Substrate/Glints2/dict_0001_0159" 8054
"/Engine/EngineMaterials/Substrate/Glints2/dict_0001_0158" 8055
"/Engine/EngineMaterials/Substrate/Glints2/dict_0001_0157" 8056
"/Engine/EngineMaterials/Substrate/Glints2/dict_0001_0188" 8057
"/Engine/EngineMaterials/Substrate/Glints2/dict_0001_0187" 8058
"../../../Engine/Content/EngineMaterials/Substrate/Glints2/dict_0001_0189.uasset" 8059
"../../../Engine/Content/EngineMaterials/Substrate/Glints2/dict_0001_0190.uasset" 8060
"../../../Engine/Content/EngineMaterials/Substrate/Glints2/dict_0001_0191.uasset" 8061
"../../../Engine/Content/EngineMaterials/Substrate/Glints2/dict_0001_0192.uasset" 8062
"../../../Engine/Content/EngineMaterials/Substrate/Glints2/dict_0001_0193.uasset" 8063
"../../../Engine/Content/EngineMaterials/Substrate/Glints2/dict_0001_0195.uasset" 8064
"../../../Engine/Content/EngineMaterials/Substrate/Glints2/dict_0001_0194.uasset" 8065
"../../../Engine/Content/EngineMaterials/Substrate/Glints2/dict_0001_0200.uasset" 8066
"../../../Engine/Content/EngineMaterials/Substrate/Glints2/dict_0001_0197.uasset" 8067
"../../../Engine/Content/EngineMaterials/Substrate/Glints2/dict_0001_0201.uasset" 8068
"../../../Engine/Content/EngineMaterials/Substrate/Glints2/dict_0001_0202.uasset" 8069
"../../../Engine/Content/EngineMaterials/Substrate/Glints2/dict_0001_0198.uasset" 8070
"../../../Engine/Content/EngineMaterials/Substrate/Glints2/dict_0001_0199.uasset" 8071
"../../../Engine/Content/EngineMaterials/Substrate/Glints2/dict_0001_0196.uasset" 8072
"../../../Engine/Content/EngineMaterials/Substrate/Glints2/dict_0001_0203.uasset" 8073
"/Engine/EngineMaterials/Substrate/Glints2/dict_0001_0186" 8074
"/Engine/EngineMaterials/Substrate/Glints2/dict_0001_0185" 8075
"/Engine/EngineMaterials/Substrate/Glints2/dict_0001_0184" 8076
"/Engine/EngineMaterials/Substrate/Glints2/dict_0001_0183" 8077
"/Engine/EngineMaterials/Substrate/Glints2/dict_0001_0182" 8078
"/Engine/EngineMaterials/Substrate/Glints2/dict_0001_0181" 8079
"/Engine/EngineMaterials/Substrate/Glints2/dict_0001_0180" 8080
"/Engine/EngineMaterials/Substrate/Glints2/dict_0001_0179" 8081
"/Engine/EngineMaterials/Substrate/Glints2/dict_0001_0178" 8082
"/Engine/EngineMaterials/Substrate/Glints2/dict_0001_0177" 8083
"/Engine/EngineMaterials/Substrate/Glints2/dict_0001_0176" 8084
"/Engine/EngineMaterials/Substrate/Glints2/dict_0001_0175" 8085
"/Engine/EngineMaterials/Substrate/Glints2/dict_0001_0174" 8086
"/Engine/EngineMaterials/Substrate/Glints2/dict_0001_0173" 8087
"/Engine/EngineMaterials/Substrate/Glints2/dict_0001_0172" 8088
"/Engine/EngineMaterials/Substrate/Glints2/dict_0001_0203" 8089
"../../../Engine/Content/EngineMaterials/Substrate/Glints2/dict_0001_0204.uasset" 8090
"../../../Engine/Content/EngineMaterials/Substrate/Glints2/dict_0001_0206.uasset" 8091
"../../../Engine/Content/EngineMaterials/Substrate/Glints2/dict_0001_0205.uasset" 8092
"../../../Engine/Content/EngineMaterials/Substrate/Glints2/dict_0001_0207.uasset" 8093
"/Engine/EngineMaterials/Substrate/Glints2/dict_0001_0202" 8094
"../../../Engine/Content/EngineMaterials/Substrate/Glints2/dict_0001_0208.uasset" 8095
"../../../Engine/Content/EngineMaterials/Substrate/Glints2/dict_0001_0209.uasset" 8096
"../../../Engine/Content/EngineMaterials/Substrate/Glints2/dict_0001_0210.uasset" 8097
"../../../Engine/Content/EngineMaterials/Substrate/Glints2/dict_0001_0213.uasset" 8098
"../../../Engine/Content/EngineMaterials/Substrate/Glints2/dict_0001_0211.uasset" 8099
"../../../Engine/Content/EngineMaterials/Substrate/Glints2/dict_0001_0212.uasset" 8100
"../../../Engine/Content/EngineMaterials/Substrate/Glints2/dict_0001_0215.uasset" 8101
"../../../Engine/Content/EngineMaterials/Substrate/Glints2/dict_0001_0217.uasset" 8102
"../../../Engine/Content/EngineMaterials/Substrate/Glints2/dict_0001_0214.uasset" 8103
"../../../Engine/Content/EngineMaterials/Substrate/Glints2/dict_0001_0216.uasset" 8104
"../../../Engine/Content/EngineMaterials/Substrate/Glints2/dict_0001_0218.uasset" 8105
"../../../Engine/Content/EngineMaterials/Substrate/Glints2/dict_0001_0220.uasset" 8106
"../../../Engine/Content/EngineMaterials/Substrate/Glints2/dict_0001_0219.uasset" 8107
"/Engine/EngineMaterials/Substrate/Glints2/dict_0001_0201" 8108
"/Engine/EngineMaterials/Substrate/Glints2/dict_0001_0200" 8109
"/Engine/EngineMaterials/Substrate/Glints2/dict_0001_0199" 8110
"/Engine/EngineMaterials/Substrate/Glints2/dict_0001_0198" 8111
"/Engine/EngineMaterials/Substrate/Glints2/dict_0001_0197" 8112
"/Engine/EngineMaterials/Substrate/Glints2/dict_0001_0196" 8113
"/Engine/EngineMaterials/Substrate/Glints2/dict_0001_0195" 8114
"/Engine/EngineMaterials/Substrate/Glints2/dict_0001_0194" 8115
"/Engine/EngineMaterials/Substrate/Glints2/dict_0001_0193" 8116
"/Engine/EngineMaterials/Substrate/Glints2/dict_0001_0192" 8117
"/Engine/EngineMaterials/Substrate/Glints2/dict_0001_0191" 8118
"/Engine/EngineMaterials/Substrate/Glints2/dict_0001_0190" 8119
"/Engine/EngineMaterials/Substrate/Glints2/dict_0001_0189" 8120
"/Engine/EngineMaterials/Substrate/Glints2/dict_0001_0220" 8121
"../../../Engine/Content/EngineMaterials/Substrate/Glints2/dict_0001_0221.uasset" 8122
"/Engine/EngineMaterials/Substrate/Glints2/dict_0001_0219" 8123
"../../../Engine/Content/EngineMaterials/Substrate/Glints2/dict_0001_0222.uasset" 8124
"../../../Engine/Content/EngineMaterials/Substrate/Glints2/dict_0001_0223.uasset" 8125
"../../../Engine/Content/EngineMaterials/Substrate/Glints2/dict_0001_0224.uasset" 8126
"../../../Engine/Content/EngineMaterials/Substrate/Glints2/dict_0001_0225.uasset" 8127
"../../../Engine/Content/EngineMaterials/Substrate/Glints2/dict_0001_0226.uasset" 8128
"../../../Engine/Content/EngineMaterials/Substrate/Glints2/dict_0001_0228.uasset" 8129
"../../../Engine/Content/EngineMaterials/Substrate/Glints2/dict_0001_0229.uasset" 8130
"../../../Engine/Content/EngineMaterials/Substrate/Glints2/dict_0001_0232.uasset" 8131
"../../../Engine/Content/EngineMaterials/Substrate/Glints2/dict_0001_0231.uasset" 8132
"../../../Engine/Content/EngineMaterials/Substrate/Glints2/dict_0001_0234.uasset" 8133
"../../../Engine/Content/EngineMaterials/Substrate/Glints2/dict_0001_0230.uasset" 8134
"../../../Engine/Content/EngineMaterials/Substrate/Glints2/dict_0001_0235.uasset" 8135
"../../../Engine/Content/EngineMaterials/Substrate/Glints2/dict_0001_0227.uasset" 8136
"../../../Engine/Content/EngineMaterials/Substrate/Glints2/dict_0001_0233.uasset" 8137
"/Engine/EngineMaterials/Substrate/Glints2/dict_0001_0218" 8138
"/Engine/EngineMaterials/Substrate/Glints2/dict_0001_0217" 8139
"/Engine/EngineMaterials/Substrate/Glints2/dict_0001_0216" 8140
"/Engine/EngineMaterials/Substrate/Glints2/dict_0001_0215" 8141
"/Engine/EngineMaterials/Substrate/Glints2/dict_0001_0214" 8142
"/Engine/EngineMaterials/Substrate/Glints2/dict_0001_0213" 8143
"/Engine/EngineMaterials/Substrate/Glints2/dict_0001_0212" 8144
"/Engine/EngineMaterials/Substrate/Glints2/dict_0001_0211" 8145
"/Engine/EngineMaterials/Substrate/Glints2/dict_0001_0210" 8146
"/Engine/EngineMaterials/Substrate/Glints2/dict_0001_0209" 8147
"/Engine/EngineMaterials/Substrate/Glints2/dict_0001_0208" 8148
"/Engine/EngineMaterials/Substrate/Glints2/dict_0001_0207" 8149
"/Engine/EngineMaterials/Substrate/Glints2/dict_0001_0206" 8150
"/Engine/EngineMaterials/Substrate/Glints2/dict_0001_0205" 8151
"/Engine/EngineMaterials/Substrate/Glints2/dict_0001_0204" 8152
"/Engine/EngineMaterials/Substrate/Glints2/dict_0001_0235" 8153
"../../../Engine/Content/EngineMaterials/Substrate/Glints2/dict_0001_0236.uasset" 8154
"../../../Engine/Content/EngineMaterials/Substrate/Glints2/dict_0001_0237.uasset" 8155
"/Engine/EngineMaterials/Substrate/Glints2/dict_0001_0234" 8156
"../../../Engine/Content/EngineMaterials/Substrate/Glints2/dict_0001_0240.uasset" 8157
"../../../Engine/Content/EngineMaterials/Substrate/Glints2/dict_0001_0238.uasset" 8158
"../../../Engine/Content/EngineMaterials/Substrate/Glints2/dict_0001_0239.uasset" 8159
"../../../Engine/Content/EngineMaterials/Substrate/Glints2/dict_0001_0243.uasset" 8160
"../../../Engine/Content/EngineMaterials/Substrate/Glints2/dict_0001_0241.uasset" 8161
"../../../Engine/Content/EngineMaterials/Substrate/Glints2/dict_0001_0242.uasset" 8162
"../../../Engine/Content/EngineMaterials/Substrate/Glints2/dict_0001_0244.uasset" 8163
"../../../Engine/Content/EngineMaterials/Substrate/Glints2/dict_0001_0248.uasset" 8164
"../../../Engine/Content/EngineMaterials/Substrate/Glints2/dict_0001_0246.uasset" 8165
"../../../Engine/Content/EngineMaterials/Substrate/Glints2/dict_0001_0249.uasset" 8166
"../../../Engine/Content/EngineMaterials/Substrate/Glints2/dict_0001_0245.uasset" 8167
"../../../Engine/Content/EngineMaterials/Substrate/Glints2/dict_0001_0247.uasset" 8168
"../../../Engine/Content/EngineMaterials/Substrate/Glints2/dict_0001_0250.uasset" 8169
"../../../Engine/Content/EngineMaterials/Substrate/Glints2/dict_0001_0251.uasset" 8170
"../../../Engine/Content/EngineMaterials/Substrate/Glints2/dict_0001_0252.uasset" 8171
"/Engine/EngineMaterials/Substrate/Glints2/dict_0001_0233" 8172
"/Engine/EngineMaterials/Substrate/Glints2/dict_0001_0232" 8173
"/Engine/EngineMaterials/Substrate/Glints2/dict_0001_0231" 8174
"/Engine/EngineMaterials/Substrate/Glints2/dict_0001_0230" 8175
"/Engine/EngineMaterials/Substrate/Glints2/dict_0001_0229" 8176
"/Engine/EngineMaterials/Substrate/Glints2/dict_0001_0228" 8177
"/Engine/EngineMaterials/Substrate/Glints2/dict_0001_0227" 8178
"/Engine/EngineMaterials/Substrate/Glints2/dict_0001_0226" 8179
"/Engine/EngineMaterials/Substrate/Glints2/dict_0001_0225" 8180
"/Engine/EngineMaterials/Substrate/Glints2/dict_0001_0224" 8181
"/Engine/EngineMaterials/Substrate/Glints2/dict_0001_0223" 8182
"/Engine/EngineMaterials/Substrate/Glints2/dict_0001_0222" 8183
"/Engine/EngineMaterials/Substrate/Glints2/dict_0001_0221" 8184
"/Engine/EngineMaterials/Substrate/Glints2/dict_0001_0252" 8185
"/Engine/EngineMaterials/Substrate/Glints2/dict_0001_0251" 8186
"../../../Engine/Content/EngineMaterials/Substrate/Glints2/dict_0001_0254.uasset" 8187
"../../../Engine/Content/EngineMaterials/Substrate/Glints2/dict_0001_0253.uasset" 8188
"../../../Engine/Content/EngineMaterials/Substrate/Glints2/dict_0001_0255.uasset" 8189
"../../../Engine/Content/EngineMaterials/Substrate/Glints2/dict_0002_0000.uasset" 8190
"../../../Engine/Content/EngineMaterials/Substrate/Glints2/dict_0002_0001.uasset" 8191
"../../../Engine/Content/EngineMaterials/Substrate/Glints2/dict_0002_0003.uasset" 8192
"../../../Engine/Content/EngineMaterials/Substrate/Glints2/dict_0002_0002.uasset" 8193
"../../../Engine/Content/EngineMaterials/Substrate/Glints2/dict_0002_0005.uasset" 8194
"../../../Engine/Content/EngineMaterials/Substrate/Glints2/dict_0002_0010.uasset" 8195
"../../../Engine/Content/EngineMaterials/Substrate/Glints2/dict_0002_0007.uasset" 8196
"../../../Engine/Content/EngineMaterials/Substrate/Glints2/dict_0002_0008.uasset" 8197
"../../../Engine/Content/EngineMaterials/Substrate/Glints2/dict_0002_0004.uasset" 8198
"../../../Engine/Content/EngineMaterials/Substrate/Glints2/dict_0002_0011.uasset" 8199
"../../../Engine/Content/EngineMaterials/Substrate/Glints2/dict_0002_0006.uasset" 8200
"../../../Engine/Content/EngineMaterials/Substrate/Glints2/dict_0002_0009.uasset" 8201
"/Engine/EngineMaterials/Substrate/Glints2/dict_0001_0250" 8202
"/Engine/EngineMaterials/Substrate/Glints2/dict_0001_0249" 8203
"/Engine/EngineMaterials/Substrate/Glints2/dict_0001_0248" 8204
"/Engine/EngineMaterials/Substrate/Glints2/dict_0001_0247" 8205
"/Engine/EngineMaterials/Substrate/Glints2/dict_0001_0246" 8206
"/Engine/EngineMaterials/Substrate/Glints2/dict_0001_0245" 8207
"/Engine/EngineMaterials/Substrate/Glints2/dict_0001_0244" 8208
"/Engine/EngineMaterials/Substrate/Glints2/dict_0001_0243" 8209
"/Engine/EngineMaterials/Substrate/Glints2/dict_0001_0242" 8210
"/Engine/EngineMaterials/Substrate/Glints2/dict_0001_0241" 8211
"/Engine/EngineMaterials/Substrate/Glints2/dict_0001_0240" 8212
"/Engine/EngineMaterials/Substrate/Glints2/dict_0001_0239" 8213
"/Engine/EngineMaterials/Substrate/Glints2/dict_0001_0238" 8214
"/Engine/EngineMaterials/Substrate/Glints2/dict_0001_0237" 8215
"/Engine/EngineMaterials/Substrate/Glints2/dict_0001_0236" 8216
"/Engine/EngineMaterials/Substrate/Glints2/dict_0002_0011" 8217
"../../../Engine/Content/EngineMaterials/Substrate/Glints2/dict_0002_0012.uasset" 8218
"../../../Engine/Content/EngineMaterials/Substrate/Glints2/dict_0002_0013.uasset" 8219
"../../../Engine/Content/EngineMaterials/Substrate/Glints2/dict_0002_0014.uasset" 8220
"/Engine/EngineMaterials/Substrate/Glints2/dict_0002_0010" 8221
"../../../Engine/Content/EngineMaterials/Substrate/Glints2/dict_0002_0015.uasset" 8222
"../../../Engine/Content/EngineMaterials/Substrate/Glints2/dict_0002_0016.uasset" 8223
"../../../Engine/Content/EngineMaterials/Substrate/Glints2/dict_0002_0017.uasset" 8224
"../../../Engine/Content/EngineMaterials/Substrate/Glints2/dict_0002_0018.uasset" 8225
"../../../Engine/Content/EngineMaterials/Substrate/Glints2/dict_0002_0019.uasset" 8226
"../../../Engine/Content/EngineMaterials/Substrate/Glints2/dict_0002_0022.uasset" 8227
"../../../Engine/Content/EngineMaterials/Substrate/Glints2/dict_0002_0023.uasset" 8228
"../../../Engine/Content/EngineMaterials/Substrate/Glints2/dict_0002_0024.uasset" 8229
"../../../Engine/Content/EngineMaterials/Substrate/Glints2/dict_0002_0021.uasset" 8230
"../../../Engine/Content/EngineMaterials/Substrate/Glints2/dict_0002_0025.uasset" 8231
"../../../Engine/Content/EngineMaterials/Substrate/Glints2/dict_0002_0020.uasset" 8232
"../../../Engine/Content/EngineMaterials/Substrate/Glints2/dict_0002_0026.uasset" 8233
"../../../Engine/Content/EngineMaterials/Substrate/Glints2/dict_0002_0027.uasset" 8234
"../../../Engine/Content/EngineMaterials/Substrate/Glints2/dict_0002_0028.uasset" 8235
"/Engine/EngineMaterials/Substrate/Glints2/dict_0002_0009" 8236
"/Engine/EngineMaterials/Substrate/Glints2/dict_0002_0008" 8237
"/Engine/EngineMaterials/Substrate/Glints2/dict_0002_0007" 8238
"/Engine/EngineMaterials/Substrate/Glints2/dict_0002_0006" 8239
"/Engine/EngineMaterials/Substrate/Glints2/dict_0002_0005" 8240
"/Engine/EngineMaterials/Substrate/Glints2/dict_0002_0004" 8241
"/Engine/EngineMaterials/Substrate/Glints2/dict_0002_0003" 8242
"/Engine/EngineMaterials/Substrate/Glints2/dict_0002_0002" 8243
"/Engine/EngineMaterials/Substrate/Glints2/dict_0002_0001" 8244
"/Engine/EngineMaterials/Substrate/Glints2/dict_0002_0000" 8245
"/Engine/EngineMaterials/Substrate/Glints2/dict_0001_0255" 8246
"/Engine/EngineMaterials/Substrate/Glints2/dict_0001_0254" 8247
"/Engine/EngineMaterials/Substrate/Glints2/dict_0001_0253" 8248
"/Engine/EngineMaterials/Substrate/Glints2/dict_0002_0028" 8249
"../../../Engine/Content/EngineMaterials/Substrate/Glints2/dict_0002_0029.uasset" 8250
"../../../Engine/Content/EngineMaterials/Substrate/Glints2/dict_0002_0030.uasset" 8251
"/Engine/EngineMaterials/Substrate/Glints2/dict_0002_0027" 8252
"../../../Engine/Content/EngineMaterials/Substrate/Glints2/dict_0002_0031.uasset" 8253
"../../../Engine/Content/EngineMaterials/Substrate/Glints2/dict_0002_0032.uasset" 8254
"../../../Engine/Content/EngineMaterials/Substrate/Glints2/dict_0002_0033.uasset" 8255
"../../../Engine/Content/EngineMaterials/Substrate/Glints2/dict_0002_0035.uasset" 8256
"../../../Engine/Content/EngineMaterials/Substrate/Glints2/dict_0002_0036.uasset" 8257
"../../../Engine/Content/EngineMaterials/Substrate/Glints2/dict_0002_0037.uasset" 8258
"../../../Engine/Content/EngineMaterials/Substrate/Glints2/dict_0002_0040.uasset" 8259
"../../../Engine/Content/EngineMaterials/Substrate/Glints2/dict_0002_0038.uasset" 8260
"../../../Engine/Content/EngineMaterials/Substrate/Glints2/dict_0002_0041.uasset" 8261
"../../../Engine/Content/EngineMaterials/Substrate/Glints2/dict_0002_0039.uasset" 8262
"../../../Engine/Content/EngineMaterials/Substrate/Glints2/dict_0002_0043.uasset" 8263
"../../../Engine/Content/EngineMaterials/Substrate/Glints2/dict_0002_0042.uasset" 8264
"../../../Engine/Content/EngineMaterials/Substrate/Glints2/dict_0002_0034.uasset" 8265
"/Engine/EngineMaterials/Substrate/Glints2/dict_0002_0026" 8266
"/Engine/EngineMaterials/Substrate/Glints2/dict_0002_0025" 8267
"/Engine/EngineMaterials/Substrate/Glints2/dict_0002_0024" 8268
"/Engine/EngineMaterials/Substrate/Glints2/dict_0002_0023" 8269
"/Engine/EngineMaterials/Substrate/Glints2/dict_0002_0022" 8270
"/Engine/EngineMaterials/Substrate/Glints2/dict_0002_0021" 8271
"/Engine/EngineMaterials/Substrate/Glints2/dict_0002_0020" 8272
"/Engine/EngineMaterials/Substrate/Glints2/dict_0002_0019" 8273
"/Engine/EngineMaterials/Substrate/Glints2/dict_0002_0018" 8274
"/Engine/EngineMaterials/Substrate/Glints2/dict_0002_0017" 8275
"/Engine/EngineMaterials/Substrate/Glints2/dict_0002_0016" 8276
"/Engine/EngineMaterials/Substrate/Glints2/dict_0002_0015" 8277
"/Engine/EngineMaterials/Substrate/Glints2/dict_0002_0014" 8278
"/Engine/EngineMaterials/Substrate/Glints2/dict_0002_0013" 8279
"/Engine/EngineMaterials/Substrate/Glints2/dict_0002_0012" 8280
"/Engine/EngineMaterials/Substrate/Glints2/dict_0002_0043" 8281
"../../../Engine/Content/EngineMaterials/Substrate/Glints2/dict_0002_0044.uasset" 8282
"../../../Engine/Content/EngineMaterials/Substrate/Glints2/dict_0002_0045.uasset" 8283
"/Engine/EngineMaterials/Substrate/Glints2/dict_0002_0042" 8284
"../../../Engine/Content/EngineMaterials/Substrate/Glints2/dict_0002_0046.uasset" 8285
"../../../Engine/Content/EngineMaterials/Substrate/Glints2/dict_0002_0047.uasset" 8286
"../../../Engine/Content/EngineMaterials/Substrate/Glints2/dict_0002_0049.uasset" 8287
"../../../Engine/Content/EngineMaterials/Substrate/Glints2/dict_0002_0048.uasset" 8288
"../../../Engine/Content/EngineMaterials/Substrate/Glints2/dict_0002_0052.uasset" 8289
"../../../Engine/Content/EngineMaterials/Substrate/Glints2/dict_0002_0053.uasset" 8290
"../../../Engine/Content/EngineMaterials/Substrate/Glints2/dict_0002_0054.uasset" 8291
"../../../Engine/Content/EngineMaterials/Substrate/Glints2/dict_0002_0050.uasset" 8292
"../../../Engine/Content/EngineMaterials/Substrate/Glints2/dict_0002_0055.uasset" 8293
"../../../Engine/Content/EngineMaterials/Substrate/Glints2/dict_0002_0056.uasset" 8294
"../../../Engine/Content/EngineMaterials/Substrate/Glints2/dict_0002_0051.uasset" 8295
"../../../Engine/Content/EngineMaterials/Substrate/Glints2/dict_0002_0057.uasset" 8296
"../../../Engine/Content/EngineMaterials/Substrate/Glints2/dict_0002_0058.uasset" 8297
"../../../Engine/Content/EngineMaterials/Substrate/Glints2/dict_0002_0059.uasset" 8298
"../../../Engine/Content/EngineMaterials/Substrate/Glints2/dict_0002_0060.uasset" 8299
"/Engine/EngineMaterials/Substrate/Glints2/dict_0002_0041" 8300
"/Engine/EngineMaterials/Substrate/Glints2/dict_0002_0040" 8301
"/Engine/EngineMaterials/Substrate/Glints2/dict_0002_0039" 8302
"/Engine/EngineMaterials/Substrate/Glints2/dict_0002_0038" 8303
"/Engine/EngineMaterials/Substrate/Glints2/dict_0002_0037" 8304
"/Engine/EngineMaterials/Substrate/Glints2/dict_0002_0036" 8305
"/Engine/EngineMaterials/Substrate/Glints2/dict_0002_0035" 8306
"/Engine/EngineMaterials/Substrate/Glints2/dict_0002_0034" 8307
"/Engine/EngineMaterials/Substrate/Glints2/dict_0002_0033" 8308
"/Engine/EngineMaterials/Substrate/Glints2/dict_0002_0032" 8309
"/Engine/EngineMaterials/Substrate/Glints2/dict_0002_0031" 8310
"/Engine/EngineMaterials/Substrate/Glints2/dict_0002_0030" 8311
"/Engine/EngineMaterials/Substrate/Glints2/dict_0002_0029" 8312
"/Engine/EngineMaterials/Substrate/Glints2/dict_0002_0060" 8313
"../../../Engine/Content/EngineMaterials/Substrate/Glints2/dict_0002_0061.uasset" 8314
"../../../Engine/Content/EngineMaterials/Substrate/Glints2/dict_0002_0062.uasset" 8315
"../../../Engine/Content/EngineMaterials/Substrate/Glints2/dict_0002_0063.uasset" 8316
"/Engine/EngineMaterials/Substrate/Glints2/dict_0002_0059" 8317
"../../../Engine/Content/EngineMaterials/Substrate/Glints2/dict_0002_0064.uasset" 8318
"../../../Engine/Content/EngineMaterials/Substrate/Glints2/dict_0002_0065.uasset" 8319
"../../../Engine/Content/EngineMaterials/Substrate/Glints2/dict_0002_0066.uasset" 8320
"../../../Engine/Content/EngineMaterials/Substrate/Glints2/dict_0002_0068.uasset" 8321
"../../../Engine/Content/EngineMaterials/Substrate/Glints2/dict_0002_0071.uasset" 8322
"../../../Engine/Content/EngineMaterials/Substrate/Glints2/dict_0002_0070.uasset" 8323
"../../../Engine/Content/EngineMaterials/Substrate/Glints2/dict_0002_0074.uasset" 8324
"../../../Engine/Content/EngineMaterials/Substrate/Glints2/dict_0002_0069.uasset" 8325
"../../../Engine/Content/EngineMaterials/Substrate/Glints2/dict_0002_0075.uasset" 8326
"../../../Engine/Content/EngineMaterials/Substrate/Glints2/dict_0002_0073.uasset" 8327
"../../../Engine/Content/EngineMaterials/Substrate/Glints2/dict_0002_0067.uasset" 8328
"../../../Engine/Content/EngineMaterials/Substrate/Glints2/dict_0002_0072.uasset" 8329
"/Engine/EngineMaterials/Substrate/Glints2/dict_0002_0058" 8330
"/Engine/EngineMaterials/Substrate/Glints2/dict_0002_0057" 8331
"/Engine/EngineMaterials/Substrate/Glints2/dict_0002_0056" 8332
"/Engine/EngineMaterials/Substrate/Glints2/dict_0002_0055" 8333
"/Engine/EngineMaterials/Substrate/Glints2/dict_0002_0054" 8334
"/Engine/EngineMaterials/Substrate/Glints2/dict_0002_0053" 8335
"/Engine/EngineMaterials/Substrate/Glints2/dict_0002_0052" 8336
"/Engine/EngineMaterials/Substrate/Glints2/dict_0002_0051" 8337
"/Engine/EngineMaterials/Substrate/Glints2/dict_0002_0050" 8338
"/Engine/EngineMaterials/Substrate/Glints2/dict_0002_0049" 8339
"/Engine/EngineMaterials/Substrate/Glints2/dict_0002_0048" 8340
"/Engine/EngineMaterials/Substrate/Glints2/dict_0002_0047" 8341
"/Engine/EngineMaterials/Substrate/Glints2/dict_0002_0046" 8342
"/Engine/EngineMaterials/Substrate/Glints2/dict_0002_0045" 8343
"/Engine/EngineMaterials/Substrate/Glints2/dict_0002_0044" 8344
"/Engine/EngineMaterials/Substrate/Glints2/dict_0002_0075" 8345
"../../../Engine/Content/EngineMaterials/Substrate/Glints2/dict_0002_0077.uasset" 8346
"/Engine/EngineMaterials/Substrate/Glints2/dict_0002_0074" 8347
"../../../Engine/Content/EngineMaterials/Substrate/Glints2/dict_0002_0076.uasset" 8348
"../../../Engine/Content/EngineMaterials/Substrate/Glints2/dict_0002_0078.uasset" 8349
"../../../Engine/Content/EngineMaterials/Substrate/Glints2/dict_0002_0079.uasset" 8350
"../../../Engine/Content/EngineMaterials/Substrate/Glints2/dict_0002_0080.uasset" 8351
"../../../Engine/Content/EngineMaterials/Substrate/Glints2/dict_0002_0081.uasset" 8352
"../../../Engine/Content/EngineMaterials/Substrate/Glints2/dict_0002_0084.uasset" 8353
"../../../Engine/Content/EngineMaterials/Substrate/Glints2/dict_0002_0083.uasset" 8354
"../../../Engine/Content/EngineMaterials/Substrate/Glints2/dict_0002_0082.uasset" 8355
"../../../Engine/Content/EngineMaterials/Substrate/Glints2/dict_0002_0088.uasset" 8356
"../../../Engine/Content/EngineMaterials/Substrate/Glints2/dict_0002_0087.uasset" 8357
"../../../Engine/Content/EngineMaterials/Substrate/Glints2/dict_0002_0086.uasset" 8358
"../../../Engine/Content/EngineMaterials/Substrate/Glints2/dict_0002_0089.uasset" 8359
"../../../Engine/Content/EngineMaterials/Substrate/Glints2/dict_0002_0091.uasset" 8360
"../../../Engine/Content/EngineMaterials/Substrate/Glints2/dict_0002_0085.uasset" 8361
"../../../Engine/Content/EngineMaterials/Substrate/Glints2/dict_0002_0092.uasset" 8362
"../../../Engine/Content/EngineMaterials/Substrate/Glints2/dict_0002_0090.uasset" 8363
"/Engine/EngineMaterials/Substrate/Glints2/dict_0002_0073" 8364
"/Engine/EngineMaterials/Substrate/Glints2/dict_0002_0072" 8365
"/Engine/EngineMaterials/Substrate/Glints2/dict_0002_0071" 8366
"/Engine/EngineMaterials/Substrate/Glints2/dict_0002_0070" 8367
"/Engine/EngineMaterials/Substrate/Glints2/dict_0002_0069" 8368
"/Engine/EngineMaterials/Substrate/Glints2/dict_0002_0068" 8369
"/Engine/EngineMaterials/Substrate/Glints2/dict_0002_0067" 8370
"/Engine/EngineMaterials/Substrate/Glints2/dict_0002_0066" 8371
"/Engine/EngineMaterials/Substrate/Glints2/dict_0002_0065" 8372
"/Engine/EngineMaterials/Substrate/Glints2/dict_0002_0064" 8373
"/Engine/EngineMaterials/Substrate/Glints2/dict_0002_0063" 8374
"/Engine/EngineMaterials/Substrate/Glints2/dict_0002_0062" 8375
"/Engine/EngineMaterials/Substrate/Glints2/dict_0002_0061" 8376
"/Engine/EngineMaterials/Substrate/Glints2/dict_0002_0092" 8377
"../../../Engine/Content/EngineMaterials/Substrate/Glints2/dict_0002_0093.uasset" 8378
"../../../Engine/Content/EngineMaterials/Substrate/Glints2/dict_0002_0094.uasset" 8379
"/Engine/EngineMaterials/Substrate/Glints2/dict_0002_0091" 8380
"../../../Engine/Content/EngineMaterials/Substrate/Glints2/dict_0002_0095.uasset" 8381
"../../../Engine/Content/EngineMaterials/Substrate/Glints2/dict_0002_0096.uasset" 8382
"../../../Engine/Content/EngineMaterials/Substrate/Glints2/dict_0002_0098.uasset" 8383
"../../../Engine/Content/EngineMaterials/Substrate/Glints2/dict_0002_0100.uasset" 8384
"../../../Engine/Content/EngineMaterials/Substrate/Glints2/dict_0002_0101.uasset" 8385
"../../../Engine/Content/EngineMaterials/Substrate/Glints2/dict_0002_0102.uasset" 8386
"../../../Engine/Content/EngineMaterials/Substrate/Glints2/dict_0002_0097.uasset" 8387
"../../../Engine/Content/EngineMaterials/Substrate/Glints2/dict_0002_0103.uasset" 8388
"../../../Engine/Content/EngineMaterials/Substrate/Glints2/dict_0002_0105.uasset" 8389
"../../../Engine/Content/EngineMaterials/Substrate/Glints2/dict_0002_0107.uasset" 8390
"../../../Engine/Content/EngineMaterials/Substrate/Glints2/dict_0002_0106.uasset" 8391
"../../../Engine/Content/EngineMaterials/Substrate/Glints2/dict_0002_0104.uasset" 8392
"../../../Engine/Content/EngineMaterials/Substrate/Glints2/dict_0002_0099.uasset" 8393
"/Engine/EngineMaterials/Substrate/Glints2/dict_0002_0090" 8394
"/Engine/EngineMaterials/Substrate/Glints2/dict_0002_0089" 8395
"/Engine/EngineMaterials/Substrate/Glints2/dict_0002_0088" 8396
"/Engine/EngineMaterials/Substrate/Glints2/dict_0002_0087" 8397
"/Engine/EngineMaterials/Substrate/Glints2/dict_0002_0086" 8398
"/Engine/EngineMaterials/Substrate/Glints2/dict_0002_0085" 8399
"/Engine/EngineMaterials/Substrate/Glints2/dict_0002_0084" 8400
"/Engine/EngineMaterials/Substrate/Glints2/dict_0002_0083" 8401
"/Engine/EngineMaterials/Substrate/Glints2/dict_0002_0082" 8402
"/Engine/EngineMaterials/Substrate/Glints2/dict_0002_0081" 8403
"/Engine/EngineMaterials/Substrate/Glints2/dict_0002_0080" 8404
"/Engine/EngineMaterials/Substrate/Glints2/dict_0002_0079" 8405
"/Engine/EngineMaterials/Substrate/Glints2/dict_0002_0078" 8406
"/Engine/EngineMaterials/Substrate/Glints2/dict_0002_0077" 8407
"/Engine/EngineMaterials/Substrate/Glints2/dict_0002_0076" 8408
"/Engine/EngineMaterials/Substrate/Glints2/dict_0002_0107" 8409
"../../../Engine/Content/EngineMaterials/Substrate/Glints2/dict_0002_0110.uasset" 8410
"../../../Engine/Content/EngineMaterials/Substrate/Glints2/dict_0002_0108.uasset" 8411
"/Engine/EngineMaterials/Substrate/Glints2/dict_0002_0106" 8412
"../../../Engine/Content/EngineMaterials/Substrate/Glints2/dict_0002_0109.uasset" 8413
"../../../Engine/Content/EngineMaterials/Substrate/Glints2/dict_0002_0112.uasset" 8414
"../../../Engine/Content/EngineMaterials/Substrate/Glints2/dict_0002_0111.uasset" 8415
"../../../Engine/Content/EngineMaterials/Substrate/Glints2/dict_0002_0113.uasset" 8416
"../../../Engine/Content/EngineMaterials/Substrate/Glints2/dict_0002_0115.uasset" 8417
"../../../Engine/Content/EngineMaterials/Substrate/Glints2/dict_0002_0117.uasset" 8418
"../../../Engine/Content/EngineMaterials/Substrate/Glints2/dict_0002_0118.uasset" 8419
"../../../Engine/Content/EngineMaterials/Substrate/Glints2/dict_0002_0120.uasset" 8420
"../../../Engine/Content/EngineMaterials/Substrate/Glints2/dict_0002_0114.uasset" 8421
"../../../Engine/Content/EngineMaterials/Substrate/Glints2/dict_0002_0122.uasset" 8422
"../../../Engine/Content/EngineMaterials/Substrate/Glints2/dict_0002_0116.uasset" 8423
"../../../Engine/Content/EngineMaterials/Substrate/Glints2/dict_0002_0124.uasset" 8424
"../../../Engine/Content/EngineMaterials/Substrate/Glints2/dict_0002_0121.uasset" 8425
"../../../Engine/Content/EngineMaterials/Substrate/Glints2/dict_0002_0119.uasset" 8426
"../../../Engine/Content/EngineMaterials/Substrate/Glints2/dict_0002_0123.uasset" 8427
"/Engine/EngineMaterials/Substrate/Glints2/dict_0002_0105" 8428
"/Engine/EngineMaterials/Substrate/Glints2/dict_0002_0104" 8429
"/Engine/EngineMaterials/Substrate/Glints2/dict_0002_0103" 8430
"/Engine/EngineMaterials/Substrate/Glints2/dict_0002_0102" 8431
"/Engine/EngineMaterials/Substrate/Glints2/dict_0002_0101" 8432
"/Engine/EngineMaterials/Substrate/Glints2/dict_0002_0100" 8433
"/Engine/EngineMaterials/Substrate/Glints2/dict_0002_0099" 8434
"/Engine/EngineMaterials/Substrate/Glints2/dict_0002_0098" 8435
"/Engine/EngineMaterials/Substrate/Glints2/dict_0002_0097" 8436
"/Engine/EngineMaterials/Substrate/Glints2/dict_0002_0096" 8437
"/Engine/EngineMaterials/Substrate/Glints2/dict_0002_0095" 8438
"/Engine/EngineMaterials/Substrate/Glints2/dict_0002_0094" 8439
"/Engine/EngineMaterials/Substrate/Glints2/dict_0002_0093" 8440
"/Engine/EngineMaterials/Substrate/Glints2/dict_0002_0124" 8441
"../../../Engine/Content/EngineMaterials/Substrate/Glints2/dict_0002_0125.uasset" 8442
"../../../Engine/Content/EngineMaterials/Substrate/Glints2/dict_0002_0128.uasset" 8443
"/Engine/EngineMaterials/Substrate/Glints2/dict_0002_0123" 8444
"../../../Engine/Content/EngineMaterials/Substrate/Glints2/dict_0002_0126.uasset" 8445
"../../../Engine/Content/EngineMaterials/Substrate/Glints2/dict_0002_0127.uasset" 8446
"../../../Engine/Content/EngineMaterials/Substrate/Glints2/dict_0002_0129.uasset" 8447
"../../../Engine/Content/EngineMaterials/Substrate/Glints2/dict_0002_0130.uasset" 8448
"../../../Engine/Content/EngineMaterials/Substrate/Glints2/dict_0002_0132.uasset" 8449
"../../../Engine/Content/EngineMaterials/Substrate/Glints2/dict_0002_0135.uasset" 8450
"../../../Engine/Content/EngineMaterials/Substrate/Glints2/dict_0002_0136.uasset" 8451
"../../../Engine/Content/EngineMaterials/Substrate/Glints2/dict_0002_0131.uasset" 8452
"../../../Engine/Content/EngineMaterials/Substrate/Glints2/dict_0002_0134.uasset" 8453
"../../../Engine/Content/EngineMaterials/Substrate/Glints2/dict_0002_0139.uasset" 8454
"../../../Engine/Content/EngineMaterials/Substrate/Glints2/dict_0002_0137.uasset" 8455
"../../../Engine/Content/EngineMaterials/Substrate/Glints2/dict_0002_0133.uasset" 8456
"../../../Engine/Content/EngineMaterials/Substrate/Glints2/dict_0002_0138.uasset" 8457
"/Engine/EngineMaterials/Substrate/Glints2/dict_0002_0122" 8458
"/Engine/EngineMaterials/Substrate/Glints2/dict_0002_0121" 8459
"/Engine/EngineMaterials/Substrate/Glints2/dict_0002_0120" 8460
"/Engine/EngineMaterials/Substrate/Glints2/dict_0002_0119" 8461
"/Engine/EngineMaterials/Substrate/Glints2/dict_0002_0118" 8462
"/Engine/EngineMaterials/Substrate/Glints2/dict_0002_0117" 8463
"/Engine/EngineMaterials/Substrate/Glints2/dict_0002_0116" 8464
"/Engine/EngineMaterials/Substrate/Glints2/dict_0002_0115" 8465
"/Engine/EngineMaterials/Substrate/Glints2/dict_0002_0114" 8466
"/Engine/EngineMaterials/Substrate/Glints2/dict_0002_0113" 8467
"/Engine/EngineMaterials/Substrate/Glints2/dict_0002_0112" 8468
"/Engine/EngineMaterials/Substrate/Glints2/dict_0002_0111" 8469
"/Engine/EngineMaterials/Substrate/Glints2/dict_0002_0110" 8470
"/Engine/EngineMaterials/Substrate/Glints2/dict_0002_0109" 8471
"/Engine/EngineMaterials/Substrate/Glints2/dict_0002_0108" 8472
"/Engine/EngineMaterials/Substrate/Glints2/dict_0002_0139" 8473
"../../../Engine/Content/EngineMaterials/Substrate/Glints2/dict_0002_0140.uasset" 8474
"../../../Engine/Content/EngineMaterials/Substrate/Glints2/dict_0002_0141.uasset" 8475
"/Engine/EngineMaterials/Substrate/Glints2/dict_0002_0138" 8476
"../../../Engine/Content/EngineMaterials/Substrate/Glints2/dict_0002_0143.uasset" 8477
"../../../Engine/Content/EngineMaterials/Substrate/Glints2/dict_0002_0144.uasset" 8478
"../../../Engine/Content/EngineMaterials/Substrate/Glints2/dict_0002_0142.uasset" 8479
"../../../Engine/Content/EngineMaterials/Substrate/Glints2/dict_0002_0145.uasset" 8480
"../../../Engine/Content/EngineMaterials/Substrate/Glints2/dict_0002_0146.uasset" 8481
"../../../Engine/Content/EngineMaterials/Substrate/Glints2/dict_0002_0149.uasset" 8482
"../../../Engine/Content/EngineMaterials/Substrate/Glints2/dict_0002_0147.uasset" 8483
"../../../Engine/Content/EngineMaterials/Substrate/Glints2/dict_0002_0148.uasset" 8484
"../../../Engine/Content/EngineMaterials/Substrate/Glints2/dict_0002_0150.uasset" 8485
"../../../Engine/Content/EngineMaterials/Substrate/Glints2/dict_0002_0152.uasset" 8486
"../../../Engine/Content/EngineMaterials/Substrate/Glints2/dict_0002_0153.uasset" 8487
"../../../Engine/Content/EngineMaterials/Substrate/Glints2/dict_0002_0151.uasset" 8488
"../../../Engine/Content/EngineMaterials/Substrate/Glints2/dict_0002_0154.uasset" 8489
"../../../Engine/Content/EngineMaterials/Substrate/Glints2/dict_0002_0156.uasset" 8490
"../../../Engine/Content/EngineMaterials/Substrate/Glints2/dict_0002_0155.uasset" 8491
"/Engine/EngineMaterials/Substrate/Glints2/dict_0002_0137" 8492
"/Engine/EngineMaterials/Substrate/Glints2/dict_0002_0136" 8493
"/Engine/EngineMaterials/Substrate/Glints2/dict_0002_0135" 8494
"/Engine/EngineMaterials/Substrate/Glints2/dict_0002_0134" 8495
"/Engine/EngineMaterials/Substrate/Glints2/dict_0002_0133" 8496
"/Engine/EngineMaterials/Substrate/Glints2/dict_0002_0132" 8497
"/Engine/EngineMaterials/Substrate/Glints2/dict_0002_0131" 8498
"/Engine/EngineMaterials/Substrate/Glints2/dict_0002_0130" 8499
"/Engine/EngineMaterials/Substrate/Glints2/dict_0002_0129" 8500
"/Engine/EngineMaterials/Substrate/Glints2/dict_0002_0128" 8501
"/Engine/EngineMaterials/Substrate/Glints2/dict_0002_0127" 8502
"/Engine/EngineMaterials/Substrate/Glints2/dict_0002_0126" 8503
"/Engine/EngineMaterials/Substrate/Glints2/dict_0002_0125" 8504
"/Engine/EngineMaterials/Substrate/Glints2/dict_0002_0156" 8505
"../../../Engine/Content/EngineMaterials/Substrate/Glints2/dict_0002_0157.uasset" 8506
"../../../Engine/Content/EngineMaterials/Substrate/Glints2/dict_0002_0158.uasset" 8507
"../../../Engine/Content/EngineMaterials/Substrate/Glints2/dict_0002_0159.uasset" 8508
"/Engine/EngineMaterials/Substrate/Glints2/dict_0002_0155" 8509
"../../../Engine/Content/EngineMaterials/Substrate/Glints2/dict_0002_0160.uasset" 8510
"../../../Engine/Content/EngineMaterials/Substrate/Glints2/dict_0002_0162.uasset" 8511
"../../../Engine/Content/EngineMaterials/Substrate/Glints2/dict_0002_0161.uasset" 8512
"../../../Engine/Content/EngineMaterials/Substrate/Glints2/dict_0002_0170.uasset" 8513
"../../../Engine/Content/EngineMaterials/Substrate/Glints2/dict_0002_0166.uasset" 8514
"../../../Engine/Content/EngineMaterials/Substrate/Glints2/dict_0002_0167.uasset" 8515
"../../../Engine/Content/EngineMaterials/Substrate/Glints2/dict_0002_0168.uasset" 8516
"../../../Engine/Content/EngineMaterials/Substrate/Glints2/dict_0002_0169.uasset" 8517
"../../../Engine/Content/EngineMaterials/Substrate/Glints2/dict_0002_0171.uasset" 8518
"../../../Engine/Content/EngineMaterials/Substrate/Glints2/dict_0002_0163.uasset" 8519
"../../../Engine/Content/EngineMaterials/Substrate/Glints2/dict_0002_0165.uasset" 8520
"../../../Engine/Content/EngineMaterials/Substrate/Glints2/dict_0002_0164.uasset" 8521
"/Engine/EngineMaterials/Substrate/Glints2/dict_0002_0154" 8522
"/Engine/EngineMaterials/Substrate/Glints2/dict_0002_0153" 8523
"/Engine/EngineMaterials/Substrate/Glints2/dict_0002_0152" 8524
"/Engine/EngineMaterials/Substrate/Glints2/dict_0002_0151" 8525
"/Engine/EngineMaterials/Substrate/Glints2/dict_0002_0150" 8526
"/Engine/EngineMaterials/Substrate/Glints2/dict_0002_0149" 8527
"/Engine/EngineMaterials/Substrate/Glints2/dict_0002_0148" 8528
"/Engine/EngineMaterials/Substrate/Glints2/dict_0002_0147" 8529
"/Engine/EngineMaterials/Substrate/Glints2/dict_0002_0146" 8530
"/Engine/EngineMaterials/Substrate/Glints2/dict_0002_0145" 8531
"/Engine/EngineMaterials/Substrate/Glints2/dict_0002_0144" 8532
"/Engine/EngineMaterials/Substrate/Glints2/dict_0002_0143" 8533
"/Engine/EngineMaterials/Substrate/Glints2/dict_0002_0142" 8534
"/Engine/EngineMaterials/Substrate/Glints2/dict_0002_0141" 8535
"/Engine/EngineMaterials/Substrate/Glints2/dict_0002_0140" 8536
"/Engine/EngineMaterials/Substrate/Glints2/dict_0002_0171" 8537
"../../../Engine/Content/EngineMaterials/Substrate/Glints2/dict_0002_0172.uasset" 8538
"../../../Engine/Content/EngineMaterials/Substrate/Glints2/dict_0002_0173.uasset" 8539
"../../../Engine/Content/EngineMaterials/Substrate/Glints2/dict_0002_0174.uasset" 8540
"../../../Engine/Content/EngineMaterials/Substrate/Glints2/dict_0002_0175.uasset" 8541
"../../../Engine/Content/EngineMaterials/Substrate/Glints2/dict_0002_0176.uasset" 8542
"/Engine/EngineMaterials/Substrate/Glints2/dict_0002_0170" 8543
"../../../Engine/Content/EngineMaterials/Substrate/Glints2/dict_0002_0178.uasset" 8544
"../../../Engine/Content/EngineMaterials/Substrate/Glints2/dict_0002_0177.uasset" 8545
"../../../Engine/Content/EngineMaterials/Substrate/Glints2/dict_0002_0179.uasset" 8546
"../../../Engine/Content/EngineMaterials/Substrate/Glints2/dict_0002_0182.uasset" 8547
"../../../Engine/Content/EngineMaterials/Substrate/Glints2/dict_0002_0181.uasset" 8548
"../../../Engine/Content/EngineMaterials/Substrate/Glints2/dict_0002_0180.uasset" 8549
"../../../Engine/Content/EngineMaterials/Substrate/Glints2/dict_0002_0183.uasset" 8550
"../../../Engine/Content/EngineMaterials/Substrate/Glints2/dict_0002_0185.uasset" 8551
"../../../Engine/Content/EngineMaterials/Substrate/Glints2/dict_0002_0184.uasset" 8552
"../../../Engine/Content/EngineMaterials/Substrate/Glints2/dict_0002_0186.uasset" 8553
"../../../Engine/Content/EngineMaterials/Substrate/Glints2/dict_0002_0188.uasset" 8554
"../../../Engine/Content/EngineMaterials/Substrate/Glints2/dict_0002_0187.uasset" 8555
"/Engine/EngineMaterials/Substrate/Glints2/dict_0002_0169" 8556
"/Engine/EngineMaterials/Substrate/Glints2/dict_0002_0168" 8557
"/Engine/EngineMaterials/Substrate/Glints2/dict_0002_0167" 8558
"/Engine/EngineMaterials/Substrate/Glints2/dict_0002_0166" 8559
"/Engine/EngineMaterials/Substrate/Glints2/dict_0002_0165" 8560
"/Engine/EngineMaterials/Substrate/Glints2/dict_0002_0164" 8561
"/Engine/EngineMaterials/Substrate/Glints2/dict_0002_0163" 8562
"/Engine/EngineMaterials/Substrate/Glints2/dict_0002_0162" 8563
"/Engine/EngineMaterials/Substrate/Glints2/dict_0002_0161" 8564
"/Engine/EngineMaterials/Substrate/Glints2/dict_0002_0160" 8565
"/Engine/EngineMaterials/Substrate/Glints2/dict_0002_0159" 8566
"/Engine/EngineMaterials/Substrate/Glints2/dict_0002_0158" 8567
"/Engine/EngineMaterials/Substrate/Glints2/dict_0002_0157" 8568
"/Engine/EngineMaterials/Substrate/Glints2/dict_0002_0188" 8569
"../../../Engine/Content/EngineMaterials/Substrate/Glints2/dict_0002_0189.uasset" 8570
"../../../Engine/Content/EngineMaterials/Substrate/Glints2/dict_0002_0190.uasset" 8571
"../../../Engine/Content/EngineMaterials/Substrate/Glints2/dict_0002_0191.uasset" 8572
"../../../Engine/Content/EngineMaterials/Substrate/Glints2/dict_0002_0192.uasset" 8573
"../../../Engine/Content/EngineMaterials/Substrate/Glints2/dict_0002_0194.uasset" 8574
"../../../Engine/Content/EngineMaterials/Substrate/Glints2/dict_0002_0193.uasset" 8575
"../../../Engine/Content/EngineMaterials/Substrate/Glints2/dict_0002_0195.uasset" 8576
"../../../Engine/Content/EngineMaterials/Substrate/Glints2/dict_0002_0196.uasset" 8577
"../../../Engine/Content/EngineMaterials/Substrate/Glints2/dict_0002_0198.uasset" 8578
"/Engine/EngineMaterials/Substrate/Glints2/dict_0002_0187" 8579
"../../../Engine/Content/EngineMaterials/Substrate/Glints2/dict_0002_0201.uasset" 8580
"../../../Engine/Content/EngineMaterials/Substrate/Glints2/dict_0002_0200.uasset" 8581
"../../../Engine/Content/EngineMaterials/Substrate/Glints2/dict_0002_0197.uasset" 8582
"../../../Engine/Content/EngineMaterials/Substrate/Glints2/dict_0002_0203.uasset" 8583
"../../../Engine/Content/EngineMaterials/Substrate/Glints2/dict_0002_0202.uasset" 8584
"../../../Engine/Content/EngineMaterials/Substrate/Glints2/dict_0002_0199.uasset" 8585
"/Engine/EngineMaterials/Substrate/Glints2/dict_0002_0186" 8586
"/Engine/EngineMaterials/Substrate/Glints2/dict_0002_0185" 8587
"/Engine/EngineMaterials/Substrate/Glints2/dict_0002_0184" 8588
"/Engine/EngineMaterials/Substrate/Glints2/dict_0002_0183" 8589
"/Engine/EngineMaterials/Substrate/Glints2/dict_0002_0182" 8590
"/Engine/EngineMaterials/Substrate/Glints2/dict_0002_0181" 8591
"/Engine/EngineMaterials/Substrate/Glints2/dict_0002_0180" 8592
"/Engine/EngineMaterials/Substrate/Glints2/dict_0002_0179" 8593
"/Engine/EngineMaterials/Substrate/Glints2/dict_0002_0178" 8594
"/Engine/EngineMaterials/Substrate/Glints2/dict_0002_0177" 8595
"/Engine/EngineMaterials/Substrate/Glints2/dict_0002_0176" 8596
"/Engine/EngineMaterials/Substrate/Glints2/dict_0002_0175" 8597
"/Engine/EngineMaterials/Substrate/Glints2/dict_0002_0174" 8598
"/Engine/EngineMaterials/Substrate/Glints2/dict_0002_0173" 8599
"/Engine/EngineMaterials/Substrate/Glints2/dict_0002_0172" 8600
"/Engine/EngineMaterials/Substrate/Glints2/dict_0002_0203" 8601
"../../../Engine/Content/EngineMaterials/Substrate/Glints2/dict_0002_0204.uasset" 8602
"/Engine/EngineMaterials/Substrate/Glints2/dict_0002_0202" 8603
"../../../Engine/Content/EngineMaterials/Substrate/Glints2/dict_0002_0205.uasset" 8604
"../../../Engine/Content/EngineMaterials/Substrate/Glints2/dict_0002_0208.uasset" 8605
"../../../Engine/Content/EngineMaterials/Substrate/Glints2/dict_0002_0207.uasset" 8606
"../../../Engine/Content/EngineMaterials/Substrate/Glints2/dict_0002_0206.uasset" 8607
"../../../Engine/Content/EngineMaterials/Substrate/Glints2/dict_0002_0209.uasset" 8608
"../../../Engine/Content/EngineMaterials/Substrate/Glints2/dict_0002_0211.uasset" 8609
"../../../Engine/Content/EngineMaterials/Substrate/Glints2/dict_0002_0212.uasset" 8610
"../../../Engine/Content/EngineMaterials/Substrate/Glints2/dict_0002_0214.uasset" 8611
"../../../Engine/Content/EngineMaterials/Substrate/Glints2/dict_0002_0210.uasset" 8612
"../../../Engine/Content/EngineMaterials/Substrate/Glints2/dict_0002_0217.uasset" 8613
"../../../Engine/Content/EngineMaterials/Substrate/Glints2/dict_0002_0215.uasset" 8614
"../../../Engine/Content/EngineMaterials/Substrate/Glints2/dict_0002_0213.uasset" 8615
"../../../Engine/Content/EngineMaterials/Substrate/Glints2/dict_0002_0216.uasset" 8616
"../../../Engine/Content/EngineMaterials/Substrate/Glints2/dict_0002_0218.uasset" 8617
"/Engine/EngineMaterials/Substrate/Glints2/dict_0002_0201" 8618
"../../../Engine/Content/EngineMaterials/Substrate/Glints2/dict_0002_0219.uasset" 8619
"../../../Engine/Content/EngineMaterials/Substrate/Glints2/dict_0002_0220.uasset" 8620
"/Engine/EngineMaterials/Substrate/Glints2/dict_0002_0200" 8621
"/Engine/EngineMaterials/Substrate/Glints2/dict_0002_0199" 8622
"/Engine/EngineMaterials/Substrate/Glints2/dict_0002_0198" 8623
"/Engine/EngineMaterials/Substrate/Glints2/dict_0002_0197" 8624
"/Engine/EngineMaterials/Substrate/Glints2/dict_0002_0196" 8625
"/Engine/EngineMaterials/Substrate/Glints2/dict_0002_0195" 8626
"/Engine/EngineMaterials/Substrate/Glints2/dict_0002_0194" 8627
"/Engine/EngineMaterials/Substrate/Glints2/dict_0002_0193" 8628
"/Engine/EngineMaterials/Substrate/Glints2/dict_0002_0192" 8629
"/Engine/EngineMaterials/Substrate/Glints2/dict_0002_0191" 8630
"/Engine/EngineMaterials/Substrate/Glints2/dict_0002_0190" 8631
"/Engine/EngineMaterials/Substrate/Glints2/dict_0002_0189" 8632
"/Engine/EngineMaterials/Substrate/Glints2/dict_0002_0220" 8633
"../../../Engine/Content/EngineMaterials/Substrate/Glints2/dict_0002_0221.uasset" 8634
"/Engine/EngineMaterials/Substrate/Glints2/dict_0002_0219" 8635
"../../../Engine/Content/EngineMaterials/Substrate/Glints2/dict_0002_0222.uasset" 8636
"../../../Engine/Content/EngineMaterials/Substrate/Glints2/dict_0002_0223.uasset" 8637
"../../../Engine/Content/EngineMaterials/Substrate/Glints2/dict_0002_0224.uasset" 8638
"../../../Engine/Content/EngineMaterials/Substrate/Glints2/dict_0002_0226.uasset" 8639
"../../../Engine/Content/EngineMaterials/Substrate/Glints2/dict_0002_0225.uasset" 8640
"../../../Engine/Content/EngineMaterials/Substrate/Glints2/dict_0002_0227.uasset" 8641
"../../../Engine/Content/EngineMaterials/Substrate/Glints2/dict_0002_0228.uasset" 8642
"../../../Engine/Content/EngineMaterials/Substrate/Glints2/dict_0002_0232.uasset" 8643
"../../../Engine/Content/EngineMaterials/Substrate/Glints2/dict_0002_0231.uasset" 8644
"../../../Engine/Content/EngineMaterials/Substrate/Glints2/dict_0002_0233.uasset" 8645
"../../../Engine/Content/EngineMaterials/Substrate/Glints2/dict_0002_0229.uasset" 8646
"../../../Engine/Content/EngineMaterials/Substrate/Glints2/dict_0002_0235.uasset" 8647
"../../../Engine/Content/EngineMaterials/Substrate/Glints2/dict_0002_0234.uasset" 8648
"../../../Engine/Content/EngineMaterials/Substrate/Glints2/dict_0002_0230.uasset" 8649
"/Engine/EngineMaterials/Substrate/Glints2/dict_0002_0218" 8650
"/Engine/EngineMaterials/Substrate/Glints2/dict_0002_0217" 8651
"/Engine/EngineMaterials/Substrate/Glints2/dict_0002_0216" 8652
"/Engine/EngineMaterials/Substrate/Glints2/dict_0002_0215" 8653
"/Engine/EngineMaterials/Substrate/Glints2/dict_0002_0214" 8654
"/Engine/EngineMaterials/Substrate/Glints2/dict_0002_0213" 8655
"/Engine/EngineMaterials/Substrate/Glints2/dict_0002_0212" 8656
"/Engine/EngineMaterials/Substrate/Glints2/dict_0002_0211" 8657
"/Engine/EngineMaterials/Substrate/Glints2/dict_0002_0210" 8658
"/Engine/EngineMaterials/Substrate/Glints2/dict_0002_0209" 8659
"/Engine/EngineMaterials/Substrate/Glints2/dict_0002_0208" 8660
"/Engine/EngineMaterials/Substrate/Glints2/dict_0002_0207" 8661
"/Engine/EngineMaterials/Substrate/Glints2/dict_0002_0206" 8662
"/Engine/EngineMaterials/Substrate/Glints2/dict_0002_0205" 8663
"/Engine/EngineMaterials/Substrate/Glints2/dict_0002_0204" 8664
"/Engine/EngineMaterials/Substrate/Glints2/dict_0002_0235" 8665
"../../../Engine/Content/EngineMaterials/Substrate/Glints2/dict_0002_0236.uasset" 8666
"../../../Engine/Content/EngineMaterials/Substrate/Glints2/dict_0002_0239.uasset" 8667
"/Engine/EngineMaterials/Substrate/Glints2/dict_0002_0234" 8668
"../../../Engine/Content/EngineMaterials/Substrate/Glints2/dict_0002_0238.uasset" 8669
"../../../Engine/Content/EngineMaterials/Substrate/Glints2/dict_0002_0237.uasset" 8670
"../../../Engine/Content/EngineMaterials/Substrate/Glints2/dict_0002_0240.uasset" 8671
"../../../Engine/Content/EngineMaterials/Substrate/Glints2/dict_0002_0241.uasset" 8672
"../../../Engine/Content/EngineMaterials/Substrate/Glints2/dict_0002_0242.uasset" 8673
"../../../Engine/Content/EngineMaterials/Substrate/Glints2/dict_0002_0246.uasset" 8674
"../../../Engine/Content/EngineMaterials/Substrate/Glints2/dict_0002_0248.uasset" 8675
"../../../Engine/Content/EngineMaterials/Substrate/Glints2/dict_0002_0249.uasset" 8676
"../../../Engine/Content/EngineMaterials/Substrate/Glints2/dict_0002_0243.uasset" 8677
"../../../Engine/Content/EngineMaterials/Substrate/Glints2/dict_0002_0250.uasset" 8678
"../../../Engine/Content/EngineMaterials/Substrate/Glints2/dict_0002_0247.uasset" 8679
"../../../Engine/Content/EngineMaterials/Substrate/Glints2/dict_0002_0251.uasset" 8680
"../../../Engine/Content/EngineMaterials/Substrate/Glints2/dict_0002_0244.uasset" 8681
"../../../Engine/Content/EngineMaterials/Substrate/Glints2/dict_0002_0245.uasset" 8682
"../../../Engine/Content/EngineMaterials/Substrate/Glints2/dict_0002_0252.uasset" 8683
"/Engine/EngineMaterials/Substrate/Glints2/dict_0002_0233" 8684
"/Engine/EngineMaterials/Substrate/Glints2/dict_0002_0232" 8685
"/Engine/EngineMaterials/Substrate/Glints2/dict_0002_0231" 8686
"/Engine/EngineMaterials/Substrate/Glints2/dict_0002_0230" 8687
"/Engine/EngineMaterials/Substrate/Glints2/dict_0002_0229" 8688
"/Engine/EngineMaterials/Substrate/Glints2/dict_0002_0228" 8689
"/Engine/EngineMaterials/Substrate/Glints2/dict_0002_0227" 8690
"/Engine/EngineMaterials/Substrate/Glints2/dict_0002_0226" 8691
"/Engine/EngineMaterials/Substrate/Glints2/dict_0002_0225" 8692
"/Engine/EngineMaterials/Substrate/Glints2/dict_0002_0224" 8693
"/Engine/EngineMaterials/Substrate/Glints2/dict_0002_0223" 8694
"/Engine/EngineMaterials/Substrate/Glints2/dict_0002_0222" 8695
"/Engine/EngineMaterials/Substrate/Glints2/dict_0002_0221" 8696
"/Engine/EngineMaterials/Substrate/Glints2/dict_0002_0252" 8697
"../../../Engine/Content/EngineMaterials/Substrate/Glints2/dict_0002_0253.uasset" 8698
"../../../Engine/Content/EngineMaterials/Substrate/Glints2/dict_0002_0254.uasset" 8699
"/Engine/EngineMaterials/Substrate/Glints2/dict_0002_0251" 8700
"../../../Engine/Content/EngineMaterials/Substrate/Glints2/dict_0002_0255.uasset" 8701
"../../../Engine/Content/EngineMaterials/Substrate/Glints2/dict_0003_0000.uasset" 8702
"../../../Engine/Content/EngineMaterials/Substrate/Glints2/dict_0003_0003.uasset" 8703
"../../../Engine/Content/EngineMaterials/Substrate/Glints2/dict_0003_0001.uasset" 8704
"../../../Engine/Content/EngineMaterials/Substrate/Glints2/dict_0003_0007.uasset" 8705
"../../../Engine/Content/EngineMaterials/Substrate/Glints2/dict_0003_0002.uasset" 8706
"../../../Engine/Content/EngineMaterials/Substrate/Glints2/dict_0003_0009.uasset" 8707
"../../../Engine/Content/EngineMaterials/Substrate/Glints2/dict_0003_0004.uasset" 8708
"../../../Engine/Content/EngineMaterials/Substrate/Glints2/dict_0003_0008.uasset" 8709
"../../../Engine/Content/EngineMaterials/Substrate/Glints2/dict_0003_0005.uasset" 8710
"../../../Engine/Content/EngineMaterials/Substrate/Glints2/dict_0003_0006.uasset" 8711
"../../../Engine/Content/EngineMaterials/Substrate/Glints2/dict_0003_0011.uasset" 8712
"../../../Engine/Content/EngineMaterials/Substrate/Glints2/dict_0003_0010.uasset" 8713
"/Engine/EngineMaterials/Substrate/Glints2/dict_0002_0250" 8714
"/Engine/EngineMaterials/Substrate/Glints2/dict_0002_0249" 8715
"/Engine/EngineMaterials/Substrate/Glints2/dict_0002_0248" 8716
"/Engine/EngineMaterials/Substrate/Glints2/dict_0002_0247" 8717
"/Engine/EngineMaterials/Substrate/Glints2/dict_0002_0246" 8718
"/Engine/EngineMaterials/Substrate/Glints2/dict_0002_0245" 8719
"/Engine/EngineMaterials/Substrate/Glints2/dict_0002_0244" 8720
"/Engine/EngineMaterials/Substrate/Glints2/dict_0002_0243" 8721
"/Engine/EngineMaterials/Substrate/Glints2/dict_0002_0242" 8722
"/Engine/EngineMaterials/Substrate/Glints2/dict_0002_0241" 8723
"/Engine/EngineMaterials/Substrate/Glints2/dict_0002_0240" 8724
"/Engine/EngineMaterials/Substrate/Glints2/dict_0002_0239" 8725
"/Engine/EngineMaterials/Substrate/Glints2/dict_0002_0238" 8726
"/Engine/EngineMaterials/Substrate/Glints2/dict_0002_0237" 8727
"/Engine/EngineMaterials/Substrate/Glints2/dict_0002_0236" 8728
"/Engine/EngineMaterials/Substrate/Glints2/dict_0003_0011" 8729
"../../../Engine/Content/EngineMaterials/Substrate/Glints2/dict_0003_0012.uasset" 8730
"../../../Engine/Content/EngineMaterials/Substrate/Glints2/dict_0003_0014.uasset" 8731
"../../../Engine/Content/EngineMaterials/Substrate/Glints2/dict_0003_0013.uasset" 8732
"../../../Engine/Content/EngineMaterials/Substrate/Glints2/dict_0003_0015.uasset" 8733
"/Engine/EngineMaterials/Substrate/Glints2/dict_0003_0010" 8734
"../../../Engine/Content/EngineMaterials/Substrate/Glints2/dict_0003_0016.uasset" 8735
"../../../Engine/Content/EngineMaterials/Substrate/Glints2/dict_0003_0018.uasset" 8736
"../../../Engine/Content/EngineMaterials/Substrate/Glints2/dict_0003_0020.uasset" 8737
"../../../Engine/Content/EngineMaterials/Substrate/Glints2/dict_0003_0022.uasset" 8738
"../../../Engine/Content/EngineMaterials/Substrate/Glints2/dict_0003_0021.uasset" 8739
"../../../Engine/Content/EngineMaterials/Substrate/Glints2/dict_0003_0023.uasset" 8740
"../../../Engine/Content/EngineMaterials/Substrate/Glints2/dict_0003_0017.uasset" 8741
"../../../Engine/Content/EngineMaterials/Substrate/Glints2/dict_0003_0019.uasset" 8742
"../../../Engine/Content/EngineMaterials/Substrate/Glints2/dict_0003_0024.uasset" 8743
"../../../Engine/Content/EngineMaterials/Substrate/Glints2/dict_0003_0025.uasset" 8744
"../../../Engine/Content/EngineMaterials/Substrate/Glints2/dict_0003_0026.uasset" 8745
"../../../Engine/Content/EngineMaterials/Substrate/Glints2/dict_0003_0028.uasset" 8746
"../../../Engine/Content/EngineMaterials/Substrate/Glints2/dict_0003_0027.uasset" 8747
"/Engine/EngineMaterials/Substrate/Glints2/dict_0003_0009" 8748
"/Engine/EngineMaterials/Substrate/Glints2/dict_0003_0008" 8749
"/Engine/EngineMaterials/Substrate/Glints2/dict_0003_0007" 8750
"/Engine/EngineMaterials/Substrate/Glints2/dict_0003_0006" 8751
"/Engine/EngineMaterials/Substrate/Glints2/dict_0003_0005" 8752
"/Engine/EngineMaterials/Substrate/Glints2/dict_0003_0004" 8753
"/Engine/EngineMaterials/Substrate/Glints2/dict_0003_0003" 8754
"/Engine/EngineMaterials/Substrate/Glints2/dict_0003_0002" 8755
"/Engine/EngineMaterials/Substrate/Glints2/dict_0003_0001" 8756
"/Engine/EngineMaterials/Substrate/Glints2/dict_0003_0000" 8757
"/Engine/EngineMaterials/Substrate/Glints2/dict_0002_0255" 8758
"/Engine/EngineMaterials/Substrate/Glints2/dict_0002_0254" 8759
"/Engine/EngineMaterials/Substrate/Glints2/dict_0002_0253" 8760
"/Engine/EngineMaterials/Substrate/Glints2/dict_0003_0028" 8761
"../../../Engine/Content/EngineMaterials/Substrate/Glints2/dict_0003_0029.uasset" 8762
"/Engine/EngineMaterials/Substrate/Glints2/dict_0003_0027" 8763
"../../../Engine/Content/EngineMaterials/Substrate/Glints2/dict_0003_0030.uasset" 8764
"../../../Engine/Content/EngineMaterials/Substrate/Glints2/dict_0003_0032.uasset" 8765
"../../../Engine/Content/EngineMaterials/Substrate/Glints2/dict_0003_0033.uasset" 8766
"../../../Engine/Content/EngineMaterials/Substrate/Glints2/dict_0003_0031.uasset" 8767
"../../../Engine/Content/EngineMaterials/Substrate/Glints2/dict_0003_0035.uasset" 8768
"../../../Engine/Content/EngineMaterials/Substrate/Glints2/dict_0003_0037.uasset" 8769
"../../../Engine/Content/EngineMaterials/Substrate/Glints2/dict_0003_0038.uasset" 8770
"../../../Engine/Content/EngineMaterials/Substrate/Glints2/dict_0003_0034.uasset" 8771
"../../../Engine/Content/EngineMaterials/Substrate/Glints2/dict_0003_0040.uasset" 8772
"../../../Engine/Content/EngineMaterials/Substrate/Glints2/dict_0003_0041.uasset" 8773
"../../../Engine/Content/EngineMaterials/Substrate/Glints2/dict_0003_0043.uasset" 8774
"../../../Engine/Content/EngineMaterials/Substrate/Glints2/dict_0003_0042.uasset" 8775
"../../../Engine/Content/EngineMaterials/Substrate/Glints2/dict_0003_0039.uasset" 8776
"../../../Engine/Content/EngineMaterials/Substrate/Glints2/dict_0003_0036.uasset" 8777
"/Engine/EngineMaterials/Substrate/Glints2/dict_0003_0026" 8778
"/Engine/EngineMaterials/Substrate/Glints2/dict_0003_0025" 8779
"/Engine/EngineMaterials/Substrate/Glints2/dict_0003_0024" 8780
"/Engine/EngineMaterials/Substrate/Glints2/dict_0003_0023" 8781
"/Engine/EngineMaterials/Substrate/Glints2/dict_0003_0022" 8782
"/Engine/EngineMaterials/Substrate/Glints2/dict_0003_0021" 8783
"/Engine/EngineMaterials/Substrate/Glints2/dict_0003_0020" 8784
"/Engine/EngineMaterials/Substrate/Glints2/dict_0003_0019" 8785
"/Engine/EngineMaterials/Substrate/Glints2/dict_0003_0018" 8786
"/Engine/EngineMaterials/Substrate/Glints2/dict_0003_0017" 8787
"/Engine/EngineMaterials/Substrate/Glints2/dict_0003_0016" 8788
"/Engine/EngineMaterials/Substrate/Glints2/dict_0003_0015" 8789
"/Engine/EngineMaterials/Substrate/Glints2/dict_0003_0014" 8790
"/Engine/EngineMaterials/Substrate/Glints2/dict_0003_0013" 8791
"/Engine/EngineMaterials/Substrate/Glints2/dict_0003_0012" 8792
"/Engine/EngineMaterials/Substrate/Glints2/dict_0003_0043" 8793
"../../../Engine/Content/EngineMaterials/Substrate/Glints2/dict_0003_0044.uasset" 8794
"/Engine/EngineMaterials/Substrate/Glints2/dict_0003_0042" 8795
"../../../Engine/Content/EngineMaterials/Substrate/Glints2/dict_0003_0045.uasset" 8796
"../../../Engine/Content/EngineMaterials/Substrate/Glints2/dict_0003_0046.uasset" 8797
"../../../Engine/Content/EngineMaterials/Substrate/Glints2/dict_0003_0047.uasset" 8798
"../../../Engine/Content/EngineMaterials/Substrate/Glints2/dict_0003_0049.uasset" 8799
"../../../Engine/Content/EngineMaterials/Substrate/Glints2/dict_0003_0050.uasset" 8800
"../../../Engine/Content/EngineMaterials/Substrate/Glints2/dict_0003_0051.uasset" 8801
"../../../Engine/Content/EngineMaterials/Substrate/Glints2/dict_0003_0054.uasset" 8802
"../../../Engine/Content/EngineMaterials/Substrate/Glints2/dict_0003_0053.uasset" 8803
"../../../Engine/Content/EngineMaterials/Substrate/Glints2/dict_0003_0052.uasset" 8804
"../../../Engine/Content/EngineMaterials/Substrate/Glints2/dict_0003_0055.uasset" 8805
"../../../Engine/Content/EngineMaterials/Substrate/Glints2/dict_0003_0057.uasset" 8806
"../../../Engine/Content/EngineMaterials/Substrate/Glints2/dict_0003_0056.uasset" 8807
"../../../Engine/Content/EngineMaterials/Substrate/Glints2/dict_0003_0048.uasset" 8808
"../../../Engine/Content/EngineMaterials/Substrate/Glints2/dict_0003_0058.uasset" 8809
"../../../Engine/Content/EngineMaterials/Substrate/Glints2/dict_0003_0059.uasset" 8810
"../../../Engine/Content/EngineMaterials/Substrate/Glints2/dict_0003_0060.uasset" 8811
"/Engine/EngineMaterials/Substrate/Glints2/dict_0003_0041" 8812
"/Engine/EngineMaterials/Substrate/Glints2/dict_0003_0040" 8813
"/Engine/EngineMaterials/Substrate/Glints2/dict_0003_0039" 8814
"/Engine/EngineMaterials/Substrate/Glints2/dict_0003_0038" 8815
"/Engine/EngineMaterials/Substrate/Glints2/dict_0003_0037" 8816
"/Engine/EngineMaterials/Substrate/Glints2/dict_0003_0036" 8817
"/Engine/EngineMaterials/Substrate/Glints2/dict_0003_0035" 8818
"/Engine/EngineMaterials/Substrate/Glints2/dict_0003_0034" 8819
"/Engine/EngineMaterials/Substrate/Glints2/dict_0003_0033" 8820
"/Engine/EngineMaterials/Substrate/Glints2/dict_0003_0032" 8821
"/Engine/EngineMaterials/Substrate/Glints2/dict_0003_0031" 8822
"/Engine/EngineMaterials/Substrate/Glints2/dict_0003_0030" 8823
"/Engine/EngineMaterials/Substrate/Glints2/dict_0003_0029" 8824
"/Engine/EngineMaterials/Substrate/Glints2/dict_0003_0060" 8825
"/Engine/EngineMaterials/Substrate/Glints2/dict_0003_0059" 8826
"../../../Engine/Content/EngineMaterials/Substrate/Glints2/dict_0003_0061.uasset" 8827
"../../../Engine/Content/EngineMaterials/Substrate/Glints2/dict_0003_0062.uasset" 8828
"../../../Engine/Content/EngineMaterials/Substrate/Glints2/dict_0003_0063.uasset" 8829
"../../../Engine/Content/EngineMaterials/Substrate/Glints2/dict_0003_0064.uasset" 8830
"../../../Engine/Content/EngineMaterials/Substrate/Glints2/dict_0003_0065.uasset" 8831
"../../../Engine/Content/EngineMaterials/Substrate/Glints2/dict_0003_0067.uasset" 8832
"../../../Engine/Content/EngineMaterials/Substrate/Glints2/dict_0003_0069.uasset" 8833
"../../../Engine/Content/EngineMaterials/Substrate/Glints2/dict_0003_0068.uasset" 8834
"../../../Engine/Content/EngineMaterials/Substrate/Glints2/dict_0003_0066.uasset" 8835
"../../../Engine/Content/EngineMaterials/Substrate/Glints2/dict_0003_0074.uasset" 8836
"/Engine/EngineMaterials/Substrate/Glints2/dict_0003_0058" 8837
"../../../Engine/Content/EngineMaterials/Substrate/Glints2/dict_0003_0070.uasset" 8838
"../../../Engine/Content/EngineMaterials/Substrate/Glints2/dict_0003_0073.uasset" 8839
"../../../Engine/Content/EngineMaterials/Substrate/Glints2/dict_0003_0071.uasset" 8840
"../../../Engine/Content/EngineMaterials/Substrate/Glints2/dict_0003_0072.uasset" 8841
"../../../Engine/Content/EngineMaterials/Substrate/Glints2/dict_0003_0075.uasset" 8842
"/Engine/EngineMaterials/Substrate/Glints2/dict_0003_0057" 8843
"/Engine/EngineMaterials/Substrate/Glints2/dict_0003_0056" 8844
"/Engine/EngineMaterials/Substrate/Glints2/dict_0003_0055" 8845
"/Engine/EngineMaterials/Substrate/Glints2/dict_0003_0054" 8846
"/Engine/EngineMaterials/Substrate/Glints2/dict_0003_0053" 8847
"/Engine/EngineMaterials/Substrate/Glints2/dict_0003_0052" 8848
"/Engine/EngineMaterials/Substrate/Glints2/dict_0003_0051" 8849
"/Engine/EngineMaterials/Substrate/Glints2/dict_0003_0050" 8850
"/Engine/EngineMaterials/Substrate/Glints2/dict_0003_0049" 8851
"/Engine/EngineMaterials/Substrate/Glints2/dict_0003_0048" 8852
"/Engine/EngineMaterials/Substrate/Glints2/dict_0003_0047" 8853
"/Engine/EngineMaterials/Substrate/Glints2/dict_0003_0046" 8854
"/Engine/EngineMaterials/Substrate/Glints2/dict_0003_0045" 8855
"/Engine/EngineMaterials/Substrate/Glints2/dict_0003_0044" 8856
"/Engine/EngineMaterials/Substrate/Glints2/dict_0003_0075" 8857
"../../../Engine/Content/EngineMaterials/Substrate/Glints2/dict_0003_0076.uasset" 8858
"../../../Engine/Content/EngineMaterials/Substrate/Glints2/dict_0003_0077.uasset" 8859
"/Engine/EngineMaterials/Substrate/Glints2/dict_0003_0074" 8860
"../../../Engine/Content/EngineMaterials/Substrate/Glints2/dict_0003_0078.uasset" 8861
"../../../Engine/Content/EngineMaterials/Substrate/Glints2/dict_0003_0079.uasset" 8862
"../../../Engine/Content/EngineMaterials/Substrate/Glints2/dict_0003_0081.uasset" 8863
"../../../Engine/Content/EngineMaterials/Substrate/Glints2/dict_0003_0080.uasset" 8864
"../../../Engine/Content/EngineMaterials/Substrate/Glints2/dict_0003_0083.uasset" 8865
"../../../Engine/Content/EngineMaterials/Substrate/Glints2/dict_0003_0085.uasset" 8866
"../../../Engine/Content/EngineMaterials/Substrate/Glints2/dict_0003_0082.uasset" 8867
"../../../Engine/Content/EngineMaterials/Substrate/Glints2/dict_0003_0088.uasset" 8868
"../../../Engine/Content/EngineMaterials/Substrate/Glints2/dict_0003_0084.uasset" 8869
"../../../Engine/Content/EngineMaterials/Substrate/Glints2/dict_0003_0087.uasset" 8870
"../../../Engine/Content/EngineMaterials/Substrate/Glints2/dict_0003_0086.uasset" 8871
"../../../Engine/Content/EngineMaterials/Substrate/Glints2/dict_0003_0089.uasset" 8872
"../../../Engine/Content/EngineMaterials/Substrate/Glints2/dict_0003_0090.uasset" 8873
"../../../Engine/Content/EngineMaterials/Substrate/Glints2/dict_0003_0092.uasset" 8874
"../../../Engine/Content/EngineMaterials/Substrate/Glints2/dict_0003_0091.uasset" 8875
"/Engine/EngineMaterials/Substrate/Glints2/dict_0003_0073" 8876
"/Engine/EngineMaterials/Substrate/Glints2/dict_0003_0072" 8877
"/Engine/EngineMaterials/Substrate/Glints2/dict_0003_0071" 8878
"/Engine/EngineMaterials/Substrate/Glints2/dict_0003_0070" 8879
"/Engine/EngineMaterials/Substrate/Glints2/dict_0003_0069" 8880
"/Engine/EngineMaterials/Substrate/Glints2/dict_0003_0068" 8881
"/Engine/EngineMaterials/Substrate/Glints2/dict_0003_0067" 8882
"/Engine/EngineMaterials/Substrate/Glints2/dict_0003_0066" 8883
"/Engine/EngineMaterials/Substrate/Glints2/dict_0003_0065" 8884
"/Engine/EngineMaterials/Substrate/Glints2/dict_0003_0064" 8885
"/Engine/EngineMaterials/Substrate/Glints2/dict_0003_0063" 8886
"/Engine/EngineMaterials/Substrate/Glints2/dict_0003_0062" 8887
"/Engine/EngineMaterials/Substrate/Glints2/dict_0003_0061" 8888
"/Engine/EngineMaterials/Substrate/Glints2/dict_0003_0092" 8889
"../../../Engine/Content/EngineMaterials/Substrate/Glints2/dict_0003_0093.uasset" 8890
"../../../Engine/Content/EngineMaterials/Substrate/Glints2/dict_0003_0094.uasset" 8891
"/Engine/EngineMaterials/Substrate/Glints2/dict_0003_0091" 8892
"../../../Engine/Content/EngineMaterials/Substrate/Glints2/dict_0003_0096.uasset" 8893
"../../../Engine/Content/EngineMaterials/Substrate/Glints2/dict_0003_0095.uasset" 8894
"../../../Engine/Content/EngineMaterials/Substrate/Glints2/dict_0003_0097.uasset" 8895
"../../../Engine/Content/EngineMaterials/Substrate/Glints2/dict_0003_0098.uasset" 8896
"../../../Engine/Content/EngineMaterials/Substrate/Glints2/dict_0003_0103.uasset" 8897
"../../../Engine/Content/EngineMaterials/Substrate/Glints2/dict_0003_0099.uasset" 8898
"../../../Engine/Content/EngineMaterials/Substrate/Glints2/dict_0003_0101.uasset" 8899
"../../../Engine/Content/EngineMaterials/Substrate/Glints2/dict_0003_0106.uasset" 8900
"../../../Engine/Content/EngineMaterials/Substrate/Glints2/dict_0003_0100.uasset" 8901
"../../../Engine/Content/EngineMaterials/Substrate/Glints2/dict_0003_0107.uasset" 8902
"../../../Engine/Content/EngineMaterials/Substrate/Glints2/dict_0003_0104.uasset" 8903
"../../../Engine/Content/EngineMaterials/Substrate/Glints2/dict_0003_0102.uasset" 8904
"../../../Engine/Content/EngineMaterials/Substrate/Glints2/dict_0003_0105.uasset" 8905
"/Engine/EngineMaterials/Substrate/Glints2/dict_0003_0090" 8906
"/Engine/EngineMaterials/Substrate/Glints2/dict_0003_0089" 8907
"/Engine/EngineMaterials/Substrate/Glints2/dict_0003_0088" 8908
"/Engine/EngineMaterials/Substrate/Glints2/dict_0003_0087" 8909
"/Engine/EngineMaterials/Substrate/Glints2/dict_0003_0086" 8910
"/Engine/EngineMaterials/Substrate/Glints2/dict_0003_0085" 8911
"/Engine/EngineMaterials/Substrate/Glints2/dict_0003_0084" 8912
"/Engine/EngineMaterials/Substrate/Glints2/dict_0003_0083" 8913
"/Engine/EngineMaterials/Substrate/Glints2/dict_0003_0082" 8914
"/Engine/EngineMaterials/Substrate/Glints2/dict_0003_0081" 8915
"/Engine/EngineMaterials/Substrate/Glints2/dict_0003_0080" 8916
"/Engine/EngineMaterials/Substrate/Glints2/dict_0003_0079" 8917
"/Engine/EngineMaterials/Substrate/Glints2/dict_0003_0078" 8918
"/Engine/EngineMaterials/Substrate/Glints2/dict_0003_0077" 8919
"/Engine/EngineMaterials/Substrate/Glints2/dict_0003_0076" 8920
"/Engine/EngineMaterials/Substrate/Glints2/dict_0003_0107" 8921
"../../../Engine/Content/EngineMaterials/Substrate/Glints2/dict_0003_0108.uasset" 8922
"../../../Engine/Content/EngineMaterials/Substrate/Glints2/dict_0003_0109.uasset" 8923
"/Engine/EngineMaterials/Substrate/Glints2/dict_0003_0106" 8924
"../../../Engine/Content/EngineMaterials/Substrate/Glints2/dict_0003_0111.uasset" 8925
"../../../Engine/Content/EngineMaterials/Substrate/Glints2/dict_0003_0112.uasset" 8926
"../../../Engine/Content/EngineMaterials/Substrate/Glints2/dict_0003_0110.uasset" 8927
"../../../Engine/Content/EngineMaterials/Substrate/Glints2/dict_0003_0115.uasset" 8928
"../../../Engine/Content/EngineMaterials/Substrate/Glints2/dict_0003_0113.uasset" 8929
"../../../Engine/Content/EngineMaterials/Substrate/Glints2/dict_0003_0114.uasset" 8930
"../../../Engine/Content/EngineMaterials/Substrate/Glints2/dict_0003_0116.uasset" 8931
"../../../Engine/Content/EngineMaterials/Substrate/Glints2/dict_0003_0120.uasset" 8932
"../../../Engine/Content/EngineMaterials/Substrate/Glints2/dict_0003_0117.uasset" 8933
"../../../Engine/Content/EngineMaterials/Substrate/Glints2/dict_0003_0121.uasset" 8934
"../../../Engine/Content/EngineMaterials/Substrate/Glints2/dict_0003_0118.uasset" 8935
"../../../Engine/Content/EngineMaterials/Substrate/Glints2/dict_0003_0119.uasset" 8936
"../../../Engine/Content/EngineMaterials/Substrate/Glints2/dict_0003_0122.uasset" 8937
"../../../Engine/Content/EngineMaterials/Substrate/Glints2/dict_0003_0123.uasset" 8938
"../../../Engine/Content/EngineMaterials/Substrate/Glints2/dict_0003_0124.uasset" 8939
"/Engine/EngineMaterials/Substrate/Glints2/dict_0003_0105" 8940
"/Engine/EngineMaterials/Substrate/Glints2/dict_0003_0104" 8941
"/Engine/EngineMaterials/Substrate/Glints2/dict_0003_0103" 8942
"/Engine/EngineMaterials/Substrate/Glints2/dict_0003_0102" 8943
"/Engine/EngineMaterials/Substrate/Glints2/dict_0003_0101" 8944
"/Engine/EngineMaterials/Substrate/Glints2/dict_0003_0100" 8945
"/Engine/EngineMaterials/Substrate/Glints2/dict_0003_0099" 8946
"/Engine/EngineMaterials/Substrate/Glints2/dict_0003_0098" 8947
"/Engine/EngineMaterials/Substrate/Glints2/dict_0003_0097" 8948
"/Engine/EngineMaterials/Substrate/Glints2/dict_0003_0096" 8949
"/Engine/EngineMaterials/Substrate/Glints2/dict_0003_0095" 8950
"/Engine/EngineMaterials/Substrate/Glints2/dict_0003_0094" 8951
"/Engine/EngineMaterials/Substrate/Glints2/dict_0003_0093" 8952
"/Engine/EngineMaterials/Substrate/Glints2/dict_0003_0124" 8953
"../../../Engine/Content/EngineMaterials/Substrate/Glints2/dict_0003_0125.uasset" 8954
"../../../Engine/Content/EngineMaterials/Substrate/Glints2/dict_0003_0126.uasset" 8955
"../../../Engine/Content/EngineMaterials/Substrate/Glints2/dict_0003_0127.uasset" 8956
"/Engine/EngineMaterials/Substrate/Glints2/dict_0003_0123" 8957
"../../../Engine/Content/EngineMaterials/Substrate/Glints2/dict_0003_0128.uasset" 8958
"../../../Engine/Content/EngineMaterials/Substrate/Glints2/dict_0003_0129.uasset" 8959
"../../../Engine/Content/EngineMaterials/Substrate/Glints2/dict_0003_0130.uasset" 8960
"../../../Engine/Content/EngineMaterials/Substrate/Glints2/dict_0003_0133.uasset" 8961
"../../../Engine/Content/EngineMaterials/Substrate/Glints2/dict_0003_0131.uasset" 8962
"../../../Engine/Content/EngineMaterials/Substrate/Glints2/dict_0003_0136.uasset" 8963
"../../../Engine/Content/EngineMaterials/Substrate/Glints2/dict_0003_0137.uasset" 8964
"../../../Engine/Content/EngineMaterials/Substrate/Glints2/dict_0003_0134.uasset" 8965
"../../../Engine/Content/EngineMaterials/Substrate/Glints2/dict_0003_0135.uasset" 8966
"../../../Engine/Content/EngineMaterials/Substrate/Glints2/dict_0003_0139.uasset" 8967
"../../../Engine/Content/EngineMaterials/Substrate/Glints2/dict_0003_0132.uasset" 8968
"../../../Engine/Content/EngineMaterials/Substrate/Glints2/dict_0003_0138.uasset" 8969
"/Engine/EngineMaterials/Substrate/Glints2/dict_0003_0122" 8970
"/Engine/EngineMaterials/Substrate/Glints2/dict_0003_0121" 8971
"/Engine/EngineMaterials/Substrate/Glints2/dict_0003_0120" 8972
"/Engine/EngineMaterials/Substrate/Glints2/dict_0003_0119" 8973
"/Engine/EngineMaterials/Substrate/Glints2/dict_0003_0118" 8974
"/Engine/EngineMaterials/Substrate/Glints2/dict_0003_0117" 8975
"/Engine/EngineMaterials/Substrate/Glints2/dict_0003_0116" 8976
"/Engine/EngineMaterials/Substrate/Glints2/dict_0003_0115" 8977
"/Engine/EngineMaterials/Substrate/Glints2/dict_0003_0114" 8978
"/Engine/EngineMaterials/Substrate/Glints2/dict_0003_0113" 8979
"/Engine/EngineMaterials/Substrate/Glints2/dict_0003_0112" 8980
"/Engine/EngineMaterials/Substrate/Glints2/dict_0003_0111" 8981
"/Engine/EngineMaterials/Substrate/Glints2/dict_0003_0110" 8982
"/Engine/EngineMaterials/Substrate/Glints2/dict_0003_0109" 8983
"/Engine/EngineMaterials/Substrate/Glints2/dict_0003_0108" 8984
"/Engine/EngineMaterials/Substrate/Glints2/dict_0003_0139" 8985
"../../../Engine/Content/EngineMaterials/Substrate/Glints2/dict_0003_0140.uasset" 8986
"/Engine/EngineMaterials/Substrate/Glints2/dict_0003_0138" 8987
"../../../Engine/Content/EngineMaterials/Substrate/Glints2/dict_0003_0141.uasset" 8988
"../../../Engine/Content/EngineMaterials/Substrate/Glints2/dict_0003_0142.uasset" 8989
"../../../Engine/Content/EngineMaterials/Substrate/Glints2/dict_0003_0144.uasset" 8990
"../../../Engine/Content/EngineMaterials/Substrate/Glints2/dict_0003_0143.uasset" 8991
"../../../Engine/Content/EngineMaterials/Substrate/Glints2/dict_0003_0145.uasset" 8992
"../../../Engine/Content/EngineMaterials/Substrate/Glints2/dict_0003_0147.uasset" 8993
"../../../Engine/Content/EngineMaterials/Substrate/Glints2/dict_0003_0150.uasset" 8994
"../../../Engine/Content/EngineMaterials/Substrate/Glints2/dict_0003_0149.uasset" 8995
"../../../Engine/Content/EngineMaterials/Substrate/Glints2/dict_0003_0151.uasset" 8996
"../../../Engine/Content/EngineMaterials/Substrate/Glints2/dict_0003_0152.uasset" 8997
"../../../Engine/Content/EngineMaterials/Substrate/Glints2/dict_0003_0146.uasset" 8998
"../../../Engine/Content/EngineMaterials/Substrate/Glints2/dict_0003_0153.uasset" 8999
"../../../Engine/Content/EngineMaterials/Substrate/Glints2/dict_0003_0154.uasset" 9000
"../../../Engine/Content/EngineMaterials/Substrate/Glints2/dict_0003_0155.uasset" 9001
"../../../Engine/Content/EngineMaterials/Substrate/Glints2/dict_0003_0148.uasset" 9002
"../../../Engine/Content/EngineMaterials/Substrate/Glints2/dict_0003_0156.uasset" 9003
"/Engine/EngineMaterials/Substrate/Glints2/dict_0003_0137" 9004
"/Engine/EngineMaterials/Substrate/Glints2/dict_0003_0136" 9005
"/Engine/EngineMaterials/Substrate/Glints2/dict_0003_0135" 9006
"/Engine/EngineMaterials/Substrate/Glints2/dict_0003_0134" 9007
"/Engine/EngineMaterials/Substrate/Glints2/dict_0003_0133" 9008
"/Engine/EngineMaterials/Substrate/Glints2/dict_0003_0132" 9009
"/Engine/EngineMaterials/Substrate/Glints2/dict_0003_0131" 9010
"/Engine/EngineMaterials/Substrate/Glints2/dict_0003_0130" 9011
"/Engine/EngineMaterials/Substrate/Glints2/dict_0003_0129" 9012
"/Engine/EngineMaterials/Substrate/Glints2/dict_0003_0128" 9013
"/Engine/EngineMaterials/Substrate/Glints2/dict_0003_0127" 9014
"/Engine/EngineMaterials/Substrate/Glints2/dict_0003_0126" 9015
"/Engine/EngineMaterials/Substrate/Glints2/dict_0003_0125" 9016
"/Engine/EngineMaterials/Substrate/Glints2/dict_0003_0156" 9017
"../../../Engine/Content/EngineMaterials/Substrate/Glints2/dict_0003_0157.uasset" 9018
"../../../Engine/Content/EngineMaterials/Substrate/Glints2/dict_0003_0158.uasset" 9019
"../../../Engine/Content/EngineMaterials/Substrate/Glints2/dict_0003_0159.uasset" 9020
"../../../Engine/Content/EngineMaterials/Substrate/Glints2/dict_0003_0160.uasset" 9021
"/Engine/EngineMaterials/Substrate/Glints2/dict_0003_0155" 9022
"../../../Engine/Content/EngineMaterials/Substrate/Glints2/dict_0003_0161.uasset" 9023
"../../../Engine/Content/EngineMaterials/Substrate/Glints2/dict_0003_0163.uasset" 9024
"../../../Engine/Content/EngineMaterials/Substrate/Glints2/dict_0003_0162.uasset" 9025
"../../../Engine/Content/EngineMaterials/Substrate/Glints2/dict_0003_0164.uasset" 9026
"../../../Engine/Content/EngineMaterials/Substrate/Glints2/dict_0003_0165.uasset" 9027
"../../../Engine/Content/EngineMaterials/Substrate/Glints2/dict_0003_0166.uasset" 9028
"../../../Engine/Content/EngineMaterials/Substrate/Glints2/dict_0003_0169.uasset" 9029
"../../../Engine/Content/EngineMaterials/Substrate/Glints2/dict_0003_0170.uasset" 9030
"../../../Engine/Content/EngineMaterials/Substrate/Glints2/dict_0003_0168.uasset" 9031
"../../../Engine/Content/EngineMaterials/Substrate/Glints2/dict_0003_0171.uasset" 9032
"../../../Engine/Content/EngineMaterials/Substrate/Glints2/dict_0003_0167.uasset" 9033
"/Engine/EngineMaterials/Substrate/Glints2/dict_0003_0154" 9034
"/Engine/EngineMaterials/Substrate/Glints2/dict_0003_0153" 9035
"/Engine/EngineMaterials/Substrate/Glints2/dict_0003_0152" 9036
"/Engine/EngineMaterials/Substrate/Glints2/dict_0003_0151" 9037
"/Engine/EngineMaterials/Substrate/Glints2/dict_0003_0150" 9038
"/Engine/EngineMaterials/Substrate/Glints2/dict_0003_0149" 9039
"/Engine/EngineMaterials/Substrate/Glints2/dict_0003_0148" 9040
"/Engine/EngineMaterials/Substrate/Glints2/dict_0003_0147" 9041
"/Engine/EngineMaterials/Substrate/Glints2/dict_0003_0146" 9042
"/Engine/EngineMaterials/Substrate/Glints2/dict_0003_0145" 9043
"/Engine/EngineMaterials/Substrate/Glints2/dict_0003_0144" 9044
"/Engine/EngineMaterials/Substrate/Glints2/dict_0003_0143" 9045
"/Engine/EngineMaterials/Substrate/Glints2/dict_0003_0142" 9046
"/Engine/EngineMaterials/Substrate/Glints2/dict_0003_0141" 9047
"/Engine/EngineMaterials/Substrate/Glints2/dict_0003_0140" 9048
"/Engine/EngineMaterials/Substrate/Glints2/dict_0003_0171" 9049
"../../../Engine/Content/EngineMaterials/Substrate/Glints2/dict_0003_0172.uasset" 9050
"/Engine/EngineMaterials/Substrate/Glints2/dict_0003_0170" 9051
"../../../Engine/Content/EngineMaterials/Substrate/Glints2/dict_0003_0173.uasset" 9052
"../../../Engine/Content/EngineMaterials/Substrate/Glints2/dict_0003_0174.uasset" 9053
"../../../Engine/Content/EngineMaterials/Substrate/Glints2/dict_0003_0175.uasset" 9054
"../../../Engine/Content/EngineMaterials/Substrate/Glints2/dict_0003_0176.uasset" 9055
"../../../Engine/Content/EngineMaterials/Substrate/Glints2/dict_0003_0177.uasset" 9056
"../../../Engine/Content/EngineMaterials/Substrate/Glints2/dict_0003_0179.uasset" 9057
"../../../Engine/Content/EngineMaterials/Substrate/Glints2/dict_0003_0181.uasset" 9058
"../../../Engine/Content/EngineMaterials/Substrate/Glints2/dict_0003_0183.uasset" 9059
"../../../Engine/Content/EngineMaterials/Substrate/Glints2/dict_0003_0184.uasset" 9060
"../../../Engine/Content/EngineMaterials/Substrate/Glints2/dict_0003_0178.uasset" 9061
"../../../Engine/Content/EngineMaterials/Substrate/Glints2/dict_0003_0180.uasset" 9062
"../../../Engine/Content/EngineMaterials/Substrate/Glints2/dict_0003_0182.uasset" 9063
"../../../Engine/Content/EngineMaterials/Substrate/Glints2/dict_0003_0185.uasset" 9064
"../../../Engine/Content/EngineMaterials/Substrate/Glints2/dict_0003_0186.uasset" 9065
"../../../Engine/Content/EngineMaterials/Substrate/Glints2/dict_0003_0187.uasset" 9066
"../../../Engine/Content/EngineMaterials/Substrate/Glints2/dict_0003_0188.uasset" 9067
"/Engine/EngineMaterials/Substrate/Glints2/dict_0003_0169" 9068
"/Engine/EngineMaterials/Substrate/Glints2/dict_0003_0168" 9069
"/Engine/EngineMaterials/Substrate/Glints2/dict_0003_0167" 9070
"/Engine/EngineMaterials/Substrate/Glints2/dict_0003_0166" 9071
"/Engine/EngineMaterials/Substrate/Glints2/dict_0003_0165" 9072
"/Engine/EngineMaterials/Substrate/Glints2/dict_0003_0164" 9073
"/Engine/EngineMaterials/Substrate/Glints2/dict_0003_0163" 9074
"/Engine/EngineMaterials/Substrate/Glints2/dict_0003_0162" 9075
"/Engine/EngineMaterials/Substrate/Glints2/dict_0003_0161" 9076
"/Engine/EngineMaterials/Substrate/Glints2/dict_0003_0160" 9077
"/Engine/EngineMaterials/Substrate/Glints2/dict_0003_0159" 9078
"/Engine/EngineMaterials/Substrate/Glints2/dict_0003_0158" 9079
"/Engine/EngineMaterials/Substrate/Glints2/dict_0003_0157" 9080
"/Engine/EngineMaterials/Substrate/Glints2/dict_0003_0188" 9081
"../../../Engine/Content/EngineMaterials/Substrate/Glints2/dict_0003_0190.uasset" 9082
"../../../Engine/Content/EngineMaterials/Substrate/Glints2/dict_0003_0189.uasset" 9083
"../../../Engine/Content/EngineMaterials/Substrate/Glints2/dict_0003_0191.uasset" 9084
"../../../Engine/Content/EngineMaterials/Substrate/Glints2/dict_0003_0192.uasset" 9085
"../../../Engine/Content/EngineMaterials/Substrate/Glints2/dict_0003_0193.uasset" 9086
"../../../Engine/Content/EngineMaterials/Substrate/Glints2/dict_0003_0194.uasset" 9087
"../../../Engine/Content/EngineMaterials/Substrate/Glints2/dict_0003_0195.uasset" 9088
"../../../Engine/Content/EngineMaterials/Substrate/Glints2/dict_0003_0197.uasset" 9089
"../../../Engine/Content/EngineMaterials/Substrate/Glints2/dict_0003_0196.uasset" 9090
"../../../Engine/Content/EngineMaterials/Substrate/Glints2/dict_0003_0198.uasset" 9091
"../../../Engine/Content/EngineMaterials/Substrate/Glints2/dict_0003_0200.uasset" 9092
"/Engine/EngineMaterials/Substrate/Glints2/dict_0003_0187" 9093
"../../../Engine/Content/EngineMaterials/Substrate/Glints2/dict_0003_0203.uasset" 9094
"../../../Engine/Content/EngineMaterials/Substrate/Glints2/dict_0003_0201.uasset" 9095
"../../../Engine/Content/EngineMaterials/Substrate/Glints2/dict_0003_0202.uasset" 9096
"../../../Engine/Content/EngineMaterials/Substrate/Glints2/dict_0003_0199.uasset" 9097
"/Engine/EngineMaterials/Substrate/Glints2/dict_0003_0186" 9098
"/Engine/EngineMaterials/Substrate/Glints2/dict_0003_0185" 9099
"/Engine/EngineMaterials/Substrate/Glints2/dict_0003_0184" 9100
"/Engine/EngineMaterials/Substrate/Glints2/dict_0003_0183" 9101
"/Engine/EngineMaterials/Substrate/Glints2/dict_0003_0182" 9102
"/Engine/EngineMaterials/Substrate/Glints2/dict_0003_0181" 9103
"/Engine/EngineMaterials/Substrate/Glints2/dict_0003_0180" 9104
"/Engine/EngineMaterials/Substrate/Glints2/dict_0003_0179" 9105
"/Engine/EngineMaterials/Substrate/Glints2/dict_0003_0178" 9106
"/Engine/EngineMaterials/Substrate/Glints2/dict_0003_0177" 9107
"/Engine/EngineMaterials/Substrate/Glints2/dict_0003_0176" 9108
"/Engine/EngineMaterials/Substrate/Glints2/dict_0003_0175" 9109
"/Engine/EngineMaterials/Substrate/Glints2/dict_0003_0174" 9110
"/Engine/EngineMaterials/Substrate/Glints2/dict_0003_0173" 9111
"/Engine/EngineMaterials/Substrate/Glints2/dict_0003_0172" 9112
"/Engine/EngineMaterials/Substrate/Glints2/dict_0003_0203" 9113
"../../../Engine/Content/EngineMaterials/Substrate/Glints2/dict_0003_0204.uasset" 9114
"../../../Engine/Content/EngineMaterials/Substrate/Glints2/dict_0003_0205.uasset" 9115
"../../../Engine/Content/EngineMaterials/Substrate/Glints2/dict_0003_0206.uasset" 9116
"../../../Engine/Content/EngineMaterials/Substrate/Glints2/dict_0003_0207.uasset" 9117
"../../../Engine/Content/EngineMaterials/Substrate/Glints2/dict_0003_0209.uasset" 9118
"../../../Engine/Content/EngineMaterials/Substrate/Glints2/dict_0003_0212.uasset" 9119
"../../../Engine/Content/EngineMaterials/Substrate/Glints2/dict_0003_0211.uasset" 9120
"../../../Engine/Content/EngineMaterials/Substrate/Glints2/dict_0003_0213.uasset" 9121
"../../../Engine/Content/EngineMaterials/Substrate/Glints2/dict_0003_0208.uasset" 9122
"../../../Engine/Content/EngineMaterials/Substrate/Glints2/dict_0003_0216.uasset" 9123
"/Engine/EngineMaterials/Substrate/Glints2/dict_0003_0202" 9124
"../../../Engine/Content/EngineMaterials/Substrate/Glints2/dict_0003_0215.uasset" 9125
"../../../Engine/Content/EngineMaterials/Substrate/Glints2/dict_0003_0214.uasset" 9126
"../../../Engine/Content/EngineMaterials/Substrate/Glints2/dict_0003_0210.uasset" 9127
"../../../Engine/Content/EngineMaterials/Substrate/Glints2/dict_0003_0218.uasset" 9128
"../../../Engine/Content/EngineMaterials/Substrate/Glints2/dict_0003_0217.uasset" 9129
"../../../Engine/Content/EngineMaterials/Substrate/Glints2/dict_0003_0219.uasset" 9130
"../../../Engine/Content/EngineMaterials/Substrate/Glints2/dict_0003_0220.uasset" 9131
"/Engine/EngineMaterials/Substrate/Glints2/dict_0003_0201" 9132
"/Engine/EngineMaterials/Substrate/Glints2/dict_0003_0200" 9133
"/Engine/EngineMaterials/Substrate/Glints2/dict_0003_0199" 9134
"/Engine/EngineMaterials/Substrate/Glints2/dict_0003_0198" 9135
"/Engine/EngineMaterials/Substrate/Glints2/dict_0003_0197" 9136
"/Engine/EngineMaterials/Substrate/Glints2/dict_0003_0196" 9137
"/Engine/EngineMaterials/Substrate/Glints2/dict_0003_0195" 9138
"/Engine/EngineMaterials/Substrate/Glints2/dict_0003_0194" 9139
"/Engine/EngineMaterials/Substrate/Glints2/dict_0003_0193" 9140
"/Engine/EngineMaterials/Substrate/Glints2/dict_0003_0192" 9141
"/Engine/EngineMaterials/Substrate/Glints2/dict_0003_0191" 9142
"/Engine/EngineMaterials/Substrate/Glints2/dict_0003_0190" 9143
"/Engine/EngineMaterials/Substrate/Glints2/dict_0003_0189" 9144
"/Engine/EngineMaterials/Substrate/Glints2/dict_0003_0220" 9145
"../../../Engine/Content/EngineMaterials/Substrate/Glints2/dict_0003_0221.uasset" 9146
"/Engine/EngineMaterials/Substrate/Glints2/dict_0003_0219" 9147
"../../../Engine/Content/EngineMaterials/Substrate/Glints2/dict_0003_0222.uasset" 9148
"../../../Engine/Content/EngineMaterials/Substrate/Glints2/dict_0003_0223.uasset" 9149
"../../../Engine/Content/EngineMaterials/Substrate/Glints2/dict_0003_0224.uasset" 9150
"../../../Engine/Content/EngineMaterials/Substrate/Glints2/dict_0003_0225.uasset" 9151
"../../../Engine/Content/EngineMaterials/Substrate/Glints2/dict_0003_0227.uasset" 9152
"../../../Engine/Content/EngineMaterials/Substrate/Glints2/dict_0003_0226.uasset" 9153
"../../../Engine/Content/EngineMaterials/Substrate/Glints2/dict_0003_0230.uasset" 9154
"../../../Engine/Content/EngineMaterials/Substrate/Glints2/dict_0003_0228.uasset" 9155
"../../../Engine/Content/EngineMaterials/Substrate/Glints2/dict_0003_0234.uasset" 9156
"../../../Engine/Content/EngineMaterials/Substrate/Glints2/dict_0003_0233.uasset" 9157
"../../../Engine/Content/EngineMaterials/Substrate/Glints2/dict_0003_0235.uasset" 9158
"../../../Engine/Content/EngineMaterials/Substrate/Glints2/dict_0003_0232.uasset" 9159
"../../../Engine/Content/EngineMaterials/Substrate/Glints2/dict_0003_0231.uasset" 9160
"../../../Engine/Content/EngineMaterials/Substrate/Glints2/dict_0003_0229.uasset" 9161
"/Engine/EngineMaterials/Substrate/Glints2/dict_0003_0218" 9162
"/Engine/EngineMaterials/Substrate/Glints2/dict_0003_0217" 9163
"/Engine/EngineMaterials/Substrate/Glints2/dict_0003_0216" 9164
"/Engine/EngineMaterials/Substrate/Glints2/dict_0003_0215" 9165
"/Engine/EngineMaterials/Substrate/Glints2/dict_0003_0214" 9166
"/Engine/EngineMaterials/Substrate/Glints2/dict_0003_0213" 9167
"/Engine/EngineMaterials/Substrate/Glints2/dict_0003_0212" 9168
"/Engine/EngineMaterials/Substrate/Glints2/dict_0003_0211" 9169
"/Engine/EngineMaterials/Substrate/Glints2/dict_0003_0210" 9170
"/Engine/EngineMaterials/Substrate/Glints2/dict_0003_0209" 9171
"/Engine/EngineMaterials/Substrate/Glints2/dict_0003_0208" 9172
"/Engine/EngineMaterials/Substrate/Glints2/dict_0003_0207" 9173
"/Engine/EngineMaterials/Substrate/Glints2/dict_0003_0206" 9174
"/Engine/EngineMaterials/Substrate/Glints2/dict_0003_0205" 9175
"/Engine/EngineMaterials/Substrate/Glints2/dict_0003_0204" 9176
"/Engine/EngineMaterials/Substrate/Glints2/dict_0003_0235" 9177
"../../../Engine/Content/EngineMaterials/Substrate/Glints2/dict_0003_0236.uasset" 9178
"../../../Engine/Content/EngineMaterials/Substrate/Glints2/dict_0003_0237.uasset" 9179
"../../../Engine/Content/EngineMaterials/Substrate/Glints2/dict_0003_0239.uasset" 9180
"/Engine/EngineMaterials/Substrate/Glints2/dict_0003_0234" 9181
"../../../Engine/Content/EngineMaterials/Substrate/Glints2/dict_0003_0238.uasset" 9182
"../../../Engine/Content/EngineMaterials/Substrate/Glints2/dict_0003_0241.uasset" 9183
"../../../Engine/Content/EngineMaterials/Substrate/Glints2/dict_0003_0240.uasset" 9184
"../../../Engine/Content/EngineMaterials/Substrate/Glints2/dict_0003_0242.uasset" 9185
"../../../Engine/Content/EngineMaterials/Substrate/Glints2/dict_0003_0244.uasset" 9186
"../../../Engine/Content/EngineMaterials/Substrate/Glints2/dict_0003_0245.uasset" 9187
"../../../Engine/Content/EngineMaterials/Substrate/Glints2/dict_0003_0246.uasset" 9188
"../../../Engine/Content/EngineMaterials/Substrate/Glints2/dict_0003_0248.uasset" 9189
"../../../Engine/Content/EngineMaterials/Substrate/Glints2/dict_0003_0247.uasset" 9190
"../../../Engine/Content/EngineMaterials/Substrate/Glints2/dict_0003_0249.uasset" 9191
"../../../Engine/Content/EngineMaterials/Substrate/Glints2/dict_0003_0243.uasset" 9192
"../../../Engine/Content/EngineMaterials/Substrate/Glints2/dict_0003_0250.uasset" 9193
"../../../Engine/Content/EngineMaterials/Substrate/Glints2/dict_0003_0251.uasset" 9194
"../../../Engine/Content/EngineMaterials/Substrate/Glints2/dict_0003_0252.uasset" 9195
"/Engine/EngineMaterials/Substrate/Glints2/dict_0003_0233" 9196
"/Engine/EngineMaterials/Substrate/Glints2/dict_0003_0232" 9197
"/Engine/EngineMaterials/Substrate/Glints2/dict_0003_0231" 9198
"/Engine/EngineMaterials/Substrate/Glints2/dict_0003_0230" 9199
"/Engine/EngineMaterials/Substrate/Glints2/dict_0003_0229" 9200
"/Engine/EngineMaterials/Substrate/Glints2/dict_0003_0228" 9201
"/Engine/EngineMaterials/Substrate/Glints2/dict_0003_0227" 9202
"/Engine/EngineMaterials/Substrate/Glints2/dict_0003_0226" 9203
"/Engine/EngineMaterials/Substrate/Glints2/dict_0003_0225" 9204
"/Engine/EngineMaterials/Substrate/Glints2/dict_0003_0224" 9205
"/Engine/EngineMaterials/Substrate/Glints2/dict_0003_0223" 9206
"/Engine/EngineMaterials/Substrate/Glints2/dict_0003_0222" 9207
"/Engine/EngineMaterials/Substrate/Glints2/dict_0003_0221" 9208
"/Engine/EngineMaterials/Substrate/Glints2/dict_0003_0252" 9209
"../../../Engine/Content/EngineMaterials/Substrate/Glints2/dict_0003_0253.uasset" 9210
"../../../Engine/Content/EngineMaterials/Substrate/Glints2/dict_0003_0254.uasset" 9211
"/Engine/EngineMaterials/Substrate/Glints2/dict_0003_0251" 9212
"../../../Engine/Content/EngineMaterials/Substrate/Glints2/dict_0003_0255.uasset" 9213
"../../../Engine/Content/EngineMaterials/Substrate/Glints2/dict_0004_0000.uasset" 9214
"../../../Engine/Content/EngineMaterials/Substrate/Glints2/dict_0004_0003.uasset" 9215
"../../../Engine/Content/EngineMaterials/Substrate/Glints2/dict_0004_0005.uasset" 9216
"../../../Engine/Content/EngineMaterials/Substrate/Glints2/dict_0004_0002.uasset" 9217
"../../../Engine/Content/EngineMaterials/Substrate/Glints2/dict_0004_0006.uasset" 9218
"../../../Engine/Content/EngineMaterials/Substrate/Glints2/dict_0004_0009.uasset" 9219
"../../../Engine/Content/EngineMaterials/Substrate/Glints2/dict_0004_0010.uasset" 9220
"../../../Engine/Content/EngineMaterials/Substrate/Glints2/dict_0004_0001.uasset" 9221
"../../../Engine/Content/EngineMaterials/Substrate/Glints2/dict_0004_0011.uasset" 9222
"../../../Engine/Content/EngineMaterials/Substrate/Glints2/dict_0004_0004.uasset" 9223
"../../../Engine/Content/EngineMaterials/Substrate/Glints2/dict_0004_0008.uasset" 9224
"../../../Engine/Content/EngineMaterials/Substrate/Glints2/dict_0004_0007.uasset" 9225
"/Engine/EngineMaterials/Substrate/Glints2/dict_0003_0250" 9226
"/Engine/EngineMaterials/Substrate/Glints2/dict_0003_0249" 9227
"/Engine/EngineMaterials/Substrate/Glints2/dict_0003_0248" 9228
"/Engine/EngineMaterials/Substrate/Glints2/dict_0003_0247" 9229
"/Engine/EngineMaterials/Substrate/Glints2/dict_0003_0246" 9230
"/Engine/EngineMaterials/Substrate/Glints2/dict_0003_0245" 9231
"/Engine/EngineMaterials/Substrate/Glints2/dict_0003_0244" 9232
"/Engine/EngineMaterials/Substrate/Glints2/dict_0003_0243" 9233
"/Engine/EngineMaterials/Substrate/Glints2/dict_0003_0242" 9234
"/Engine/EngineMaterials/Substrate/Glints2/dict_0003_0241" 9235
"/Engine/EngineMaterials/Substrate/Glints2/dict_0003_0240" 9236
"/Engine/EngineMaterials/Substrate/Glints2/dict_0003_0239" 9237
"/Engine/EngineMaterials/Substrate/Glints2/dict_0003_0238" 9238
"/Engine/EngineMaterials/Substrate/Glints2/dict_0003_0237" 9239
"/Engine/EngineMaterials/Substrate/Glints2/dict_0003_0236" 9240
"/Engine/EngineMaterials/Substrate/Glints2/dict_0004_0011" 9241
"../../../Engine/Content/EngineMaterials/Substrate/Glints2/dict_0004_0012.uasset" 9242
"../../../Engine/Content/EngineMaterials/Substrate/Glints2/dict_0004_0013.uasset" 9243
"/Engine/EngineMaterials/Substrate/Glints2/dict_0004_0010" 9244
"../../../Engine/Content/EngineMaterials/Substrate/Glints2/dict_0004_0014.uasset" 9245
"../../../Engine/Content/EngineMaterials/Substrate/Glints2/dict_0004_0015.uasset" 9246
"../../../Engine/Content/EngineMaterials/Substrate/Glints2/dict_0004_0017.uasset" 9247
"../../../Engine/Content/EngineMaterials/Substrate/Glints2/dict_0004_0016.uasset" 9248
"../../../Engine/Content/EngineMaterials/Substrate/Glints2/dict_0004_0022.uasset" 9249
"../../../Engine/Content/EngineMaterials/Substrate/Glints2/dict_0004_0021.uasset" 9250
"../../../Engine/Content/EngineMaterials/Substrate/Glints2/dict_0004_0023.uasset" 9251
"../../../Engine/Content/EngineMaterials/Substrate/Glints2/dict_0004_0020.uasset" 9252
"../../../Engine/Content/EngineMaterials/Substrate/Glints2/dict_0004_0019.uasset" 9253
"../../../Engine/Content/EngineMaterials/Substrate/Glints2/dict_0004_0018.uasset" 9254
"../../../Engine/Content/EngineMaterials/Substrate/Glints2/dict_0004_0024.uasset" 9255
"../../../Engine/Content/EngineMaterials/Substrate/Glints2/dict_0004_0028.uasset" 9256
"../../../Engine/Content/EngineMaterials/Substrate/Glints2/dict_0004_0025.uasset" 9257
"../../../Engine/Content/EngineMaterials/Substrate/Glints2/dict_0004_0027.uasset" 9258
"../../../Engine/Content/EngineMaterials/Substrate/Glints2/dict_0004_0026.uasset" 9259
"/Engine/EngineMaterials/Substrate/Glints2/dict_0004_0009" 9260
"/Engine/EngineMaterials/Substrate/Glints2/dict_0004_0008" 9261
"/Engine/EngineMaterials/Substrate/Glints2/dict_0004_0007" 9262
"/Engine/EngineMaterials/Substrate/Glints2/dict_0004_0006" 9263
"/Engine/EngineMaterials/Substrate/Glints2/dict_0004_0005" 9264
"/Engine/EngineMaterials/Substrate/Glints2/dict_0004_0004" 9265
"/Engine/EngineMaterials/Substrate/Glints2/dict_0004_0003" 9266
"/Engine/EngineMaterials/Substrate/Glints2/dict_0004_0002" 9267
"/Engine/EngineMaterials/Substrate/Glints2/dict_0004_0001" 9268
"/Engine/EngineMaterials/Substrate/Glints2/dict_0004_0000" 9269
"/Engine/EngineMaterials/Substrate/Glints2/dict_0003_0255" 9270
"/Engine/EngineMaterials/Substrate/Glints2/dict_0003_0254" 9271
"/Engine/EngineMaterials/Substrate/Glints2/dict_0003_0253" 9272
"/Engine/EngineMaterials/Substrate/Glints2/dict_0004_0028" 9273
"../../../Engine/Content/EngineMaterials/Substrate/Glints2/dict_0004_0029.uasset" 9274
"../../../Engine/Content/EngineMaterials/Substrate/Glints2/dict_0004_0030.uasset" 9275
"../../../Engine/Content/EngineMaterials/Substrate/Glints2/dict_0004_0031.uasset" 9276
"/Engine/EngineMaterials/Substrate/Glints2/dict_0004_0027" 9277
"../../../Engine/Content/EngineMaterials/Substrate/Glints2/dict_0004_0032.uasset" 9278
"../../../Engine/Content/EngineMaterials/Substrate/Glints2/dict_0004_0033.uasset" 9279
"../../../Engine/Content/EngineMaterials/Substrate/Glints2/dict_0004_0035.uasset" 9280
"../../../Engine/Content/EngineMaterials/Substrate/Glints2/dict_0004_0034.uasset" 9281
"../../../Engine/Content/EngineMaterials/Substrate/Glints2/dict_0004_0037.uasset" 9282
"../../../Engine/Content/EngineMaterials/Substrate/Glints2/dict_0004_0039.uasset" 9283
"../../../Engine/Content/EngineMaterials/Substrate/Glints2/dict_0004_0036.uasset" 9284
"../../../Engine/Content/EngineMaterials/Substrate/Glints2/dict_0004_0040.uasset" 9285
"../../../Engine/Content/EngineMaterials/Substrate/Glints2/dict_0004_0043.uasset" 9286
"../../../Engine/Content/EngineMaterials/Substrate/Glints2/dict_0004_0042.uasset" 9287
"../../../Engine/Content/EngineMaterials/Substrate/Glints2/dict_0004_0038.uasset" 9288
"../../../Engine/Content/EngineMaterials/Substrate/Glints2/dict_0004_0041.uasset" 9289
"/Engine/EngineMaterials/Substrate/Glints2/dict_0004_0026" 9290
"/Engine/EngineMaterials/Substrate/Glints2/dict_0004_0025" 9291
"/Engine/EngineMaterials/Substrate/Glints2/dict_0004_0024" 9292
"/Engine/EngineMaterials/Substrate/Glints2/dict_0004_0023" 9293
"/Engine/EngineMaterials/Substrate/Glints2/dict_0004_0022" 9294
"/Engine/EngineMaterials/Substrate/Glints2/dict_0004_0021" 9295
"/Engine/EngineMaterials/Substrate/Glints2/dict_0004_0020" 9296
"/Engine/EngineMaterials/Substrate/Glints2/dict_0004_0019" 9297
"/Engine/EngineMaterials/Substrate/Glints2/dict_0004_0018" 9298
"/Engine/EngineMaterials/Substrate/Glints2/dict_0004_0017" 9299
"/Engine/EngineMaterials/Substrate/Glints2/dict_0004_0016" 9300
"/Engine/EngineMaterials/Substrate/Glints2/dict_0004_0015" 9301
"/Engine/EngineMaterials/Substrate/Glints2/dict_0004_0014" 9302
"/Engine/EngineMaterials/Substrate/Glints2/dict_0004_0013" 9303
"/Engine/EngineMaterials/Substrate/Glints2/dict_0004_0012" 9304
"/Engine/EngineMaterials/Substrate/Glints2/dict_0004_0043" 9305
"../../../Engine/Content/EngineMaterials/Substrate/Glints2/dict_0004_0044.uasset" 9306
"/Engine/EngineMaterials/Substrate/Glints2/dict_0004_0042" 9307
"../../../Engine/Content/EngineMaterials/Substrate/Glints2/dict_0004_0045.uasset" 9308
"../../../Engine/Content/EngineMaterials/Substrate/Glints2/dict_0004_0046.uasset" 9309
"../../../Engine/Content/EngineMaterials/Substrate/Glints2/dict_0004_0047.uasset" 9310
"../../../Engine/Content/EngineMaterials/Substrate/Glints2/dict_0004_0049.uasset" 9311
"../../../Engine/Content/EngineMaterials/Substrate/Glints2/dict_0004_0048.uasset" 9312
"../../../Engine/Content/EngineMaterials/Substrate/Glints2/dict_0004_0051.uasset" 9313
"../../../Engine/Content/EngineMaterials/Substrate/Glints2/dict_0004_0050.uasset" 9314
"../../../Engine/Content/EngineMaterials/Substrate/Glints2/dict_0004_0054.uasset" 9315
"../../../Engine/Content/EngineMaterials/Substrate/Glints2/dict_0004_0053.uasset" 9316
"../../../Engine/Content/EngineMaterials/Substrate/Glints2/dict_0004_0055.uasset" 9317
"../../../Engine/Content/EngineMaterials/Substrate/Glints2/dict_0004_0056.uasset" 9318
"../../../Engine/Content/EngineMaterials/Substrate/Glints2/dict_0004_0052.uasset" 9319
"../../../Engine/Content/EngineMaterials/Substrate/Glints2/dict_0004_0057.uasset" 9320
"../../../Engine/Content/EngineMaterials/Substrate/Glints2/dict_0004_0058.uasset" 9321
"../../../Engine/Content/EngineMaterials/Substrate/Glints2/dict_0004_0060.uasset" 9322
"../../../Engine/Content/EngineMaterials/Substrate/Glints2/dict_0004_0059.uasset" 9323
"/Engine/EngineMaterials/Substrate/Glints2/dict_0004_0041" 9324
"/Engine/EngineMaterials/Substrate/Glints2/dict_0004_0040" 9325
"/Engine/EngineMaterials/Substrate/Glints2/dict_0004_0039" 9326
"/Engine/EngineMaterials/Substrate/Glints2/dict_0004_0038" 9327
"/Engine/EngineMaterials/Substrate/Glints2/dict_0004_0037" 9328
"/Engine/EngineMaterials/Substrate/Glints2/dict_0004_0036" 9329
"/Engine/EngineMaterials/Substrate/Glints2/dict_0004_0035" 9330
"/Engine/EngineMaterials/Substrate/Glints2/dict_0004_0034" 9331
"/Engine/EngineMaterials/Substrate/Glints2/dict_0004_0033" 9332
"/Engine/EngineMaterials/Substrate/Glints2/dict_0004_0032" 9333
"/Engine/EngineMaterials/Substrate/Glints2/dict_0004_0031" 9334
"/Engine/EngineMaterials/Substrate/Glints2/dict_0004_0030" 9335
"/Engine/EngineMaterials/Substrate/Glints2/dict_0004_0029" 9336
"/Engine/EngineMaterials/Substrate/Glints2/dict_0004_0060" 9337
"../../../Engine/Content/EngineMaterials/Substrate/Glints2/dict_0004_0061.uasset" 9338
"../../../Engine/Content/EngineMaterials/Substrate/Glints2/dict_0004_0062.uasset" 9339
"/Engine/EngineMaterials/Substrate/Glints2/dict_0004_0059" 9340
"../../../Engine/Content/EngineMaterials/Substrate/Glints2/dict_0004_0063.uasset" 9341
"../../../Engine/Content/EngineMaterials/Substrate/Glints2/dict_0004_0064.uasset" 9342
"../../../Engine/Content/EngineMaterials/Substrate/Glints2/dict_0004_0065.uasset" 9343
"../../../Engine/Content/EngineMaterials/Substrate/Glints2/dict_0004_0068.uasset" 9344
"../../../Engine/Content/EngineMaterials/Substrate/Glints2/dict_0004_0070.uasset" 9345
"../../../Engine/Content/EngineMaterials/Substrate/Glints2/dict_0004_0069.uasset" 9346
"../../../Engine/Content/EngineMaterials/Substrate/Glints2/dict_0004_0066.uasset" 9347
"../../../Engine/Content/EngineMaterials/Substrate/Glints2/dict_0004_0073.uasset" 9348
"../../../Engine/Content/EngineMaterials/Substrate/Glints2/dict_0004_0075.uasset" 9349
"../../../Engine/Content/EngineMaterials/Substrate/Glints2/dict_0004_0071.uasset" 9350
"../../../Engine/Content/EngineMaterials/Substrate/Glints2/dict_0004_0074.uasset" 9351
"../../../Engine/Content/EngineMaterials/Substrate/Glints2/dict_0004_0067.uasset" 9352
"../../../Engine/Content/EngineMaterials/Substrate/Glints2/dict_0004_0072.uasset" 9353
"/Engine/EngineMaterials/Substrate/Glints2/dict_0004_0058" 9354
"/Engine/EngineMaterials/Substrate/Glints2/dict_0004_0057" 9355
"/Engine/EngineMaterials/Substrate/Glints2/dict_0004_0056" 9356
"/Engine/EngineMaterials/Substrate/Glints2/dict_0004_0055" 9357
"/Engine/EngineMaterials/Substrate/Glints2/dict_0004_0054" 9358
"/Engine/EngineMaterials/Substrate/Glints2/dict_0004_0053" 9359
"/Engine/EngineMaterials/Substrate/Glints2/dict_0004_0052" 9360
"/Engine/EngineMaterials/Substrate/Glints2/dict_0004_0051" 9361
"/Engine/EngineMaterials/Substrate/Glints2/dict_0004_0050" 9362
"/Engine/EngineMaterials/Substrate/Glints2/dict_0004_0049" 9363
"/Engine/EngineMaterials/Substrate/Glints2/dict_0004_0048" 9364
"/Engine/EngineMaterials/Substrate/Glints2/dict_0004_0047" 9365
"/Engine/EngineMaterials/Substrate/Glints2/dict_0004_0046" 9366
"/Engine/EngineMaterials/Substrate/Glints2/dict_0004_0045" 9367
"/Engine/EngineMaterials/Substrate/Glints2/dict_0004_0044" 9368
"/Engine/EngineMaterials/Substrate/Glints2/dict_0004_0075" 9369
"../../../Engine/Content/EngineMaterials/Substrate/Glints2/dict_0004_0076.uasset" 9370
"../../../Engine/Content/EngineMaterials/Substrate/Glints2/dict_0004_0077.uasset" 9371
"../../../Engine/Content/EngineMaterials/Substrate/Glints2/dict_0004_0078.uasset" 9372
"/Engine/EngineMaterials/Substrate/Glints2/dict_0004_0074" 9373
"../../../Engine/Content/EngineMaterials/Substrate/Glints2/dict_0004_0079.uasset" 9374
"../../../Engine/Content/EngineMaterials/Substrate/Glints2/dict_0004_0082.uasset" 9375
"../../../Engine/Content/EngineMaterials/Substrate/Glints2/dict_0004_0081.uasset" 9376
"../../../Engine/Content/EngineMaterials/Substrate/Glints2/dict_0004_0087.uasset" 9377
"../../../Engine/Content/EngineMaterials/Substrate/Glints2/dict_0004_0083.uasset" 9378
"../../../Engine/Content/EngineMaterials/Substrate/Glints2/dict_0004_0088.uasset" 9379
"../../../Engine/Content/EngineMaterials/Substrate/Glints2/dict_0004_0085.uasset" 9380
"../../../Engine/Content/EngineMaterials/Substrate/Glints2/dict_0004_0089.uasset" 9381
"../../../Engine/Content/EngineMaterials/Substrate/Glints2/dict_0004_0091.uasset" 9382
"../../../Engine/Content/EngineMaterials/Substrate/Glints2/dict_0004_0080.uasset" 9383
"../../../Engine/Content/EngineMaterials/Substrate/Glints2/dict_0004_0090.uasset" 9384
"../../../Engine/Content/EngineMaterials/Substrate/Glints2/dict_0004_0092.uasset" 9385
"../../../Engine/Content/EngineMaterials/Substrate/Glints2/dict_0004_0084.uasset" 9386
"../../../Engine/Content/EngineMaterials/Substrate/Glints2/dict_0004_0086.uasset" 9387
"/Engine/EngineMaterials/Substrate/Glints2/dict_0004_0073" 9388
"/Engine/EngineMaterials/Substrate/Glints2/dict_0004_0072" 9389
"/Engine/EngineMaterials/Substrate/Glints2/dict_0004_0071" 9390
"/Engine/EngineMaterials/Substrate/Glints2/dict_0004_0070" 9391
"/Engine/EngineMaterials/Substrate/Glints2/dict_0004_0069" 9392
"/Engine/EngineMaterials/Substrate/Glints2/dict_0004_0068" 9393
"/Engine/EngineMaterials/Substrate/Glints2/dict_0004_0067" 9394
"/Engine/EngineMaterials/Substrate/Glints2/dict_0004_0066" 9395
"/Engine/EngineMaterials/Substrate/Glints2/dict_0004_0065" 9396
"/Engine/EngineMaterials/Substrate/Glints2/dict_0004_0064" 9397
"/Engine/EngineMaterials/Substrate/Glints2/dict_0004_0063" 9398
"/Engine/EngineMaterials/Substrate/Glints2/dict_0004_0062" 9399
"/Engine/EngineMaterials/Substrate/Glints2/dict_0004_0061" 9400
"/Engine/EngineMaterials/Substrate/Glints2/dict_0004_0092" 9401
"../../../Engine/Content/EngineMaterials/Substrate/Glints2/dict_0004_0093.uasset" 9402
"../../../Engine/Content/EngineMaterials/Substrate/Glints2/dict_0004_0094.uasset" 9403
"/Engine/EngineMaterials/Substrate/Glints2/dict_0004_0091" 9404
"../../../Engine/Content/EngineMaterials/Substrate/Glints2/dict_0004_0095.uasset" 9405
"../../../Engine/Content/EngineMaterials/Substrate/Glints2/dict_0004_0096.uasset" 9406
"../../../Engine/Content/EngineMaterials/Substrate/Glints2/dict_0004_0097.uasset" 9407
"../../../Engine/Content/EngineMaterials/Substrate/Glints2/dict_0004_0100.uasset" 9408
"../../../Engine/Content/EngineMaterials/Substrate/Glints2/dict_0004_0102.uasset" 9409
"../../../Engine/Content/EngineMaterials/Substrate/Glints2/dict_0004_0099.uasset" 9410
"../../../Engine/Content/EngineMaterials/Substrate/Glints2/dict_0004_0106.uasset" 9411
"../../../Engine/Content/EngineMaterials/Substrate/Glints2/dict_0004_0107.uasset" 9412
"../../../Engine/Content/EngineMaterials/Substrate/Glints2/dict_0004_0103.uasset" 9413
"../../../Engine/Content/EngineMaterials/Substrate/Glints2/dict_0004_0098.uasset" 9414
"../../../Engine/Content/EngineMaterials/Substrate/Glints2/dict_0004_0104.uasset" 9415
"../../../Engine/Content/EngineMaterials/Substrate/Glints2/dict_0004_0105.uasset" 9416
"../../../Engine/Content/EngineMaterials/Substrate/Glints2/dict_0004_0101.uasset" 9417
"/Engine/EngineMaterials/Substrate/Glints2/dict_0004_0090" 9418
"/Engine/EngineMaterials/Substrate/Glints2/dict_0004_0089" 9419
"/Engine/EngineMaterials/Substrate/Glints2/dict_0004_0088" 9420
"/Engine/EngineMaterials/Substrate/Glints2/dict_0004_0087" 9421
"/Engine/EngineMaterials/Substrate/Glints2/dict_0004_0086" 9422
"/Engine/EngineMaterials/Substrate/Glints2/dict_0004_0085" 9423
"/Engine/EngineMaterials/Substrate/Glints2/dict_0004_0084" 9424
"/Engine/EngineMaterials/Substrate/Glints2/dict_0004_0083" 9425
"/Engine/EngineMaterials/Substrate/Glints2/dict_0004_0082" 9426
"/Engine/EngineMaterials/Substrate/Glints2/dict_0004_0081" 9427
"/Engine/EngineMaterials/Substrate/Glints2/dict_0004_0080" 9428
"/Engine/EngineMaterials/Substrate/Glints2/dict_0004_0079" 9429
"/Engine/EngineMaterials/Substrate/Glints2/dict_0004_0078" 9430
"/Engine/EngineMaterials/Substrate/Glints2/dict_0004_0077" 9431
"/Engine/EngineMaterials/Substrate/Glints2/dict_0004_0076" 9432
"/Engine/EngineMaterials/Substrate/Glints2/dict_0004_0107" 9433
"../../../Engine/Content/EngineMaterials/Substrate/Glints2/dict_0004_0108.uasset" 9434
"../../../Engine/Content/EngineMaterials/Substrate/Glints2/dict_0004_0109.uasset" 9435
"../../../Engine/Content/EngineMaterials/Substrate/Glints2/dict_0004_0110.uasset" 9436
"../../../Engine/Content/EngineMaterials/Substrate/Glints2/dict_0004_0111.uasset" 9437
"../../../Engine/Content/EngineMaterials/Substrate/Glints2/dict_0004_0112.uasset" 9438
"../../../Engine/Content/EngineMaterials/Substrate/Glints2/dict_0004_0113.uasset" 9439
"../../../Engine/Content/EngineMaterials/Substrate/Glints2/dict_0004_0115.uasset" 9440
"../../../Engine/Content/EngineMaterials/Substrate/Glints2/dict_0004_0119.uasset" 9441
"../../../Engine/Content/EngineMaterials/Substrate/Glints2/dict_0004_0118.uasset" 9442
"/Engine/EngineMaterials/Substrate/Glints2/dict_0004_0106" 9443
"../../../Engine/Content/EngineMaterials/Substrate/Glints2/dict_0004_0116.uasset" 9444
"../../../Engine/Content/EngineMaterials/Substrate/Glints2/dict_0004_0117.uasset" 9445
"../../../Engine/Content/EngineMaterials/Substrate/Glints2/dict_0004_0114.uasset" 9446
"../../../Engine/Content/EngineMaterials/Substrate/Glints2/dict_0004_0120.uasset" 9447
"../../../Engine/Content/EngineMaterials/Substrate/Glints2/dict_0004_0121.uasset" 9448
"../../../Engine/Content/EngineMaterials/Substrate/Glints2/dict_0004_0123.uasset" 9449
"../../../Engine/Content/EngineMaterials/Substrate/Glints2/dict_0004_0122.uasset" 9450
"../../../Engine/Content/EngineMaterials/Substrate/Glints2/dict_0004_0124.uasset" 9451
"/Engine/EngineMaterials/Substrate/Glints2/dict_0004_0105" 9452
"/Engine/EngineMaterials/Substrate/Glints2/dict_0004_0104" 9453
"/Engine/EngineMaterials/Substrate/Glints2/dict_0004_0103" 9454
"/Engine/EngineMaterials/Substrate/Glints2/dict_0004_0102" 9455
"/Engine/EngineMaterials/Substrate/Glints2/dict_0004_0101" 9456
"/Engine/EngineMaterials/Substrate/Glints2/dict_0004_0100" 9457
"/Engine/EngineMaterials/Substrate/Glints2/dict_0004_0099" 9458
"/Engine/EngineMaterials/Substrate/Glints2/dict_0004_0098" 9459
"/Engine/EngineMaterials/Substrate/Glints2/dict_0004_0097" 9460
"/Engine/EngineMaterials/Substrate/Glints2/dict_0004_0096" 9461
"/Engine/EngineMaterials/Substrate/Glints2/dict_0004_0095" 9462
"/Engine/EngineMaterials/Substrate/Glints2/dict_0004_0094" 9463
"/Engine/EngineMaterials/Substrate/Glints2/dict_0004_0093" 9464
"/Engine/EngineMaterials/Substrate/Glints2/dict_0004_0124" 9465
"../../../Engine/Content/EngineMaterials/Substrate/Glints2/dict_0004_0125.uasset" 9466
"../../../Engine/Content/EngineMaterials/Substrate/Glints2/dict_0004_0126.uasset" 9467
"/Engine/EngineMaterials/Substrate/Glints2/dict_0004_0123" 9468
"../../../Engine/Content/EngineMaterials/Substrate/Glints2/dict_0004_0127.uasset" 9469
"../../../Engine/Content/EngineMaterials/Substrate/Glints2/dict_0004_0128.uasset" 9470
"../../../Engine/Content/EngineMaterials/Substrate/Glints2/dict_0004_0129.uasset" 9471
"../../../Engine/Content/EngineMaterials/Substrate/Glints2/dict_0004_0130.uasset" 9472
"../../../Engine/Content/EngineMaterials/Substrate/Glints2/dict_0004_0131.uasset" 9473
"../../../Engine/Content/EngineMaterials/Substrate/Glints2/dict_0004_0132.uasset" 9474
"../../../Engine/Content/EngineMaterials/Substrate/Glints2/dict_0004_0134.uasset" 9475
"../../../Engine/Content/EngineMaterials/Substrate/Glints2/dict_0004_0136.uasset" 9476
"../../../Engine/Content/EngineMaterials/Substrate/Glints2/dict_0004_0133.uasset" 9477
"../../../Engine/Content/EngineMaterials/Substrate/Glints2/dict_0004_0138.uasset" 9478
"../../../Engine/Content/EngineMaterials/Substrate/Glints2/dict_0004_0139.uasset" 9479
"../../../Engine/Content/EngineMaterials/Substrate/Glints2/dict_0004_0135.uasset" 9480
"../../../Engine/Content/EngineMaterials/Substrate/Glints2/dict_0004_0137.uasset" 9481
"/Engine/EngineMaterials/Substrate/Glints2/dict_0004_0122" 9482
"/Engine/EngineMaterials/Substrate/Glints2/dict_0004_0121" 9483
"/Engine/EngineMaterials/Substrate/Glints2/dict_0004_0120" 9484
"/Engine/EngineMaterials/Substrate/Glints2/dict_0004_0119" 9485
"/Engine/EngineMaterials/Substrate/Glints2/dict_0004_0118" 9486
"/Engine/EngineMaterials/Substrate/Glints2/dict_0004_0117" 9487
"/Engine/EngineMaterials/Substrate/Glints2/dict_0004_0116" 9488
"/Engine/EngineMaterials/Substrate/Glints2/dict_0004_0115" 9489
"/Engine/EngineMaterials/Substrate/Glints2/dict_0004_0114" 9490
"/Engine/EngineMaterials/Substrate/Glints2/dict_0004_0113" 9491
"/Engine/EngineMaterials/Substrate/Glints2/dict_0004_0112" 9492
"/Engine/EngineMaterials/Substrate/Glints2/dict_0004_0111" 9493
"/Engine/EngineMaterials/Substrate/Glints2/dict_0004_0110" 9494
"/Engine/EngineMaterials/Substrate/Glints2/dict_0004_0109" 9495
"/Engine/EngineMaterials/Substrate/Glints2/dict_0004_0108" 9496
"/Engine/EngineMaterials/Substrate/Glints2/dict_0004_0139" 9497
"../../../Engine/Content/EngineMaterials/Substrate/Glints2/dict_0004_0140.uasset" 9498
"../../../Engine/Content/EngineMaterials/Substrate/Glints2/dict_0004_0141.uasset" 9499
"../../../Engine/Content/EngineMaterials/Substrate/Glints2/dict_0004_0142.uasset" 9500
"/Engine/EngineMaterials/Substrate/Glints2/dict_0004_0138" 9501
"../../../Engine/Content/EngineMaterials/Substrate/Glints2/dict_0004_0143.uasset" 9502
"../../../Engine/Content/EngineMaterials/Substrate/Glints2/dict_0004_0144.uasset" 9503
"../../../Engine/Content/EngineMaterials/Substrate/Glints2/dict_0004_0149.uasset" 9504
"../../../Engine/Content/EngineMaterials/Substrate/Glints2/dict_0004_0145.uasset" 9505
"../../../Engine/Content/EngineMaterials/Substrate/Glints2/dict_0004_0146.uasset" 9506
"../../../Engine/Content/EngineMaterials/Substrate/Glints2/dict_0004_0150.uasset" 9507
"../../../Engine/Content/EngineMaterials/Substrate/Glints2/dict_0004_0147.uasset" 9508
"../../../Engine/Content/EngineMaterials/Substrate/Glints2/dict_0004_0153.uasset" 9509
"../../../Engine/Content/EngineMaterials/Substrate/Glints2/dict_0004_0151.uasset" 9510
"../../../Engine/Content/EngineMaterials/Substrate/Glints2/dict_0004_0152.uasset" 9511
"../../../Engine/Content/EngineMaterials/Substrate/Glints2/dict_0004_0154.uasset" 9512
"../../../Engine/Content/EngineMaterials/Substrate/Glints2/dict_0004_0148.uasset" 9513
"../../../Engine/Content/EngineMaterials/Substrate/Glints2/dict_0004_0155.uasset" 9514
"../../../Engine/Content/EngineMaterials/Substrate/Glints2/dict_0004_0156.uasset" 9515
"/Engine/EngineMaterials/Substrate/Glints2/dict_0004_0137" 9516
"/Engine/EngineMaterials/Substrate/Glints2/dict_0004_0136" 9517
"/Engine/EngineMaterials/Substrate/Glints2/dict_0004_0135" 9518
"/Engine/EngineMaterials/Substrate/Glints2/dict_0004_0134" 9519
"/Engine/EngineMaterials/Substrate/Glints2/dict_0004_0133" 9520
"/Engine/EngineMaterials/Substrate/Glints2/dict_0004_0132" 9521
"/Engine/EngineMaterials/Substrate/Glints2/dict_0004_0131" 9522
"/Engine/EngineMaterials/Substrate/Glints2/dict_0004_0130" 9523
"/Engine/EngineMaterials/Substrate/Glints2/dict_0004_0129" 9524
"/Engine/EngineMaterials/Substrate/Glints2/dict_0004_0128" 9525
"/Engine/EngineMaterials/Substrate/Glints2/dict_0004_0127" 9526
"/Engine/EngineMaterials/Substrate/Glints2/dict_0004_0126" 9527
"/Engine/EngineMaterials/Substrate/Glints2/dict_0004_0125" 9528
"/Engine/EngineMaterials/Substrate/Glints2/dict_0004_0156" 9529
"../../../Engine/Content/EngineMaterials/Substrate/Glints2/dict_0004_0157.uasset" 9530
"../../../Engine/Content/EngineMaterials/Substrate/Glints2/dict_0004_0158.uasset" 9531
"../../../Engine/Content/EngineMaterials/Substrate/Glints2/dict_0004_0159.uasset" 9532
"../../../Engine/Content/EngineMaterials/Substrate/Glints2/dict_0004_0160.uasset" 9533
"../../../Engine/Content/EngineMaterials/Substrate/Glints2/dict_0004_0161.uasset" 9534
"../../../Engine/Content/EngineMaterials/Substrate/Glints2/dict_0004_0162.uasset" 9535
"/Engine/EngineMaterials/Substrate/Glints2/dict_0004_0155" 9536
"../../../Engine/Content/EngineMaterials/Substrate/Glints2/dict_0004_0167.uasset" 9537
"../../../Engine/Content/EngineMaterials/Substrate/Glints2/dict_0004_0165.uasset" 9538
"../../../Engine/Content/EngineMaterials/Substrate/Glints2/dict_0004_0170.uasset" 9539
"../../../Engine/Content/EngineMaterials/Substrate/Glints2/dict_0004_0166.uasset" 9540
"../../../Engine/Content/EngineMaterials/Substrate/Glints2/dict_0004_0171.uasset" 9541
"../../../Engine/Content/EngineMaterials/Substrate/Glints2/dict_0004_0163.uasset" 9542
"../../../Engine/Content/EngineMaterials/Substrate/Glints2/dict_0004_0168.uasset" 9543
"../../../Engine/Content/EngineMaterials/Substrate/Glints2/dict_0004_0164.uasset" 9544
"../../../Engine/Content/EngineMaterials/Substrate/Glints2/dict_0004_0169.uasset" 9545
"/Engine/EngineMaterials/Substrate/Glints2/dict_0004_0154" 9546
"/Engine/EngineMaterials/Substrate/Glints2/dict_0004_0153" 9547
"/Engine/EngineMaterials/Substrate/Glints2/dict_0004_0152" 9548
"/Engine/EngineMaterials/Substrate/Glints2/dict_0004_0151" 9549
"/Engine/EngineMaterials/Substrate/Glints2/dict_0004_0150" 9550
"/Engine/EngineMaterials/Substrate/Glints2/dict_0004_0149" 9551
"/Engine/EngineMaterials/Substrate/Glints2/dict_0004_0148" 9552
"/Engine/EngineMaterials/Substrate/Glints2/dict_0004_0147" 9553
"/Engine/EngineMaterials/Substrate/Glints2/dict_0004_0146" 9554
"/Engine/EngineMaterials/Substrate/Glints2/dict_0004_0145" 9555
"/Engine/EngineMaterials/Substrate/Glints2/dict_0004_0144" 9556
"/Engine/EngineMaterials/Substrate/Glints2/dict_0004_0143" 9557
"/Engine/EngineMaterials/Substrate/Glints2/dict_0004_0142" 9558
"/Engine/EngineMaterials/Substrate/Glints2/dict_0004_0141" 9559
"/Engine/EngineMaterials/Substrate/Glints2/dict_0004_0140" 9560
"/Engine/EngineMaterials/Substrate/Glints2/dict_0004_0171" 9561
"../../../Engine/Content/EngineMaterials/Substrate/Glints2/dict_0004_0172.uasset" 9562
"../../../Engine/Content/EngineMaterials/Substrate/Glints2/dict_0004_0174.uasset" 9563
"../../../Engine/Content/EngineMaterials/Substrate/Glints2/dict_0004_0173.uasset" 9564
"../../../Engine/Content/EngineMaterials/Substrate/Glints2/dict_0004_0175.uasset" 9565
"/Engine/EngineMaterials/Substrate/Glints2/dict_0004_0170" 9566
"../../../Engine/Content/EngineMaterials/Substrate/Glints2/dict_0004_0178.uasset" 9567
"../../../Engine/Content/EngineMaterials/Substrate/Glints2/dict_0004_0181.uasset" 9568
"../../../Engine/Content/EngineMaterials/Substrate/Glints2/dict_0004_0179.uasset" 9569
"../../../Engine/Content/EngineMaterials/Substrate/Glints2/dict_0004_0184.uasset" 9570
"../../../Engine/Content/EngineMaterials/Substrate/Glints2/dict_0004_0180.uasset" 9571
"../../../Engine/Content/EngineMaterials/Substrate/Glints2/dict_0004_0182.uasset" 9572
"../../../Engine/Content/EngineMaterials/Substrate/Glints2/dict_0004_0183.uasset" 9573
"../../../Engine/Content/EngineMaterials/Substrate/Glints2/dict_0004_0176.uasset" 9574
"../../../Engine/Content/EngineMaterials/Substrate/Glints2/dict_0004_0185.uasset" 9575
"../../../Engine/Content/EngineMaterials/Substrate/Glints2/dict_0004_0177.uasset" 9576
"../../../Engine/Content/EngineMaterials/Substrate/Glints2/dict_0004_0187.uasset" 9577
"../../../Engine/Content/EngineMaterials/Substrate/Glints2/dict_0004_0188.uasset" 9578
"../../../Engine/Content/EngineMaterials/Substrate/Glints2/dict_0004_0186.uasset" 9579
"/Engine/EngineMaterials/Substrate/Glints2/dict_0004_0169" 9580
"/Engine/EngineMaterials/Substrate/Glints2/dict_0004_0168" 9581
"/Engine/EngineMaterials/Substrate/Glints2/dict_0004_0167" 9582
"/Engine/EngineMaterials/Substrate/Glints2/dict_0004_0166" 9583
"/Engine/EngineMaterials/Substrate/Glints2/dict_0004_0165" 9584
"/Engine/EngineMaterials/Substrate/Glints2/dict_0004_0164" 9585
"/Engine/EngineMaterials/Substrate/Glints2/dict_0004_0163" 9586
"/Engine/EngineMaterials/Substrate/Glints2/dict_0004_0162" 9587
"/Engine/EngineMaterials/Substrate/Glints2/dict_0004_0161" 9588
"/Engine/EngineMaterials/Substrate/Glints2/dict_0004_0160" 9589
"/Engine/EngineMaterials/Substrate/Glints2/dict_0004_0159" 9590
"/Engine/EngineMaterials/Substrate/Glints2/dict_0004_0158" 9591
"/Engine/EngineMaterials/Substrate/Glints2/dict_0004_0157" 9592
"/Engine/EngineMaterials/Substrate/Glints2/dict_0004_0188" 9593
"../../../Engine/Content/EngineMaterials/Substrate/Glints2/dict_0004_0189.uasset" 9594
"../../../Engine/Content/EngineMaterials/Substrate/Glints2/dict_0004_0190.uasset" 9595
"../../../Engine/Content/EngineMaterials/Substrate/Glints2/dict_0004_0191.uasset" 9596
"../../../Engine/Content/EngineMaterials/Substrate/Glints2/dict_0004_0193.uasset" 9597
"../../../Engine/Content/EngineMaterials/Substrate/Glints2/dict_0004_0198.uasset" 9598
"../../../Engine/Content/EngineMaterials/Substrate/Glints2/dict_0004_0192.uasset" 9599
"../../../Engine/Content/EngineMaterials/Substrate/Glints2/dict_0004_0197.uasset" 9600
"../../../Engine/Content/EngineMaterials/Substrate/Glints2/dict_0004_0203.uasset" 9601
"../../../Engine/Content/EngineMaterials/Substrate/Glints2/dict_0004_0194.uasset" 9602
"../../../Engine/Content/EngineMaterials/Substrate/Glints2/dict_0004_0196.uasset" 9603
"../../../Engine/Content/EngineMaterials/Substrate/Glints2/dict_0004_0195.uasset" 9604
"../../../Engine/Content/EngineMaterials/Substrate/Glints2/dict_0004_0200.uasset" 9605
"/Engine/EngineMaterials/Substrate/Glints2/dict_0004_0187" 9606
"../../../Engine/Content/EngineMaterials/Substrate/Glints2/dict_0004_0199.uasset" 9607
"../../../Engine/Content/EngineMaterials/Substrate/Glints2/dict_0004_0201.uasset" 9608
"../../../Engine/Content/EngineMaterials/Substrate/Glints2/dict_0004_0202.uasset" 9609
"/Engine/EngineMaterials/Substrate/Glints2/dict_0004_0186" 9610
"/Engine/EngineMaterials/Substrate/Glints2/dict_0004_0185" 9611
"/Engine/EngineMaterials/Substrate/Glints2/dict_0004_0184" 9612
"/Engine/EngineMaterials/Substrate/Glints2/dict_0004_0183" 9613
"/Engine/EngineMaterials/Substrate/Glints2/dict_0004_0182" 9614
"/Engine/EngineMaterials/Substrate/Glints2/dict_0004_0181" 9615
"/Engine/EngineMaterials/Substrate/Glints2/dict_0004_0180" 9616
"/Engine/EngineMaterials/Substrate/Glints2/dict_0004_0179" 9617
"/Engine/EngineMaterials/Substrate/Glints2/dict_0004_0178" 9618
"/Engine/EngineMaterials/Substrate/Glints2/dict_0004_0177" 9619
"/Engine/EngineMaterials/Substrate/Glints2/dict_0004_0176" 9620
"/Engine/EngineMaterials/Substrate/Glints2/dict_0004_0175" 9621
"/Engine/EngineMaterials/Substrate/Glints2/dict_0004_0174" 9622
"/Engine/EngineMaterials/Substrate/Glints2/dict_0004_0173" 9623
"/Engine/EngineMaterials/Substrate/Glints2/dict_0004_0172" 9624
"/Engine/EngineMaterials/Substrate/Glints2/dict_0004_0203" 9625
"../../../Engine/Content/EngineMaterials/Substrate/Glints2/dict_0004_0205.uasset" 9626
"../../../Engine/Content/EngineMaterials/Substrate/Glints2/dict_0004_0204.uasset" 9627
"../../../Engine/Content/EngineMaterials/Substrate/Glints2/dict_0004_0206.uasset" 9628
"../../../Engine/Content/EngineMaterials/Substrate/Glints2/dict_0004_0208.uasset" 9629
"../../../Engine/Content/EngineMaterials/Substrate/Glints2/dict_0004_0207.uasset" 9630
"../../../Engine/Content/EngineMaterials/Substrate/Glints2/dict_0004_0210.uasset" 9631
"../../../Engine/Content/EngineMaterials/Substrate/Glints2/dict_0004_0209.uasset" 9632
"../../../Engine/Content/EngineMaterials/Substrate/Glints2/dict_0004_0212.uasset" 9633
"../../../Engine/Content/EngineMaterials/Substrate/Glints2/dict_0004_0214.uasset" 9634
"../../../Engine/Content/EngineMaterials/Substrate/Glints2/dict_0004_0213.uasset" 9635
"../../../Engine/Content/EngineMaterials/Substrate/Glints2/dict_0004_0211.uasset" 9636
"../../../Engine/Content/EngineMaterials/Substrate/Glints2/dict_0004_0216.uasset" 9637
"../../../Engine/Content/EngineMaterials/Substrate/Glints2/dict_0004_0215.uasset" 9638
"/Engine/EngineMaterials/Substrate/Glints2/dict_0004_0202" 9639
"../../../Engine/Content/EngineMaterials/Substrate/Glints2/dict_0004_0217.uasset" 9640
"../../../Engine/Content/EngineMaterials/Substrate/Glints2/dict_0004_0218.uasset" 9641
"../../../Engine/Content/EngineMaterials/Substrate/Glints2/dict_0004_0219.uasset" 9642
"../../../Engine/Content/EngineMaterials/Substrate/Glints2/dict_0004_0220.uasset" 9643
"/Engine/EngineMaterials/Substrate/Glints2/dict_0004_0201" 9644
"/Engine/EngineMaterials/Substrate/Glints2/dict_0004_0200" 9645
"/Engine/EngineMaterials/Substrate/Glints2/dict_0004_0199" 9646
"/Engine/EngineMaterials/Substrate/Glints2/dict_0004_0198" 9647
"/Engine/EngineMaterials/Substrate/Glints2/dict_0004_0197" 9648
"/Engine/EngineMaterials/Substrate/Glints2/dict_0004_0196" 9649
"/Engine/EngineMaterials/Substrate/Glints2/dict_0004_0195" 9650
"/Engine/EngineMaterials/Substrate/Glints2/dict_0004_0194" 9651
"/Engine/EngineMaterials/Substrate/Glints2/dict_0004_0193" 9652
"/Engine/EngineMaterials/Substrate/Glints2/dict_0004_0192" 9653
"/Engine/EngineMaterials/Substrate/Glints2/dict_0004_0191" 9654
"/Engine/EngineMaterials/Substrate/Glints2/dict_0004_0190" 9655
"/Engine/EngineMaterials/Substrate/Glints2/dict_0004_0189" 9656
"/Engine/EngineMaterials/Substrate/Glints2/dict_0004_0220" 9657
"../../../Engine/Content/EngineMaterials/Substrate/Glints2/dict_0004_0222.uasset" 9658
"../../../Engine/Content/EngineMaterials/Substrate/Glints2/dict_0004_0221.uasset" 9659
"../../../Engine/Content/EngineMaterials/Substrate/Glints2/dict_0004_0223.uasset" 9660
"../../../Engine/Content/EngineMaterials/Substrate/Glints2/dict_0004_0225.uasset" 9661
"/Engine/EngineMaterials/Substrate/Glints2/dict_0004_0219" 9662
"../../../Engine/Content/EngineMaterials/Substrate/Glints2/dict_0004_0224.uasset" 9663
"../../../Engine/Content/EngineMaterials/Substrate/Glints2/dict_0004_0228.uasset" 9664
"../../../Engine/Content/EngineMaterials/Substrate/Glints2/dict_0004_0226.uasset" 9665
"../../../Engine/Content/EngineMaterials/Substrate/Glints2/dict_0004_0230.uasset" 9666
"../../../Engine/Content/EngineMaterials/Substrate/Glints2/dict_0004_0234.uasset" 9667
"../../../Engine/Content/EngineMaterials/Substrate/Glints2/dict_0004_0227.uasset" 9668
"../../../Engine/Content/EngineMaterials/Substrate/Glints2/dict_0004_0232.uasset" 9669
"../../../Engine/Content/EngineMaterials/Substrate/Glints2/dict_0004_0233.uasset" 9670
"../../../Engine/Content/EngineMaterials/Substrate/Glints2/dict_0004_0229.uasset" 9671
"../../../Engine/Content/EngineMaterials/Substrate/Glints2/dict_0004_0231.uasset" 9672
"../../../Engine/Content/EngineMaterials/Substrate/Glints2/dict_0004_0235.uasset" 9673
"/Engine/EngineMaterials/Substrate/Glints2/dict_0004_0218" 9674
"/Engine/EngineMaterials/Substrate/Glints2/dict_0004_0217" 9675
"/Engine/EngineMaterials/Substrate/Glints2/dict_0004_0216" 9676
"/Engine/EngineMaterials/Substrate/Glints2/dict_0004_0215" 9677
"/Engine/EngineMaterials/Substrate/Glints2/dict_0004_0214" 9678
"/Engine/EngineMaterials/Substrate/Glints2/dict_0004_0213" 9679
"/Engine/EngineMaterials/Substrate/Glints2/dict_0004_0212" 9680
"/Engine/EngineMaterials/Substrate/Glints2/dict_0004_0211" 9681
"/Engine/EngineMaterials/Substrate/Glints2/dict_0004_0210" 9682
"/Engine/EngineMaterials/Substrate/Glints2/dict_0004_0209" 9683
"/Engine/EngineMaterials/Substrate/Glints2/dict_0004_0208" 9684
"/Engine/EngineMaterials/Substrate/Glints2/dict_0004_0207" 9685
"/Engine/EngineMaterials/Substrate/Glints2/dict_0004_0206" 9686
"/Engine/EngineMaterials/Substrate/Glints2/dict_0004_0205" 9687
"/Engine/EngineMaterials/Substrate/Glints2/dict_0004_0204" 9688
"/Engine/EngineMaterials/Substrate/Glints2/dict_0004_0235" 9689
"../../../Engine/Content/EngineMaterials/Substrate/Glints2/dict_0004_0236.uasset" 9690
"../../../Engine/Content/EngineMaterials/Substrate/Glints2/dict_0004_0237.uasset" 9691
"../../../Engine/Content/EngineMaterials/Substrate/Glints2/dict_0004_0238.uasset" 9692
"../../../Engine/Content/EngineMaterials/Substrate/Glints2/dict_0004_0239.uasset" 9693
"../../../Engine/Content/EngineMaterials/Substrate/Glints2/dict_0004_0240.uasset" 9694
"../../../Engine/Content/EngineMaterials/Substrate/Glints2/dict_0004_0242.uasset" 9695
"/Engine/EngineMaterials/Substrate/Glints2/dict_0004_0234" 9696
"../../../Engine/Content/EngineMaterials/Substrate/Glints2/dict_0004_0243.uasset" 9697
"../../../Engine/Content/EngineMaterials/Substrate/Glints2/dict_0004_0248.uasset" 9698
"../../../Engine/Content/EngineMaterials/Substrate/Glints2/dict_0004_0241.uasset" 9699
"../../../Engine/Content/EngineMaterials/Substrate/Glints2/dict_0004_0245.uasset" 9700
"../../../Engine/Content/EngineMaterials/Substrate/Glints2/dict_0004_0244.uasset" 9701
"../../../Engine/Content/EngineMaterials/Substrate/Glints2/dict_0004_0249.uasset" 9702
"../../../Engine/Content/EngineMaterials/Substrate/Glints2/dict_0004_0247.uasset" 9703
"../../../Engine/Content/EngineMaterials/Substrate/Glints2/dict_0004_0246.uasset" 9704
"../../../Engine/Content/EngineMaterials/Substrate/Glints2/dict_0004_0250.uasset" 9705
"../../../Engine/Content/EngineMaterials/Substrate/Glints2/dict_0004_0252.uasset" 9706
"../../../Engine/Content/EngineMaterials/Substrate/Glints2/dict_0004_0251.uasset" 9707
"/Engine/EngineMaterials/Substrate/Glints2/dict_0004_0233" 9708
"/Engine/EngineMaterials/Substrate/Glints2/dict_0004_0232" 9709
"/Engine/EngineMaterials/Substrate/Glints2/dict_0004_0231" 9710
"/Engine/EngineMaterials/Substrate/Glints2/dict_0004_0230" 9711
"/Engine/EngineMaterials/Substrate/Glints2/dict_0004_0229" 9712
"/Engine/EngineMaterials/Substrate/Glints2/dict_0004_0228" 9713
"/Engine/EngineMaterials/Substrate/Glints2/dict_0004_0227" 9714
"/Engine/EngineMaterials/Substrate/Glints2/dict_0004_0226" 9715
"/Engine/EngineMaterials/Substrate/Glints2/dict_0004_0225" 9716
"/Engine/EngineMaterials/Substrate/Glints2/dict_0004_0224" 9717
"/Engine/EngineMaterials/Substrate/Glints2/dict_0004_0223" 9718
"/Engine/EngineMaterials/Substrate/Glints2/dict_0004_0222" 9719
"/Engine/EngineMaterials/Substrate/Glints2/dict_0004_0221" 9720
"/Engine/EngineMaterials/Substrate/Glints2/dict_0004_0252" 9721
"../../../Engine/Content/EngineMaterials/Substrate/Glints2/dict_0004_0253.uasset" 9722
"../../../Engine/Content/EngineMaterials/Substrate/Glints2/dict_0004_0255.uasset" 9723
"../../../Engine/Content/EngineMaterials/Substrate/Glints2/dict_0004_0254.uasset" 9724
"../../../Engine/Content/EngineMaterials/Substrate/Glints2/dict_0005_0000.uasset" 9725
"/Engine/EngineMaterials/Substrate/Glints2/dict_0004_0251" 9726
"../../../Engine/Content/EngineMaterials/Substrate/Glints2/dict_0005_0007.uasset" 9727
"../../../Engine/Content/EngineMaterials/Substrate/Glints2/dict_0005_0009.uasset" 9728
"../../../Engine/Content/EngineMaterials/Substrate/Glints2/dict_0005_0010.uasset" 9729
"../../../Engine/Content/EngineMaterials/Substrate/Glints2/dict_0005_0005.uasset" 9730
"../../../Engine/Content/EngineMaterials/Substrate/Glints2/dict_0005_0011.uasset" 9731
"../../../Engine/Content/EngineMaterials/Substrate/Glints2/dict_0005_0003.uasset" 9732
"../../../Engine/Content/EngineMaterials/Substrate/Glints2/dict_0005_0008.uasset" 9733
"../../../Engine/Content/EngineMaterials/Substrate/Glints2/dict_0005_0004.uasset" 9734
"../../../Engine/Content/EngineMaterials/Substrate/Glints2/dict_0005_0006.uasset" 9735
"../../../Engine/Content/EngineMaterials/Substrate/Glints2/dict_0005_0001.uasset" 9736
"../../../Engine/Content/EngineMaterials/Substrate/Glints2/dict_0005_0002.uasset" 9737
"/Engine/EngineMaterials/Substrate/Glints2/dict_0004_0250" 9738
"/Engine/EngineMaterials/Substrate/Glints2/dict_0004_0249" 9739
"/Engine/EngineMaterials/Substrate/Glints2/dict_0004_0248" 9740
"/Engine/EngineMaterials/Substrate/Glints2/dict_0004_0247" 9741
"/Engine/EngineMaterials/Substrate/Glints2/dict_0004_0246" 9742
"/Engine/EngineMaterials/Substrate/Glints2/dict_0004_0245" 9743
"/Engine/EngineMaterials/Substrate/Glints2/dict_0004_0244" 9744
"/Engine/EngineMaterials/Substrate/Glints2/dict_0004_0243" 9745
"/Engine/EngineMaterials/Substrate/Glints2/dict_0004_0242" 9746
"/Engine/EngineMaterials/Substrate/Glints2/dict_0004_0241" 9747
"/Engine/EngineMaterials/Substrate/Glints2/dict_0004_0240" 9748
"/Engine/EngineMaterials/Substrate/Glints2/dict_0004_0239" 9749
"/Engine/EngineMaterials/Substrate/Glints2/dict_0004_0238" 9750
"/Engine/EngineMaterials/Substrate/Glints2/dict_0004_0237" 9751
"/Engine/EngineMaterials/Substrate/Glints2/dict_0004_0236" 9752
"/Engine/EngineMaterials/Substrate/Glints2/dict_0005_0011" 9753
"../../../Engine/Content/EngineMaterials/Substrate/Glints2/dict_0005_0012.uasset" 9754
"/Engine/EngineMaterials/Substrate/Glints2/dict_0005_0010" 9755
"../../../Engine/Content/EngineMaterials/Substrate/Glints2/dict_0005_0013.uasset" 9756
"../../../Engine/Content/EngineMaterials/Substrate/Glints2/dict_0005_0014.uasset" 9757
"../../../Engine/Content/EngineMaterials/Substrate/Glints2/dict_0005_0015.uasset" 9758
"../../../Engine/Content/EngineMaterials/Substrate/Glints2/dict_0005_0016.uasset" 9759
"../../../Engine/Content/EngineMaterials/Substrate/Glints2/dict_0005_0017.uasset" 9760
"../../../Engine/Content/EngineMaterials/Substrate/Glints2/dict_0005_0021.uasset" 9761
"../../../Engine/Content/EngineMaterials/Substrate/Glints2/dict_0005_0018.uasset" 9762
"../../../Engine/Content/EngineMaterials/Substrate/Glints2/dict_0005_0023.uasset" 9763
"../../../Engine/Content/EngineMaterials/Substrate/Glints2/dict_0005_0019.uasset" 9764
"../../../Engine/Content/EngineMaterials/Substrate/Glints2/dict_0005_0020.uasset" 9765
"../../../Engine/Content/EngineMaterials/Substrate/Glints2/dict_0005_0022.uasset" 9766
"../../../Engine/Content/EngineMaterials/Substrate/Glints2/dict_0005_0024.uasset" 9767
"../../../Engine/Content/EngineMaterials/Substrate/Glints2/dict_0005_0027.uasset" 9768
"../../../Engine/Content/EngineMaterials/Substrate/Glints2/dict_0005_0025.uasset" 9769
"../../../Engine/Content/EngineMaterials/Substrate/Glints2/dict_0005_0028.uasset" 9770
"../../../Engine/Content/EngineMaterials/Substrate/Glints2/dict_0005_0026.uasset" 9771
"/Engine/EngineMaterials/Substrate/Glints2/dict_0005_0009" 9772
"/Engine/EngineMaterials/Substrate/Glints2/dict_0005_0008" 9773
"/Engine/EngineMaterials/Substrate/Glints2/dict_0005_0007" 9774
"/Engine/EngineMaterials/Substrate/Glints2/dict_0005_0006" 9775
"/Engine/EngineMaterials/Substrate/Glints2/dict_0005_0005" 9776
"/Engine/EngineMaterials/Substrate/Glints2/dict_0005_0004" 9777
"/Engine/EngineMaterials/Substrate/Glints2/dict_0005_0003" 9778
"/Engine/EngineMaterials/Substrate/Glints2/dict_0005_0002" 9779
"/Engine/EngineMaterials/Substrate/Glints2/dict_0005_0001" 9780
"/Engine/EngineMaterials/Substrate/Glints2/dict_0005_0000" 9781
"/Engine/EngineMaterials/Substrate/Glints2/dict_0004_0255" 9782
"/Engine/EngineMaterials/Substrate/Glints2/dict_0004_0254" 9783
"/Engine/EngineMaterials/Substrate/Glints2/dict_0004_0253" 9784
"/Engine/EngineMaterials/Substrate/Glints2/dict_0005_0028" 9785
"../../../Engine/Content/EngineMaterials/Substrate/Glints2/dict_0005_0029.uasset" 9786
"../../../Engine/Content/EngineMaterials/Substrate/Glints2/dict_0005_0030.uasset" 9787
"../../../Engine/Content/EngineMaterials/Substrate/Glints2/dict_0005_0031.uasset" 9788
"/Engine/EngineMaterials/Substrate/Glints2/dict_0005_0027" 9789
"../../../Engine/Content/EngineMaterials/Substrate/Glints2/dict_0005_0032.uasset" 9790
"../../../Engine/Content/EngineMaterials/Substrate/Glints2/dict_0005_0034.uasset" 9791
"../../../Engine/Content/EngineMaterials/Substrate/Glints2/dict_0005_0036.uasset" 9792
"../../../Engine/Content/EngineMaterials/Substrate/Glints2/dict_0005_0038.uasset" 9793
"../../../Engine/Content/EngineMaterials/Substrate/Glints2/dict_0005_0037.uasset" 9794
"../../../Engine/Content/EngineMaterials/Substrate/Glints2/dict_0005_0039.uasset" 9795
"../../../Engine/Content/EngineMaterials/Substrate/Glints2/dict_0005_0040.uasset" 9796
"../../../Engine/Content/EngineMaterials/Substrate/Glints2/dict_0005_0033.uasset" 9797
"../../../Engine/Content/EngineMaterials/Substrate/Glints2/dict_0005_0041.uasset" 9798
"../../../Engine/Content/EngineMaterials/Substrate/Glints2/dict_0005_0043.uasset" 9799
"../../../Engine/Content/EngineMaterials/Substrate/Glints2/dict_0005_0035.uasset" 9800
"../../../Engine/Content/EngineMaterials/Substrate/Glints2/dict_0005_0042.uasset" 9801
"/Engine/EngineMaterials/Substrate/Glints2/dict_0005_0026" 9802
"/Engine/EngineMaterials/Substrate/Glints2/dict_0005_0025" 9803
"/Engine/EngineMaterials/Substrate/Glints2/dict_0005_0024" 9804
"/Engine/EngineMaterials/Substrate/Glints2/dict_0005_0023" 9805
"/Engine/EngineMaterials/Substrate/Glints2/dict_0005_0022" 9806
"/Engine/EngineMaterials/Substrate/Glints2/dict_0005_0021" 9807
"/Engine/EngineMaterials/Substrate/Glints2/dict_0005_0020" 9808
"/Engine/EngineMaterials/Substrate/Glints2/dict_0005_0019" 9809
"/Engine/EngineMaterials/Substrate/Glints2/dict_0005_0018" 9810
"/Engine/EngineMaterials/Substrate/Glints2/dict_0005_0017" 9811
"/Engine/EngineMaterials/Substrate/Glints2/dict_0005_0016" 9812
"/Engine/EngineMaterials/Substrate/Glints2/dict_0005_0015" 9813
"/Engine/EngineMaterials/Substrate/Glints2/dict_0005_0014" 9814
"/Engine/EngineMaterials/Substrate/Glints2/dict_0005_0013" 9815
"/Engine/EngineMaterials/Substrate/Glints2/dict_0005_0012" 9816
"/Engine/EngineMaterials/Substrate/Glints2/dict_0005_0043" 9817
"../../../Engine/Content/EngineMaterials/Substrate/Glints2/dict_0005_0044.uasset" 9818
"../../../Engine/Content/EngineMaterials/Substrate/Glints2/dict_0005_0045.uasset" 9819
"../../../Engine/Content/EngineMaterials/Substrate/Glints2/dict_0005_0046.uasset" 9820
"../../../Engine/Content/EngineMaterials/Substrate/Glints2/dict_0005_0047.uasset" 9821
"../../../Engine/Content/EngineMaterials/Substrate/Glints2/dict_0005_0049.uasset" 9822
"../../../Engine/Content/EngineMaterials/Substrate/Glints2/dict_0005_0048.uasset" 9823
"../../../Engine/Content/EngineMaterials/Substrate/Glints2/dict_0005_0050.uasset" 9824
"../../../Engine/Content/EngineMaterials/Substrate/Glints2/dict_0005_0054.uasset" 9825
"../../../Engine/Content/EngineMaterials/Substrate/Glints2/dict_0005_0051.uasset" 9826
"../../../Engine/Content/EngineMaterials/Substrate/Glints2/dict_0005_0055.uasset" 9827
"../../../Engine/Content/EngineMaterials/Substrate/Glints2/dict_0005_0052.uasset" 9828
"../../../Engine/Content/EngineMaterials/Substrate/Glints2/dict_0005_0056.uasset" 9829
"../../../Engine/Content/EngineMaterials/Substrate/Glints2/dict_0005_0053.uasset" 9830
"../../../Engine/Content/EngineMaterials/Substrate/Glints2/dict_0005_0059.uasset" 9831
"../../../Engine/Content/EngineMaterials/Substrate/Glints2/dict_0005_0060.uasset" 9832
"../../../Engine/Content/EngineMaterials/Substrate/Glints2/dict_0005_0058.uasset" 9833
"../../../Engine/Content/EngineMaterials/Substrate/Glints2/dict_0005_0057.uasset" 9834
"/Engine/EngineMaterials/Substrate/Glints2/dict_0005_0042" 9835
"/Engine/EngineMaterials/Substrate/Glints2/dict_0005_0041" 9836
"/Engine/EngineMaterials/Substrate/Glints2/dict_0005_0040" 9837
"/Engine/EngineMaterials/Substrate/Glints2/dict_0005_0039" 9838
"/Engine/EngineMaterials/Substrate/Glints2/dict_0005_0038" 9839
"/Engine/EngineMaterials/Substrate/Glints2/dict_0005_0037" 9840
"/Engine/EngineMaterials/Substrate/Glints2/dict_0005_0036" 9841
"/Engine/EngineMaterials/Substrate/Glints2/dict_0005_0035" 9842
"/Engine/EngineMaterials/Substrate/Glints2/dict_0005_0034" 9843
"/Engine/EngineMaterials/Substrate/Glints2/dict_0005_0033" 9844
"/Engine/EngineMaterials/Substrate/Glints2/dict_0005_0032" 9845
"/Engine/EngineMaterials/Substrate/Glints2/dict_0005_0031" 9846
"/Engine/EngineMaterials/Substrate/Glints2/dict_0005_0030" 9847
"/Engine/EngineMaterials/Substrate/Glints2/dict_0005_0029" 9848
"/Engine/EngineMaterials/Substrate/Glints2/dict_0005_0060" 9849
"../../../Engine/Content/EngineMaterials/Substrate/Glints2/dict_0005_0061.uasset" 9850
"../../../Engine/Content/EngineMaterials/Substrate/Glints2/dict_0005_0063.uasset" 9851
"../../../Engine/Content/EngineMaterials/Substrate/Glints2/dict_0005_0062.uasset" 9852
"/Engine/EngineMaterials/Substrate/Glints2/dict_0005_0059" 9853
"../../../Engine/Content/EngineMaterials/Substrate/Glints2/dict_0005_0064.uasset" 9854
"../../../Engine/Content/EngineMaterials/Substrate/Glints2/dict_0005_0065.uasset" 9855
"../../../Engine/Content/EngineMaterials/Substrate/Glints2/dict_0005_0066.uasset" 9856
"../../../Engine/Content/EngineMaterials/Substrate/Glints2/dict_0005_0067.uasset" 9857
"../../../Engine/Content/EngineMaterials/Substrate/Glints2/dict_0005_0070.uasset" 9858
"../../../Engine/Content/EngineMaterials/Substrate/Glints2/dict_0005_0068.uasset" 9859
"../../../Engine/Content/EngineMaterials/Substrate/Glints2/dict_0005_0071.uasset" 9860
"../../../Engine/Content/EngineMaterials/Substrate/Glints2/dict_0005_0069.uasset" 9861
"../../../Engine/Content/EngineMaterials/Substrate/Glints2/dict_0005_0073.uasset" 9862
"../../../Engine/Content/EngineMaterials/Substrate/Glints2/dict_0005_0072.uasset" 9863
"/Engine/EngineMaterials/Substrate/Glints2/dict_0005_0058" 9864
"../../../Engine/Content/EngineMaterials/Substrate/Glints2/dict_0005_0074.uasset" 9865
"../../../Engine/Content/EngineMaterials/Substrate/Glints2/dict_0005_0075.uasset" 9866
"/Engine/EngineMaterials/Substrate/Glints2/dict_0005_0057" 9867
"/Engine/EngineMaterials/Substrate/Glints2/dict_0005_0056" 9868
"/Engine/EngineMaterials/Substrate/Glints2/dict_0005_0055" 9869
"/Engine/EngineMaterials/Substrate/Glints2/dict_0005_0054" 9870
"/Engine/EngineMaterials/Substrate/Glints2/dict_0005_0053" 9871
"/Engine/EngineMaterials/Substrate/Glints2/dict_0005_0052" 9872
"/Engine/EngineMaterials/Substrate/Glints2/dict_0005_0051" 9873
"/Engine/EngineMaterials/Substrate/Glints2/dict_0005_0050" 9874
"/Engine/EngineMaterials/Substrate/Glints2/dict_0005_0049" 9875
"/Engine/EngineMaterials/Substrate/Glints2/dict_0005_0048" 9876
"/Engine/EngineMaterials/Substrate/Glints2/dict_0005_0047" 9877
"/Engine/EngineMaterials/Substrate/Glints2/dict_0005_0046" 9878
"/Engine/EngineMaterials/Substrate/Glints2/dict_0005_0045" 9879
"/Engine/EngineMaterials/Substrate/Glints2/dict_0005_0044" 9880
"/Engine/EngineMaterials/Substrate/Glints2/dict_0005_0075" 9881
"../../../Engine/Content/EngineMaterials/Substrate/Glints2/dict_0005_0076.uasset" 9882
"../../../Engine/Content/EngineMaterials/Substrate/Glints2/dict_0005_0077.uasset" 9883
"../../../Engine/Content/EngineMaterials/Substrate/Glints2/dict_0005_0079.uasset" 9884
"/Engine/EngineMaterials/Substrate/Glints2/dict_0005_0074" 9885
"../../../Engine/Content/EngineMaterials/Substrate/Glints2/dict_0005_0078.uasset" 9886
"../../../Engine/Content/EngineMaterials/Substrate/Glints2/dict_0005_0082.uasset" 9887
"../../../Engine/Content/EngineMaterials/Substrate/Glints2/dict_0005_0080.uasset" 9888
"../../../Engine/Content/EngineMaterials/Substrate/Glints2/dict_0005_0081.uasset" 9889
"../../../Engine/Content/EngineMaterials/Substrate/Glints2/dict_0005_0084.uasset" 9890
"../../../Engine/Content/EngineMaterials/Substrate/Glints2/dict_0005_0086.uasset" 9891
"../../../Engine/Content/EngineMaterials/Substrate/Glints2/dict_0005_0083.uasset" 9892
"../../../Engine/Content/EngineMaterials/Substrate/Glints2/dict_0005_0089.uasset" 9893
"../../../Engine/Content/EngineMaterials/Substrate/Glints2/dict_0005_0087.uasset" 9894
"../../../Engine/Content/EngineMaterials/Substrate/Glints2/dict_0005_0088.uasset" 9895
"../../../Engine/Content/EngineMaterials/Substrate/Glints2/dict_0005_0085.uasset" 9896
"../../../Engine/Content/EngineMaterials/Substrate/Glints2/dict_0005_0090.uasset" 9897
"../../../Engine/Content/EngineMaterials/Substrate/Glints2/dict_0005_0091.uasset" 9898
"../../../Engine/Content/EngineMaterials/Substrate/Glints2/dict_0005_0092.uasset" 9899
"/Engine/EngineMaterials/Substrate/Glints2/dict_0005_0073" 9900
"/Engine/EngineMaterials/Substrate/Glints2/dict_0005_0072" 9901
"/Engine/EngineMaterials/Substrate/Glints2/dict_0005_0071" 9902
"/Engine/EngineMaterials/Substrate/Glints2/dict_0005_0070" 9903
"/Engine/EngineMaterials/Substrate/Glints2/dict_0005_0069" 9904
"/Engine/EngineMaterials/Substrate/Glints2/dict_0005_0068" 9905
"/Engine/EngineMaterials/Substrate/Glints2/dict_0005_0067" 9906
"/Engine/EngineMaterials/Substrate/Glints2/dict_0005_0066" 9907
"/Engine/EngineMaterials/Substrate/Glints2/dict_0005_0065" 9908
"/Engine/EngineMaterials/Substrate/Glints2/dict_0005_0064" 9909
"/Engine/EngineMaterials/Substrate/Glints2/dict_0005_0063" 9910
"/Engine/EngineMaterials/Substrate/Glints2/dict_0005_0062" 9911
"/Engine/EngineMaterials/Substrate/Glints2/dict_0005_0061" 9912
"/Engine/EngineMaterials/Substrate/Glints2/dict_0005_0092" 9913
"../../../Engine/Content/EngineMaterials/Substrate/Glints2/dict_0005_0093.uasset" 9914
"../../../Engine/Content/EngineMaterials/Substrate/Glints2/dict_0005_0094.uasset" 9915
"../../../Engine/Content/EngineMaterials/Substrate/Glints2/dict_0005_0095.uasset" 9916
"/Engine/EngineMaterials/Substrate/Glints2/dict_0005_0091" 9917
"../../../Engine/Content/EngineMaterials/Substrate/Glints2/dict_0005_0097.uasset" 9918
"../../../Engine/Content/EngineMaterials/Substrate/Glints2/dict_0005_0098.uasset" 9919
"../../../Engine/Content/EngineMaterials/Substrate/Glints2/dict_0005_0096.uasset" 9920
"../../../Engine/Content/EngineMaterials/Substrate/Glints2/dict_0005_0099.uasset" 9921
"../../../Engine/Content/EngineMaterials/Substrate/Glints2/dict_0005_0104.uasset" 9922
"../../../Engine/Content/EngineMaterials/Substrate/Glints2/dict_0005_0101.uasset" 9923
"../../../Engine/Content/EngineMaterials/Substrate/Glints2/dict_0005_0103.uasset" 9924
"../../../Engine/Content/EngineMaterials/Substrate/Glints2/dict_0005_0106.uasset" 9925
"../../../Engine/Content/EngineMaterials/Substrate/Glints2/dict_0005_0107.uasset" 9926
"../../../Engine/Content/EngineMaterials/Substrate/Glints2/dict_0005_0102.uasset" 9927
"../../../Engine/Content/EngineMaterials/Substrate/Glints2/dict_0005_0100.uasset" 9928
"../../../Engine/Content/EngineMaterials/Substrate/Glints2/dict_0005_0105.uasset" 9929
"/Engine/EngineMaterials/Substrate/Glints2/dict_0005_0090" 9930
"/Engine/EngineMaterials/Substrate/Glints2/dict_0005_0089" 9931
"/Engine/EngineMaterials/Substrate/Glints2/dict_0005_0088" 9932
"/Engine/EngineMaterials/Substrate/Glints2/dict_0005_0087" 9933
"/Engine/EngineMaterials/Substrate/Glints2/dict_0005_0086" 9934
"/Engine/EngineMaterials/Substrate/Glints2/dict_0005_0085" 9935
"/Engine/EngineMaterials/Substrate/Glints2/dict_0005_0084" 9936
"/Engine/EngineMaterials/Substrate/Glints2/dict_0005_0083" 9937
"/Engine/EngineMaterials/Substrate/Glints2/dict_0005_0082" 9938
"/Engine/EngineMaterials/Substrate/Glints2/dict_0005_0081" 9939
"/Engine/EngineMaterials/Substrate/Glints2/dict_0005_0080" 9940
"/Engine/EngineMaterials/Substrate/Glints2/dict_0005_0079" 9941
"/Engine/EngineMaterials/Substrate/Glints2/dict_0005_0078" 9942
"/Engine/EngineMaterials/Substrate/Glints2/dict_0005_0077" 9943
"/Engine/EngineMaterials/Substrate/Glints2/dict_0005_0076" 9944
"/Engine/EngineMaterials/Substrate/Glints2/dict_0005_0107" 9945
"/Engine/EngineMaterials/Substrate/Glints2/dict_0005_0106" 9946
"../../../Engine/Content/EngineMaterials/Substrate/Glints2/dict_0005_0109.uasset" 9947
"../../../Engine/Content/EngineMaterials/Substrate/Glints2/dict_0005_0110.uasset" 9948
"../../../Engine/Content/EngineMaterials/Substrate/Glints2/dict_0005_0108.uasset" 9949
"../../../Engine/Content/EngineMaterials/Substrate/Glints2/dict_0005_0112.uasset" 9950
"../../../Engine/Content/EngineMaterials/Substrate/Glints2/dict_0005_0111.uasset" 9951
"../../../Engine/Content/EngineMaterials/Substrate/Glints2/dict_0005_0113.uasset" 9952
"../../../Engine/Content/EngineMaterials/Substrate/Glints2/dict_0005_0114.uasset" 9953
"../../../Engine/Content/EngineMaterials/Substrate/Glints2/dict_0005_0116.uasset" 9954
"../../../Engine/Content/EngineMaterials/Substrate/Glints2/dict_0005_0118.uasset" 9955
"../../../Engine/Content/EngineMaterials/Substrate/Glints2/dict_0005_0115.uasset" 9956
"../../../Engine/Content/EngineMaterials/Substrate/Glints2/dict_0005_0120.uasset" 9957
"../../../Engine/Content/EngineMaterials/Substrate/Glints2/dict_0005_0117.uasset" 9958
"../../../Engine/Content/EngineMaterials/Substrate/Glints2/dict_0005_0121.uasset" 9959
"../../../Engine/Content/EngineMaterials/Substrate/Glints2/dict_0005_0119.uasset" 9960
"../../../Engine/Content/EngineMaterials/Substrate/Glints2/dict_0005_0124.uasset" 9961
"../../../Engine/Content/EngineMaterials/Substrate/Glints2/dict_0005_0123.uasset" 9962
"../../../Engine/Content/EngineMaterials/Substrate/Glints2/dict_0005_0122.uasset" 9963
"/Engine/EngineMaterials/Substrate/Glints2/dict_0005_0105" 9964
"/Engine/EngineMaterials/Substrate/Glints2/dict_0005_0104" 9965
"/Engine/EngineMaterials/Substrate/Glints2/dict_0005_0103" 9966
"/Engine/EngineMaterials/Substrate/Glints2/dict_0005_0102" 9967
"/Engine/EngineMaterials/Substrate/Glints2/dict_0005_0101" 9968
"/Engine/EngineMaterials/Substrate/Glints2/dict_0005_0100" 9969
"/Engine/EngineMaterials/Substrate/Glints2/dict_0005_0099" 9970
"/Engine/EngineMaterials/Substrate/Glints2/dict_0005_0098" 9971
"/Engine/EngineMaterials/Substrate/Glints2/dict_0005_0097" 9972
"/Engine/EngineMaterials/Substrate/Glints2/dict_0005_0096" 9973
"/Engine/EngineMaterials/Substrate/Glints2/dict_0005_0095" 9974
"/Engine/EngineMaterials/Substrate/Glints2/dict_0005_0094" 9975
"/Engine/EngineMaterials/Substrate/Glints2/dict_0005_0093" 9976
"/Engine/EngineMaterials/Substrate/Glints2/dict_0005_0124" 9977
"../../../Engine/Content/EngineMaterials/Substrate/Glints2/dict_0005_0125.uasset" 9978
"../../../Engine/Content/EngineMaterials/Substrate/Glints2/dict_0005_0126.uasset" 9979
"../../../Engine/Content/EngineMaterials/Substrate/Glints2/dict_0005_0127.uasset" 9980
"/Engine/EngineMaterials/Substrate/Glints2/dict_0005_0123" 9981
"../../../Engine/Content/EngineMaterials/Substrate/Glints2/dict_0005_0128.uasset" 9982
"../../../Engine/Content/EngineMaterials/Substrate/Glints2/dict_0005_0129.uasset" 9983
"../../../Engine/Content/EngineMaterials/Substrate/Glints2/dict_0005_0131.uasset" 9984
"../../../Engine/Content/EngineMaterials/Substrate/Glints2/dict_0005_0130.uasset" 9985
"../../../Engine/Content/EngineMaterials/Substrate/Glints2/dict_0005_0134.uasset" 9986
"../../../Engine/Content/EngineMaterials/Substrate/Glints2/dict_0005_0137.uasset" 9987
"../../../Engine/Content/EngineMaterials/Substrate/Glints2/dict_0005_0136.uasset" 9988
"../../../Engine/Content/EngineMaterials/Substrate/Glints2/dict_0005_0132.uasset" 9989
"../../../Engine/Content/EngineMaterials/Substrate/Glints2/dict_0005_0139.uasset" 9990
"../../../Engine/Content/EngineMaterials/Substrate/Glints2/dict_0005_0133.uasset" 9991
"../../../Engine/Content/EngineMaterials/Substrate/Glints2/dict_0005_0135.uasset" 9992
"../../../Engine/Content/EngineMaterials/Substrate/Glints2/dict_0005_0138.uasset" 9993
"/Engine/EngineMaterials/Substrate/Glints2/dict_0005_0122" 9994
"/Engine/EngineMaterials/Substrate/Glints2/dict_0005_0121" 9995
"/Engine/EngineMaterials/Substrate/Glints2/dict_0005_0120" 9996
"/Engine/EngineMaterials/Substrate/Glints2/dict_0005_0119" 9997
"/Engine/EngineMaterials/Substrate/Glints2/dict_0005_0118" 9998
"/Engine/EngineMaterials/Substrate/Glints2/dict_0005_0117" 9999
"/Engine/EngineMaterials/Substrate/Glints2/dict_0005_0116" 10000
"/Engine/EngineMaterials/Substrate/Glints2/dict_0005_0115" 10001
"/Engine/EngineMaterials/Substrate/Glints2/dict_0005_0114" 10002
"/Engine/EngineMaterials/Substrate/Glints2/dict_0005_0113" 10003
"/Engine/EngineMaterials/Substrate/Glints2/dict_0005_0112" 10004
"/Engine/EngineMaterials/Substrate/Glints2/dict_0005_0111" 10005
"/Engine/EngineMaterials/Substrate/Glints2/dict_0005_0110" 10006
"/Engine/EngineMaterials/Substrate/Glints2/dict_0005_0109" 10007
"/Engine/EngineMaterials/Substrate/Glints2/dict_0005_0108" 10008
"/Engine/EngineMaterials/Substrate/Glints2/dict_0005_0139" 10009
"../../../Engine/Content/EngineMaterials/Substrate/Glints2/dict_0005_0140.uasset" 10010
"../../../Engine/Content/EngineMaterials/Substrate/Glints2/dict_0005_0141.uasset" 10011
"../../../Engine/Content/EngineMaterials/Substrate/Glints2/dict_0005_0143.uasset" 10012
"/Engine/EngineMaterials/Substrate/Glints2/dict_0005_0138" 10013
"../../../Engine/Content/EngineMaterials/Substrate/Glints2/dict_0005_0142.uasset" 10014
"../../../Engine/Content/EngineMaterials/Substrate/Glints2/dict_0005_0144.uasset" 10015
"../../../Engine/Content/EngineMaterials/Substrate/Glints2/dict_0005_0147.uasset" 10016
"../../../Engine/Content/EngineMaterials/Substrate/Glints2/dict_0005_0146.uasset" 10017
"../../../Engine/Content/EngineMaterials/Substrate/Glints2/dict_0005_0145.uasset" 10018
"../../../Engine/Content/EngineMaterials/Substrate/Glints2/dict_0005_0148.uasset" 10019
"../../../Engine/Content/EngineMaterials/Substrate/Glints2/dict_0005_0150.uasset" 10020
"../../../Engine/Content/EngineMaterials/Substrate/Glints2/dict_0005_0154.uasset" 10021
"../../../Engine/Content/EngineMaterials/Substrate/Glints2/dict_0005_0152.uasset" 10022
"../../../Engine/Content/EngineMaterials/Substrate/Glints2/dict_0005_0155.uasset" 10023
"../../../Engine/Content/EngineMaterials/Substrate/Glints2/dict_0005_0156.uasset" 10024
"../../../Engine/Content/EngineMaterials/Substrate/Glints2/dict_0005_0149.uasset" 10025
"../../../Engine/Content/EngineMaterials/Substrate/Glints2/dict_0005_0153.uasset" 10026
"../../../Engine/Content/EngineMaterials/Substrate/Glints2/dict_0005_0151.uasset" 10027
"/Engine/EngineMaterials/Substrate/Glints2/dict_0005_0137" 10028
"/Engine/EngineMaterials/Substrate/Glints2/dict_0005_0136" 10029
"/Engine/EngineMaterials/Substrate/Glints2/dict_0005_0135" 10030
"/Engine/EngineMaterials/Substrate/Glints2/dict_0005_0134" 10031
"/Engine/EngineMaterials/Substrate/Glints2/dict_0005_0133" 10032
"/Engine/EngineMaterials/Substrate/Glints2/dict_0005_0132" 10033
"/Engine/EngineMaterials/Substrate/Glints2/dict_0005_0131" 10034
"/Engine/EngineMaterials/Substrate/Glints2/dict_0005_0130" 10035
"/Engine/EngineMaterials/Substrate/Glints2/dict_0005_0129" 10036
"/Engine/EngineMaterials/Substrate/Glints2/dict_0005_0128" 10037
"/Engine/EngineMaterials/Substrate/Glints2/dict_0005_0127" 10038
"/Engine/EngineMaterials/Substrate/Glints2/dict_0005_0126" 10039
"/Engine/EngineMaterials/Substrate/Glints2/dict_0005_0125" 10040
"/Engine/EngineMaterials/Substrate/Glints2/dict_0005_0156" 10041
"../../../Engine/Content/EngineMaterials/Substrate/Glints2/dict_0005_0157.uasset" 10042
"../../../Engine/Content/EngineMaterials/Substrate/Glints2/dict_0005_0158.uasset" 10043
"../../../Engine/Content/EngineMaterials/Substrate/Glints2/dict_0005_0159.uasset" 10044
"../../../Engine/Content/EngineMaterials/Substrate/Glints2/dict_0005_0160.uasset" 10045
"/Engine/EngineMaterials/Substrate/Glints2/dict_0005_0155" 10046
"../../../Engine/Content/EngineMaterials/Substrate/Glints2/dict_0005_0161.uasset" 10047
"../../../Engine/Content/EngineMaterials/Substrate/Glints2/dict_0005_0165.uasset" 10048
"../../../Engine/Content/EngineMaterials/Substrate/Glints2/dict_0005_0163.uasset" 10049
"../../../Engine/Content/EngineMaterials/Substrate/Glints2/dict_0005_0164.uasset" 10050
"../../../Engine/Content/EngineMaterials/Substrate/Glints2/dict_0005_0162.uasset" 10051
"../../../Engine/Content/EngineMaterials/Substrate/Glints2/dict_0005_0167.uasset" 10052
"../../../Engine/Content/EngineMaterials/Substrate/Glints2/dict_0005_0168.uasset" 10053
"../../../Engine/Content/EngineMaterials/Substrate/Glints2/dict_0005_0171.uasset" 10054
"../../../Engine/Content/EngineMaterials/Substrate/Glints2/dict_0005_0166.uasset" 10055
"../../../Engine/Content/EngineMaterials/Substrate/Glints2/dict_0005_0170.uasset" 10056
"../../../Engine/Content/EngineMaterials/Substrate/Glints2/dict_0005_0169.uasset" 10057
"/Engine/EngineMaterials/Substrate/Glints2/dict_0005_0154" 10058
"/Engine/EngineMaterials/Substrate/Glints2/dict_0005_0153" 10059
"/Engine/EngineMaterials/Substrate/Glints2/dict_0005_0152" 10060
"/Engine/EngineMaterials/Substrate/Glints2/dict_0005_0151" 10061
"/Engine/EngineMaterials/Substrate/Glints2/dict_0005_0150" 10062
"/Engine/EngineMaterials/Substrate/Glints2/dict_0005_0149" 10063
"/Engine/EngineMaterials/Substrate/Glints2/dict_0005_0148" 10064
"/Engine/EngineMaterials/Substrate/Glints2/dict_0005_0147" 10065
"/Engine/EngineMaterials/Substrate/Glints2/dict_0005_0146" 10066
"/Engine/EngineMaterials/Substrate/Glints2/dict_0005_0145" 10067
"/Engine/EngineMaterials/Substrate/Glints2/dict_0005_0144" 10068
"/Engine/EngineMaterials/Substrate/Glints2/dict_0005_0143" 10069
"/Engine/EngineMaterials/Substrate/Glints2/dict_0005_0142" 10070
"/Engine/EngineMaterials/Substrate/Glints2/dict_0005_0141" 10071
"/Engine/EngineMaterials/Substrate/Glints2/dict_0005_0140" 10072
"/Engine/EngineMaterials/Substrate/Glints2/dict_0005_0171" 10073
"../../../Engine/Content/EngineMaterials/Substrate/Glints2/dict_0005_0172.uasset" 10074
"../../../Engine/Content/EngineMaterials/Substrate/Glints2/dict_0005_0173.uasset" 10075
"../../../Engine/Content/EngineMaterials/Substrate/Glints2/dict_0005_0174.uasset" 10076
"../../../Engine/Content/EngineMaterials/Substrate/Glints2/dict_0005_0175.uasset" 10077
"../../../Engine/Content/EngineMaterials/Substrate/Glints2/dict_0005_0176.uasset" 10078
"../../../Engine/Content/EngineMaterials/Substrate/Glints2/dict_0005_0177.uasset" 10079
"../../../Engine/Content/EngineMaterials/Substrate/Glints2/dict_0005_0180.uasset" 10080
"../../../Engine/Content/EngineMaterials/Substrate/Glints2/dict_0005_0183.uasset" 10081
"../../../Engine/Content/EngineMaterials/Substrate/Glints2/dict_0005_0179.uasset" 10082
"../../../Engine/Content/EngineMaterials/Substrate/Glints2/dict_0005_0185.uasset" 10083
"../../../Engine/Content/EngineMaterials/Substrate/Glints2/dict_0005_0181.uasset" 10084
"../../../Engine/Content/EngineMaterials/Substrate/Glints2/dict_0005_0186.uasset" 10085
"/Engine/EngineMaterials/Substrate/Glints2/dict_0005_0170" 10086
"../../../Engine/Content/EngineMaterials/Substrate/Glints2/dict_0005_0187.uasset" 10087
"../../../Engine/Content/EngineMaterials/Substrate/Glints2/dict_0005_0182.uasset" 10088
"../../../Engine/Content/EngineMaterials/Substrate/Glints2/dict_0005_0184.uasset" 10089
"../../../Engine/Content/EngineMaterials/Substrate/Glints2/dict_0005_0178.uasset" 10090
"../../../Engine/Content/EngineMaterials/Substrate/Glints2/dict_0005_0188.uasset" 10091
"/Engine/EngineMaterials/Substrate/Glints2/dict_0005_0169" 10092
"/Engine/EngineMaterials/Substrate/Glints2/dict_0005_0168" 10093
"/Engine/EngineMaterials/Substrate/Glints2/dict_0005_0167" 10094
"/Engine/EngineMaterials/Substrate/Glints2/dict_0005_0166" 10095
"/Engine/EngineMaterials/Substrate/Glints2/dict_0005_0165" 10096
"/Engine/EngineMaterials/Substrate/Glints2/dict_0005_0164" 10097
"/Engine/EngineMaterials/Substrate/Glints2/dict_0005_0163" 10098
"/Engine/EngineMaterials/Substrate/Glints2/dict_0005_0162" 10099
"/Engine/EngineMaterials/Substrate/Glints2/dict_0005_0161" 10100
"/Engine/EngineMaterials/Substrate/Glints2/dict_0005_0160" 10101
"/Engine/EngineMaterials/Substrate/Glints2/dict_0005_0159" 10102
"/Engine/EngineMaterials/Substrate/Glints2/dict_0005_0158" 10103
"/Engine/EngineMaterials/Substrate/Glints2/dict_0005_0157" 10104
"/Engine/EngineMaterials/Substrate/Glints2/dict_0005_0188" 10105
"../../../Engine/Content/EngineMaterials/Substrate/Glints2/dict_0005_0189.uasset" 10106
"../../../Engine/Content/EngineMaterials/Substrate/Glints2/dict_0005_0190.uasset" 10107
"/Engine/EngineMaterials/Substrate/Glints2/dict_0005_0187" 10108
"../../../Engine/Content/EngineMaterials/Substrate/Glints2/dict_0005_0191.uasset" 10109
"../../../Engine/Content/EngineMaterials/Substrate/Glints2/dict_0005_0193.uasset" 10110
"../../../Engine/Content/EngineMaterials/Substrate/Glints2/dict_0005_0192.uasset" 10111
"../../../Engine/Content/EngineMaterials/Substrate/Glints2/dict_0005_0195.uasset" 10112
"../../../Engine/Content/EngineMaterials/Substrate/Glints2/dict_0005_0197.uasset" 10113
"../../../Engine/Content/EngineMaterials/Substrate/Glints2/dict_0005_0196.uasset" 10114
"../../../Engine/Content/EngineMaterials/Substrate/Glints2/dict_0005_0200.uasset" 10115
"../../../Engine/Content/EngineMaterials/Substrate/Glints2/dict_0005_0199.uasset" 10116
"../../../Engine/Content/EngineMaterials/Substrate/Glints2/dict_0005_0202.uasset" 10117
"../../../Engine/Content/EngineMaterials/Substrate/Glints2/dict_0005_0194.uasset" 10118
"../../../Engine/Content/EngineMaterials/Substrate/Glints2/dict_0005_0203.uasset" 10119
"../../../Engine/Content/EngineMaterials/Substrate/Glints2/dict_0005_0198.uasset" 10120
"../../../Engine/Content/EngineMaterials/Substrate/Glints2/dict_0005_0201.uasset" 10121
"/Engine/EngineMaterials/Substrate/Glints2/dict_0005_0186" 10122
"/Engine/EngineMaterials/Substrate/Glints2/dict_0005_0185" 10123
"/Engine/EngineMaterials/Substrate/Glints2/dict_0005_0184" 10124
"/Engine/EngineMaterials/Substrate/Glints2/dict_0005_0183" 10125
"/Engine/EngineMaterials/Substrate/Glints2/dict_0005_0182" 10126
"/Engine/EngineMaterials/Substrate/Glints2/dict_0005_0181" 10127
"/Engine/EngineMaterials/Substrate/Glints2/dict_0005_0180" 10128
"/Engine/EngineMaterials/Substrate/Glints2/dict_0005_0179" 10129
"/Engine/EngineMaterials/Substrate/Glints2/dict_0005_0178" 10130
"/Engine/EngineMaterials/Substrate/Glints2/dict_0005_0177" 10131
"/Engine/EngineMaterials/Substrate/Glints2/dict_0005_0176" 10132
"/Engine/EngineMaterials/Substrate/Glints2/dict_0005_0175" 10133
"/Engine/EngineMaterials/Substrate/Glints2/dict_0005_0174" 10134
"/Engine/EngineMaterials/Substrate/Glints2/dict_0005_0173" 10135
"/Engine/EngineMaterials/Substrate/Glints2/dict_0005_0172" 10136
"/Engine/EngineMaterials/Substrate/Glints2/dict_0005_0203" 10137
"../../../Engine/Content/EngineMaterials/Substrate/Glints2/dict_0005_0204.uasset" 10138
"../../../Engine/Content/EngineMaterials/Substrate/Glints2/dict_0005_0205.uasset" 10139
"../../../Engine/Content/EngineMaterials/Substrate/Glints2/dict_0005_0207.uasset" 10140
"/Engine/EngineMaterials/Substrate/Glints2/dict_0005_0202" 10141
"../../../Engine/Content/EngineMaterials/Substrate/Glints2/dict_0005_0206.uasset" 10142
"../../../Engine/Content/EngineMaterials/Substrate/Glints2/dict_0005_0209.uasset" 10143
"../../../Engine/Content/EngineMaterials/Substrate/Glints2/dict_0005_0208.uasset" 10144
"../../../Engine/Content/EngineMaterials/Substrate/Glints2/dict_0005_0210.uasset" 10145
"../../../Engine/Content/EngineMaterials/Substrate/Glints2/dict_0005_0211.uasset" 10146
"../../../Engine/Content/EngineMaterials/Substrate/Glints2/dict_0005_0215.uasset" 10147
"../../../Engine/Content/EngineMaterials/Substrate/Glints2/dict_0005_0214.uasset" 10148
"../../../Engine/Content/EngineMaterials/Substrate/Glints2/dict_0005_0216.uasset" 10149
"../../../Engine/Content/EngineMaterials/Substrate/Glints2/dict_0005_0213.uasset" 10150
"../../../Engine/Content/EngineMaterials/Substrate/Glints2/dict_0005_0219.uasset" 10151
"../../../Engine/Content/EngineMaterials/Substrate/Glints2/dict_0005_0217.uasset" 10152
"../../../Engine/Content/EngineMaterials/Substrate/Glints2/dict_0005_0220.uasset" 10153
"../../../Engine/Content/EngineMaterials/Substrate/Glints2/dict_0005_0218.uasset" 10154
"../../../Engine/Content/EngineMaterials/Substrate/Glints2/dict_0005_0212.uasset" 10155
"/Engine/EngineMaterials/Substrate/Glints2/dict_0005_0201" 10156
"/Engine/EngineMaterials/Substrate/Glints2/dict_0005_0200" 10157
"/Engine/EngineMaterials/Substrate/Glints2/dict_0005_0199" 10158
"/Engine/EngineMaterials/Substrate/Glints2/dict_0005_0198" 10159
"/Engine/EngineMaterials/Substrate/Glints2/dict_0005_0197" 10160
"/Engine/EngineMaterials/Substrate/Glints2/dict_0005_0196" 10161
"/Engine/EngineMaterials/Substrate/Glints2/dict_0005_0195" 10162
"/Engine/EngineMaterials/Substrate/Glints2/dict_0005_0194" 10163
"/Engine/EngineMaterials/Substrate/Glints2/dict_0005_0193" 10164
"/Engine/EngineMaterials/Substrate/Glints2/dict_0005_0192" 10165
"/Engine/EngineMaterials/Substrate/Glints2/dict_0005_0191" 10166
"/Engine/EngineMaterials/Substrate/Glints2/dict_0005_0190" 10167
"/Engine/EngineMaterials/Substrate/Glints2/dict_0005_0189" 10168
"/Engine/EngineMaterials/Substrate/Glints2/dict_0005_0220" 10169
"../../../Engine/Content/EngineMaterials/Substrate/Glints2/dict_0005_0221.uasset" 10170
"../../../Engine/Content/EngineMaterials/Substrate/Glints2/dict_0005_0222.uasset" 10171
"../../../Engine/Content/EngineMaterials/Substrate/Glints2/dict_0005_0223.uasset" 10172
"../../../Engine/Content/EngineMaterials/Substrate/Glints2/dict_0005_0224.uasset" 10173
"../../../Engine/Content/EngineMaterials/Substrate/Glints2/dict_0005_0225.uasset" 10174
"../../../Engine/Content/EngineMaterials/Substrate/Glints2/dict_0005_0228.uasset" 10175
"../../../Engine/Content/EngineMaterials/Substrate/Glints2/dict_0005_0231.uasset" 10176
"../../../Engine/Content/EngineMaterials/Substrate/Glints2/dict_0005_0226.uasset" 10177
"../../../Engine/Content/EngineMaterials/Substrate/Glints2/dict_0005_0230.uasset" 10178
"../../../Engine/Content/EngineMaterials/Substrate/Glints2/dict_0005_0229.uasset" 10179
"../../../Engine/Content/EngineMaterials/Substrate/Glints2/dict_0005_0235.uasset" 10180
"../../../Engine/Content/EngineMaterials/Substrate/Glints2/dict_0005_0232.uasset" 10181
"../../../Engine/Content/EngineMaterials/Substrate/Glints2/dict_0005_0233.uasset" 10182
"../../../Engine/Content/EngineMaterials/Substrate/Glints2/dict_0005_0234.uasset" 10183
"../../../Engine/Content/EngineMaterials/Substrate/Glints2/dict_0005_0227.uasset" 10184
"/Engine/EngineMaterials/Substrate/Glints2/dict_0005_0219" 10185
"/Engine/EngineMaterials/Substrate/Glints2/dict_0005_0218" 10186
"/Engine/EngineMaterials/Substrate/Glints2/dict_0005_0217" 10187
"/Engine/EngineMaterials/Substrate/Glints2/dict_0005_0216" 10188
"/Engine/EngineMaterials/Substrate/Glints2/dict_0005_0215" 10189
"/Engine/EngineMaterials/Substrate/Glints2/dict_0005_0214" 10190
"/Engine/EngineMaterials/Substrate/Glints2/dict_0005_0213" 10191
"/Engine/EngineMaterials/Substrate/Glints2/dict_0005_0212" 10192
"/Engine/EngineMaterials/Substrate/Glints2/dict_0005_0211" 10193
"/Engine/EngineMaterials/Substrate/Glints2/dict_0005_0210" 10194
"/Engine/EngineMaterials/Substrate/Glints2/dict_0005_0209" 10195
"/Engine/EngineMaterials/Substrate/Glints2/dict_0005_0208" 10196
"/Engine/EngineMaterials/Substrate/Glints2/dict_0005_0207" 10197
"/Engine/EngineMaterials/Substrate/Glints2/dict_0005_0206" 10198
"/Engine/EngineMaterials/Substrate/Glints2/dict_0005_0205" 10199
"/Engine/EngineMaterials/Substrate/Glints2/dict_0005_0204" 10200
"/Engine/EngineMaterials/Substrate/Glints2/dict_0005_0235" 10201
"../../../Engine/Content/EngineMaterials/Substrate/Glints2/dict_0005_0236.uasset" 10202
"../../../Engine/Content/EngineMaterials/Substrate/Glints2/dict_0005_0237.uasset" 10203
"../../../Engine/Content/EngineMaterials/Substrate/Glints2/dict_0005_0238.uasset" 10204
"/Engine/EngineMaterials/Substrate/Glints2/dict_0005_0234" 10205
"../../../Engine/Content/EngineMaterials/Substrate/Glints2/dict_0005_0239.uasset" 10206
"../../../Engine/Content/EngineMaterials/Substrate/Glints2/dict_0005_0241.uasset" 10207
"../../../Engine/Content/EngineMaterials/Substrate/Glints2/dict_0005_0243.uasset" 10208
"../../../Engine/Content/EngineMaterials/Substrate/Glints2/dict_0005_0244.uasset" 10209
"../../../Engine/Content/EngineMaterials/Substrate/Glints2/dict_0005_0247.uasset" 10210
"../../../Engine/Content/EngineMaterials/Substrate/Glints2/dict_0005_0240.uasset" 10211
"../../../Engine/Content/EngineMaterials/Substrate/Glints2/dict_0005_0248.uasset" 10212
"../../../Engine/Content/EngineMaterials/Substrate/Glints2/dict_0005_0249.uasset" 10213
"../../../Engine/Content/EngineMaterials/Substrate/Glints2/dict_0005_0250.uasset" 10214
"../../../Engine/Content/EngineMaterials/Substrate/Glints2/dict_0005_0246.uasset" 10215
"../../../Engine/Content/EngineMaterials/Substrate/Glints2/dict_0005_0245.uasset" 10216
"../../../Engine/Content/EngineMaterials/Substrate/Glints2/dict_0005_0252.uasset" 10217
"../../../Engine/Content/EngineMaterials/Substrate/Glints2/dict_0005_0251.uasset" 10218
"../../../Engine/Content/EngineMaterials/Substrate/Glints2/dict_0005_0242.uasset" 10219
"/Engine/EngineMaterials/Substrate/Glints2/dict_0005_0233" 10220
"/Engine/EngineMaterials/Substrate/Glints2/dict_0005_0232" 10221
"/Engine/EngineMaterials/Substrate/Glints2/dict_0005_0231" 10222
"/Engine/EngineMaterials/Substrate/Glints2/dict_0005_0230" 10223
"/Engine/EngineMaterials/Substrate/Glints2/dict_0005_0229" 10224
"/Engine/EngineMaterials/Substrate/Glints2/dict_0005_0228" 10225
"/Engine/EngineMaterials/Substrate/Glints2/dict_0005_0227" 10226
"/Engine/EngineMaterials/Substrate/Glints2/dict_0005_0226" 10227
"/Engine/EngineMaterials/Substrate/Glints2/dict_0005_0225" 10228
"/Engine/EngineMaterials/Substrate/Glints2/dict_0005_0224" 10229
"/Engine/EngineMaterials/Substrate/Glints2/dict_0005_0223" 10230
"/Engine/EngineMaterials/Substrate/Glints2/dict_0005_0222" 10231
"/Engine/EngineMaterials/Substrate/Glints2/dict_0005_0221" 10232
"/Engine/EngineMaterials/Substrate/Glints2/dict_0005_0252" 10233
"../../../Engine/Content/EngineMaterials/Substrate/Glints2/dict_0005_0254.uasset" 10234
"../../../Engine/Content/EngineMaterials/Substrate/Glints2/dict_0005_0253.uasset" 10235
"/Engine/EngineMaterials/Substrate/Glints2/dict_0005_0251" 10236
"../../../Engine/Content/EngineMaterials/Substrate/Glints2/dict_0005_0255.uasset" 10237
"../../../Engine/Content/EngineMaterials/Substrate/Glints2/dict_0006_0000.uasset" 10238
"../../../Engine/Content/EngineMaterials/Substrate/Glints2/dict_0006_0001.uasset" 10239
"../../../Engine/Content/EngineMaterials/Substrate/Glints2/dict_0006_0003.uasset" 10240
"../../../Engine/Content/EngineMaterials/Substrate/Glints2/dict_0006_0004.uasset" 10241
"../../../Engine/Content/EngineMaterials/Substrate/Glints2/dict_0006_0006.uasset" 10242
"../../../Engine/Content/EngineMaterials/Substrate/Glints2/dict_0006_0009.uasset" 10243
"../../../Engine/Content/EngineMaterials/Substrate/Glints2/dict_0006_0011.uasset" 10244
"../../../Engine/Content/EngineMaterials/Substrate/Glints2/dict_0006_0002.uasset" 10245
"../../../Engine/Content/EngineMaterials/Substrate/Glints2/dict_0006_0008.uasset" 10246
"../../../Engine/Content/EngineMaterials/Substrate/Glints2/dict_0006_0005.uasset" 10247
"../../../Engine/Content/EngineMaterials/Substrate/Glints2/dict_0006_0010.uasset" 10248
"../../../Engine/Content/EngineMaterials/Substrate/Glints2/dict_0006_0007.uasset" 10249
"/Engine/EngineMaterials/Substrate/Glints2/dict_0005_0250" 10250
"/Engine/EngineMaterials/Substrate/Glints2/dict_0005_0249" 10251
"/Engine/EngineMaterials/Substrate/Glints2/dict_0005_0248" 10252
"/Engine/EngineMaterials/Substrate/Glints2/dict_0005_0247" 10253
"/Engine/EngineMaterials/Substrate/Glints2/dict_0005_0246" 10254
"/Engine/EngineMaterials/Substrate/Glints2/dict_0005_0245" 10255
"/Engine/EngineMaterials/Substrate/Glints2/dict_0005_0244" 10256
"/Engine/EngineMaterials/Substrate/Glints2/dict_0005_0243" 10257
"/Engine/EngineMaterials/Substrate/Glints2/dict_0005_0242" 10258
"/Engine/EngineMaterials/Substrate/Glints2/dict_0005_0241" 10259
"/Engine/EngineMaterials/Substrate/Glints2/dict_0005_0240" 10260
"/Engine/EngineMaterials/Substrate/Glints2/dict_0005_0239" 10261
"/Engine/EngineMaterials/Substrate/Glints2/dict_0005_0238" 10262
"/Engine/EngineMaterials/Substrate/Glints2/dict_0005_0237" 10263
"/Engine/EngineMaterials/Substrate/Glints2/dict_0005_0236" 10264
"/Engine/EngineMaterials/Substrate/Glints2/dict_0006_0011" 10265
"../../../Engine/Content/EngineMaterials/Substrate/Glints2/dict_0006_0012.uasset" 10266
"../../../Engine/Content/EngineMaterials/Substrate/Glints2/dict_0006_0014.uasset" 10267
"../../../Engine/Content/EngineMaterials/Substrate/Glints2/dict_0006_0013.uasset" 10268
"../../../Engine/Content/EngineMaterials/Substrate/Glints2/dict_0006_0015.uasset" 10269
"/Engine/EngineMaterials/Substrate/Glints2/dict_0006_0010" 10270
"../../../Engine/Content/EngineMaterials/Substrate/Glints2/dict_0006_0016.uasset" 10271
"../../../Engine/Content/EngineMaterials/Substrate/Glints2/dict_0006_0017.uasset" 10272
"../../../Engine/Content/EngineMaterials/Substrate/Glints2/dict_0006_0022.uasset" 10273
"../../../Engine/Content/EngineMaterials/Substrate/Glints2/dict_0006_0023.uasset" 10274
"../../../Engine/Content/EngineMaterials/Substrate/Glints2/dict_0006_0020.uasset" 10275
"../../../Engine/Content/EngineMaterials/Substrate/Glints2/dict_0006_0025.uasset" 10276
"../../../Engine/Content/EngineMaterials/Substrate/Glints2/dict_0006_0024.uasset" 10277
"../../../Engine/Content/EngineMaterials/Substrate/Glints2/dict_0006_0026.uasset" 10278
"../../../Engine/Content/EngineMaterials/Substrate/Glints2/dict_0006_0018.uasset" 10279
"../../../Engine/Content/EngineMaterials/Substrate/Glints2/dict_0006_0028.uasset" 10280
"../../../Engine/Content/EngineMaterials/Substrate/Glints2/dict_0006_0021.uasset" 10281
"../../../Engine/Content/EngineMaterials/Substrate/Glints2/dict_0006_0027.uasset" 10282
"../../../Engine/Content/EngineMaterials/Substrate/Glints2/dict_0006_0019.uasset" 10283
"/Engine/EngineMaterials/Substrate/Glints2/dict_0006_0009" 10284
"/Engine/EngineMaterials/Substrate/Glints2/dict_0006_0008" 10285
"/Engine/EngineMaterials/Substrate/Glints2/dict_0006_0007" 10286
"/Engine/EngineMaterials/Substrate/Glints2/dict_0006_0006" 10287
"/Engine/EngineMaterials/Substrate/Glints2/dict_0006_0005" 10288
"/Engine/EngineMaterials/Substrate/Glints2/dict_0006_0004" 10289
"/Engine/EngineMaterials/Substrate/Glints2/dict_0006_0003" 10290
"/Engine/EngineMaterials/Substrate/Glints2/dict_0006_0002" 10291
"/Engine/EngineMaterials/Substrate/Glints2/dict_0006_0001" 10292
"/Engine/EngineMaterials/Substrate/Glints2/dict_0006_0000" 10293
"/Engine/EngineMaterials/Substrate/Glints2/dict_0005_0255" 10294
"/Engine/EngineMaterials/Substrate/Glints2/dict_0005_0254" 10295
"/Engine/EngineMaterials/Substrate/Glints2/dict_0005_0253" 10296
"/Engine/EngineMaterials/Substrate/Glints2/dict_0006_0028" 10297
"../../../Engine/Content/EngineMaterials/Substrate/Glints2/dict_0006_0029.uasset" 10298
"/Engine/EngineMaterials/Substrate/Glints2/dict_0006_0027" 10299
"../../../Engine/Content/EngineMaterials/Substrate/Glints2/dict_0006_0030.uasset" 10300
"../../../Engine/Content/EngineMaterials/Substrate/Glints2/dict_0006_0031.uasset" 10301
"../../../Engine/Content/EngineMaterials/Substrate/Glints2/dict_0006_0032.uasset" 10302
"../../../Engine/Content/EngineMaterials/Substrate/Glints2/dict_0006_0033.uasset" 10303
"../../../Engine/Content/EngineMaterials/Substrate/Glints2/dict_0006_0034.uasset" 10304
"../../../Engine/Content/EngineMaterials/Substrate/Glints2/dict_0006_0035.uasset" 10305
"../../../Engine/Content/EngineMaterials/Substrate/Glints2/dict_0006_0036.uasset" 10306
"../../../Engine/Content/EngineMaterials/Substrate/Glints2/dict_0006_0039.uasset" 10307
"../../../Engine/Content/EngineMaterials/Substrate/Glints2/dict_0006_0037.uasset" 10308
"../../../Engine/Content/EngineMaterials/Substrate/Glints2/dict_0006_0040.uasset" 10309
"../../../Engine/Content/EngineMaterials/Substrate/Glints2/dict_0006_0038.uasset" 10310
"../../../Engine/Content/EngineMaterials/Substrate/Glints2/dict_0006_0041.uasset" 10311
"../../../Engine/Content/EngineMaterials/Substrate/Glints2/dict_0006_0042.uasset" 10312
"../../../Engine/Content/EngineMaterials/Substrate/Glints2/dict_0006_0043.uasset" 10313
"/Engine/EngineMaterials/Substrate/Glints2/dict_0006_0026" 10314
"/Engine/EngineMaterials/Substrate/Glints2/dict_0006_0025" 10315
"/Engine/EngineMaterials/Substrate/Glints2/dict_0006_0024" 10316
"/Engine/EngineMaterials/Substrate/Glints2/dict_0006_0023" 10317
"/Engine/EngineMaterials/Substrate/Glints2/dict_0006_0022" 10318
"/Engine/EngineMaterials/Substrate/Glints2/dict_0006_0021" 10319
"/Engine/EngineMaterials/Substrate/Glints2/dict_0006_0020" 10320
"/Engine/EngineMaterials/Substrate/Glints2/dict_0006_0019" 10321
"/Engine/EngineMaterials/Substrate/Glints2/dict_0006_0018" 10322
"/Engine/EngineMaterials/Substrate/Glints2/dict_0006_0017" 10323
"/Engine/EngineMaterials/Substrate/Glints2/dict_0006_0016" 10324
"/Engine/EngineMaterials/Substrate/Glints2/dict_0006_0015" 10325
"/Engine/EngineMaterials/Substrate/Glints2/dict_0006_0014" 10326
"/Engine/EngineMaterials/Substrate/Glints2/dict_0006_0013" 10327
"/Engine/EngineMaterials/Substrate/Glints2/dict_0006_0012" 10328
"../../../Engine/Content/EngineMaterials/Substrate/Glints2/dict_0006_0044.uasset" 10329
"/Engine/EngineMaterials/Substrate/Glints2/dict_0006_0043" 10330
"../../../Engine/Content/EngineMaterials/Substrate/Glints2/dict_0006_0045.uasset" 10331
"../../../Engine/Content/EngineMaterials/Substrate/Glints2/dict_0006_0047.uasset" 10332
"../../../Engine/Content/EngineMaterials/Substrate/Glints2/dict_0006_0046.uasset" 10333
"/Engine/EngineMaterials/Substrate/Glints2/dict_0006_0042" 10334
"../../../Engine/Content/EngineMaterials/Substrate/Glints2/dict_0006_0048.uasset" 10335
"../../../Engine/Content/EngineMaterials/Substrate/Glints2/dict_0006_0049.uasset" 10336
"../../../Engine/Content/EngineMaterials/Substrate/Glints2/dict_0006_0050.uasset" 10337
"../../../Engine/Content/EngineMaterials/Substrate/Glints2/dict_0006_0053.uasset" 10338
"../../../Engine/Content/EngineMaterials/Substrate/Glints2/dict_0006_0052.uasset" 10339
"../../../Engine/Content/EngineMaterials/Substrate/Glints2/dict_0006_0051.uasset" 10340
"../../../Engine/Content/EngineMaterials/Substrate/Glints2/dict_0006_0055.uasset" 10341
"../../../Engine/Content/EngineMaterials/Substrate/Glints2/dict_0006_0054.uasset" 10342
"../../../Engine/Content/EngineMaterials/Substrate/Glints2/dict_0006_0056.uasset" 10343
"../../../Engine/Content/EngineMaterials/Substrate/Glints2/dict_0006_0058.uasset" 10344
"../../../Engine/Content/EngineMaterials/Substrate/Glints2/dict_0006_0057.uasset" 10345
"../../../Engine/Content/EngineMaterials/Substrate/Glints2/dict_0006_0059.uasset" 10346
"../../../Engine/Content/EngineMaterials/Substrate/Glints2/dict_0006_0060.uasset" 10347
"/Engine/EngineMaterials/Substrate/Glints2/dict_0006_0041" 10348
"/Engine/EngineMaterials/Substrate/Glints2/dict_0006_0040" 10349
"/Engine/EngineMaterials/Substrate/Glints2/dict_0006_0039" 10350
"/Engine/EngineMaterials/Substrate/Glints2/dict_0006_0038" 10351
"/Engine/EngineMaterials/Substrate/Glints2/dict_0006_0037" 10352
"/Engine/EngineMaterials/Substrate/Glints2/dict_0006_0036" 10353
"/Engine/EngineMaterials/Substrate/Glints2/dict_0006_0035" 10354
"/Engine/EngineMaterials/Substrate/Glints2/dict_0006_0034" 10355
"/Engine/EngineMaterials/Substrate/Glints2/dict_0006_0033" 10356
"/Engine/EngineMaterials/Substrate/Glints2/dict_0006_0032" 10357
"/Engine/EngineMaterials/Substrate/Glints2/dict_0006_0031" 10358
"/Engine/EngineMaterials/Substrate/Glints2/dict_0006_0030" 10359
"/Engine/EngineMaterials/Substrate/Glints2/dict_0006_0029" 10360
"/Engine/EngineMaterials/Substrate/Glints2/dict_0006_0060" 10361
"../../../Engine/Content/EngineMaterials/Substrate/Glints2/dict_0006_0061.uasset" 10362
"../../../Engine/Content/EngineMaterials/Substrate/Glints2/dict_0006_0063.uasset" 10363
"../../../Engine/Content/EngineMaterials/Substrate/Glints2/dict_0006_0062.uasset" 10364
"/Engine/EngineMaterials/Substrate/Glints2/dict_0006_0059" 10365
"../../../Engine/Content/EngineMaterials/Substrate/Glints2/dict_0006_0064.uasset" 10366
"../../../Engine/Content/EngineMaterials/Substrate/Glints2/dict_0006_0066.uasset" 10367
"../../../Engine/Content/EngineMaterials/Substrate/Glints2/dict_0006_0065.uasset" 10368
"../../../Engine/Content/EngineMaterials/Substrate/Glints2/dict_0006_0069.uasset" 10369
"../../../Engine/Content/EngineMaterials/Substrate/Glints2/dict_0006_0071.uasset" 10370
"../../../Engine/Content/EngineMaterials/Substrate/Glints2/dict_0006_0072.uasset" 10371
"../../../Engine/Content/EngineMaterials/Substrate/Glints2/dict_0006_0074.uasset" 10372
"../../../Engine/Content/EngineMaterials/Substrate/Glints2/dict_0006_0075.uasset" 10373
"../../../Engine/Content/EngineMaterials/Substrate/Glints2/dict_0006_0068.uasset" 10374
"../../../Engine/Content/EngineMaterials/Substrate/Glints2/dict_0006_0073.uasset" 10375
"../../../Engine/Content/EngineMaterials/Substrate/Glints2/dict_0006_0067.uasset" 10376
"../../../Engine/Content/EngineMaterials/Substrate/Glints2/dict_0006_0070.uasset" 10377
"/Engine/EngineMaterials/Substrate/Glints2/dict_0006_0058" 10378
"/Engine/EngineMaterials/Substrate/Glints2/dict_0006_0057" 10379
"/Engine/EngineMaterials/Substrate/Glints2/dict_0006_0056" 10380
"/Engine/EngineMaterials/Substrate/Glints2/dict_0006_0055" 10381
"/Engine/EngineMaterials/Substrate/Glints2/dict_0006_0054" 10382
"/Engine/EngineMaterials/Substrate/Glints2/dict_0006_0053" 10383
"/Engine/EngineMaterials/Substrate/Glints2/dict_0006_0052" 10384
"/Engine/EngineMaterials/Substrate/Glints2/dict_0006_0051" 10385
"/Engine/EngineMaterials/Substrate/Glints2/dict_0006_0050" 10386
"/Engine/EngineMaterials/Substrate/Glints2/dict_0006_0049" 10387
"/Engine/EngineMaterials/Substrate/Glints2/dict_0006_0048" 10388
"/Engine/EngineMaterials/Substrate/Glints2/dict_0006_0047" 10389
"/Engine/EngineMaterials/Substrate/Glints2/dict_0006_0046" 10390
"/Engine/EngineMaterials/Substrate/Glints2/dict_0006_0045" 10391
"/Engine/EngineMaterials/Substrate/Glints2/dict_0006_0044" 10392
"/Engine/EngineMaterials/Substrate/Glints2/dict_0006_0075" 10393
"../../../Engine/Content/EngineMaterials/Substrate/Glints2/dict_0006_0076.uasset" 10394
"../../../Engine/Content/EngineMaterials/Substrate/Glints2/dict_0006_0079.uasset" 10395
"/Engine/EngineMaterials/Substrate/Glints2/dict_0006_0074" 10396
"../../../Engine/Content/EngineMaterials/Substrate/Glints2/dict_0006_0078.uasset" 10397
"../../../Engine/Content/EngineMaterials/Substrate/Glints2/dict_0006_0077.uasset" 10398
"../../../Engine/Content/EngineMaterials/Substrate/Glints2/dict_0006_0080.uasset" 10399
"../../../Engine/Content/EngineMaterials/Substrate/Glints2/dict_0006_0081.uasset" 10400
"../../../Engine/Content/EngineMaterials/Substrate/Glints2/dict_0006_0082.uasset" 10401
"../../../Engine/Content/EngineMaterials/Substrate/Glints2/dict_0006_0083.uasset" 10402
"../../../Engine/Content/EngineMaterials/Substrate/Glints2/dict_0006_0086.uasset" 10403
"../../../Engine/Content/EngineMaterials/Substrate/Glints2/dict_0006_0085.uasset" 10404
"../../../Engine/Content/EngineMaterials/Substrate/Glints2/dict_0006_0084.uasset" 10405
"../../../Engine/Content/EngineMaterials/Substrate/Glints2/dict_0006_0087.uasset" 10406
"../../../Engine/Content/EngineMaterials/Substrate/Glints2/dict_0006_0088.uasset" 10407
"../../../Engine/Content/EngineMaterials/Substrate/Glints2/dict_0006_0089.uasset" 10408
"../../../Engine/Content/EngineMaterials/Substrate/Glints2/dict_0006_0090.uasset" 10409
"../../../Engine/Content/EngineMaterials/Substrate/Glints2/dict_0006_0091.uasset" 10410
"../../../Engine/Content/EngineMaterials/Substrate/Glints2/dict_0006_0092.uasset" 10411
"/Engine/EngineMaterials/Substrate/Glints2/dict_0006_0073" 10412
"/Engine/EngineMaterials/Substrate/Glints2/dict_0006_0072" 10413
"/Engine/EngineMaterials/Substrate/Glints2/dict_0006_0071" 10414
"/Engine/EngineMaterials/Substrate/Glints2/dict_0006_0070" 10415
"/Engine/EngineMaterials/Substrate/Glints2/dict_0006_0069" 10416
"/Engine/EngineMaterials/Substrate/Glints2/dict_0006_0068" 10417
"/Engine/EngineMaterials/Substrate/Glints2/dict_0006_0067" 10418
"/Engine/EngineMaterials/Substrate/Glints2/dict_0006_0066" 10419
"/Engine/EngineMaterials/Substrate/Glints2/dict_0006_0065" 10420
"/Engine/EngineMaterials/Substrate/Glints2/dict_0006_0064" 10421
"/Engine/EngineMaterials/Substrate/Glints2/dict_0006_0063" 10422
"/Engine/EngineMaterials/Substrate/Glints2/dict_0006_0062" 10423
"/Engine/EngineMaterials/Substrate/Glints2/dict_0006_0061" 10424
"/Engine/EngineMaterials/Substrate/Glints2/dict_0006_0092" 10425
"../../../Engine/Content/EngineMaterials/Substrate/Glints2/dict_0006_0093.uasset" 10426
"../../../Engine/Content/EngineMaterials/Substrate/Glints2/dict_0006_0094.uasset" 10427
"../../../Engine/Content/EngineMaterials/Substrate/Glints2/dict_0006_0095.uasset" 10428
"../../../Engine/Content/EngineMaterials/Substrate/Glints2/dict_0006_0096.uasset" 10429
"../../../Engine/Content/EngineMaterials/Substrate/Glints2/dict_0006_0097.uasset" 10430
"../../../Engine/Content/EngineMaterials/Substrate/Glints2/dict_0006_0099.uasset" 10431
"../../../Engine/Content/EngineMaterials/Substrate/Glints2/dict_0006_0105.uasset" 10432
"../../../Engine/Content/EngineMaterials/Substrate/Glints2/dict_0006_0102.uasset" 10433
"../../../Engine/Content/EngineMaterials/Substrate/Glints2/dict_0006_0103.uasset" 10434
"../../../Engine/Content/EngineMaterials/Substrate/Glints2/dict_0006_0100.uasset" 10435
"../../../Engine/Content/EngineMaterials/Substrate/Glints2/dict_0006_0101.uasset" 10436
"/Engine/EngineMaterials/Substrate/Glints2/dict_0006_0091" 10437
"../../../Engine/Content/EngineMaterials/Substrate/Glints2/dict_0006_0098.uasset" 10438
"../../../Engine/Content/EngineMaterials/Substrate/Glints2/dict_0006_0107.uasset" 10439
"../../../Engine/Content/EngineMaterials/Substrate/Glints2/dict_0006_0104.uasset" 10440
"../../../Engine/Content/EngineMaterials/Substrate/Glints2/dict_0006_0106.uasset" 10441
"/Engine/EngineMaterials/Substrate/Glints2/dict_0006_0090" 10442
"/Engine/EngineMaterials/Substrate/Glints2/dict_0006_0089" 10443
"/Engine/EngineMaterials/Substrate/Glints2/dict_0006_0088" 10444
"/Engine/EngineMaterials/Substrate/Glints2/dict_0006_0087" 10445
"/Engine/EngineMaterials/Substrate/Glints2/dict_0006_0086" 10446
"/Engine/EngineMaterials/Substrate/Glints2/dict_0006_0085" 10447
"/Engine/EngineMaterials/Substrate/Glints2/dict_0006_0084" 10448
"/Engine/EngineMaterials/Substrate/Glints2/dict_0006_0083" 10449
"/Engine/EngineMaterials/Substrate/Glints2/dict_0006_0082" 10450
"/Engine/EngineMaterials/Substrate/Glints2/dict_0006_0081" 10451
"/Engine/EngineMaterials/Substrate/Glints2/dict_0006_0080" 10452
"/Engine/EngineMaterials/Substrate/Glints2/dict_0006_0079" 10453
"/Engine/EngineMaterials/Substrate/Glints2/dict_0006_0078" 10454
"/Engine/EngineMaterials/Substrate/Glints2/dict_0006_0077" 10455
"/Engine/EngineMaterials/Substrate/Glints2/dict_0006_0076" 10456
"/Engine/EngineMaterials/Substrate/Glints2/dict_0006_0107" 10457
"../../../Engine/Content/EngineMaterials/Substrate/Glints2/dict_0006_0108.uasset" 10458
"../../../Engine/Content/EngineMaterials/Substrate/Glints2/dict_0006_0109.uasset" 10459
"/Engine/EngineMaterials/Substrate/Glints2/dict_0006_0106" 10460
"../../../Engine/Content/EngineMaterials/Substrate/Glints2/dict_0006_0110.uasset" 10461
"../../../Engine/Content/EngineMaterials/Substrate/Glints2/dict_0006_0111.uasset" 10462
"../../../Engine/Content/EngineMaterials/Substrate/Glints2/dict_0006_0113.uasset" 10463
"../../../Engine/Content/EngineMaterials/Substrate/Glints2/dict_0006_0112.uasset" 10464
"../../../Engine/Content/EngineMaterials/Substrate/Glints2/dict_0006_0115.uasset" 10465
"../../../Engine/Content/EngineMaterials/Substrate/Glints2/dict_0006_0114.uasset" 10466
"../../../Engine/Content/EngineMaterials/Substrate/Glints2/dict_0006_0119.uasset" 10467
"../../../Engine/Content/EngineMaterials/Substrate/Glints2/dict_0006_0121.uasset" 10468
"../../../Engine/Content/EngineMaterials/Substrate/Glints2/dict_0006_0117.uasset" 10469
"../../../Engine/Content/EngineMaterials/Substrate/Glints2/dict_0006_0118.uasset" 10470
"../../../Engine/Content/EngineMaterials/Substrate/Glints2/dict_0006_0120.uasset" 10471
"../../../Engine/Content/EngineMaterials/Substrate/Glints2/dict_0006_0116.uasset" 10472
"../../../Engine/Content/EngineMaterials/Substrate/Glints2/dict_0006_0122.uasset" 10473
"../../../Engine/Content/EngineMaterials/Substrate/Glints2/dict_0006_0123.uasset" 10474
"../../../Engine/Content/EngineMaterials/Substrate/Glints2/dict_0006_0124.uasset" 10475
"/Engine/EngineMaterials/Substrate/Glints2/dict_0006_0105" 10476
"/Engine/EngineMaterials/Substrate/Glints2/dict_0006_0104" 10477
"/Engine/EngineMaterials/Substrate/Glints2/dict_0006_0103" 10478
"/Engine/EngineMaterials/Substrate/Glints2/dict_0006_0102" 10479
"/Engine/EngineMaterials/Substrate/Glints2/dict_0006_0101" 10480
"/Engine/EngineMaterials/Substrate/Glints2/dict_0006_0100" 10481
"/Engine/EngineMaterials/Substrate/Glints2/dict_0006_0099" 10482
"/Engine/EngineMaterials/Substrate/Glints2/dict_0006_0098" 10483
"/Engine/EngineMaterials/Substrate/Glints2/dict_0006_0097" 10484
"/Engine/EngineMaterials/Substrate/Glints2/dict_0006_0096" 10485
"/Engine/EngineMaterials/Substrate/Glints2/dict_0006_0095" 10486
"/Engine/EngineMaterials/Substrate/Glints2/dict_0006_0094" 10487
"/Engine/EngineMaterials/Substrate/Glints2/dict_0006_0093" 10488
"/Engine/EngineMaterials/Substrate/Glints2/dict_0006_0124" 10489
"../../../Engine/Content/EngineMaterials/Substrate/Glints2/dict_0006_0125.uasset" 10490
"../../../Engine/Content/EngineMaterials/Substrate/Glints2/dict_0006_0126.uasset" 10491
"/Engine/EngineMaterials/Substrate/Glints2/dict_0006_0123" 10492
"../../../Engine/Content/EngineMaterials/Substrate/Glints2/dict_0006_0127.uasset" 10493
"../../../Engine/Content/EngineMaterials/Substrate/Glints2/dict_0006_0128.uasset" 10494
"../../../Engine/Content/EngineMaterials/Substrate/Glints2/dict_0006_0129.uasset" 10495
"../../../Engine/Content/EngineMaterials/Substrate/Glints2/dict_0006_0132.uasset" 10496
"../../../Engine/Content/EngineMaterials/Substrate/Glints2/dict_0006_0131.uasset" 10497
"../../../Engine/Content/EngineMaterials/Substrate/Glints2/dict_0006_0135.uasset" 10498
"../../../Engine/Content/EngineMaterials/Substrate/Glints2/dict_0006_0137.uasset" 10499
"../../../Engine/Content/EngineMaterials/Substrate/Glints2/dict_0006_0130.uasset" 10500
"../../../Engine/Content/EngineMaterials/Substrate/Glints2/dict_0006_0138.uasset" 10501
"../../../Engine/Content/EngineMaterials/Substrate/Glints2/dict_0006_0133.uasset" 10502
"../../../Engine/Content/EngineMaterials/Substrate/Glints2/dict_0006_0139.uasset" 10503
"../../../Engine/Content/EngineMaterials/Substrate/Glints2/dict_0006_0136.uasset" 10504
"../../../Engine/Content/EngineMaterials/Substrate/Glints2/dict_0006_0134.uasset" 10505
"/Engine/EngineMaterials/Substrate/Glints2/dict_0006_0122" 10506
"/Engine/EngineMaterials/Substrate/Glints2/dict_0006_0121" 10507
"/Engine/EngineMaterials/Substrate/Glints2/dict_0006_0120" 10508
"/Engine/EngineMaterials/Substrate/Glints2/dict_0006_0119" 10509
"/Engine/EngineMaterials/Substrate/Glints2/dict_0006_0118" 10510
"/Engine/EngineMaterials/Substrate/Glints2/dict_0006_0117" 10511
"/Engine/EngineMaterials/Substrate/Glints2/dict_0006_0116" 10512
"/Engine/EngineMaterials/Substrate/Glints2/dict_0006_0115" 10513
"/Engine/EngineMaterials/Substrate/Glints2/dict_0006_0114" 10514
"/Engine/EngineMaterials/Substrate/Glints2/dict_0006_0113" 10515
"/Engine/EngineMaterials/Substrate/Glints2/dict_0006_0112" 10516
"/Engine/EngineMaterials/Substrate/Glints2/dict_0006_0111" 10517
"/Engine/EngineMaterials/Substrate/Glints2/dict_0006_0110" 10518
"/Engine/EngineMaterials/Substrate/Glints2/dict_0006_0109" 10519
"/Engine/EngineMaterials/Substrate/Glints2/dict_0006_0108" 10520
"/Engine/EngineMaterials/Substrate/Glints2/dict_0006_0139" 10521
"../../../Engine/Content/EngineMaterials/Substrate/Glints2/dict_0006_0140.uasset" 10522
"../../../Engine/Content/EngineMaterials/Substrate/Glints2/dict_0006_0141.uasset" 10523
"../../../Engine/Content/EngineMaterials/Substrate/Glints2/dict_0006_0143.uasset" 10524
"/Engine/EngineMaterials/Substrate/Glints2/dict_0006_0138" 10525
"../../../Engine/Content/EngineMaterials/Substrate/Glints2/dict_0006_0142.uasset" 10526
"../../../Engine/Content/EngineMaterials/Substrate/Glints2/dict_0006_0144.uasset" 10527
"../../../Engine/Content/EngineMaterials/Substrate/Glints2/dict_0006_0149.uasset" 10528
"../../../Engine/Content/EngineMaterials/Substrate/Glints2/dict_0006_0151.uasset" 10529
"../../../Engine/Content/EngineMaterials/Substrate/Glints2/dict_0006_0146.uasset" 10530
"../../../Engine/Content/EngineMaterials/Substrate/Glints2/dict_0006_0147.uasset" 10531
"../../../Engine/Content/EngineMaterials/Substrate/Glints2/dict_0006_0154.uasset" 10532
"../../../Engine/Content/EngineMaterials/Substrate/Glints2/dict_0006_0145.uasset" 10533
"../../../Engine/Content/EngineMaterials/Substrate/Glints2/dict_0006_0155.uasset" 10534
"../../../Engine/Content/EngineMaterials/Substrate/Glints2/dict_0006_0152.uasset" 10535
"../../../Engine/Content/EngineMaterials/Substrate/Glints2/dict_0006_0153.uasset" 10536
"../../../Engine/Content/EngineMaterials/Substrate/Glints2/dict_0006_0148.uasset" 10537
"../../../Engine/Content/EngineMaterials/Substrate/Glints2/dict_0006_0156.uasset" 10538
"../../../Engine/Content/EngineMaterials/Substrate/Glints2/dict_0006_0150.uasset" 10539
"/Engine/EngineMaterials/Substrate/Glints2/dict_0006_0137" 10540
"/Engine/EngineMaterials/Substrate/Glints2/dict_0006_0136" 10541
"/Engine/EngineMaterials/Substrate/Glints2/dict_0006_0135" 10542
"/Engine/EngineMaterials/Substrate/Glints2/dict_0006_0134" 10543
"/Engine/EngineMaterials/Substrate/Glints2/dict_0006_0133" 10544
"/Engine/EngineMaterials/Substrate/Glints2/dict_0006_0132" 10545
"/Engine/EngineMaterials/Substrate/Glints2/dict_0006_0131" 10546
"/Engine/EngineMaterials/Substrate/Glints2/dict_0006_0130" 10547
"/Engine/EngineMaterials/Substrate/Glints2/dict_0006_0129" 10548
"/Engine/EngineMaterials/Substrate/Glints2/dict_0006_0128" 10549
"/Engine/EngineMaterials/Substrate/Glints2/dict_0006_0127" 10550
"/Engine/EngineMaterials/Substrate/Glints2/dict_0006_0126" 10551
"/Engine/EngineMaterials/Substrate/Glints2/dict_0006_0125" 10552
"/Engine/EngineMaterials/Substrate/Glints2/dict_0006_0156" 10553
"../../../Engine/Content/EngineMaterials/Substrate/Glints2/dict_0006_0157.uasset" 10554
"/Engine/EngineMaterials/Substrate/Glints2/dict_0006_0155" 10555
"../../../Engine/Content/EngineMaterials/Substrate/Glints2/dict_0006_0158.uasset" 10556
"../../../Engine/Content/EngineMaterials/Substrate/Glints2/dict_0006_0162.uasset" 10557
"../../../Engine/Content/EngineMaterials/Substrate/Glints2/dict_0006_0164.uasset" 10558
"../../../Engine/Content/EngineMaterials/Substrate/Glints2/dict_0006_0166.uasset" 10559
"../../../Engine/Content/EngineMaterials/Substrate/Glints2/dict_0006_0159.uasset" 10560
"../../../Engine/Content/EngineMaterials/Substrate/Glints2/dict_0006_0160.uasset" 10561
"../../../Engine/Content/EngineMaterials/Substrate/Glints2/dict_0006_0161.uasset" 10562
"../../../Engine/Content/EngineMaterials/Substrate/Glints2/dict_0006_0169.uasset" 10563
"../../../Engine/Content/EngineMaterials/Substrate/Glints2/dict_0006_0167.uasset" 10564
"../../../Engine/Content/EngineMaterials/Substrate/Glints2/dict_0006_0163.uasset" 10565
"../../../Engine/Content/EngineMaterials/Substrate/Glints2/dict_0006_0168.uasset" 10566
"../../../Engine/Content/EngineMaterials/Substrate/Glints2/dict_0006_0170.uasset" 10567
"../../../Engine/Content/EngineMaterials/Substrate/Glints2/dict_0006_0165.uasset" 10568
"/Engine/EngineMaterials/Substrate/Glints2/dict_0006_0154" 10569
"../../../Engine/Content/EngineMaterials/Substrate/Glints2/dict_0006_0171.uasset" 10570
"/Engine/EngineMaterials/Substrate/Glints2/dict_0006_0153" 10571
"/Engine/EngineMaterials/Substrate/Glints2/dict_0006_0152" 10572
"/Engine/EngineMaterials/Substrate/Glints2/dict_0006_0151" 10573
"/Engine/EngineMaterials/Substrate/Glints2/dict_0006_0150" 10574
"/Engine/EngineMaterials/Substrate/Glints2/dict_0006_0149" 10575
"/Engine/EngineMaterials/Substrate/Glints2/dict_0006_0148" 10576
"/Engine/EngineMaterials/Substrate/Glints2/dict_0006_0147" 10577
"/Engine/EngineMaterials/Substrate/Glints2/dict_0006_0146" 10578
"/Engine/EngineMaterials/Substrate/Glints2/dict_0006_0145" 10579
"/Engine/EngineMaterials/Substrate/Glints2/dict_0006_0144" 10580
"/Engine/EngineMaterials/Substrate/Glints2/dict_0006_0143" 10581
"/Engine/EngineMaterials/Substrate/Glints2/dict_0006_0142" 10582
"/Engine/EngineMaterials/Substrate/Glints2/dict_0006_0141" 10583
"/Engine/EngineMaterials/Substrate/Glints2/dict_0006_0140" 10584
"/Engine/EngineMaterials/Substrate/Glints2/dict_0006_0171" 10585
"../../../Engine/Content/EngineMaterials/Substrate/Glints2/dict_0006_0173.uasset" 10586
"../../../Engine/Content/EngineMaterials/Substrate/Glints2/dict_0006_0172.uasset" 10587
"/Engine/EngineMaterials/Substrate/Glints2/dict_0006_0170" 10588
"../../../Engine/Content/EngineMaterials/Substrate/Glints2/dict_0006_0174.uasset" 10589
"../../../Engine/Content/EngineMaterials/Substrate/Glints2/dict_0006_0175.uasset" 10590
"../../../Engine/Content/EngineMaterials/Substrate/Glints2/dict_0006_0178.uasset" 10591
"../../../Engine/Content/EngineMaterials/Substrate/Glints2/dict_0006_0179.uasset" 10592
"../../../Engine/Content/EngineMaterials/Substrate/Glints2/dict_0006_0183.uasset" 10593
"../../../Engine/Content/EngineMaterials/Substrate/Glints2/dict_0006_0181.uasset" 10594
"../../../Engine/Content/EngineMaterials/Substrate/Glints2/dict_0006_0184.uasset" 10595
"../../../Engine/Content/EngineMaterials/Substrate/Glints2/dict_0006_0185.uasset" 10596
"../../../Engine/Content/EngineMaterials/Substrate/Glints2/dict_0006_0182.uasset" 10597
"../../../Engine/Content/EngineMaterials/Substrate/Glints2/dict_0006_0176.uasset" 10598
"../../../Engine/Content/EngineMaterials/Substrate/Glints2/dict_0006_0186.uasset" 10599
"../../../Engine/Content/EngineMaterials/Substrate/Glints2/dict_0006_0177.uasset" 10600
"../../../Engine/Content/EngineMaterials/Substrate/Glints2/dict_0006_0188.uasset" 10601
"../../../Engine/Content/EngineMaterials/Substrate/Glints2/dict_0006_0180.uasset" 10602
"../../../Engine/Content/EngineMaterials/Substrate/Glints2/dict_0006_0187.uasset" 10603
"/Engine/EngineMaterials/Substrate/Glints2/dict_0006_0169" 10604
"/Engine/EngineMaterials/Substrate/Glints2/dict_0006_0168" 10605
"/Engine/EngineMaterials/Substrate/Glints2/dict_0006_0167" 10606
"/Engine/EngineMaterials/Substrate/Glints2/dict_0006_0166" 10607
"/Engine/EngineMaterials/Substrate/Glints2/dict_0006_0165" 10608
"/Engine/EngineMaterials/Substrate/Glints2/dict_0006_0164" 10609
"/Engine/EngineMaterials/Substrate/Glints2/dict_0006_0163" 10610
"/Engine/EngineMaterials/Substrate/Glints2/dict_0006_0162" 10611
"/Engine/EngineMaterials/Substrate/Glints2/dict_0006_0161" 10612
"/Engine/EngineMaterials/Substrate/Glints2/dict_0006_0160" 10613
"/Engine/EngineMaterials/Substrate/Glints2/dict_0006_0159" 10614
"/Engine/EngineMaterials/Substrate/Glints2/dict_0006_0158" 10615
"/Engine/EngineMaterials/Substrate/Glints2/dict_0006_0157" 10616
"/Engine/EngineMaterials/Substrate/Glints2/dict_0006_0188" 10617
"../../../Engine/Content/EngineMaterials/Substrate/Glints2/dict_0006_0189.uasset" 10618
"../../../Engine/Content/EngineMaterials/Substrate/Glints2/dict_0006_0190.uasset" 10619
"../../../Engine/Content/EngineMaterials/Substrate/Glints2/dict_0006_0192.uasset" 10620
"../../../Engine/Content/EngineMaterials/Substrate/Glints2/dict_0006_0191.uasset" 10621
"../../../Engine/Content/EngineMaterials/Substrate/Glints2/dict_0006_0193.uasset" 10622
"../../../Engine/Content/EngineMaterials/Substrate/Glints2/dict_0006_0194.uasset" 10623
"../../../Engine/Content/EngineMaterials/Substrate/Glints2/dict_0006_0195.uasset" 10624
"../../../Engine/Content/EngineMaterials/Substrate/Glints2/dict_0006_0197.uasset" 10625
"../../../Engine/Content/EngineMaterials/Substrate/Glints2/dict_0006_0199.uasset" 10626
"../../../Engine/Content/EngineMaterials/Substrate/Glints2/dict_0006_0200.uasset" 10627
"../../../Engine/Content/EngineMaterials/Substrate/Glints2/dict_0006_0201.uasset" 10628
"../../../Engine/Content/EngineMaterials/Substrate/Glints2/dict_0006_0203.uasset" 10629
"../../../Engine/Content/EngineMaterials/Substrate/Glints2/dict_0006_0202.uasset" 10630
"/Engine/EngineMaterials/Substrate/Glints2/dict_0006_0187" 10631
"../../../Engine/Content/EngineMaterials/Substrate/Glints2/dict_0006_0198.uasset" 10632
"../../../Engine/Content/EngineMaterials/Substrate/Glints2/dict_0006_0196.uasset" 10633
"/Engine/EngineMaterials/Substrate/Glints2/dict_0006_0186" 10634
"/Engine/EngineMaterials/Substrate/Glints2/dict_0006_0185" 10635
"/Engine/EngineMaterials/Substrate/Glints2/dict_0006_0184" 10636
"/Engine/EngineMaterials/Substrate/Glints2/dict_0006_0183" 10637
"/Engine/EngineMaterials/Substrate/Glints2/dict_0006_0182" 10638
"/Engine/EngineMaterials/Substrate/Glints2/dict_0006_0181" 10639
"/Engine/EngineMaterials/Substrate/Glints2/dict_0006_0180" 10640
"/Engine/EngineMaterials/Substrate/Glints2/dict_0006_0179" 10641
"/Engine/EngineMaterials/Substrate/Glints2/dict_0006_0178" 10642
"/Engine/EngineMaterials/Substrate/Glints2/dict_0006_0177" 10643
"/Engine/EngineMaterials/Substrate/Glints2/dict_0006_0176" 10644
"/Engine/EngineMaterials/Substrate/Glints2/dict_0006_0175" 10645
"/Engine/EngineMaterials/Substrate/Glints2/dict_0006_0174" 10646
"/Engine/EngineMaterials/Substrate/Glints2/dict_0006_0173" 10647
"/Engine/EngineMaterials/Substrate/Glints2/dict_0006_0172" 10648
"/Engine/EngineMaterials/Substrate/Glints2/dict_0006_0203" 10649
"../../../Engine/Content/EngineMaterials/Substrate/Glints2/dict_0006_0204.uasset" 10650
"../../../Engine/Content/EngineMaterials/Substrate/Glints2/dict_0006_0205.uasset" 10651
"../../../Engine/Content/EngineMaterials/Substrate/Glints2/dict_0006_0206.uasset" 10652
"../../../Engine/Content/EngineMaterials/Substrate/Glints2/dict_0006_0207.uasset" 10653
"../../../Engine/Content/EngineMaterials/Substrate/Glints2/dict_0006_0208.uasset" 10654
"../../../Engine/Content/EngineMaterials/Substrate/Glints2/dict_0006_0211.uasset" 10655
"../../../Engine/Content/EngineMaterials/Substrate/Glints2/dict_0006_0210.uasset" 10656
"../../../Engine/Content/EngineMaterials/Substrate/Glints2/dict_0006_0213.uasset" 10657
"../../../Engine/Content/EngineMaterials/Substrate/Glints2/dict_0006_0214.uasset" 10658
"../../../Engine/Content/EngineMaterials/Substrate/Glints2/dict_0006_0212.uasset" 10659
"../../../Engine/Content/EngineMaterials/Substrate/Glints2/dict_0006_0209.uasset" 10660
"/Engine/EngineMaterials/Substrate/Glints2/dict_0006_0202" 10661
"../../../Engine/Content/EngineMaterials/Substrate/Glints2/dict_0006_0216.uasset" 10662
"../../../Engine/Content/EngineMaterials/Substrate/Glints2/dict_0006_0217.uasset" 10663
"../../../Engine/Content/EngineMaterials/Substrate/Glints2/dict_0006_0218.uasset" 10664
"../../../Engine/Content/EngineMaterials/Substrate/Glints2/dict_0006_0220.uasset" 10665
"../../../Engine/Content/EngineMaterials/Substrate/Glints2/dict_0006_0219.uasset" 10666
"../../../Engine/Content/EngineMaterials/Substrate/Glints2/dict_0006_0215.uasset" 10667
"/Engine/EngineMaterials/Substrate/Glints2/dict_0006_0201" 10668
"/Engine/EngineMaterials/Substrate/Glints2/dict_0006_0200" 10669
"/Engine/EngineMaterials/Substrate/Glints2/dict_0006_0199" 10670
"/Engine/EngineMaterials/Substrate/Glints2/dict_0006_0198" 10671
"/Engine/EngineMaterials/Substrate/Glints2/dict_0006_0197" 10672
"/Engine/EngineMaterials/Substrate/Glints2/dict_0006_0196" 10673
"/Engine/EngineMaterials/Substrate/Glints2/dict_0006_0195" 10674
"/Engine/EngineMaterials/Substrate/Glints2/dict_0006_0194" 10675
"/Engine/EngineMaterials/Substrate/Glints2/dict_0006_0193" 10676
"/Engine/EngineMaterials/Substrate/Glints2/dict_0006_0192" 10677
"/Engine/EngineMaterials/Substrate/Glints2/dict_0006_0191" 10678
"/Engine/EngineMaterials/Substrate/Glints2/dict_0006_0190" 10679
"/Engine/EngineMaterials/Substrate/Glints2/dict_0006_0189" 10680
"../../../Engine/Content/EngineMaterials/Substrate/Glints2/dict_0006_0221.uasset" 10681
"/Engine/EngineMaterials/Substrate/Glints2/dict_0006_0220" 10682
"../../../Engine/Content/EngineMaterials/Substrate/Glints2/dict_0006_0223.uasset" 10683
"../../../Engine/Content/EngineMaterials/Substrate/Glints2/dict_0006_0222.uasset" 10684
"/Engine/EngineMaterials/Substrate/Glints2/dict_0006_0219" 10685
"../../../Engine/Content/EngineMaterials/Substrate/Glints2/dict_0006_0226.uasset" 10686
"../../../Engine/Content/EngineMaterials/Substrate/Glints2/dict_0006_0225.uasset" 10687
"../../../Engine/Content/EngineMaterials/Substrate/Glints2/dict_0006_0230.uasset" 10688
"../../../Engine/Content/EngineMaterials/Substrate/Glints2/dict_0006_0224.uasset" 10689
"../../../Engine/Content/EngineMaterials/Substrate/Glints2/dict_0006_0231.uasset" 10690
"../../../Engine/Content/EngineMaterials/Substrate/Glints2/dict_0006_0234.uasset" 10691
"../../../Engine/Content/EngineMaterials/Substrate/Glints2/dict_0006_0232.uasset" 10692
"../../../Engine/Content/EngineMaterials/Substrate/Glints2/dict_0006_0227.uasset" 10693
"../../../Engine/Content/EngineMaterials/Substrate/Glints2/dict_0006_0228.uasset" 10694
"../../../Engine/Content/EngineMaterials/Substrate/Glints2/dict_0006_0229.uasset" 10695
"../../../Engine/Content/EngineMaterials/Substrate/Glints2/dict_0006_0233.uasset" 10696
"../../../Engine/Content/EngineMaterials/Substrate/Glints2/dict_0006_0235.uasset" 10697
"/Engine/EngineMaterials/Substrate/Glints2/dict_0006_0218" 10698
"/Engine/EngineMaterials/Substrate/Glints2/dict_0006_0217" 10699
"/Engine/EngineMaterials/Substrate/Glints2/dict_0006_0216" 10700
"/Engine/EngineMaterials/Substrate/Glints2/dict_0006_0215" 10701
"/Engine/EngineMaterials/Substrate/Glints2/dict_0006_0214" 10702
"/Engine/EngineMaterials/Substrate/Glints2/dict_0006_0213" 10703
"/Engine/EngineMaterials/Substrate/Glints2/dict_0006_0212" 10704
"/Engine/EngineMaterials/Substrate/Glints2/dict_0006_0211" 10705
"/Engine/EngineMaterials/Substrate/Glints2/dict_0006_0210" 10706
"/Engine/EngineMaterials/Substrate/Glints2/dict_0006_0209" 10707
"/Engine/EngineMaterials/Substrate/Glints2/dict_0006_0208" 10708
"/Engine/EngineMaterials/Substrate/Glints2/dict_0006_0207" 10709
"/Engine/EngineMaterials/Substrate/Glints2/dict_0006_0206" 10710
"/Engine/EngineMaterials/Substrate/Glints2/dict_0006_0205" 10711
"/Engine/EngineMaterials/Substrate/Glints2/dict_0006_0204" 10712
"/Engine/EngineMaterials/Substrate/Glints2/dict_0006_0235" 10713
"../../../Engine/Content/EngineMaterials/Substrate/Glints2/dict_0006_0237.uasset" 10714
"../../../Engine/Content/EngineMaterials/Substrate/Glints2/dict_0006_0236.uasset" 10715
"../../../Engine/Content/EngineMaterials/Substrate/Glints2/dict_0006_0238.uasset" 10716
"/Engine/EngineMaterials/Substrate/Glints2/dict_0006_0234" 10717
"../../../Engine/Content/EngineMaterials/Substrate/Glints2/dict_0006_0239.uasset" 10718
"../../../Engine/Content/EngineMaterials/Substrate/Glints2/dict_0006_0242.uasset" 10719
"../../../Engine/Content/EngineMaterials/Substrate/Glints2/dict_0006_0240.uasset" 10720
"../../../Engine/Content/EngineMaterials/Substrate/Glints2/dict_0006_0243.uasset" 10721
"../../../Engine/Content/EngineMaterials/Substrate/Glints2/dict_0006_0245.uasset" 10722
"../../../Engine/Content/EngineMaterials/Substrate/Glints2/dict_0006_0244.uasset" 10723
"../../../Engine/Content/EngineMaterials/Substrate/Glints2/dict_0006_0249.uasset" 10724
"../../../Engine/Content/EngineMaterials/Substrate/Glints2/dict_0006_0246.uasset" 10725
"../../../Engine/Content/EngineMaterials/Substrate/Glints2/dict_0006_0241.uasset" 10726
"../../../Engine/Content/EngineMaterials/Substrate/Glints2/dict_0006_0248.uasset" 10727
"../../../Engine/Content/EngineMaterials/Substrate/Glints2/dict_0006_0252.uasset" 10728
"../../../Engine/Content/EngineMaterials/Substrate/Glints2/dict_0006_0247.uasset" 10729
"../../../Engine/Content/EngineMaterials/Substrate/Glints2/dict_0006_0250.uasset" 10730
"../../../Engine/Content/EngineMaterials/Substrate/Glints2/dict_0006_0251.uasset" 10731
"/Engine/EngineMaterials/Substrate/Glints2/dict_0006_0233" 10732
"/Engine/EngineMaterials/Substrate/Glints2/dict_0006_0232" 10733
"/Engine/EngineMaterials/Substrate/Glints2/dict_0006_0231" 10734
"/Engine/EngineMaterials/Substrate/Glints2/dict_0006_0230" 10735
"/Engine/EngineMaterials/Substrate/Glints2/dict_0006_0229" 10736
"/Engine/EngineMaterials/Substrate/Glints2/dict_0006_0228" 10737
"/Engine/EngineMaterials/Substrate/Glints2/dict_0006_0227" 10738
"/Engine/EngineMaterials/Substrate/Glints2/dict_0006_0226" 10739
"/Engine/EngineMaterials/Substrate/Glints2/dict_0006_0225" 10740
"/Engine/EngineMaterials/Substrate/Glints2/dict_0006_0224" 10741
"/Engine/EngineMaterials/Substrate/Glints2/dict_0006_0223" 10742
"/Engine/EngineMaterials/Substrate/Glints2/dict_0006_0222" 10743
"/Engine/EngineMaterials/Substrate/Glints2/dict_0006_0221" 10744
"/Engine/EngineMaterials/Substrate/Glints2/dict_0006_0252" 10745
"../../../Engine/Content/EngineMaterials/Substrate/Glints2/dict_0006_0253.uasset" 10746
"/Engine/EngineMaterials/Substrate/Glints2/dict_0006_0251" 10747
"../../../Engine/Content/EngineMaterials/Substrate/Glints2/dict_0006_0254.uasset" 10748
"../../../Engine/Content/EngineMaterials/Substrate/Glints2/dict_0007_0000.uasset" 10749
"../../../Engine/Content/EngineMaterials/Substrate/Glints2/dict_0006_0255.uasset" 10750
"../../../Engine/Content/EngineMaterials/Substrate/Glints2/dict_0007_0001.uasset" 10751
"../../../Engine/Content/EngineMaterials/Substrate/Glints2/dict_0007_0002.uasset" 10752
"../../../Engine/Content/EngineMaterials/Substrate/Glints2/dict_0007_0008.uasset" 10753
"../../../Engine/Content/EngineMaterials/Substrate/Glints2/dict_0007_0007.uasset" 10754
"../../../Engine/Content/EngineMaterials/Substrate/Glints2/dict_0007_0003.uasset" 10755
"../../../Engine/Content/EngineMaterials/Substrate/Glints2/dict_0007_0011.uasset" 10756
"/Engine/EngineMaterials/Substrate/Glints2/dict_0006_0250" 10757
"../../../Engine/Content/EngineMaterials/Substrate/Glints2/dict_0007_0004.uasset" 10758
"../../../Engine/Content/EngineMaterials/Substrate/Glints2/dict_0007_0009.uasset" 10759
"../../../Engine/Content/EngineMaterials/Substrate/Glints2/dict_0007_0005.uasset" 10760
"../../../Engine/Content/EngineMaterials/Substrate/Glints2/dict_0007_0010.uasset" 10761
"../../../Engine/Content/EngineMaterials/Substrate/Glints2/dict_0007_0006.uasset" 10762
"/Engine/EngineMaterials/Substrate/Glints2/dict_0006_0249" 10763
"/Engine/EngineMaterials/Substrate/Glints2/dict_0006_0248" 10764
"/Engine/EngineMaterials/Substrate/Glints2/dict_0006_0247" 10765
"/Engine/EngineMaterials/Substrate/Glints2/dict_0006_0246" 10766
"/Engine/EngineMaterials/Substrate/Glints2/dict_0006_0245" 10767
"/Engine/EngineMaterials/Substrate/Glints2/dict_0006_0244" 10768
"/Engine/EngineMaterials/Substrate/Glints2/dict_0006_0243" 10769
"/Engine/EngineMaterials/Substrate/Glints2/dict_0006_0242" 10770
"/Engine/EngineMaterials/Substrate/Glints2/dict_0006_0241" 10771
"/Engine/EngineMaterials/Substrate/Glints2/dict_0006_0240" 10772
"/Engine/EngineMaterials/Substrate/Glints2/dict_0006_0239" 10773
"/Engine/EngineMaterials/Substrate/Glints2/dict_0006_0238" 10774
"/Engine/EngineMaterials/Substrate/Glints2/dict_0006_0237" 10775
"/Engine/EngineMaterials/Substrate/Glints2/dict_0006_0236" 10776
"/Engine/EngineMaterials/Substrate/Glints2/dict_0007_0011" 10777
"../../../Engine/Content/EngineMaterials/Substrate/Glints2/dict_0007_0012.uasset" 10778
"../../../Engine/Content/EngineMaterials/Substrate/Glints2/dict_0007_0013.uasset" 10779
"/Engine/EngineMaterials/Substrate/Glints2/dict_0007_0010" 10780
"../../../Engine/Content/EngineMaterials/Substrate/Glints2/dict_0007_0014.uasset" 10781
"../../../Engine/Content/EngineMaterials/Substrate/Glints2/dict_0007_0015.uasset" 10782
"../../../Engine/Content/EngineMaterials/Substrate/Glints2/dict_0007_0017.uasset" 10783
"../../../Engine/Content/EngineMaterials/Substrate/Glints2/dict_0007_0018.uasset" 10784
"../../../Engine/Content/EngineMaterials/Substrate/Glints2/dict_0007_0016.uasset" 10785
"../../../Engine/Content/EngineMaterials/Substrate/Glints2/dict_0007_0020.uasset" 10786
"../../../Engine/Content/EngineMaterials/Substrate/Glints2/dict_0007_0019.uasset" 10787
"../../../Engine/Content/EngineMaterials/Substrate/Glints2/dict_0007_0025.uasset" 10788
"../../../Engine/Content/EngineMaterials/Substrate/Glints2/dict_0007_0021.uasset" 10789
"../../../Engine/Content/EngineMaterials/Substrate/Glints2/dict_0007_0022.uasset" 10790
"../../../Engine/Content/EngineMaterials/Substrate/Glints2/dict_0007_0023.uasset" 10791
"../../../Engine/Content/EngineMaterials/Substrate/Glints2/dict_0007_0024.uasset" 10792
"../../../Engine/Content/EngineMaterials/Substrate/Glints2/dict_0007_0026.uasset" 10793
"../../../Engine/Content/EngineMaterials/Substrate/Glints2/dict_0007_0027.uasset" 10794
"../../../Engine/Content/EngineMaterials/Substrate/Glints2/dict_0007_0028.uasset" 10795
"/Engine/EngineMaterials/Substrate/Glints2/dict_0007_0009" 10796
"/Engine/EngineMaterials/Substrate/Glints2/dict_0007_0008" 10797
"/Engine/EngineMaterials/Substrate/Glints2/dict_0007_0007" 10798
"/Engine/EngineMaterials/Substrate/Glints2/dict_0007_0006" 10799
"/Engine/EngineMaterials/Substrate/Glints2/dict_0007_0005" 10800
"/Engine/EngineMaterials/Substrate/Glints2/dict_0007_0004" 10801
"/Engine/EngineMaterials/Substrate/Glints2/dict_0007_0003" 10802
"/Engine/EngineMaterials/Substrate/Glints2/dict_0007_0002" 10803
"/Engine/EngineMaterials/Substrate/Glints2/dict_0007_0001" 10804
"/Engine/EngineMaterials/Substrate/Glints2/dict_0007_0000" 10805
"/Engine/EngineMaterials/Substrate/Glints2/dict_0006_0255" 10806
"/Engine/EngineMaterials/Substrate/Glints2/dict_0006_0254" 10807
"/Engine/EngineMaterials/Substrate/Glints2/dict_0006_0253" 10808
"/Engine/EngineMaterials/Substrate/Glints2/dict_0007_0028" 10809
"../../../Engine/Content/EngineMaterials/Substrate/Glints2/dict_0007_0029.uasset" 10810
"../../../Engine/Content/EngineMaterials/Substrate/Glints2/dict_0007_0030.uasset" 10811
"../../../Engine/Content/EngineMaterials/Substrate/Glints2/dict_0007_0031.uasset" 10812
"/Engine/EngineMaterials/Substrate/Glints2/dict_0007_0027" 10813
"../../../Engine/Content/EngineMaterials/Substrate/Glints2/dict_0007_0032.uasset" 10814
"../../../Engine/Content/EngineMaterials/Substrate/Glints2/dict_0007_0034.uasset" 10815
"../../../Engine/Content/EngineMaterials/Substrate/Glints2/dict_0007_0042.uasset" 10816
"../../../Engine/Content/EngineMaterials/Substrate/Glints2/dict_0007_0041.uasset" 10817
"../../../Engine/Content/EngineMaterials/Substrate/Glints2/dict_0007_0040.uasset" 10818
"../../../Engine/Content/EngineMaterials/Substrate/Glints2/dict_0007_0035.uasset" 10819
"../../../Engine/Content/EngineMaterials/Substrate/Glints2/dict_0007_0033.uasset" 10820
"../../../Engine/Content/EngineMaterials/Substrate/Glints2/dict_0007_0036.uasset" 10821
"../../../Engine/Content/EngineMaterials/Substrate/Glints2/dict_0007_0037.uasset" 10822
"../../../Engine/Content/EngineMaterials/Substrate/Glints2/dict_0007_0038.uasset" 10823
"../../../Engine/Content/EngineMaterials/Substrate/Glints2/dict_0007_0039.uasset" 10824
"../../../Engine/Content/EngineMaterials/Substrate/Glints2/dict_0007_0043.uasset" 10825
"/Engine/EngineMaterials/Substrate/Glints2/dict_0007_0026" 10826
"/Engine/EngineMaterials/Substrate/Glints2/dict_0007_0025" 10827
"/Engine/EngineMaterials/Substrate/Glints2/dict_0007_0024" 10828
"/Engine/EngineMaterials/Substrate/Glints2/dict_0007_0023" 10829
"/Engine/EngineMaterials/Substrate/Glints2/dict_0007_0022" 10830
"/Engine/EngineMaterials/Substrate/Glints2/dict_0007_0021" 10831
"/Engine/EngineMaterials/Substrate/Glints2/dict_0007_0020" 10832
"/Engine/EngineMaterials/Substrate/Glints2/dict_0007_0019" 10833
"/Engine/EngineMaterials/Substrate/Glints2/dict_0007_0018" 10834
"/Engine/EngineMaterials/Substrate/Glints2/dict_0007_0017" 10835
"/Engine/EngineMaterials/Substrate/Glints2/dict_0007_0016" 10836
"/Engine/EngineMaterials/Substrate/Glints2/dict_0007_0015" 10837
"/Engine/EngineMaterials/Substrate/Glints2/dict_0007_0014" 10838
"/Engine/EngineMaterials/Substrate/Glints2/dict_0007_0013" 10839
"/Engine/EngineMaterials/Substrate/Glints2/dict_0007_0012" 10840
"/Engine/EngineMaterials/Substrate/Glints2/dict_0007_0043" 10841
"../../../Engine/Content/EngineMaterials/Substrate/Glints2/dict_0007_0044.uasset" 10842
"../../../Engine/Content/EngineMaterials/Substrate/Glints2/dict_0007_0045.uasset" 10843
"../../../Engine/Content/EngineMaterials/Substrate/Glints2/dict_0007_0046.uasset" 10844
"/Engine/EngineMaterials/Substrate/Glints2/dict_0007_0042" 10845
"../../../Engine/Content/EngineMaterials/Substrate/Glints2/dict_0007_0047.uasset" 10846
"../../../Engine/Content/EngineMaterials/Substrate/Glints2/dict_0007_0048.uasset" 10847
"../../../Engine/Content/EngineMaterials/Substrate/Glints2/dict_0007_0050.uasset" 10848
"../../../Engine/Content/EngineMaterials/Substrate/Glints2/dict_0007_0052.uasset" 10849
"../../../Engine/Content/EngineMaterials/Substrate/Glints2/dict_0007_0054.uasset" 10850
"../../../Engine/Content/EngineMaterials/Substrate/Glints2/dict_0007_0056.uasset" 10851
"../../../Engine/Content/EngineMaterials/Substrate/Glints2/dict_0007_0057.uasset" 10852
"../../../Engine/Content/EngineMaterials/Substrate/Glints2/dict_0007_0053.uasset" 10853
"../../../Engine/Content/EngineMaterials/Substrate/Glints2/dict_0007_0049.uasset" 10854
"../../../Engine/Content/EngineMaterials/Substrate/Glints2/dict_0007_0051.uasset" 10855
"../../../Engine/Content/EngineMaterials/Substrate/Glints2/dict_0007_0055.uasset" 10856
"../../../Engine/Content/EngineMaterials/Substrate/Glints2/dict_0007_0060.uasset" 10857
"../../../Engine/Content/EngineMaterials/Substrate/Glints2/dict_0007_0059.uasset" 10858
"../../../Engine/Content/EngineMaterials/Substrate/Glints2/dict_0007_0058.uasset" 10859
"/Engine/EngineMaterials/Substrate/Glints2/dict_0007_0041" 10860
"/Engine/EngineMaterials/Substrate/Glints2/dict_0007_0040" 10861
"/Engine/EngineMaterials/Substrate/Glints2/dict_0007_0039" 10862
"/Engine/EngineMaterials/Substrate/Glints2/dict_0007_0038" 10863
"/Engine/EngineMaterials/Substrate/Glints2/dict_0007_0037" 10864
"/Engine/EngineMaterials/Substrate/Glints2/dict_0007_0036" 10865
"/Engine/EngineMaterials/Substrate/Glints2/dict_0007_0035" 10866
"/Engine/EngineMaterials/Substrate/Glints2/dict_0007_0034" 10867
"/Engine/EngineMaterials/Substrate/Glints2/dict_0007_0033" 10868
"/Engine/EngineMaterials/Substrate/Glints2/dict_0007_0032" 10869
"/Engine/EngineMaterials/Substrate/Glints2/dict_0007_0031" 10870
"/Engine/EngineMaterials/Substrate/Glints2/dict_0007_0030" 10871
"/Engine/EngineMaterials/Substrate/Glints2/dict_0007_0029" 10872
"/Engine/EngineMaterials/Substrate/Glints2/dict_0007_0060" 10873
"../../../Engine/Content/EngineMaterials/Substrate/Glints2/dict_0007_0061.uasset" 10874
"../../../Engine/Content/EngineMaterials/Substrate/Glints2/dict_0007_0062.uasset" 10875
"/Engine/EngineMaterials/Substrate/Glints2/dict_0007_0059" 10876
"../../../Engine/Content/EngineMaterials/Substrate/Glints2/dict_0007_0064.uasset" 10877
"../../../Engine/Content/EngineMaterials/Substrate/Glints2/dict_0007_0063.uasset" 10878
"../../../Engine/Content/EngineMaterials/Substrate/Glints2/dict_0007_0067.uasset" 10879
"../../../Engine/Content/EngineMaterials/Substrate/Glints2/dict_0007_0065.uasset" 10880
"../../../Engine/Content/EngineMaterials/Substrate/Glints2/dict_0007_0068.uasset" 10881
"../../../Engine/Content/EngineMaterials/Substrate/Glints2/dict_0007_0071.uasset" 10882
"../../../Engine/Content/EngineMaterials/Substrate/Glints2/dict_0007_0072.uasset" 10883
"../../../Engine/Content/EngineMaterials/Substrate/Glints2/dict_0007_0073.uasset" 10884
"../../../Engine/Content/EngineMaterials/Substrate/Glints2/dict_0007_0074.uasset" 10885
"../../../Engine/Content/EngineMaterials/Substrate/Glints2/dict_0007_0075.uasset" 10886
"../../../Engine/Content/EngineMaterials/Substrate/Glints2/dict_0007_0069.uasset" 10887
"../../../Engine/Content/EngineMaterials/Substrate/Glints2/dict_0007_0070.uasset" 10888
"../../../Engine/Content/EngineMaterials/Substrate/Glints2/dict_0007_0066.uasset" 10889
"/Engine/EngineMaterials/Substrate/Glints2/dict_0007_0058" 10890
"/Engine/EngineMaterials/Substrate/Glints2/dict_0007_0057" 10891
"/Engine/EngineMaterials/Substrate/Glints2/dict_0007_0056" 10892
"/Engine/EngineMaterials/Substrate/Glints2/dict_0007_0055" 10893
"/Engine/EngineMaterials/Substrate/Glints2/dict_0007_0054" 10894
"/Engine/EngineMaterials/Substrate/Glints2/dict_0007_0053" 10895
"/Engine/EngineMaterials/Substrate/Glints2/dict_0007_0052" 10896
"/Engine/EngineMaterials/Substrate/Glints2/dict_0007_0051" 10897
"/Engine/EngineMaterials/Substrate/Glints2/dict_0007_0050" 10898
"/Engine/EngineMaterials/Substrate/Glints2/dict_0007_0049" 10899
"/Engine/EngineMaterials/Substrate/Glints2/dict_0007_0048" 10900
"/Engine/EngineMaterials/Substrate/Glints2/dict_0007_0047" 10901
"/Engine/EngineMaterials/Substrate/Glints2/dict_0007_0046" 10902
"/Engine/EngineMaterials/Substrate/Glints2/dict_0007_0045" 10903
"/Engine/EngineMaterials/Substrate/Glints2/dict_0007_0044" 10904
"/Engine/EngineMaterials/Substrate/Glints2/dict_0007_0075" 10905
"../../../Engine/Content/EngineMaterials/Substrate/Glints2/dict_0007_0076.uasset" 10906
"../../../Engine/Content/EngineMaterials/Substrate/Glints2/dict_0007_0077.uasset" 10907
"../../../Engine/Content/EngineMaterials/Substrate/Glints2/dict_0007_0078.uasset" 10908
"../../../Engine/Content/EngineMaterials/Substrate/Glints2/dict_0007_0079.uasset" 10909
"../../../Engine/Content/EngineMaterials/Substrate/Glints2/dict_0007_0080.uasset" 10910
"../../../Engine/Content/EngineMaterials/Substrate/Glints2/dict_0007_0082.uasset" 10911
"../../../Engine/Content/EngineMaterials/Substrate/Glints2/dict_0007_0084.uasset" 10912
"/Engine/EngineMaterials/Substrate/Glints2/dict_0007_0074" 10913
"../../../Engine/Content/EngineMaterials/Substrate/Glints2/dict_0007_0086.uasset" 10914
"../../../Engine/Content/EngineMaterials/Substrate/Glints2/dict_0007_0088.uasset" 10915
"../../../Engine/Content/EngineMaterials/Substrate/Glints2/dict_0007_0083.uasset" 10916
"../../../Engine/Content/EngineMaterials/Substrate/Glints2/dict_0007_0087.uasset" 10917
"../../../Engine/Content/EngineMaterials/Substrate/Glints2/dict_0007_0089.uasset" 10918
"../../../Engine/Content/EngineMaterials/Substrate/Glints2/dict_0007_0081.uasset" 10919
"../../../Engine/Content/EngineMaterials/Substrate/Glints2/dict_0007_0085.uasset" 10920
"../../../Engine/Content/EngineMaterials/Substrate/Glints2/dict_0007_0090.uasset" 10921
"../../../Engine/Content/EngineMaterials/Substrate/Glints2/dict_0007_0091.uasset" 10922
"../../../Engine/Content/EngineMaterials/Substrate/Glints2/dict_0007_0092.uasset" 10923
"/Engine/EngineMaterials/Substrate/Glints2/dict_0007_0073" 10924
"/Engine/EngineMaterials/Substrate/Glints2/dict_0007_0072" 10925
"/Engine/EngineMaterials/Substrate/Glints2/dict_0007_0071" 10926
"/Engine/EngineMaterials/Substrate/Glints2/dict_0007_0070" 10927
"/Engine/EngineMaterials/Substrate/Glints2/dict_0007_0069" 10928
"/Engine/EngineMaterials/Substrate/Glints2/dict_0007_0068" 10929
"/Engine/EngineMaterials/Substrate/Glints2/dict_0007_0067" 10930
"/Engine/EngineMaterials/Substrate/Glints2/dict_0007_0066" 10931
"/Engine/EngineMaterials/Substrate/Glints2/dict_0007_0065" 10932
"/Engine/EngineMaterials/Substrate/Glints2/dict_0007_0064" 10933
"/Engine/EngineMaterials/Substrate/Glints2/dict_0007_0063" 10934
"/Engine/EngineMaterials/Substrate/Glints2/dict_0007_0062" 10935
"/Engine/EngineMaterials/Substrate/Glints2/dict_0007_0061" 10936
"/Engine/EngineMaterials/Substrate/Glints2/dict_0007_0092" 10937
"../../../Engine/Content/EngineMaterials/Substrate/Glints2/dict_0007_0093.uasset" 10938
"../../../Engine/Content/EngineMaterials/Substrate/Glints2/dict_0007_0094.uasset" 10939
"../../../Engine/Content/EngineMaterials/Substrate/Glints2/dict_0007_0096.uasset" 10940
"../../../Engine/Content/EngineMaterials/Substrate/Glints2/dict_0007_0095.uasset" 10941
"../../../Engine/Content/EngineMaterials/Substrate/Glints2/dict_0007_0097.uasset" 10942
"/Engine/EngineMaterials/Substrate/Glints2/dict_0007_0091" 10943
"../../../Engine/Content/EngineMaterials/Substrate/Glints2/dict_0007_0098.uasset" 10944
"../../../Engine/Content/EngineMaterials/Substrate/Glints2/dict_0007_0100.uasset" 10945
"../../../Engine/Content/EngineMaterials/Substrate/Glints2/dict_0007_0101.uasset" 10946
"../../../Engine/Content/EngineMaterials/Substrate/Glints2/dict_0007_0099.uasset" 10947
"../../../Engine/Content/EngineMaterials/Substrate/Glints2/dict_0007_0104.uasset" 10948
"../../../Engine/Content/EngineMaterials/Substrate/Glints2/dict_0007_0106.uasset" 10949
"../../../Engine/Content/EngineMaterials/Substrate/Glints2/dict_0007_0103.uasset" 10950
"../../../Engine/Content/EngineMaterials/Substrate/Glints2/dict_0007_0107.uasset" 10951
"../../../Engine/Content/EngineMaterials/Substrate/Glints2/dict_0007_0105.uasset" 10952
"../../../Engine/Content/EngineMaterials/Substrate/Glints2/dict_0007_0102.uasset" 10953
"/Engine/EngineMaterials/Substrate/Glints2/dict_0007_0090" 10954
"/Engine/EngineMaterials/Substrate/Glints2/dict_0007_0089" 10955
"/Engine/EngineMaterials/Substrate/Glints2/dict_0007_0088" 10956
"/Engine/EngineMaterials/Substrate/Glints2/dict_0007_0087" 10957
"/Engine/EngineMaterials/Substrate/Glints2/dict_0007_0086" 10958
"/Engine/EngineMaterials/Substrate/Glints2/dict_0007_0085" 10959
"/Engine/EngineMaterials/Substrate/Glints2/dict_0007_0084" 10960
"/Engine/EngineMaterials/Substrate/Glints2/dict_0007_0083" 10961
"/Engine/EngineMaterials/Substrate/Glints2/dict_0007_0082" 10962
"/Engine/EngineMaterials/Substrate/Glints2/dict_0007_0081" 10963
"/Engine/EngineMaterials/Substrate/Glints2/dict_0007_0080" 10964
"/Engine/EngineMaterials/Substrate/Glints2/dict_0007_0079" 10965
"/Engine/EngineMaterials/Substrate/Glints2/dict_0007_0078" 10966
"/Engine/EngineMaterials/Substrate/Glints2/dict_0007_0077" 10967
"/Engine/EngineMaterials/Substrate/Glints2/dict_0007_0076" 10968
"/Engine/EngineMaterials/Substrate/Glints2/dict_0007_0107" 10969
"../../../Engine/Content/EngineMaterials/Substrate/Glints2/dict_0007_0108.uasset" 10970
"../../../Engine/Content/EngineMaterials/Substrate/Glints2/dict_0007_0110.uasset" 10971
"../../../Engine/Content/EngineMaterials/Substrate/Glints2/dict_0007_0109.uasset" 10972
"../../../Engine/Content/EngineMaterials/Substrate/Glints2/dict_0007_0112.uasset" 10973
"../../../Engine/Content/EngineMaterials/Substrate/Glints2/dict_0007_0111.uasset" 10974
"../../../Engine/Content/EngineMaterials/Substrate/Glints2/dict_0007_0115.uasset" 10975
"/Engine/EngineMaterials/Substrate/Glints2/dict_0007_0106" 10976
"../../../Engine/Content/EngineMaterials/Substrate/Glints2/dict_0007_0116.uasset" 10977
"../../../Engine/Content/EngineMaterials/Substrate/Glints2/dict_0007_0118.uasset" 10978
"../../../Engine/Content/EngineMaterials/Substrate/Glints2/dict_0007_0120.uasset" 10979
"../../../Engine/Content/EngineMaterials/Substrate/Glints2/dict_0007_0121.uasset" 10980
"../../../Engine/Content/EngineMaterials/Substrate/Glints2/dict_0007_0119.uasset" 10981
"../../../Engine/Content/EngineMaterials/Substrate/Glints2/dict_0007_0117.uasset" 10982
"../../../Engine/Content/EngineMaterials/Substrate/Glints2/dict_0007_0114.uasset" 10983
"../../../Engine/Content/EngineMaterials/Substrate/Glints2/dict_0007_0113.uasset" 10984
"../../../Engine/Content/EngineMaterials/Substrate/Glints2/dict_0007_0122.uasset" 10985
"../../../Engine/Content/EngineMaterials/Substrate/Glints2/dict_0007_0123.uasset" 10986
"../../../Engine/Content/EngineMaterials/Substrate/Glints2/dict_0007_0124.uasset" 10987
"/Engine/EngineMaterials/Substrate/Glints2/dict_0007_0105" 10988
"/Engine/EngineMaterials/Substrate/Glints2/dict_0007_0104" 10989
"/Engine/EngineMaterials/Substrate/Glints2/dict_0007_0103" 10990
"/Engine/EngineMaterials/Substrate/Glints2/dict_0007_0102" 10991
"/Engine/EngineMaterials/Substrate/Glints2/dict_0007_0101" 10992
"/Engine/EngineMaterials/Substrate/Glints2/dict_0007_0100" 10993
"/Engine/EngineMaterials/Substrate/Glints2/dict_0007_0099" 10994
"/Engine/EngineMaterials/Substrate/Glints2/dict_0007_0098" 10995
"/Engine/EngineMaterials/Substrate/Glints2/dict_0007_0097" 10996
"/Engine/EngineMaterials/Substrate/Glints2/dict_0007_0096" 10997
"/Engine/EngineMaterials/Substrate/Glints2/dict_0007_0095" 10998
"/Engine/EngineMaterials/Substrate/Glints2/dict_0007_0094" 10999
"/Engine/EngineMaterials/Substrate/Glints2/dict_0007_0093" 11000
"/Engine/EngineMaterials/Substrate/Glints2/dict_0007_0124" 11001
"../../../Engine/Content/EngineMaterials/Substrate/Glints2/dict_0007_0125.uasset" 11002
"../../../Engine/Content/EngineMaterials/Substrate/Glints2/dict_0007_0127.uasset" 11003
"../../../Engine/Content/EngineMaterials/Substrate/Glints2/dict_0007_0126.uasset" 11004
"../../../Engine/Content/EngineMaterials/Substrate/Glints2/dict_0007_0128.uasset" 11005
"../../../Engine/Content/EngineMaterials/Substrate/Glints2/dict_0007_0129.uasset" 11006
"/Engine/EngineMaterials/Substrate/Glints2/dict_0007_0123" 11007
"../../../Engine/Content/EngineMaterials/Substrate/Glints2/dict_0007_0131.uasset" 11008
"../../../Engine/Content/EngineMaterials/Substrate/Glints2/dict_0007_0134.uasset" 11009
"../../../Engine/Content/EngineMaterials/Substrate/Glints2/dict_0007_0133.uasset" 11010
"../../../Engine/Content/EngineMaterials/Substrate/Glints2/dict_0007_0137.uasset" 11011
"../../../Engine/Content/EngineMaterials/Substrate/Glints2/dict_0007_0130.uasset" 11012
"../../../Engine/Content/EngineMaterials/Substrate/Glints2/dict_0007_0139.uasset" 11013
"../../../Engine/Content/EngineMaterials/Substrate/Glints2/dict_0007_0136.uasset" 11014
"../../../Engine/Content/EngineMaterials/Substrate/Glints2/dict_0007_0132.uasset" 11015
"../../../Engine/Content/EngineMaterials/Substrate/Glints2/dict_0007_0135.uasset" 11016
"../../../Engine/Content/EngineMaterials/Substrate/Glints2/dict_0007_0138.uasset" 11017
"/Engine/EngineMaterials/Substrate/Glints2/dict_0007_0122" 11018
"/Engine/EngineMaterials/Substrate/Glints2/dict_0007_0121" 11019
"/Engine/EngineMaterials/Substrate/Glints2/dict_0007_0120" 11020
"/Engine/EngineMaterials/Substrate/Glints2/dict_0007_0119" 11021
"/Engine/EngineMaterials/Substrate/Glints2/dict_0007_0118" 11022
"/Engine/EngineMaterials/Substrate/Glints2/dict_0007_0117" 11023
"/Engine/EngineMaterials/Substrate/Glints2/dict_0007_0116" 11024
"/Engine/EngineMaterials/Substrate/Glints2/dict_0007_0115" 11025
"/Engine/EngineMaterials/Substrate/Glints2/dict_0007_0114" 11026
"/Engine/EngineMaterials/Substrate/Glints2/dict_0007_0113" 11027
"/Engine/EngineMaterials/Substrate/Glints2/dict_0007_0112" 11028
"/Engine/EngineMaterials/Substrate/Glints2/dict_0007_0111" 11029
"/Engine/EngineMaterials/Substrate/Glints2/dict_0007_0110" 11030
"/Engine/EngineMaterials/Substrate/Glints2/dict_0007_0109" 11031
"/Engine/EngineMaterials/Substrate/Glints2/dict_0007_0108" 11032
"/Engine/EngineMaterials/Substrate/Glints2/dict_0007_0139" 11033
"../../../Engine/Content/EngineMaterials/Substrate/Glints2/dict_0007_0140.uasset" 11034
"../../../Engine/Content/EngineMaterials/Substrate/Glints2/dict_0007_0141.uasset" 11035
"../../../Engine/Content/EngineMaterials/Substrate/Glints2/dict_0007_0142.uasset" 11036
"../../../Engine/Content/EngineMaterials/Substrate/Glints2/dict_0007_0143.uasset" 11037
"../../../Engine/Content/EngineMaterials/Substrate/Glints2/dict_0007_0144.uasset" 11038
"../../../Engine/Content/EngineMaterials/Substrate/Glints2/dict_0007_0146.uasset" 11039
"../../../Engine/Content/EngineMaterials/Substrate/Glints2/dict_0007_0149.uasset" 11040
"../../../Engine/Content/EngineMaterials/Substrate/Glints2/dict_0007_0148.uasset" 11041
"../../../Engine/Content/EngineMaterials/Substrate/Glints2/dict_0007_0147.uasset" 11042
"/Engine/EngineMaterials/Substrate/Glints2/dict_0007_0138" 11043
"../../../Engine/Content/EngineMaterials/Substrate/Glints2/dict_0007_0152.uasset" 11044
"../../../Engine/Content/EngineMaterials/Substrate/Glints2/dict_0007_0145.uasset" 11045
"../../../Engine/Content/EngineMaterials/Substrate/Glints2/dict_0007_0153.uasset" 11046
"../../../Engine/Content/EngineMaterials/Substrate/Glints2/dict_0007_0151.uasset" 11047
"../../../Engine/Content/EngineMaterials/Substrate/Glints2/dict_0007_0150.uasset" 11048
"../../../Engine/Content/EngineMaterials/Substrate/Glints2/dict_0007_0154.uasset" 11049
"../../../Engine/Content/EngineMaterials/Substrate/Glints2/dict_0007_0156.uasset" 11050
"../../../Engine/Content/EngineMaterials/Substrate/Glints2/dict_0007_0155.uasset" 11051
"/Engine/EngineMaterials/Substrate/Glints2/dict_0007_0137" 11052
"/Engine/EngineMaterials/Substrate/Glints2/dict_0007_0136" 11053
"/Engine/EngineMaterials/Substrate/Glints2/dict_0007_0135" 11054
"/Engine/EngineMaterials/Substrate/Glints2/dict_0007_0134" 11055
"/Engine/EngineMaterials/Substrate/Glints2/dict_0007_0133" 11056
"/Engine/EngineMaterials/Substrate/Glints2/dict_0007_0132" 11057
"/Engine/EngineMaterials/Substrate/Glints2/dict_0007_0131" 11058
"/Engine/EngineMaterials/Substrate/Glints2/dict_0007_0130" 11059
"/Engine/EngineMaterials/Substrate/Glints2/dict_0007_0129" 11060
"/Engine/EngineMaterials/Substrate/Glints2/dict_0007_0128" 11061
"/Engine/EngineMaterials/Substrate/Glints2/dict_0007_0127" 11062
"/Engine/EngineMaterials/Substrate/Glints2/dict_0007_0126" 11063
"/Engine/EngineMaterials/Substrate/Glints2/dict_0007_0125" 11064
"/Engine/EngineMaterials/Substrate/Glints2/dict_0007_0156" 11065
"../../../Engine/Content/EngineMaterials/Substrate/Glints2/dict_0007_0159.uasset" 11066
"../../../Engine/Content/EngineMaterials/Substrate/Glints2/dict_0007_0158.uasset" 11067
"../../../Engine/Content/EngineMaterials/Substrate/Glints2/dict_0007_0160.uasset" 11068
"/Engine/EngineMaterials/Substrate/Glints2/dict_0007_0155" 11069
"../../../Engine/Content/EngineMaterials/Substrate/Glints2/dict_0007_0161.uasset" 11070
"../../../Engine/Content/EngineMaterials/Substrate/Glints2/dict_0007_0167.uasset" 11071
"../../../Engine/Content/EngineMaterials/Substrate/Glints2/dict_0007_0163.uasset" 11072
"../../../Engine/Content/EngineMaterials/Substrate/Glints2/dict_0007_0162.uasset" 11073
"../../../Engine/Content/EngineMaterials/Substrate/Glints2/dict_0007_0170.uasset" 11074
"../../../Engine/Content/EngineMaterials/Substrate/Glints2/dict_0007_0165.uasset" 11075
"../../../Engine/Content/EngineMaterials/Substrate/Glints2/dict_0007_0169.uasset" 11076
"../../../Engine/Content/EngineMaterials/Substrate/Glints2/dict_0007_0168.uasset" 11077
"../../../Engine/Content/EngineMaterials/Substrate/Glints2/dict_0007_0164.uasset" 11078
"../../../Engine/Content/EngineMaterials/Substrate/Glints2/dict_0007_0157.uasset" 11079
"../../../Engine/Content/EngineMaterials/Substrate/Glints2/dict_0007_0166.uasset" 11080
"../../../Engine/Content/EngineMaterials/Substrate/Glints2/dict_0007_0171.uasset" 11081
"/Engine/EngineMaterials/Substrate/Glints2/dict_0007_0154" 11082
"/Engine/EngineMaterials/Substrate/Glints2/dict_0007_0153" 11083
"/Engine/EngineMaterials/Substrate/Glints2/dict_0007_0152" 11084
"/Engine/EngineMaterials/Substrate/Glints2/dict_0007_0151" 11085
"/Engine/EngineMaterials/Substrate/Glints2/dict_0007_0150" 11086
"/Engine/EngineMaterials/Substrate/Glints2/dict_0007_0149" 11087
"/Engine/EngineMaterials/Substrate/Glints2/dict_0007_0148" 11088
"/Engine/EngineMaterials/Substrate/Glints2/dict_0007_0147" 11089
"/Engine/EngineMaterials/Substrate/Glints2/dict_0007_0146" 11090
"/Engine/EngineMaterials/Substrate/Glints2/dict_0007_0145" 11091
"/Engine/EngineMaterials/Substrate/Glints2/dict_0007_0144" 11092
"/Engine/EngineMaterials/Substrate/Glints2/dict_0007_0143" 11093
"/Engine/EngineMaterials/Substrate/Glints2/dict_0007_0142" 11094
"/Engine/EngineMaterials/Substrate/Glints2/dict_0007_0141" 11095
"/Engine/EngineMaterials/Substrate/Glints2/dict_0007_0140" 11096
"/Engine/EngineMaterials/Substrate/Glints2/dict_0007_0171" 11097
"../../../Engine/Content/EngineMaterials/Substrate/Glints2/dict_0007_0172.uasset" 11098
"/Engine/EngineMaterials/Substrate/Glints2/dict_0007_0170" 11099
"../../../Engine/Content/EngineMaterials/Substrate/Glints2/dict_0007_0174.uasset" 11100
"../../../Engine/Content/EngineMaterials/Substrate/Glints2/dict_0007_0173.uasset" 11101
"../../../Engine/Content/EngineMaterials/Substrate/Glints2/dict_0007_0175.uasset" 11102
"../../../Engine/Content/EngineMaterials/Substrate/Glints2/dict_0007_0177.uasset" 11103
"../../../Engine/Content/EngineMaterials/Substrate/Glints2/dict_0007_0176.uasset" 11104
"../../../Engine/Content/EngineMaterials/Substrate/Glints2/dict_0007_0179.uasset" 11105
"../../../Engine/Content/EngineMaterials/Substrate/Glints2/dict_0007_0178.uasset" 11106
"../../../Engine/Content/EngineMaterials/Substrate/Glints2/dict_0007_0183.uasset" 11107
"../../../Engine/Content/EngineMaterials/Substrate/Glints2/dict_0007_0180.uasset" 11108
"../../../Engine/Content/EngineMaterials/Substrate/Glints2/dict_0007_0184.uasset" 11109
"../../../Engine/Content/EngineMaterials/Substrate/Glints2/dict_0007_0185.uasset" 11110
"../../../Engine/Content/EngineMaterials/Substrate/Glints2/dict_0007_0182.uasset" 11111
"../../../Engine/Content/EngineMaterials/Substrate/Glints2/dict_0007_0181.uasset" 11112
"../../../Engine/Content/EngineMaterials/Substrate/Glints2/dict_0007_0186.uasset" 11113
"../../../Engine/Content/EngineMaterials/Substrate/Glints2/dict_0007_0187.uasset" 11114
"../../../Engine/Content/EngineMaterials/Substrate/Glints2/dict_0007_0188.uasset" 11115
"/Engine/EngineMaterials/Substrate/Glints2/dict_0007_0169" 11116
"/Engine/EngineMaterials/Substrate/Glints2/dict_0007_0168" 11117
"/Engine/EngineMaterials/Substrate/Glints2/dict_0007_0167" 11118
"/Engine/EngineMaterials/Substrate/Glints2/dict_0007_0166" 11119
"/Engine/EngineMaterials/Substrate/Glints2/dict_0007_0165" 11120
"/Engine/EngineMaterials/Substrate/Glints2/dict_0007_0164" 11121
"/Engine/EngineMaterials/Substrate/Glints2/dict_0007_0163" 11122
"/Engine/EngineMaterials/Substrate/Glints2/dict_0007_0162" 11123
"/Engine/EngineMaterials/Substrate/Glints2/dict_0007_0161" 11124
"/Engine/EngineMaterials/Substrate/Glints2/dict_0007_0160" 11125
"/Engine/EngineMaterials/Substrate/Glints2/dict_0007_0159" 11126
"/Engine/EngineMaterials/Substrate/Glints2/dict_0007_0158" 11127
"/Engine/EngineMaterials/Substrate/Glints2/dict_0007_0157" 11128
"/Engine/EngineMaterials/Substrate/Glints2/dict_0007_0188" 11129
"../../../Engine/Content/EngineMaterials/Substrate/Glints2/dict_0007_0189.uasset" 11130
"../../../Engine/Content/EngineMaterials/Substrate/Glints2/dict_0007_0190.uasset" 11131
"../../../Engine/Content/EngineMaterials/Substrate/Glints2/dict_0007_0192.uasset" 11132
"/Engine/EngineMaterials/Substrate/Glints2/dict_0007_0187" 11133
"../../../Engine/Content/EngineMaterials/Substrate/Glints2/dict_0007_0191.uasset" 11134
"../../../Engine/Content/EngineMaterials/Substrate/Glints2/dict_0007_0193.uasset" 11135
"../../../Engine/Content/EngineMaterials/Substrate/Glints2/dict_0007_0194.uasset" 11136
"../../../Engine/Content/EngineMaterials/Substrate/Glints2/dict_0007_0198.uasset" 11137
"../../../Engine/Content/EngineMaterials/Substrate/Glints2/dict_0007_0197.uasset" 11138
"../../../Engine/Content/EngineMaterials/Substrate/Glints2/dict_0007_0195.uasset" 11139
"../../../Engine/Content/EngineMaterials/Substrate/Glints2/dict_0007_0202.uasset" 11140
"../../../Engine/Content/EngineMaterials/Substrate/Glints2/dict_0007_0196.uasset" 11141
"../../../Engine/Content/EngineMaterials/Substrate/Glints2/dict_0007_0203.uasset" 11142
"../../../Engine/Content/EngineMaterials/Substrate/Glints2/dict_0007_0201.uasset" 11143
"../../../Engine/Content/EngineMaterials/Substrate/Glints2/dict_0007_0200.uasset" 11144
"../../../Engine/Content/EngineMaterials/Substrate/Glints2/dict_0007_0199.uasset" 11145
"/Engine/EngineMaterials/Substrate/Glints2/dict_0007_0186" 11146
"/Engine/EngineMaterials/Substrate/Glints2/dict_0007_0185" 11147
"/Engine/EngineMaterials/Substrate/Glints2/dict_0007_0184" 11148
"/Engine/EngineMaterials/Substrate/Glints2/dict_0007_0183" 11149
"/Engine/EngineMaterials/Substrate/Glints2/dict_0007_0182" 11150
"/Engine/EngineMaterials/Substrate/Glints2/dict_0007_0181" 11151
"/Engine/EngineMaterials/Substrate/Glints2/dict_0007_0180" 11152
"/Engine/EngineMaterials/Substrate/Glints2/dict_0007_0179" 11153
"/Engine/EngineMaterials/Substrate/Glints2/dict_0007_0178" 11154
"/Engine/EngineMaterials/Substrate/Glints2/dict_0007_0177" 11155
"/Engine/EngineMaterials/Substrate/Glints2/dict_0007_0176" 11156
"/Engine/EngineMaterials/Substrate/Glints2/dict_0007_0175" 11157
"/Engine/EngineMaterials/Substrate/Glints2/dict_0007_0174" 11158
"/Engine/EngineMaterials/Substrate/Glints2/dict_0007_0173" 11159
"/Engine/EngineMaterials/Substrate/Glints2/dict_0007_0172" 11160
"/Engine/EngineMaterials/Substrate/Glints2/dict_0007_0203" 11161
"../../../Engine/Content/EngineMaterials/Substrate/Glints2/dict_0007_0204.uasset" 11162
"/Engine/EngineMaterials/Substrate/Glints2/dict_0007_0202" 11163
"../../../Engine/Content/EngineMaterials/Substrate/Glints2/dict_0007_0205.uasset" 11164
"../../../Engine/Content/EngineMaterials/Substrate/Glints2/dict_0007_0206.uasset" 11165
"../../../Engine/Content/EngineMaterials/Substrate/Glints2/dict_0007_0207.uasset" 11166
"../../../Engine/Content/EngineMaterials/Substrate/Glints2/dict_0007_0208.uasset" 11167
"../../../Engine/Content/EngineMaterials/Substrate/Glints2/dict_0007_0211.uasset" 11168
"../../../Engine/Content/EngineMaterials/Substrate/Glints2/dict_0007_0210.uasset" 11169
"../../../Engine/Content/EngineMaterials/Substrate/Glints2/dict_0007_0209.uasset" 11170
"../../../Engine/Content/EngineMaterials/Substrate/Glints2/dict_0007_0212.uasset" 11171
"../../../Engine/Content/EngineMaterials/Substrate/Glints2/dict_0007_0217.uasset" 11172
"../../../Engine/Content/EngineMaterials/Substrate/Glints2/dict_0007_0216.uasset" 11173
"../../../Engine/Content/EngineMaterials/Substrate/Glints2/dict_0007_0213.uasset" 11174
"../../../Engine/Content/EngineMaterials/Substrate/Glints2/dict_0007_0215.uasset" 11175
"../../../Engine/Content/EngineMaterials/Substrate/Glints2/dict_0007_0214.uasset" 11176
"../../../Engine/Content/EngineMaterials/Substrate/Glints2/dict_0007_0218.uasset" 11177
"../../../Engine/Content/EngineMaterials/Substrate/Glints2/dict_0007_0220.uasset" 11178
"../../../Engine/Content/EngineMaterials/Substrate/Glints2/dict_0007_0219.uasset" 11179
"/Engine/EngineMaterials/Substrate/Glints2/dict_0007_0201" 11180
"/Engine/EngineMaterials/Substrate/Glints2/dict_0007_0200" 11181
"/Engine/EngineMaterials/Substrate/Glints2/dict_0007_0199" 11182
"/Engine/EngineMaterials/Substrate/Glints2/dict_0007_0198" 11183
"/Engine/EngineMaterials/Substrate/Glints2/dict_0007_0197" 11184
"/Engine/EngineMaterials/Substrate/Glints2/dict_0007_0196" 11185
"/Engine/EngineMaterials/Substrate/Glints2/dict_0007_0195" 11186
"/Engine/EngineMaterials/Substrate/Glints2/dict_0007_0194" 11187
"/Engine/EngineMaterials/Substrate/Glints2/dict_0007_0193" 11188
"/Engine/EngineMaterials/Substrate/Glints2/dict_0007_0192" 11189
"/Engine/EngineMaterials/Substrate/Glints2/dict_0007_0191" 11190
"/Engine/EngineMaterials/Substrate/Glints2/dict_0007_0190" 11191
"/Engine/EngineMaterials/Substrate/Glints2/dict_0007_0189" 11192
"/Engine/EngineMaterials/Substrate/Glints2/dict_0007_0220" 11193
"../../../Engine/Content/EngineMaterials/Substrate/Glints2/dict_0007_0221.uasset" 11194
"/Engine/EngineMaterials/Substrate/Glints2/dict_0007_0219" 11195
"../../../Engine/Content/EngineMaterials/Substrate/Glints2/dict_0007_0224.uasset" 11196
"../../../Engine/Content/EngineMaterials/Substrate/Glints2/dict_0007_0222.uasset" 11197
"../../../Engine/Content/EngineMaterials/Substrate/Glints2/dict_0007_0223.uasset" 11198
"../../../Engine/Content/EngineMaterials/Substrate/Glints2/dict_0007_0228.uasset" 11199
"../../../Engine/Content/EngineMaterials/Substrate/Glints2/dict_0007_0225.uasset" 11200
"../../../Engine/Content/EngineMaterials/Substrate/Glints2/dict_0007_0227.uasset" 11201
"../../../Engine/Content/EngineMaterials/Substrate/Glints2/dict_0007_0232.uasset" 11202
"../../../Engine/Content/EngineMaterials/Substrate/Glints2/dict_0007_0226.uasset" 11203
"../../../Engine/Content/EngineMaterials/Substrate/Glints2/dict_0007_0230.uasset" 11204
"../../../Engine/Content/EngineMaterials/Substrate/Glints2/dict_0007_0234.uasset" 11205
"../../../Engine/Content/EngineMaterials/Substrate/Glints2/dict_0007_0231.uasset" 11206
"../../../Engine/Content/EngineMaterials/Substrate/Glints2/dict_0007_0235.uasset" 11207
"../../../Engine/Content/EngineMaterials/Substrate/Glints2/dict_0007_0233.uasset" 11208
"/Engine/EngineMaterials/Substrate/Glints2/dict_0007_0218" 11209
"../../../Engine/Content/EngineMaterials/Substrate/Glints2/dict_0007_0229.uasset" 11210
"/Engine/EngineMaterials/Substrate/Glints2/dict_0007_0217" 11211
"/Engine/EngineMaterials/Substrate/Glints2/dict_0007_0216" 11212
"/Engine/EngineMaterials/Substrate/Glints2/dict_0007_0215" 11213
"/Engine/EngineMaterials/Substrate/Glints2/dict_0007_0214" 11214
"/Engine/EngineMaterials/Substrate/Glints2/dict_0007_0213" 11215
"/Engine/EngineMaterials/Substrate/Glints2/dict_0007_0212" 11216
"/Engine/EngineMaterials/Substrate/Glints2/dict_0007_0211" 11217
"/Engine/EngineMaterials/Substrate/Glints2/dict_0007_0210" 11218
"/Engine/EngineMaterials/Substrate/Glints2/dict_0007_0209" 11219
"/Engine/EngineMaterials/Substrate/Glints2/dict_0007_0208" 11220
"/Engine/EngineMaterials/Substrate/Glints2/dict_0007_0207" 11221
"/Engine/EngineMaterials/Substrate/Glints2/dict_0007_0206" 11222
"/Engine/EngineMaterials/Substrate/Glints2/dict_0007_0205" 11223
"/Engine/EngineMaterials/Substrate/Glints2/dict_0007_0204" 11224
"/Engine/EngineMaterials/Substrate/Glints2/dict_0007_0235" 11225
"../../../Engine/Content/EngineMaterials/Substrate/Glints2/dict_0007_0236.uasset" 11226
"/Engine/EngineMaterials/Substrate/Glints2/dict_0007_0234" 11227
"../../../Engine/Content/EngineMaterials/Substrate/Glints2/dict_0007_0237.uasset" 11228
"../../../Engine/Content/EngineMaterials/Substrate/Glints2/dict_0007_0238.uasset" 11229
"../../../Engine/Content/EngineMaterials/Substrate/Glints2/dict_0007_0239.uasset" 11230
"../../../Engine/Content/EngineMaterials/Substrate/Glints2/dict_0007_0241.uasset" 11231
"../../../Engine/Content/EngineMaterials/Substrate/Glints2/dict_0007_0240.uasset" 11232
"../../../Engine/Content/EngineMaterials/Substrate/Glints2/dict_0007_0243.uasset" 11233
"../../../Engine/Content/EngineMaterials/Substrate/Glints2/dict_0007_0242.uasset" 11234
"../../../Engine/Content/EngineMaterials/Substrate/Glints2/dict_0007_0244.uasset" 11235
"../../../Engine/Content/EngineMaterials/Substrate/Glints2/dict_0007_0249.uasset" 11236
"../../../Engine/Content/EngineMaterials/Substrate/Glints2/dict_0007_0246.uasset" 11237
"../../../Engine/Content/EngineMaterials/Substrate/Glints2/dict_0007_0248.uasset" 11238
"../../../Engine/Content/EngineMaterials/Substrate/Glints2/dict_0007_0247.uasset" 11239
"../../../Engine/Content/EngineMaterials/Substrate/Glints2/dict_0007_0245.uasset" 11240
"../../../Engine/Content/EngineMaterials/Substrate/Glints2/dict_0007_0250.uasset" 11241
"../../../Engine/Content/EngineMaterials/Substrate/Glints2/dict_0007_0252.uasset" 11242
"../../../Engine/Content/EngineMaterials/Substrate/Glints2/dict_0007_0251.uasset" 11243
"/Engine/EngineMaterials/Substrate/Glints2/dict_0007_0233" 11244
"/Engine/EngineMaterials/Substrate/Glints2/dict_0007_0232" 11245
"/Engine/EngineMaterials/Substrate/Glints2/dict_0007_0231" 11246
"/Engine/EngineMaterials/Substrate/Glints2/dict_0007_0230" 11247
"/Engine/EngineMaterials/Substrate/Glints2/dict_0007_0229" 11248
"/Engine/EngineMaterials/Substrate/Glints2/dict_0007_0228" 11249
"/Engine/EngineMaterials/Substrate/Glints2/dict_0007_0227" 11250
"/Engine/EngineMaterials/Substrate/Glints2/dict_0007_0226" 11251
"/Engine/EngineMaterials/Substrate/Glints2/dict_0007_0225" 11252
"/Engine/EngineMaterials/Substrate/Glints2/dict_0007_0224" 11253
"/Engine/EngineMaterials/Substrate/Glints2/dict_0007_0223" 11254
"/Engine/EngineMaterials/Substrate/Glints2/dict_0007_0222" 11255
"/Engine/EngineMaterials/Substrate/Glints2/dict_0007_0221" 11256
"../../../Engine/Content/EngineMaterials/Substrate/Glints2/dict_0007_0253.uasset" 11257
"../../../Engine/Content/Functions/MaterialLayerFunctions/MatLayerBlend_OverrideOpacity.uasset" 11258
"../../../Engine/Content/EngineMaterials/Substrate/Volume/SubstrateSimpleVolumeLUT2D.uasset" 11259
"/Engine/EngineMaterials/Substrate/Glints2/dict_0007_0252" 11260
"../../../Engine/Content/EngineMaterials/Substrate/Volume/SubstrateSimpleVolumeLUT3D.uasset" 11261
"../../../Engine/Content/EngineMaterials/Substrate/Glints2/AGlintTex2dArray2.uasset" 11262
"../../../Engine/Content/EngineMaterials/DefaultCalibrationColor.uasset" 11263
"../../../Engine/Content/EngineMaterials/PPM_DefaultCalibrationColor.uasset" 11264
"../../../Engine/Content/EngineMaterials/Substrate/Volume/SubstrateSimpleVolumeEnvLUT2D.uasset" 11265
"../../../Engine/Content/EngineMaterials/Substrate/Volume/SubstrateSimpleVolumeEnvLUT3D.uasset" 11266
"../../../Engine/Plugins/Interchange/Assets/Content/Functions/MX_Surface.uasset" 11267
"../../../Engine/Content/Functions/Engine_MaterialFunctions03/Procedurals/HeightToNormalSmooth.uasset" 11268
"../../../Engine/Content/EngineMaterials/Substrate/Glints2/dict_0007_0254.uasset" 11269
"../../../Engine/Content/EngineMaterials/Substrate/Glints2/dict_0007_0255.uasset" 11270
"../../../Engine/Content/EngineMaterials/DefaultCalibrationGrayscale.uasset" 11271
"../../../Engine/Content/EngineMaterials/PPM_DefaultCalibrationGrayscale.uasset" 11272
"/Engine/EngineMaterials/Substrate/Glints2/dict_0007_0251" 11273
"/Engine/EngineMaterials/Substrate/Glints2/dict_0007_0250" 11274
"/Engine/EngineMaterials/Substrate/Glints2/dict_0007_0249" 11275
"/Engine/EngineMaterials/Substrate/Glints2/dict_0007_0248" 11276
"/Engine/EngineMaterials/Substrate/Glints2/dict_0007_0247" 11277
"/Engine/EngineMaterials/Substrate/Glints2/dict_0007_0246" 11278
"/Engine/EngineMaterials/Substrate/Glints2/dict_0007_0245" 11279
"/Engine/EngineMaterials/Substrate/Glints2/dict_0007_0244" 11280
"/Engine/EngineMaterials/Substrate/Glints2/dict_0007_0243" 11281
"/Engine/EngineMaterials/Substrate/Glints2/dict_0007_0242" 11282
"/Engine/EngineMaterials/Substrate/Glints2/dict_0007_0241" 11283
"/Engine/EngineMaterials/Substrate/Glints2/dict_0007_0240" 11284
"/Engine/EngineMaterials/Substrate/Glints2/dict_0007_0239" 11285
"/Engine/EngineMaterials/Substrate/Glints2/dict_0007_0238" 11286
"/Engine/EngineMaterials/Substrate/Glints2/dict_0007_0237" 11287
"/Engine/EngineMaterials/Substrate/Glints2/dict_0007_0236" 11288
"../../../Engine/Plugins/Interchange/Assets/Content/Functions/MX_Displacement.uasset" 11289
"../../../Engine/Content/Functions/Engine_MaterialFunctions02/Utility/BlendAngleCorrectedNormals.uasset" 11290
"/Engine/Functions/Engine_MaterialFunctions03/Procedurals/HeightToNormalSmooth" 11291
"../../../Engine/Plugins/NNE/NNEDenoiser/Content/NNEDIM_HighQuality_Alpha.uasset" 11292
"../../../Engine/Plugins/NNE/NNEDenoiser/Content/NNEDIM_ColorAlbedoNormal_Alpha.uasset" 11293
"../../../Engine/Plugins/NNE/NNEDenoiser/Content/NNEDIM_ColorAlbedoNormal_Default.uasset" 11294
"../../../Engine/Plugins/NNE/NNEDenoiser/Content/NNEDIM_HighQuality_Default.uasset" 11295
"../../../Engine/Plugins/NNE/NNEDenoiser/Content/NNEDOM_Output_Alpha.uasset" 11296
"../../../Engine/Plugins/NNE/NNEDenoiser/Content/NNEDTIM_ColorAlbedoNormal_Default.uasset" 11297
"../../../Engine/Plugins/NNE/NNEDenoiser/Content/NNEDTOM_Output_Default.uasset" 11298
"../../../Engine/Plugins/NNE/NNEDenoiser/Content/NNEDTOM_Output_Alpha.uasset" 11299
"../../../Engine/Plugins/NNE/NNEDenoiser/Content/NNEDTIM_ColorAlbedoNormal_Alpha.uasset" 11300
"../../../Engine/Plugins/NNE/NNEDenoiser/Content/NNEDT_Oidn2-3_Balanced_Alpha.uasset" 11301
"../../../Engine/Plugins/NNE/NNEDenoiser/Content/NNED_Oidn2-3_Balanced.uasset" 11302
"../../../Engine/Plugins/NNE/NNEDenoiser/Content/NNEDT_Oidn2-3_Balanced.uasset" 11303
"../../../Engine/Plugins/NNE/NNEDenoiser/Content/NNEDOM_Output_Default.uasset" 11304
"/InterchangeAssets/Functions/MX_Surface" 11305
"/Engine/EngineMaterials/PPM_DefaultCalibrationGrayscale" 11306
"/Engine/EngineMaterials/PPM_DefaultCalibrationColor" 11307
"/Engine/EngineMaterials/Substrate/Volume/SubstrateSimpleVolumeEnvLUT3D" 11308
"/Engine/EngineMaterials/Substrate/Volume/SubstrateSimpleVolumeLUT3D" 11309
"/Engine/EngineMaterials/Substrate/Glints2/AGlintTex2dArray2" 11310
"/NNEDenoiser/NNED_Oidn2-3_Balanced" 11311
"/NNEDenoiser/NNEDT_Oidn2-3_Balanced_Alpha" 11312
"/NNEDenoiser/NNEDT_Oidn2-3_Balanced" 11313
"/NNEDenoiser/NNEDTOM_Output_Default" 11314
"/NNEDenoiser/NNEDTOM_Output_Alpha" 11315
"/NNEDenoiser/NNEDTIM_ColorAlbedoNormal_Default" 11316
"/NNEDenoiser/NNEDTIM_ColorAlbedoNormal_Alpha" 11317
"/NNEDenoiser/NNEDOM_Output_Default" 11318
"/NNEDenoiser/NNEDOM_Output_Alpha" 11319
"/NNEDenoiser/NNEDIM_HighQuality_Default" 11320
"/NNEDenoiser/NNEDIM_HighQuality_Alpha" 11321
"/NNEDenoiser/NNEDIM_ColorAlbedoNormal_Default" 11322
"/NNEDenoiser/NNEDIM_ColorAlbedoNormal_Alpha" 11323
"/InterchangeAssets/Functions/MX_Displacement" 11324
"../../../Engine/Plugins/NNE/NNEDenoiser/Content/NNED_Oidn2-3_Balanced_Alpha.uasset" 11325
"../../../Engine/Plugins/NNE/NNEDenoiser/Content/NNED_Oidn2-3_Fast_Alpha.uasset" 11326
"../../../Engine/Plugins/NNE/NNEDenoiser/Content/NNED_Oidn2-3_Fast.uasset" 11327
"../../../Engine/Plugins/NNE/NNEDenoiser/Content/NNED_Oidn2-3_HighQuality.uasset" 11328
"../../../Engine/Plugins/NNE/NNEDenoiser/Content/NNE_oidn2-3-0_rt_hdr_alb_nrm_small__dyn__fp16_opset11_DenoiseAlpha.uasset" 11329
"../../../Engine/Plugins/NNE/NNEDenoiser/Content/NNED_Oidn2-3_HighQuality_Alpha.uasset" 11330
"../../../Engine/Plugins/NNE/NNEDenoiser/Content/NNE_oidn2-3-0_rt_hdr_calb_cnrm_large__dyn__fp16_opset11_ForwardAlpha.uasset" 11331
"../../../Engine/Plugins/NNE/NNEDenoiser/Content/NNE_oidn2-3-0_rt_hdr_alb_nrm__dyn__fp16_opset11_ForwardAlpha.uasset" 11332
"../../../Engine/Plugins/NNE/NNEDenoiser/Content/NNE_oidn2-3-0_rt_hdr_calb_cnrm_large__dyn__fp16_opset11_DenoiseAlpha.uasset" 11333
"../../../Engine/Plugins/NNE/NNEDenoiser/Content/NNE_oidn2-3-0_rt_hdr_alb_nrm__dyn__fp16_opset11_DenoiseAlpha.uasset" 11334
"../../../Engine/Plugins/NNE/NNEDenoiser/Content/NNE_oidn2-3-0_rt_hdr_alb_nrm_small__dyn__fp16_opset11_ForwardAlpha.uasset" 11335
"/NNEDenoiser/NNE_oidn2-3-0_rt_hdr_calb_cnrm_large__dyn__fp16_opset11_ForwardAlpha" 11336
"/NNEDenoiser/NNE_oidn2-3-0_rt_hdr_calb_cnrm_large__dyn__fp16_opset11_DenoiseAlpha" 11337
"/NNEDenoiser/NNE_oidn2-3-0_rt_hdr_alb_nrm__dyn__fp16_opset11_ForwardAlpha" 11338
"C:/Users/andre/OneDrive/Documents/Unreal Projects/Artkana_Project/Intermediate/ORTOptimizerPass_Optimized7C2AB0354EA17FD5C7B90FB32B41500A.onnx" 11339
"C:/Users/andre/OneDrive/Documents/Unreal Projects/Artkana_Project/Intermediate/ORTOptimizerPass_Optimized2B424C77473D0F20599EF8A7679712C1.onnx" 11340
"C:/Users/andre/OneDrive/Documents/Unreal Projects/Artkana_Project/Intermediate/ORTOptimizerPass_OptimizedE54ACB674823723BBCBC36A21A121745.onnx" 11341
"C:/Users/andre/OneDrive/Documents/Unreal Projects/Artkana_Project/Intermediate/ORTOptimizerPass_OptimizedC546434F4B4AAF0D9E903EB94E1BFD8E.onnx" 11342
"C:/Users/andre/OneDrive/Documents/Unreal Projects/Artkana_Project/Intermediate/ORTOptimizerPass_Optimized2467B3974B30CF27B89A399A8A203477.onnx" 11343
"C:/Users/andre/OneDrive/Documents/Unreal Projects/Artkana_Project/Intermediate/ORTOptimizerPass_OptimizedD55B0E9743D5D1F4F889699B8F982C4E.onnx" 11344
"/NNEDenoiser/NNE_oidn2-3-0_rt_hdr_alb_nrm__dyn__fp16_opset11_DenoiseAlpha" 11345
"/NNEDenoiser/NNE_oidn2-3-0_rt_hdr_alb_nrm_small__dyn__fp16_opset11_ForwardAlpha" 11346
"/NNEDenoiser/NNE_oidn2-3-0_rt_hdr_alb_nrm_small__dyn__fp16_opset11_DenoiseAlpha" 11347
"/NNEDenoiser/NNED_Oidn2-3_HighQuality_Alpha" 11348
"/NNEDenoiser/NNED_Oidn2-3_HighQuality" 11349
"/NNEDenoiser/NNED_Oidn2-3_Fast_Alpha" 11350
"/NNEDenoiser/NNED_Oidn2-3_Fast" 11351
"/NNEDenoiser/NNED_Oidn2-3_Balanced_Alpha" 11352
"C:/Users/andre/OneDrive/Documents/Unreal Projects/Artkana_Project/Intermediate/ORTOptimizerPass_OptimizedB18DE28540C634F3E302408EC8812C7B.onnx" 11353
"C:/Users/andre/OneDrive/Documents/Unreal Projects/Artkana_Project/Intermediate/ORTOptimizerPass_Optimized4F33F99F49740AC6D05F7FAE1794A413.onnx" 11354
"C:/Users/andre/OneDrive/Documents/Unreal Projects/Artkana_Project/Intermediate/ORTOptimizerPass_Optimized8382268F4FF44002DAE4BD8EFBC9BE39.onnx" 11355
"C:/Users/andre/OneDrive/Documents/Unreal Projects/Artkana_Project/Intermediate/ORTOptimizerPass_Optimized70211DAF454E9537D2BEA09CF1C17B5D.onnx" 11356
"C:/Users/andre/OneDrive/Documents/Unreal Projects/Artkana_Project/Intermediate/ORTOptimizerPass_OptimizedD298AA88488A95CD6121DC81405F0756.onnx" 11357
"C:/Users/andre/OneDrive/Documents/Unreal Projects/Artkana_Project/Intermediate/ORTOptimizerPass_Optimized6E12ACEF4064E30F4466FCA99A7748F1.onnx" 11358
"C:/Users/andre/OneDrive/Documents/Unreal Projects/Artkana_Project/DerivedDataCache/VT/TEXTURE_7C16439390E24F1F9468894FB4D4BC55_VTCHUNK44B429B40BB45A070EB17C1259C28734996A2F49" 11359
"C:/Users/andre/OneDrive/Documents/Unreal Projects/Artkana_Project/DerivedDataCache/VT/TEXTURE_7C16439390E24F1F9468894FB4D4BC55_VTCHUNK2A5F9F60441DA258D18B46D59C64D5BAD50E8EE3" 11360
"C:/Users/andre/OneDrive/Documents/Unreal Projects/Artkana_Project/DerivedDataCache/VT/TEXTURE_7C16439390E24F1F9468894FB4D4BC55_VTCHUNK967C747FFC357A828288FA05D93CD5DCECDA891B" 11361
"C:/Users/andre/OneDrive/Documents/Unreal Projects/Artkana_Project/DerivedDataCache/VT/TEXTURE_7C16439390E24F1F9468894FB4D4BC55_VTCHUNKC0393DE8C5B4673D99D1BECB92AA8C1F72FEB491" 11362
"C:/Users/andre/OneDrive/Documents/Unreal Projects/Artkana_Project/DerivedDataCache/VT/TEXTURE_7C16439390E24F1F9468894FB4D4BC55_VTCHUNK02D4C3BCAD7DFA48AB32B8281FB06B8B83DB6275" 11363
"../../../Engine/Content/EngineResources/Development/ZenLogo_64.uasset" 11364
"../../../Engine/Content/EditorResources/BSPVertex.uasset" 11365
"../../../Engine/Content/EngineMaterials/LTC/Sheen_LTC.uasset" 11366
"../../../Engine/Content/EngineMaterials/DefaultBloomKernel.uasset" 11367
"../../../Engine/Content/EngineResources/FilmGrains/Marcie_Grain_v3_128_M2_000.uasset" 11368
"../../../Engine/Content/EngineSounds/Master.uasset" 11369
"../../../Engine/Content/EngineMaterials/FastBlueNoise_vec2_128x128x64.uasset" 11370
"../../../Engine/Plugins/Interchange/Runtime/Content/Pipelines/DefaultMaterialXPipeline.uasset" 11371
"../../../Engine/Plugins/Interchange/Runtime/Content/Pipelines/DefaultAssetsPipeline.uasset" 11372
"../../../Engine/Content/EngineDebugMaterials/DebugEditorMaterial.uasset" 11373
"../../../Engine/Content/EngineMaterials/FastBlueNoise_scalar_128x128x64.uasset" 11374
"../../../Engine/Content/EngineMaterials/FastBlueNoise_scalar_128x128x8.uasset" 11375
"../../../Engine/Content/EngineMaterials/EnergyConservation/Diffuse_Energy.uasset" 11376
"../../../Engine/Content/EngineMaterials/EnergyConservation/Sheen_Energy.uasset" 11377
"/Interchange/Pipelines/DefaultMaterialXPipeline" 11378
"/Interchange/Pipelines/DefaultAssetsPipeline" 11379
"/Engine/EngineSounds/Master" 11380
"/Engine/EngineMaterials/EnergyConservation/Diffuse_Energy" 11381
"/Engine/EngineMaterials/EnergyConservation/Sheen_Energy" 11382
"/Engine/EngineMaterials/LTC/Sheen_LTC" 11383
"/Engine/EngineMaterials/FastBlueNoise_vec2_128x128x64" 11384
"/Engine/EngineMaterials/FastBlueNoise_scalar_128x128x8" 11385
"/Engine/EngineMaterials/FastBlueNoise_scalar_128x128x64" 11386
"/Engine/EngineDebugMaterials/DebugEditorMaterial" 11387
"/Engine/EngineResources/Development/ZenLogo_64" 11388
"/Engine/EngineResources/FilmGrains/Marcie_Grain_v3_128_M2_000" 11389
"/Engine/EngineMaterials/DefaultBloomKernel" 11390
"/Engine/EditorResources/BSPVertex" 11391
"../../../Engine/Plugins/Interchange/Runtime/Content/Pipelines/DefaultGLTFAssetsPipeline.uasset" 11392
"../../../Engine/Plugins/Interchange/Runtime/Content/Pipelines/DefaultMaterialPipeline.uasset" 11393
"../../../Engine/Plugins/Interchange/Runtime/Content/Pipelines/DefaultGLTFPipeline.uasset" 11394
"../../../Engine/Plugins/Interchange/Runtime/Content/Pipelines/DefaultTexturePipeline.uasset" 11395
"../../../Engine/Plugins/Interchange/Runtime/Content/Pipelines/DefaultSceneLevelPipeline.uasset" 11396
"../../../Engine/Plugins/Interchange/Assets/Content/Functions/MX_SurfaceUnlit.uasset" 11397
"../../../Engine/Plugins/Interchange/Assets/Content/Functions/MX_TranslucentBSDF.uasset" 11398
"../../../Engine/Plugins/Interchange/Assets/Content/Functions/MX_ConductorBSDF.uasset" 11399
"../../../Engine/Plugins/Interchange/Runtime/Content/Pipelines/DefaultSceneAssetsPipeline.uasset" 11400
"../../../Engine/Plugins/Interchange/Assets/Content/Functions/MX_GeneralizedSchlickBSDF.uasset" 11401
"../../../Engine/Plugins/Interchange/Assets/Content/Functions/MX_OrenNayarBSDF.uasset" 11402
"../../../Engine/Plugins/Interchange/Assets/Content/Functions/MX_DielectricBSDF.uasset" 11403
"../../../Engine/Plugins/Interchange/Runtime/Content/Pipelines/DefaultGLTFSceneAssetsPipeline.uasset" 11404
"../../../Engine/Plugins/Interchange/Assets/Content/Functions/MX_SubsurfaceBSDF.uasset" 11405
"../../../Engine/Plugins/Interchange/Assets/Content/Functions/MX_BurleyDiffuseBSDF.uasset" 11406
"../../../Engine/Plugins/Interchange/Assets/Content/Functions/MX_UsdPreviewSurface.uasset" 11407
"../../../Engine/Plugins/Interchange/Assets/Content/Functions/MX_SheenBSDF.uasset" 11408
"../../../Engine/Plugins/Animation/ControlRig/Content/Controls/ControlRigGizmoMaterial.uasset" 11409
"../../../Engine/Plugins/Interchange/Assets/Content/Functions/MX_ThinFilmBSDF.uasset" 11410
"../../../Engine/Plugins/Interchange/Assets/Content/Functions/MX_UniformEDF.uasset" 11411
"../../../Engine/Plugins/Interchange/Assets/Content/Functions/MX_ConicalEDF.uasset" 11412
"../../../Engine/Plugins/Interchange/Assets/Content/Functions/MX_MeasuredEDF.uasset" 11413
"../../../Engine/Plugins/Interchange/Assets/Content/Functions/MX_AbsorptionVDF.uasset" 11414
"../../../Engine/Plugins/Interchange/Assets/Content/Functions/MX_AnisotropicVDF.uasset" 11415
"/InterchangeAssets/Functions/MX_GeneralizedSchlickBSDF" 11416
"/InterchangeAssets/Functions/MX_ConductorBSDF" 11417
"/InterchangeAssets/Functions/MX_DielectricBSDF" 11418
"/InterchangeAssets/Functions/MX_TranslucentBSDF" 11419
"/InterchangeAssets/Functions/MX_BurleyDiffuseBSDF" 11420
"/InterchangeAssets/Functions/MX_OrenNayarBSDF" 11421
"/InterchangeAssets/Functions/MX_UsdPreviewSurface" 11422
"/InterchangeAssets/Functions/MX_SurfaceUnlit" 11423
"/Interchange/Pipelines/DefaultGLTFSceneAssetsPipeline" 11424
"/Interchange/Pipelines/DefaultSceneLevelPipeline" 11425
"/Interchange/Pipelines/DefaultSceneAssetsPipeline" 11426
"/Interchange/Pipelines/DefaultTexturePipeline" 11427
"/Interchange/Pipelines/DefaultMaterialPipeline" 11428
"/Interchange/Pipelines/DefaultGLTFPipeline" 11429
"/Interchange/Pipelines/DefaultGLTFAssetsPipeline" 11430
"/ControlRig/Controls/ControlRigGizmoMaterial" 11431
"/InterchangeAssets/Functions/MX_AnisotropicVDF" 11432
"/InterchangeAssets/Functions/MX_AbsorptionVDF" 11433
"/InterchangeAssets/Functions/MX_MeasuredEDF" 11434
"/InterchangeAssets/Functions/MX_ConicalEDF" 11435
"/InterchangeAssets/Functions/MX_UniformEDF" 11436
"/InterchangeAssets/Functions/MX_ThinFilmBSDF" 11437
"/InterchangeAssets/Functions/MX_SheenBSDF" 11438
"/InterchangeAssets/Functions/MX_SubsurfaceBSDF" 11439
"C:/Users/andre/OneDrive/Documents/Unreal Projects/Artkana_Project/Saved/Cooked/Windows/Artkana_Project/Metadata/CookedSettings.txt" 11440
